  0
SECTION
  2
HEADER
  9
$ACADVER
  1
AC1015
  9
$INSUNITS
 70
4
  9
$MEASUREMENT
 70
1
  9
$HANDSEED
  5
FFFF
  0
ENDSEC
  0
SECTION
  2
TABLES
  0
TABLE
  2
LTYPE
  5
7FC
100
AcDbSymbolTable
 70
1
  0
LTYPE
  5
7FD
330
7FC
100
AcDbSymbolTableRecord
100
AcDbLinetypeTableRecord
  2
CONTINUOUS
 70
0
  3
Solid line
 72
65
 73
0
 40
0
  0
ENDTAB
  0
TABLE
  2
LAYER
  5
7FE
100
AcDbSymbolTable
 70
8
  0
LAYER
  5
7FF
330
7FE
100
AcDbSymbolTableRecord
100
AcDbLayerTableRecord
  2
0
 70
0
 62
1
  6
CONTINUOUS
  0
LAYER
  5
800
330
7FE
100
AcDbSymbolTableRecord
100
AcDbLayerTableRecord
  2
WIND
 70
0
 62
2
  6
CONTINUOUS
  0
LAYER
  5
801
330
7FE
100
AcDbSymbolTableRecord
100
AcDbLayerTableRecord
  2
DOOR
 70
0
 62
3
  6
CONTINUOUS
  0
LAYER
  5
802
330
7FE
100
AcDbSymbolTableRecord
100
AcDbLayerTableRecord
  2
WALL
 70
0
 62
4
  6
CONTINUOUS
  0
LAYER
  5
803
330
7FE
100
AcDbSymbolTableRecord
100
AcDbLayerTableRecord
  2
COLUMN
 70
0
 62
5
  6
CONTINUOUS
  0
LAYER
  5
804
330
7FE
100
AcDbSymbolTableRecord
100
AcDbLayerTableRecord
  2
TEXT
 70
0
 62
6
  6
CONTINUOUS
  0
LAYER
  5
805
330
7FE
100
AcDbSymbolTableRecord
100
AcDbLayerTableRecord
  2
SANITARY
 70
0
 62
7
  6
CONTINUOUS
  0
LAYER
  5
806
330
7FE
100
AcDbSymbolTableRecord
100
AcDbLayerTableRecord
  2
DIM
 70
0
 62
1
  6
CONTINUOUS
  0
ENDTAB
  0
TABLE
  2
BLOCK_RECORD
  5
807
100
AcDbSymbolTable
 70
3
  0
BLOCK_RECORD
  5
808
330
807
100
AcDbSymbolTableRecord
100
AcDbBlockTableRecord
  2
*Model_Space
  0
BLOCK_RECORD
  5
809
330
807
100
AcDbSymbolTableRecord
100
AcDbBlockTableRecord
  2
*Paper_Space
  0
BLOCK_RECORD
  5
80A
330
807
100
AcDbSymbolTableRecord
100
AcDbBlockTableRecord
  2
TITLEBLOCK-A1
  0
ENDTAB
  0
ENDSEC
  0
SECTION
  2
BLOCKS
  0
BLOCK
  5
10E
100
AcDbEntity
  8
0
100
AcDbBlockBegin
  2
TITLEBLOCK-A1
 70
0
 10
0
 20
0
 30
0
  3
TITLEBLOCK-A1
  0
LWPOLYLINE
  5
100
100
AcDbEntity
  8
0
100
AcDbPolyline
 90
4
 70
1
 10
0
 20
0
 10
18000
 20
0
 10
18000
 20
5000
 10
0
 20
5000
  0
LINE
  5
101
100
AcDbEntity
  8
0
100
AcDbLine
 10
0
 20
2500
 30
0
 11
18000
 21
2500
 31
0
  0
LINE
  5
102
100
AcDbEntity
  8
0
100
AcDbLine
 10
6000
 20
0
 30
0
 11
6000
 21
5000
 31
0
  0
LINE
  5
103
100
AcDbEntity
  8
0
100
AcDbLine
 10
12000
 20
0
 30
0
 11
12000
 21
2500
 31
0
  0
TEXT
  5
104
100
AcDbEntity
  8
0
100
AcDbText
 10
300
 20
3800
 30
0
 40
350
  1
PANDA ARCHITECTS
100
AcDbText
  0
TEXT
  5
105
100
AcDbEntity
  8
0
100
AcDbText
 10
300
 20
2900
 30
0
 40
250
  1
12 MARINA ROAD LAGOS
100
AcDbText
  0
TEXT
  5
106
100
AcDbEntity
  8
0
100
AcDbText
 10
6300
 20
3800
 30
0
 40
250
  1
PROJECT: PROPOSED RESIDENTIAL DEVELOPMENT
100
AcDbText
  0
TEXT
  5
107
100
AcDbEntity
  8
0
100
AcDbText
 10
6300
 20
2900
 30
0
 40
250
  1
CLIENT: OGUDU ESTATE LTD
100
AcDbText
  0
TEXT
  5
108
100
AcDbEntity
  8
0
100
AcDbText
 10
300
 20
1500
 30
0
 40
250
  1
SCALE 1:100
100
AcDbText
  0
TEXT
  5
109
100
AcDbEntity
  8
0
100
AcDbText
 10
300
 20
600
 30
0
 40
250
  1
DATE 12-08-2026
100
AcDbText
  0
TEXT
  5
10A
100
AcDbEntity
  8
0
100
AcDbText
 10
6300
 20
1500
 30
0
 40
250
  1
DRAWN BY AO
100
AcDbText
  0
TEXT
  5
10B
100
AcDbEntity
  8
0
100
AcDbText
 10
6300
 20
600
 30
0
 40
250
  1
CHECKED BY TE
100
AcDbText
  0
TEXT
  5
10C
100
AcDbEntity
  8
0
100
AcDbText
 10
12300
 20
1500
 30
0
 40
250
  1
REV P01
100
AcDbText
  0
TEXT
  5
10D
100
AcDbEntity
  8
0
100
AcDbText
 10
12300
 20
600
 30
0
 40
250
  1
SHEET SIZE A1 594 X 841
100
AcDbText
  0
ENDBLK
  5
10F
100
AcDbEntity
  8
0
100
AcDbBlockEnd
  0
ENDSEC
  0
SECTION
  2
ENTITIES
  0
LWPOLYLINE
  5
110
100
AcDbEntity
  8
WIND
100
AcDbPolyline
 90
4
 70
1
 10
4740
 20
3400
 10
4860
 20
3400
 10
4860
 20
4600
 10
4740
 20
4600
  0
LWPOLYLINE
  5
111
100
AcDbEntity
  8
WIND
100
AcDbPolyline
 90
4
 70
1
 10
4740
 20
11400
 10
4860
 20
11400
 10
4860
 20
12600
 10
4740
 20
12600
  0
LWPOLYLINE
  5
112
100
AcDbEntity
  8
WIND
100
AcDbPolyline
 90
4
 70
1
 10
4740
 20
19400
 10
4860
 20
19400
 10
4860
 20
20600
 10
4740
 20
20600
  0
LWPOLYLINE
  5
113
100
AcDbEntity
  8
WIND
100
AcDbPolyline
 90
4
 70
1
 10
28740
 20
3400
 10
28860
 20
3400
 10
28860
 20
4600
 10
28740
 20
4600
  0
LWPOLYLINE
  5
114
100
AcDbEntity
  8
WIND
100
AcDbPolyline
 90
4
 70
1
 10
28740
 20
11400
 10
28860
 20
11400
 10
28860
 20
12600
 10
28740
 20
12600
  0
LWPOLYLINE
  5
115
100
AcDbEntity
  8
WIND
100
AcDbPolyline
 90
4
 70
1
 10
28740
 20
19400
 10
28860
 20
19400
 10
28860
 20
20600
 10
28740
 20
20600
  0
LWPOLYLINE
  5
116
100
AcDbEntity
  8
WIND
100
AcDbPolyline
 90
4
 70
1
 10
6200
 20
-60
 10
7400
 20
-60
 10
7400
 20
60
 10
6200
 20
60
  0
LWPOLYLINE
  5
117
100
AcDbEntity
  8
WIND
100
AcDbPolyline
 90
4
 70
1
 10
10200
 20
-60
 10
11400
 20
-60
 10
11400
 20
60
 10
10200
 20
60
  0
LWPOLYLINE
  5
118
100
AcDbEntity
  8
WIND
100
AcDbPolyline
 90
4
 70
1
 10
14200
 20
-60
 10
15400
 20
-60
 10
15400
 20
60
 10
14200
 20
60
  0
LWPOLYLINE
  5
119
100
AcDbEntity
  8
WIND
100
AcDbPolyline
 90
4
 70
1
 10
18200
 20
-60
 10
19400
 20
-60
 10
19400
 20
60
 10
18200
 20
60
  0
LWPOLYLINE
  5
11A
100
AcDbEntity
  8
WIND
100
AcDbPolyline
 90
4
 70
1
 10
22200
 20
-60
 10
23400
 20
-60
 10
23400
 20
60
 10
22200
 20
60
  0
LWPOLYLINE
  5
11B
100
AcDbEntity
  8
WIND
100
AcDbPolyline
 90
4
 70
1
 10
26200
 20
-60
 10
27400
 20
-60
 10
27400
 20
60
 10
26200
 20
60
  0
LWPOLYLINE
  5
11C
100
AcDbEntity
  8
WIND
100
AcDbPolyline
 90
4
 70
1
 10
6200
 20
23940
 10
7400
 20
23940
 10
7400
 20
24060
 10
6200
 20
24060
  0
LWPOLYLINE
  5
11D
100
AcDbEntity
  8
WIND
100
AcDbPolyline
 90
4
 70
1
 10
10200
 20
23940
 10
11400
 20
23940
 10
11400
 20
24060
 10
10200
 20
24060
  0
LWPOLYLINE
  5
11E
100
AcDbEntity
  8
WIND
100
AcDbPolyline
 90
4
 70
1
 10
14200
 20
23940
 10
15400
 20
23940
 10
15400
 20
24060
 10
14200
 20
24060
  0
LWPOLYLINE
  5
11F
100
AcDbEntity
  8
WIND
100
AcDbPolyline
 90
4
 70
1
 10
18200
 20
23940
 10
19400
 20
23940
 10
19400
 20
24060
 10
18200
 20
24060
  0
LWPOLYLINE
  5
120
100
AcDbEntity
  8
WIND
100
AcDbPolyline
 90
4
 70
1
 10
22200
 20
23940
 10
23400
 20
23940
 10
23400
 20
24060
 10
22200
 20
24060
  0
LWPOLYLINE
  5
121
100
AcDbEntity
  8
WIND
100
AcDbPolyline
 90
4
 70
1
 10
26200
 20
23940
 10
27400
 20
23940
 10
27400
 20
24060
 10
26200
 20
24060
  0
ARC
  5
122
100
AcDbEntity
  8
DOOR
100
AcDbCircle
 10
8800
 20
3550
 30
0
 40
900
100
AcDbArc
 50
90
 51
180
  0
LINE
  5
123
100
AcDbEntity
  8
DOOR
100
AcDbLine
 10
8800
 20
3550
 30
0
 11
7900
 21
3550
 31
0
  0
ARC
  5
124
100
AcDbEntity
  8
DOOR
100
AcDbCircle
 10
8800
 20
11550
 30
0
 40
900
100
AcDbArc
 50
90
 51
180
  0
LINE
  5
125
100
AcDbEntity
  8
DOOR
100
AcDbLine
 10
8800
 20
11550
 30
0
 11
7900
 21
11550
 31
0
  0
ARC
  5
126
100
AcDbEntity
  8
DOOR
100
AcDbCircle
 10
8800
 20
19550
 30
0
 40
900
100
AcDbArc
 50
90
 51
180
  0
LINE
  5
127
100
AcDbEntity
  8
DOOR
100
AcDbLine
 10
8800
 20
19550
 30
0
 11
7900
 21
19550
 31
0
  0
ARC
  5
128
100
AcDbEntity
  8
DOOR
100
AcDbCircle
 10
12800
 20
3550
 30
0
 40
900
100
AcDbArc
 50
90
 51
180
  0
LINE
  5
129
100
AcDbEntity
  8
DOOR
100
AcDbLine
 10
12800
 20
3550
 30
0
 11
11900
 21
3550
 31
0
  0
ARC
  5
12A
100
AcDbEntity
  8
DOOR
100
AcDbCircle
 10
12800
 20
11550
 30
0
 40
900
100
AcDbArc
 50
90
 51
180
  0
LINE
  5
12B
100
AcDbEntity
  8
DOOR
100
AcDbLine
 10
12800
 20
11550
 30
0
 11
11900
 21
11550
 31
0
  0
ARC
  5
12C
100
AcDbEntity
  8
DOOR
100
AcDbCircle
 10
12800
 20
19550
 30
0
 40
900
100
AcDbArc
 50
90
 51
180
  0
LINE
  5
12D
100
AcDbEntity
  8
DOOR
100
AcDbLine
 10
12800
 20
19550
 30
0
 11
11900
 21
19550
 31
0
  0
ARC
  5
12E
100
AcDbEntity
  8
DOOR
100
AcDbCircle
 10
20800
 20
3550
 30
0
 40
900
100
AcDbArc
 50
90
 51
180
  0
LINE
  5
12F
100
AcDbEntity
  8
DOOR
100
AcDbLine
 10
20800
 20
3550
 30
0
 11
19900
 21
3550
 31
0
  0
ARC
  5
130
100
AcDbEntity
  8
DOOR
100
AcDbCircle
 10
20800
 20
11550
 30
0
 40
900
100
AcDbArc
 50
90
 51
180
  0
LINE
  5
131
100
AcDbEntity
  8
DOOR
100
AcDbLine
 10
20800
 20
11550
 30
0
 11
19900
 21
11550
 31
0
  0
ARC
  5
132
100
AcDbEntity
  8
DOOR
100
AcDbCircle
 10
20800
 20
19550
 30
0
 40
900
100
AcDbArc
 50
90
 51
180
  0
LINE
  5
133
100
AcDbEntity
  8
DOOR
100
AcDbLine
 10
20800
 20
19550
 30
0
 11
19900
 21
19550
 31
0
  0
ARC
  5
134
100
AcDbEntity
  8
DOOR
100
AcDbCircle
 10
24800
 20
3550
 30
0
 40
900
100
AcDbArc
 50
90
 51
180
  0
LINE
  5
135
100
AcDbEntity
  8
DOOR
100
AcDbLine
 10
24800
 20
3550
 30
0
 11
23900
 21
3550
 31
0
  0
ARC
  5
136
100
AcDbEntity
  8
DOOR
100
AcDbCircle
 10
24800
 20
11550
 30
0
 40
900
100
AcDbArc
 50
90
 51
180
  0
LINE
  5
137
100
AcDbEntity
  8
DOOR
100
AcDbLine
 10
24800
 20
11550
 30
0
 11
23900
 21
11550
 31
0
  0
ARC
  5
138
100
AcDbEntity
  8
DOOR
100
AcDbCircle
 10
24800
 20
19550
 30
0
 40
900
100
AcDbArc
 50
90
 51
180
  0
LINE
  5
139
100
AcDbEntity
  8
DOOR
100
AcDbLine
 10
24800
 20
19550
 30
0
 11
23900
 21
19550
 31
0
  0
ARC
  5
13A
100
AcDbEntity
  8
DOOR
100
AcDbCircle
 10
10350
 20
8000
 30
0
 40
900
100
AcDbArc
 50
0
 51
90
  0
LINE
  5
13B
100
AcDbEntity
  8
DOOR
100
AcDbLine
 10
10350
 20
8000
 30
0
 11
10350
 21
8900
 31
0
  0
ARC
  5
13C
100
AcDbEntity
  8
DOOR
100
AcDbCircle
 10
14350
 20
8000
 30
0
 40
900
100
AcDbArc
 50
0
 51
90
  0
LINE
  5
13D
100
AcDbEntity
  8
DOOR
100
AcDbLine
 10
14350
 20
8000
 30
0
 11
14350
 21
8900
 31
0
  0
ARC
  5
13E
100
AcDbEntity
  8
DOOR
100
AcDbCircle
 10
18350
 20
8000
 30
0
 40
900
100
AcDbArc
 50
0
 51
90
  0
LINE
  5
13F
100
AcDbEntity
  8
DOOR
100
AcDbLine
 10
18350
 20
8000
 30
0
 11
18350
 21
8900
 31
0
  0
ARC
  5
140
100
AcDbEntity
  8
DOOR
100
AcDbCircle
 10
22350
 20
8000
 30
0
 40
900
100
AcDbArc
 50
0
 51
90
  0
LINE
  5
141
100
AcDbEntity
  8
DOOR
100
AcDbLine
 10
22350
 20
8000
 30
0
 11
22350
 21
8900
 31
0
  0
ARC
  5
142
100
AcDbEntity
  8
DOOR
100
AcDbCircle
 10
6350
 20
16000
 30
0
 40
900
100
AcDbArc
 50
0
 51
90
  0
LINE
  5
143
100
AcDbEntity
  8
DOOR
100
AcDbLine
 10
6350
 20
16000
 30
0
 11
6350
 21
16900
 31
0
  0
ARC
  5
144
100
AcDbEntity
  8
DOOR
100
AcDbCircle
 10
10350
 20
16000
 30
0
 40
900
100
AcDbArc
 50
0
 51
90
  0
LINE
  5
145
100
AcDbEntity
  8
DOOR
100
AcDbLine
 10
10350
 20
16000
 30
0
 11
10350
 21
16900
 31
0
  0
ARC
  5
146
100
AcDbEntity
  8
DOOR
100
AcDbCircle
 10
14350
 20
16000
 30
0
 40
900
100
AcDbArc
 50
0
 51
90
  0
LINE
  5
147
100
AcDbEntity
  8
DOOR
100
AcDbLine
 10
14350
 20
16000
 30
0
 11
14350
 21
16900
 31
0
  0
ARC
  5
148
100
AcDbEntity
  8
DOOR
100
AcDbCircle
 10
18350
 20
16000
 30
0
 40
900
100
AcDbArc
 50
0
 51
90
  0
LINE
  5
149
100
AcDbEntity
  8
DOOR
100
AcDbLine
 10
18350
 20
16000
 30
0
 11
18350
 21
16900
 31
0
  0
ARC
  5
14A
100
AcDbEntity
  8
DOOR
100
AcDbCircle
 10
22350
 20
16000
 30
0
 40
900
100
AcDbArc
 50
0
 51
90
  0
LINE
  5
14B
100
AcDbEntity
  8
DOOR
100
AcDbLine
 10
22350
 20
16000
 30
0
 11
22350
 21
16900
 31
0
  0
ARC
  5
14C
100
AcDbEntity
  8
DOOR
100
AcDbCircle
 10
26350
 20
16000
 30
0
 40
900
100
AcDbArc
 50
0
 51
90
  0
LINE
  5
14D
100
AcDbEntity
  8
DOOR
100
AcDbLine
 10
26350
 20
16000
 30
0
 11
26350
 21
16900
 31
0
  0
LINE
  5
14E
100
AcDbEntity
  8
WALL
100
AcDbLine
370
50
 10
4687.5000
 20
0
 30
0
 11
4687.5000
 21
3400
 31
0
  0
LINE
  5
14F
100
AcDbEntity
  8
WALL
100
AcDbLine
370
50
 10
4912.5000
 20
3400
 30
0
 11
4912.5000
 21
0
 31
0
  0
LINE
  5
150
100
AcDbEntity
  8
WALL
100
AcDbLine
370
50
 10
4687.5000
 20
4600
 30
0
 11
4687.5000
 21
8000
 31
0
  0
LINE
  5
151
100
AcDbEntity
  8
WALL
100
AcDbLine
370
50
 10
4912.5000
 20
8000
 30
0
 11
4912.5000
 21
4600
 31
0
  0
LINE
  5
152
100
AcDbEntity
  8
WALL
100
AcDbLine
370
50
 10
4687.5000
 20
3400
 30
0
 11
4912.5000
 21
3400
 31
0
  0
LINE
  5
153
100
AcDbEntity
  8
WALL
100
AcDbLine
370
50
 10
4687.5000
 20
4600
 30
0
 11
4912.5000
 21
4600
 31
0
  0
LINE
  5
154
100
AcDbEntity
  8
WALL
100
AcDbLine
370
50
 10
4687.5000
 20
8000
 30
0
 11
4687.5000
 21
11400
 31
0
  0
LINE
  5
155
100
AcDbEntity
  8
WALL
100
AcDbLine
370
50
 10
4912.5000
 20
11400
 30
0
 11
4912.5000
 21
8000
 31
0
  0
LINE
  5
156
100
AcDbEntity
  8
WALL
100
AcDbLine
370
50
 10
4687.5000
 20
12600
 30
0
 11
4687.5000
 21
16000
 31
0
  0
LINE
  5
157
100
AcDbEntity
  8
WALL
100
AcDbLine
370
50
 10
4912.5000
 20
16000
 30
0
 11
4912.5000
 21
12600
 31
0
  0
LINE
  5
158
100
AcDbEntity
  8
WALL
100
AcDbLine
370
50
 10
4687.5000
 20
11400
 30
0
 11
4912.5000
 21
11400
 31
0
  0
LINE
  5
159
100
AcDbEntity
  8
WALL
100
AcDbLine
370
50
 10
4687.5000
 20
12600
 30
0
 11
4912.5000
 21
12600
 31
0
  0
LINE
  5
15A
100
AcDbEntity
  8
WALL
100
AcDbLine
370
50
 10
4687.5000
 20
16000
 30
0
 11
4687.5000
 21
19400
 31
0
  0
LINE
  5
15B
100
AcDbEntity
  8
WALL
100
AcDbLine
370
50
 10
4912.5000
 20
19400
 30
0
 11
4912.5000
 21
16000
 31
0
  0
LINE
  5
15C
100
AcDbEntity
  8
WALL
100
AcDbLine
370
50
 10
4687.5000
 20
20600
 30
0
 11
4687.5000
 21
24000
 31
0
  0
LINE
  5
15D
100
AcDbEntity
  8
WALL
100
AcDbLine
370
50
 10
4912.5000
 20
24000
 30
0
 11
4912.5000
 21
20600
 31
0
  0
LINE
  5
15E
100
AcDbEntity
  8
WALL
100
AcDbLine
370
50
 10
4687.5000
 20
19400
 30
0
 11
4912.5000
 21
19400
 31
0
  0
LINE
  5
15F
100
AcDbEntity
  8
WALL
100
AcDbLine
370
50
 10
4687.5000
 20
20600
 30
0
 11
4912.5000
 21
20600
 31
0
  0
LINE
  5
160
100
AcDbEntity
  8
WALL
100
AcDbLine
370
50
 10
28687.5000
 20
0
 30
0
 11
28687.5000
 21
3400
 31
0
  0
LINE
  5
161
100
AcDbEntity
  8
WALL
100
AcDbLine
370
50
 10
28912.5000
 20
3400
 30
0
 11
28912.5000
 21
0
 31
0
  0
LINE
  5
162
100
AcDbEntity
  8
WALL
100
AcDbLine
370
50
 10
28687.5000
 20
4600
 30
0
 11
28687.5000
 21
8000
 31
0
  0
LINE
  5
163
100
AcDbEntity
  8
WALL
100
AcDbLine
370
50
 10
28912.5000
 20
8000
 30
0
 11
28912.5000
 21
4600
 31
0
  0
LINE
  5
164
100
AcDbEntity
  8
WALL
100
AcDbLine
370
50
 10
28687.5000
 20
3400
 30
0
 11
28912.5000
 21
3400
 31
0
  0
LINE
  5
165
100
AcDbEntity
  8
WALL
100
AcDbLine
370
50
 10
28687.5000
 20
4600
 30
0
 11
28912.5000
 21
4600
 31
0
  0
LINE
  5
166
100
AcDbEntity
  8
WALL
100
AcDbLine
370
50
 10
28687.5000
 20
8000
 30
0
 11
28687.5000
 21
11400
 31
0
  0
LINE
  5
167
100
AcDbEntity
  8
WALL
100
AcDbLine
370
50
 10
28912.5000
 20
11400
 30
0
 11
28912.5000
 21
8000
 31
0
  0
LINE
  5
168
100
AcDbEntity
  8
WALL
100
AcDbLine
370
50
 10
28687.5000
 20
12600
 30
0
 11
28687.5000
 21
16000
 31
0
  0
LINE
  5
169
100
AcDbEntity
  8
WALL
100
AcDbLine
370
50
 10
28912.5000
 20
16000
 30
0
 11
28912.5000
 21
12600
 31
0
  0
LINE
  5
16A
100
AcDbEntity
  8
WALL
100
AcDbLine
370
50
 10
28687.5000
 20
11400
 30
0
 11
28912.5000
 21
11400
 31
0
  0
LINE
  5
16B
100
AcDbEntity
  8
WALL
100
AcDbLine
370
50
 10
28687.5000
 20
12600
 30
0
 11
28912.5000
 21
12600
 31
0
  0
LINE
  5
16C
100
AcDbEntity
  8
WALL
100
AcDbLine
370
50
 10
28687.5000
 20
16000
 30
0
 11
28687.5000
 21
19400
 31
0
  0
LINE
  5
16D
100
AcDbEntity
  8
WALL
100
AcDbLine
370
50
 10
28912.5000
 20
19400
 30
0
 11
28912.5000
 21
16000
 31
0
  0
LINE
  5
16E
100
AcDbEntity
  8
WALL
100
AcDbLine
370
50
 10
28687.5000
 20
20600
 30
0
 11
28687.5000
 21
24000
 31
0
  0
LINE
  5
16F
100
AcDbEntity
  8
WALL
100
AcDbLine
370
50
 10
28912.5000
 20
24000
 30
0
 11
28912.5000
 21
20600
 31
0
  0
LINE
  5
170
100
AcDbEntity
  8
WALL
100
AcDbLine
370
50
 10
28687.5000
 20
19400
 30
0
 11
28912.5000
 21
19400
 31
0
  0
LINE
  5
171
100
AcDbEntity
  8
WALL
100
AcDbLine
370
50
 10
28687.5000
 20
20600
 30
0
 11
28912.5000
 21
20600
 31
0
  0
LINE
  5
172
100
AcDbEntity
  8
WALL
100
AcDbLine
370
50
 10
4800
 20
-112.5000
 30
0
 11
6200
 21
-112.5000
 31
0
  0
LINE
  5
173
100
AcDbEntity
  8
WALL
100
AcDbLine
370
50
 10
6200
 20
112.5000
 30
0
 11
4800
 21
112.5000
 31
0
  0
LINE
  5
174
100
AcDbEntity
  8
WALL
100
AcDbLine
370
50
 10
7400
 20
-112.5000
 30
0
 11
8800
 21
-112.5000
 31
0
  0
LINE
  5
175
100
AcDbEntity
  8
WALL
100
AcDbLine
370
50
 10
8800
 20
112.5000
 30
0
 11
7400
 21
112.5000
 31
0
  0
LINE
  5
176
100
AcDbEntity
  8
WALL
100
AcDbLine
370
50
 10
6200
 20
-112.5000
 30
0
 11
6200
 21
112.5000
 31
0
  0
LINE
  5
177
100
AcDbEntity
  8
WALL
100
AcDbLine
370
50
 10
7400
 20
-112.5000
 30
0
 11
7400
 21
112.5000
 31
0
  0
LINE
  5
178
100
AcDbEntity
  8
WALL
100
AcDbLine
370
50
 10
8800
 20
-112.5000
 30
0
 11
10200
 21
-112.5000
 31
0
  0
LINE
  5
179
100
AcDbEntity
  8
WALL
100
AcDbLine
370
50
 10
10200
 20
112.5000
 30
0
 11
8800
 21
112.5000
 31
0
  0
LINE
  5
17A
100
AcDbEntity
  8
WALL
100
AcDbLine
370
50
 10
11400
 20
-112.5000
 30
0
 11
12800
 21
-112.5000
 31
0
  0
LINE
  5
17B
100
AcDbEntity
  8
WALL
100
AcDbLine
370
50
 10
12800
 20
112.5000
 30
0
 11
11400
 21
112.5000
 31
0
  0
LINE
  5
17C
100
AcDbEntity
  8
WALL
100
AcDbLine
370
50
 10
10200
 20
-112.5000
 30
0
 11
10200
 21
112.5000
 31
0
  0
LINE
  5
17D
100
AcDbEntity
  8
WALL
100
AcDbLine
370
50
 10
11400
 20
-112.5000
 30
0
 11
11400
 21
112.5000
 31
0
  0
LINE
  5
17E
100
AcDbEntity
  8
WALL
100
AcDbLine
370
50
 10
12800
 20
-112.5000
 30
0
 11
14200
 21
-112.5000
 31
0
  0
LINE
  5
17F
100
AcDbEntity
  8
WALL
100
AcDbLine
370
50
 10
14200
 20
112.5000
 30
0
 11
12800
 21
112.5000
 31
0
  0
LINE
  5
180
100
AcDbEntity
  8
WALL
100
AcDbLine
370
50
 10
15400
 20
-112.5000
 30
0
 11
16800
 21
-112.5000
 31
0
  0
LINE
  5
181
100
AcDbEntity
  8
WALL
100
AcDbLine
370
50
 10
16800
 20
112.5000
 30
0
 11
15400
 21
112.5000
 31
0
  0
LINE
  5
182
100
AcDbEntity
  8
WALL
100
AcDbLine
370
50
 10
14200
 20
-112.5000
 30
0
 11
14200
 21
112.5000
 31
0
  0
LINE
  5
183
100
AcDbEntity
  8
WALL
100
AcDbLine
370
50
 10
15400
 20
-112.5000
 30
0
 11
15400
 21
112.5000
 31
0
  0
LINE
  5
184
100
AcDbEntity
  8
WALL
100
AcDbLine
370
50
 10
16800
 20
-112.5000
 30
0
 11
18200
 21
-112.5000
 31
0
  0
LINE
  5
185
100
AcDbEntity
  8
WALL
100
AcDbLine
370
50
 10
18200
 20
112.5000
 30
0
 11
16800
 21
112.5000
 31
0
  0
LINE
  5
186
100
AcDbEntity
  8
WALL
100
AcDbLine
370
50
 10
19400
 20
-112.5000
 30
0
 11
20800
 21
-112.5000
 31
0
  0
LINE
  5
187
100
AcDbEntity
  8
WALL
100
AcDbLine
370
50
 10
20800
 20
112.5000
 30
0
 11
19400
 21
112.5000
 31
0
  0
LINE
  5
188
100
AcDbEntity
  8
WALL
100
AcDbLine
370
50
 10
18200
 20
-112.5000
 30
0
 11
18200
 21
112.5000
 31
0
  0
LINE
  5
189
100
AcDbEntity
  8
WALL
100
AcDbLine
370
50
 10
19400
 20
-112.5000
 30
0
 11
19400
 21
112.5000
 31
0
  0
LINE
  5
18A
100
AcDbEntity
  8
WALL
100
AcDbLine
370
50
 10
20800
 20
-112.5000
 30
0
 11
22200
 21
-112.5000
 31
0
  0
LINE
  5
18B
100
AcDbEntity
  8
WALL
100
AcDbLine
370
50
 10
22200
 20
112.5000
 30
0
 11
20800
 21
112.5000
 31
0
  0
LINE
  5
18C
100
AcDbEntity
  8
WALL
100
AcDbLine
370
50
 10
23400
 20
-112.5000
 30
0
 11
24800
 21
-112.5000
 31
0
  0
LINE
  5
18D
100
AcDbEntity
  8
WALL
100
AcDbLine
370
50
 10
24800
 20
112.5000
 30
0
 11
23400
 21
112.5000
 31
0
  0
LINE
  5
18E
100
AcDbEntity
  8
WALL
100
AcDbLine
370
50
 10
22200
 20
-112.5000
 30
0
 11
22200
 21
112.5000
 31
0
  0
LINE
  5
18F
100
AcDbEntity
  8
WALL
100
AcDbLine
370
50
 10
23400
 20
-112.5000
 30
0
 11
23400
 21
112.5000
 31
0
  0
LINE
  5
190
100
AcDbEntity
  8
WALL
100
AcDbLine
370
50
 10
24800
 20
-112.5000
 30
0
 11
26200
 21
-112.5000
 31
0
  0
LINE
  5
191
100
AcDbEntity
  8
WALL
100
AcDbLine
370
50
 10
26200
 20
112.5000
 30
0
 11
24800
 21
112.5000
 31
0
  0
LINE
  5
192
100
AcDbEntity
  8
WALL
100
AcDbLine
370
50
 10
27400
 20
-112.5000
 30
0
 11
28800
 21
-112.5000
 31
0
  0
LINE
  5
193
100
AcDbEntity
  8
WALL
100
AcDbLine
370
50
 10
28800
 20
112.5000
 30
0
 11
27400
 21
112.5000
 31
0
  0
LINE
  5
194
100
AcDbEntity
  8
WALL
100
AcDbLine
370
50
 10
26200
 20
-112.5000
 30
0
 11
26200
 21
112.5000
 31
0
  0
LINE
  5
195
100
AcDbEntity
  8
WALL
100
AcDbLine
370
50
 10
27400
 20
-112.5000
 30
0
 11
27400
 21
112.5000
 31
0
  0
LINE
  5
196
100
AcDbEntity
  8
WALL
100
AcDbLine
370
50
 10
4800
 20
23887.5000
 30
0
 11
6200
 21
23887.5000
 31
0
  0
LINE
  5
197
100
AcDbEntity
  8
WALL
100
AcDbLine
370
50
 10
6200
 20
24112.5000
 30
0
 11
4800
 21
24112.5000
 31
0
  0
LINE
  5
198
100
AcDbEntity
  8
WALL
100
AcDbLine
370
50
 10
7400
 20
23887.5000
 30
0
 11
8800
 21
23887.5000
 31
0
  0
LINE
  5
199
100
AcDbEntity
  8
WALL
100
AcDbLine
370
50
 10
8800
 20
24112.5000
 30
0
 11
7400
 21
24112.5000
 31
0
  0
LINE
  5
19A
100
AcDbEntity
  8
WALL
100
AcDbLine
370
50
 10
6200
 20
23887.5000
 30
0
 11
6200
 21
24112.5000
 31
0
  0
LINE
  5
19B
100
AcDbEntity
  8
WALL
100
AcDbLine
370
50
 10
7400
 20
23887.5000
 30
0
 11
7400
 21
24112.5000
 31
0
  0
LINE
  5
19C
100
AcDbEntity
  8
WALL
100
AcDbLine
370
50
 10
8800
 20
23887.5000
 30
0
 11
10200
 21
23887.5000
 31
0
  0
LINE
  5
19D
100
AcDbEntity
  8
WALL
100
AcDbLine
370
50
 10
10200
 20
24112.5000
 30
0
 11
8800
 21
24112.5000
 31
0
  0
LINE
  5
19E
100
AcDbEntity
  8
WALL
100
AcDbLine
370
50
 10
11400
 20
23887.5000
 30
0
 11
12800
 21
23887.5000
 31
0
  0
LINE
  5
19F
100
AcDbEntity
  8
WALL
100
AcDbLine
370
50
 10
12800
 20
24112.5000
 30
0
 11
11400
 21
24112.5000
 31
0
  0
LINE
  5
1A0
100
AcDbEntity
  8
WALL
100
AcDbLine
370
50
 10
10200
 20
23887.5000
 30
0
 11
10200
 21
24112.5000
 31
0
  0
LINE
  5
1A1
100
AcDbEntity
  8
WALL
100
AcDbLine
370
50
 10
11400
 20
23887.5000
 30
0
 11
11400
 21
24112.5000
 31
0
  0
LINE
  5
1A2
100
AcDbEntity
  8
WALL
100
AcDbLine
370
50
 10
12800
 20
23887.5000
 30
0
 11
14200
 21
23887.5000
 31
0
  0
LINE
  5
1A3
100
AcDbEntity
  8
WALL
100
AcDbLine
370
50
 10
14200
 20
24112.5000
 30
0
 11
12800
 21
24112.5000
 31
0
  0
LINE
  5
1A4
100
AcDbEntity
  8
WALL
100
AcDbLine
370
50
 10
15400
 20
23887.5000
 30
0
 11
16800
 21
23887.5000
 31
0
  0
LINE
  5
1A5
100
AcDbEntity
  8
WALL
100
AcDbLine
370
50
 10
16800
 20
24112.5000
 30
0
 11
15400
 21
24112.5000
 31
0
  0
LINE
  5
1A6
100
AcDbEntity
  8
WALL
100
AcDbLine
370
50
 10
14200
 20
23887.5000
 30
0
 11
14200
 21
24112.5000
 31
0
  0
LINE
  5
1A7
100
AcDbEntity
  8
WALL
100
AcDbLine
370
50
 10
15400
 20
23887.5000
 30
0
 11
15400
 21
24112.5000
 31
0
  0
LINE
  5
1A8
100
AcDbEntity
  8
WALL
100
AcDbLine
370
50
 10
16800
 20
23887.5000
 30
0
 11
18200
 21
23887.5000
 31
0
  0
LINE
  5
1A9
100
AcDbEntity
  8
WALL
100
AcDbLine
370
50
 10
18200
 20
24112.5000
 30
0
 11
16800
 21
24112.5000
 31
0
  0
LINE
  5
1AA
100
AcDbEntity
  8
WALL
100
AcDbLine
370
50
 10
19400
 20
23887.5000
 30
0
 11
20800
 21
23887.5000
 31
0
  0
LINE
  5
1AB
100
AcDbEntity
  8
WALL
100
AcDbLine
370
50
 10
20800
 20
24112.5000
 30
0
 11
19400
 21
24112.5000
 31
0
  0
LINE
  5
1AC
100
AcDbEntity
  8
WALL
100
AcDbLine
370
50
 10
18200
 20
23887.5000
 30
0
 11
18200
 21
24112.5000
 31
0
  0
LINE
  5
1AD
100
AcDbEntity
  8
WALL
100
AcDbLine
370
50
 10
19400
 20
23887.5000
 30
0
 11
19400
 21
24112.5000
 31
0
  0
LINE
  5
1AE
100
AcDbEntity
  8
WALL
100
AcDbLine
370
50
 10
20800
 20
23887.5000
 30
0
 11
22200
 21
23887.5000
 31
0
  0
LINE
  5
1AF
100
AcDbEntity
  8
WALL
100
AcDbLine
370
50
 10
22200
 20
24112.5000
 30
0
 11
20800
 21
24112.5000
 31
0
  0
LINE
  5
1B0
100
AcDbEntity
  8
WALL
100
AcDbLine
370
50
 10
23400
 20
23887.5000
 30
0
 11
24800
 21
23887.5000
 31
0
  0
LINE
  5
1B1
100
AcDbEntity
  8
WALL
100
AcDbLine
370
50
 10
24800
 20
24112.5000
 30
0
 11
23400
 21
24112.5000
 31
0
  0
LINE
  5
1B2
100
AcDbEntity
  8
WALL
100
AcDbLine
370
50
 10
22200
 20
23887.5000
 30
0
 11
22200
 21
24112.5000
 31
0
  0
LINE
  5
1B3
100
AcDbEntity
  8
WALL
100
AcDbLine
370
50
 10
23400
 20
23887.5000
 30
0
 11
23400
 21
24112.5000
 31
0
  0
LINE
  5
1B4
100
AcDbEntity
  8
WALL
100
AcDbLine
370
50
 10
24800
 20
23887.5000
 30
0
 11
26200
 21
23887.5000
 31
0
  0
LINE
  5
1B5
100
AcDbEntity
  8
WALL
100
AcDbLine
370
50
 10
26200
 20
24112.5000
 30
0
 11
24800
 21
24112.5000
 31
0
  0
LINE
  5
1B6
100
AcDbEntity
  8
WALL
100
AcDbLine
370
50
 10
27400
 20
23887.5000
 30
0
 11
28800
 21
23887.5000
 31
0
  0
LINE
  5
1B7
100
AcDbEntity
  8
WALL
100
AcDbLine
370
50
 10
28800
 20
24112.5000
 30
0
 11
27400
 21
24112.5000
 31
0
  0
LINE
  5
1B8
100
AcDbEntity
  8
WALL
100
AcDbLine
370
50
 10
26200
 20
23887.5000
 30
0
 11
26200
 21
24112.5000
 31
0
  0
LINE
  5
1B9
100
AcDbEntity
  8
WALL
100
AcDbLine
370
50
 10
27400
 20
23887.5000
 30
0
 11
27400
 21
24112.5000
 31
0
  0
LINE
  5
1BA
100
AcDbEntity
  8
WALL
100
AcDbLine
370
50
 10
8725
 20
0
 30
0
 11
8725
 21
3550
 31
0
  0
LINE
  5
1BB
100
AcDbEntity
  8
WALL
100
AcDbLine
370
50
 10
8875
 20
3550
 30
0
 11
8875
 21
0
 31
0
  0
LINE
  5
1BC
100
AcDbEntity
  8
WALL
100
AcDbLine
370
50
 10
8725
 20
4450
 30
0
 11
8725
 21
8000
 31
0
  0
LINE
  5
1BD
100
AcDbEntity
  8
WALL
100
AcDbLine
370
50
 10
8875
 20
8000
 30
0
 11
8875
 21
4450
 31
0
  0
LINE
  5
1BE
100
AcDbEntity
  8
WALL
100
AcDbLine
370
50
 10
8725
 20
3550
 30
0
 11
8875
 21
3550
 31
0
  0
LINE
  5
1BF
100
AcDbEntity
  8
WALL
100
AcDbLine
370
50
 10
8725
 20
4450
 30
0
 11
8875
 21
4450
 31
0
  0
LINE
  5
1C0
100
AcDbEntity
  8
WALL
100
AcDbLine
370
50
 10
8725
 20
8000
 30
0
 11
8725
 21
11550
 31
0
  0
LINE
  5
1C1
100
AcDbEntity
  8
WALL
100
AcDbLine
370
50
 10
8875
 20
11550
 30
0
 11
8875
 21
8000
 31
0
  0
LINE
  5
1C2
100
AcDbEntity
  8
WALL
100
AcDbLine
370
50
 10
8725
 20
12450
 30
0
 11
8725
 21
16000
 31
0
  0
LINE
  5
1C3
100
AcDbEntity
  8
WALL
100
AcDbLine
370
50
 10
8875
 20
16000
 30
0
 11
8875
 21
12450
 31
0
  0
LINE
  5
1C4
100
AcDbEntity
  8
WALL
100
AcDbLine
370
50
 10
8725
 20
11550
 30
0
 11
8875
 21
11550
 31
0
  0
LINE
  5
1C5
100
AcDbEntity
  8
WALL
100
AcDbLine
370
50
 10
8725
 20
12450
 30
0
 11
8875
 21
12450
 31
0
  0
LINE
  5
1C6
100
AcDbEntity
  8
WALL
100
AcDbLine
370
50
 10
8725
 20
16000
 30
0
 11
8725
 21
19550
 31
0
  0
LINE
  5
1C7
100
AcDbEntity
  8
WALL
100
AcDbLine
370
50
 10
8875
 20
19550
 30
0
 11
8875
 21
16000
 31
0
  0
LINE
  5
1C8
100
AcDbEntity
  8
WALL
100
AcDbLine
370
50
 10
8725
 20
20450
 30
0
 11
8725
 21
24000
 31
0
  0
LINE
  5
1C9
100
AcDbEntity
  8
WALL
100
AcDbLine
370
50
 10
8875
 20
24000
 30
0
 11
8875
 21
20450
 31
0
  0
LINE
  5
1CA
100
AcDbEntity
  8
WALL
100
AcDbLine
370
50
 10
8725
 20
19550
 30
0
 11
8875
 21
19550
 31
0
  0
LINE
  5
1CB
100
AcDbEntity
  8
WALL
100
AcDbLine
370
50
 10
8725
 20
20450
 30
0
 11
8875
 21
20450
 31
0
  0
LINE
  5
1CC
100
AcDbEntity
  8
WALL
100
AcDbLine
370
50
 10
12725
 20
0
 30
0
 11
12725
 21
3550
 31
0
  0
LINE
  5
1CD
100
AcDbEntity
  8
WALL
100
AcDbLine
370
50
 10
12875
 20
3550
 30
0
 11
12875
 21
0
 31
0
  0
LINE
  5
1CE
100
AcDbEntity
  8
WALL
100
AcDbLine
370
50
 10
12725
 20
4450
 30
0
 11
12725
 21
8000
 31
0
  0
LINE
  5
1CF
100
AcDbEntity
  8
WALL
100
AcDbLine
370
50
 10
12875
 20
8000
 30
0
 11
12875
 21
4450
 31
0
  0
LINE
  5
1D0
100
AcDbEntity
  8
WALL
100
AcDbLine
370
50
 10
12725
 20
3550
 30
0
 11
12875
 21
3550
 31
0
  0
LINE
  5
1D1
100
AcDbEntity
  8
WALL
100
AcDbLine
370
50
 10
12725
 20
4450
 30
0
 11
12875
 21
4450
 31
0
  0
LINE
  5
1D2
100
AcDbEntity
  8
WALL
100
AcDbLine
370
50
 10
12725
 20
8000
 30
0
 11
12725
 21
11550
 31
0
  0
LINE
  5
1D3
100
AcDbEntity
  8
WALL
100
AcDbLine
370
50
 10
12875
 20
11550
 30
0
 11
12875
 21
8000
 31
0
  0
LINE
  5
1D4
100
AcDbEntity
  8
WALL
100
AcDbLine
370
50
 10
12725
 20
12450
 30
0
 11
12725
 21
16000
 31
0
  0
LINE
  5
1D5
100
AcDbEntity
  8
WALL
100
AcDbLine
370
50
 10
12875
 20
16000
 30
0
 11
12875
 21
12450
 31
0
  0
LINE
  5
1D6
100
AcDbEntity
  8
WALL
100
AcDbLine
370
50
 10
12725
 20
11550
 30
0
 11
12875
 21
11550
 31
0
  0
LINE
  5
1D7
100
AcDbEntity
  8
WALL
100
AcDbLine
370
50
 10
12725
 20
12450
 30
0
 11
12875
 21
12450
 31
0
  0
LINE
  5
1D8
100
AcDbEntity
  8
WALL
100
AcDbLine
370
50
 10
12725
 20
16000
 30
0
 11
12725
 21
19550
 31
0
  0
LINE
  5
1D9
100
AcDbEntity
  8
WALL
100
AcDbLine
370
50
 10
12875
 20
19550
 30
0
 11
12875
 21
16000
 31
0
  0
LINE
  5
1DA
100
AcDbEntity
  8
WALL
100
AcDbLine
370
50
 10
12725
 20
20450
 30
0
 11
12725
 21
24000
 31
0
  0
LINE
  5
1DB
100
AcDbEntity
  8
WALL
100
AcDbLine
370
50
 10
12875
 20
24000
 30
0
 11
12875
 21
20450
 31
0
  0
LINE
  5
1DC
100
AcDbEntity
  8
WALL
100
AcDbLine
370
50
 10
12725
 20
19550
 30
0
 11
12875
 21
19550
 31
0
  0
LINE
  5
1DD
100
AcDbEntity
  8
WALL
100
AcDbLine
370
50
 10
12725
 20
20450
 30
0
 11
12875
 21
20450
 31
0
  0
LINE
  5
1DE
100
AcDbEntity
  8
WALL
100
AcDbLine
370
50
 10
16725
 20
0
 30
0
 11
16725
 21
8000
 31
0
  0
LINE
  5
1DF
100
AcDbEntity
  8
WALL
100
AcDbLine
370
50
 10
16875
 20
8000
 30
0
 11
16875
 21
0
 31
0
  0
LINE
  5
1E0
100
AcDbEntity
  8
WALL
100
AcDbLine
370
50
 10
16725
 20
8000
 30
0
 11
16725
 21
16000
 31
0
  0
LINE
  5
1E1
100
AcDbEntity
  8
WALL
100
AcDbLine
370
50
 10
16875
 20
16000
 30
0
 11
16875
 21
8000
 31
0
  0
LINE
  5
1E2
100
AcDbEntity
  8
WALL
100
AcDbLine
370
50
 10
16725
 20
16000
 30
0
 11
16725
 21
24000
 31
0
  0
LINE
  5
1E3
100
AcDbEntity
  8
WALL
100
AcDbLine
370
50
 10
16875
 20
24000
 30
0
 11
16875
 21
16000
 31
0
  0
LINE
  5
1E4
100
AcDbEntity
  8
WALL
100
AcDbLine
370
50
 10
20725
 20
0
 30
0
 11
20725
 21
3550
 31
0
  0
LINE
  5
1E5
100
AcDbEntity
  8
WALL
100
AcDbLine
370
50
 10
20875
 20
3550
 30
0
 11
20875
 21
0
 31
0
  0
LINE
  5
1E6
100
AcDbEntity
  8
WALL
100
AcDbLine
370
50
 10
20725
 20
4450
 30
0
 11
20725
 21
8000
 31
0
  0
LINE
  5
1E7
100
AcDbEntity
  8
WALL
100
AcDbLine
370
50
 10
20875
 20
8000
 30
0
 11
20875
 21
4450
 31
0
  0
LINE
  5
1E8
100
AcDbEntity
  8
WALL
100
AcDbLine
370
50
 10
20725
 20
3550
 30
0
 11
20875
 21
3550
 31
0
  0
LINE
  5
1E9
100
AcDbEntity
  8
WALL
100
AcDbLine
370
50
 10
20725
 20
4450
 30
0
 11
20875
 21
4450
 31
0
  0
LINE
  5
1EA
100
AcDbEntity
  8
WALL
100
AcDbLine
370
50
 10
20725
 20
8000
 30
0
 11
20725
 21
11550
 31
0
  0
LINE
  5
1EB
100
AcDbEntity
  8
WALL
100
AcDbLine
370
50
 10
20875
 20
11550
 30
0
 11
20875
 21
8000
 31
0
  0
LINE
  5
1EC
100
AcDbEntity
  8
WALL
100
AcDbLine
370
50
 10
20725
 20
12450
 30
0
 11
20725
 21
16000
 31
0
  0
LINE
  5
1ED
100
AcDbEntity
  8
WALL
100
AcDbLine
370
50
 10
20875
 20
16000
 30
0
 11
20875
 21
12450
 31
0
  0
LINE
  5
1EE
100
AcDbEntity
  8
WALL
100
AcDbLine
370
50
 10
20725
 20
11550
 30
0
 11
20875
 21
11550
 31
0
  0
LINE
  5
1EF
100
AcDbEntity
  8
WALL
100
AcDbLine
370
50
 10
20725
 20
12450
 30
0
 11
20875
 21
12450
 31
0
  0
LINE
  5
1F0
100
AcDbEntity
  8
WALL
100
AcDbLine
370
50
 10
20725
 20
16000
 30
0
 11
20725
 21
19550
 31
0
  0
LINE
  5
1F1
100
AcDbEntity
  8
WALL
100
AcDbLine
370
50
 10
20875
 20
19550
 30
0
 11
20875
 21
16000
 31
0
  0
LINE
  5
1F2
100
AcDbEntity
  8
WALL
100
AcDbLine
370
50
 10
20725
 20
20450
 30
0
 11
20725
 21
24000
 31
0
  0
LINE
  5
1F3
100
AcDbEntity
  8
WALL
100
AcDbLine
370
50
 10
20875
 20
24000
 30
0
 11
20875
 21
20450
 31
0
  0
LINE
  5
1F4
100
AcDbEntity
  8
WALL
100
AcDbLine
370
50
 10
20725
 20
19550
 30
0
 11
20875
 21
19550
 31
0
  0
LINE
  5
1F5
100
AcDbEntity
  8
WALL
100
AcDbLine
370
50
 10
20725
 20
20450
 30
0
 11
20875
 21
20450
 31
0
  0
LINE
  5
1F6
100
AcDbEntity
  8
WALL
100
AcDbLine
370
50
 10
24725
 20
0
 30
0
 11
24725
 21
3550
 31
0
  0
LINE
  5
1F7
100
AcDbEntity
  8
WALL
100
AcDbLine
370
50
 10
24875
 20
3550
 30
0
 11
24875
 21
0
 31
0
  0
LINE
  5
1F8
100
AcDbEntity
  8
WALL
100
AcDbLine
370
50
 10
24725
 20
4450
 30
0
 11
24725
 21
8000
 31
0
  0
LINE
  5
1F9
100
AcDbEntity
  8
WALL
100
AcDbLine
370
50
 10
24875
 20
8000
 30
0
 11
24875
 21
4450
 31
0
  0
LINE
  5
1FA
100
AcDbEntity
  8
WALL
100
AcDbLine
370
50
 10
24725
 20
3550
 30
0
 11
24875
 21
3550
 31
0
  0
LINE
  5
1FB
100
AcDbEntity
  8
WALL
100
AcDbLine
370
50
 10
24725
 20
4450
 30
0
 11
24875
 21
4450
 31
0
  0
LINE
  5
1FC
100
AcDbEntity
  8
WALL
100
AcDbLine
370
50
 10
24725
 20
8000
 30
0
 11
24725
 21
11550
 31
0
  0
LINE
  5
1FD
100
AcDbEntity
  8
WALL
100
AcDbLine
370
50
 10
24875
 20
11550
 30
0
 11
24875
 21
8000
 31
0
  0
LINE
  5
1FE
100
AcDbEntity
  8
WALL
100
AcDbLine
370
50
 10
24725
 20
12450
 30
0
 11
24725
 21
16000
 31
0
  0
LINE
  5
1FF
100
AcDbEntity
  8
WALL
100
AcDbLine
370
50
 10
24875
 20
16000
 30
0
 11
24875
 21
12450
 31
0
  0
LINE
  5
200
100
AcDbEntity
  8
WALL
100
AcDbLine
370
50
 10
24725
 20
11550
 30
0
 11
24875
 21
11550
 31
0
  0
LINE
  5
201
100
AcDbEntity
  8
WALL
100
AcDbLine
370
50
 10
24725
 20
12450
 30
0
 11
24875
 21
12450
 31
0
  0
LINE
  5
202
100
AcDbEntity
  8
WALL
100
AcDbLine
370
50
 10
24725
 20
16000
 30
0
 11
24725
 21
19550
 31
0
  0
LINE
  5
203
100
AcDbEntity
  8
WALL
100
AcDbLine
370
50
 10
24875
 20
19550
 30
0
 11
24875
 21
16000
 31
0
  0
LINE
  5
204
100
AcDbEntity
  8
WALL
100
AcDbLine
370
50
 10
24725
 20
20450
 30
0
 11
24725
 21
24000
 31
0
  0
LINE
  5
205
100
AcDbEntity
  8
WALL
100
AcDbLine
370
50
 10
24875
 20
24000
 30
0
 11
24875
 21
20450
 31
0
  0
LINE
  5
206
100
AcDbEntity
  8
WALL
100
AcDbLine
370
50
 10
24725
 20
19550
 30
0
 11
24875
 21
19550
 31
0
  0
LINE
  5
207
100
AcDbEntity
  8
WALL
100
AcDbLine
370
50
 10
24725
 20
20450
 30
0
 11
24875
 21
20450
 31
0
  0
LINE
  5
208
100
AcDbEntity
  8
WALL
100
AcDbLine
370
50
 10
4800
 20
7925
 30
0
 11
8800
 21
7925
 31
0
  0
LINE
  5
209
100
AcDbEntity
  8
WALL
100
AcDbLine
370
50
 10
8800
 20
8075
 30
0
 11
4800
 21
8075
 31
0
  0
LINE
  5
20A
100
AcDbEntity
  8
WALL
100
AcDbLine
370
50
 10
8800
 20
7925
 30
0
 11
10350
 21
7925
 31
0
  0
LINE
  5
20B
100
AcDbEntity
  8
WALL
100
AcDbLine
370
50
 10
10350
 20
8075
 30
0
 11
8800
 21
8075
 31
0
  0
LINE
  5
20C
100
AcDbEntity
  8
WALL
100
AcDbLine
370
50
 10
11250
 20
7925
 30
0
 11
12800
 21
7925
 31
0
  0
LINE
  5
20D
100
AcDbEntity
  8
WALL
100
AcDbLine
370
50
 10
12800
 20
8075
 30
0
 11
11250
 21
8075
 31
0
  0
LINE
  5
20E
100
AcDbEntity
  8
WALL
100
AcDbLine
370
50
 10
10350
 20
7925
 30
0
 11
10350
 21
8075
 31
0
  0
LINE
  5
20F
100
AcDbEntity
  8
WALL
100
AcDbLine
370
50
 10
11250
 20
7925
 30
0
 11
11250
 21
8075
 31
0
  0
LINE
  5
210
100
AcDbEntity
  8
WALL
100
AcDbLine
370
50
 10
12800
 20
7925
 30
0
 11
14350
 21
7925
 31
0
  0
LINE
  5
211
100
AcDbEntity
  8
WALL
100
AcDbLine
370
50
 10
14350
 20
8075
 30
0
 11
12800
 21
8075
 31
0
  0
LINE
  5
212
100
AcDbEntity
  8
WALL
100
AcDbLine
370
50
 10
15250
 20
7925
 30
0
 11
16800
 21
7925
 31
0
  0
LINE
  5
213
100
AcDbEntity
  8
WALL
100
AcDbLine
370
50
 10
16800
 20
8075
 30
0
 11
15250
 21
8075
 31
0
  0
LINE
  5
214
100
AcDbEntity
  8
WALL
100
AcDbLine
370
50
 10
14350
 20
7925
 30
0
 11
14350
 21
8075
 31
0
  0
LINE
  5
215
100
AcDbEntity
  8
WALL
100
AcDbLine
370
50
 10
15250
 20
7925
 30
0
 11
15250
 21
8075
 31
0
  0
LINE
  5
216
100
AcDbEntity
  8
WALL
100
AcDbLine
370
50
 10
16800
 20
7925
 30
0
 11
18350
 21
7925
 31
0
  0
LINE
  5
217
100
AcDbEntity
  8
WALL
100
AcDbLine
370
50
 10
18350
 20
8075
 30
0
 11
16800
 21
8075
 31
0
  0
LINE
  5
218
100
AcDbEntity
  8
WALL
100
AcDbLine
370
50
 10
19250
 20
7925
 30
0
 11
20800
 21
7925
 31
0
  0
LINE
  5
219
100
AcDbEntity
  8
WALL
100
AcDbLine
370
50
 10
20800
 20
8075
 30
0
 11
19250
 21
8075
 31
0
  0
LINE
  5
21A
100
AcDbEntity
  8
WALL
100
AcDbLine
370
50
 10
18350
 20
7925
 30
0
 11
18350
 21
8075
 31
0
  0
LINE
  5
21B
100
AcDbEntity
  8
WALL
100
AcDbLine
370
50
 10
19250
 20
7925
 30
0
 11
19250
 21
8075
 31
0
  0
LINE
  5
21C
100
AcDbEntity
  8
WALL
100
AcDbLine
370
50
 10
20800
 20
7925
 30
0
 11
22350
 21
7925
 31
0
  0
LINE
  5
21D
100
AcDbEntity
  8
WALL
100
AcDbLine
370
50
 10
22350
 20
8075
 30
0
 11
20800
 21
8075
 31
0
  0
LINE
  5
21E
100
AcDbEntity
  8
WALL
100
AcDbLine
370
50
 10
23250
 20
7925
 30
0
 11
24800
 21
7925
 31
0
  0
LINE
  5
21F
100
AcDbEntity
  8
WALL
100
AcDbLine
370
50
 10
24800
 20
8075
 30
0
 11
23250
 21
8075
 31
0
  0
LINE
  5
220
100
AcDbEntity
  8
WALL
100
AcDbLine
370
50
 10
22350
 20
7925
 30
0
 11
22350
 21
8075
 31
0
  0
LINE
  5
221
100
AcDbEntity
  8
WALL
100
AcDbLine
370
50
 10
23250
 20
7925
 30
0
 11
23250
 21
8075
 31
0
  0
LINE
  5
222
100
AcDbEntity
  8
WALL
100
AcDbLine
370
50
 10
24800
 20
7925
 30
0
 11
28800
 21
7925
 31
0
  0
LINE
  5
223
100
AcDbEntity
  8
WALL
100
AcDbLine
370
50
 10
28800
 20
8075
 30
0
 11
24800
 21
8075
 31
0
  0
LINE
  5
224
100
AcDbEntity
  8
WALL
100
AcDbLine
370
50
 10
4800
 20
15925
 30
0
 11
6350
 21
15925
 31
0
  0
LINE
  5
225
100
AcDbEntity
  8
WALL
100
AcDbLine
370
50
 10
6350
 20
16075
 30
0
 11
4800
 21
16075
 31
0
  0
LINE
  5
226
100
AcDbEntity
  8
WALL
100
AcDbLine
370
50
 10
7250
 20
15925
 30
0
 11
8800
 21
15925
 31
0
  0
LINE
  5
227
100
AcDbEntity
  8
WALL
100
AcDbLine
370
50
 10
8800
 20
16075
 30
0
 11
7250
 21
16075
 31
0
  0
LINE
  5
228
100
AcDbEntity
  8
WALL
100
AcDbLine
370
50
 10
6350
 20
15925
 30
0
 11
6350
 21
16075
 31
0
  0
LINE
  5
229
100
AcDbEntity
  8
WALL
100
AcDbLine
370
50
 10
7250
 20
15925
 30
0
 11
7250
 21
16075
 31
0
  0
LINE
  5
22A
100
AcDbEntity
  8
WALL
100
AcDbLine
370
50
 10
8800
 20
15925
 30
0
 11
10350
 21
15925
 31
0
  0
LINE
  5
22B
100
AcDbEntity
  8
WALL
100
AcDbLine
370
50
 10
10350
 20
16075
 30
0
 11
8800
 21
16075
 31
0
  0
LINE
  5
22C
100
AcDbEntity
  8
WALL
100
AcDbLine
370
50
 10
11250
 20
15925
 30
0
 11
12800
 21
15925
 31
0
  0
LINE
  5
22D
100
AcDbEntity
  8
WALL
100
AcDbLine
370
50
 10
12800
 20
16075
 30
0
 11
11250
 21
16075
 31
0
  0
LINE
  5
22E
100
AcDbEntity
  8
WALL
100
AcDbLine
370
50
 10
10350
 20
15925
 30
0
 11
10350
 21
16075
 31
0
  0
LINE
  5
22F
100
AcDbEntity
  8
WALL
100
AcDbLine
370
50
 10
11250
 20
15925
 30
0
 11
11250
 21
16075
 31
0
  0
LINE
  5
230
100
AcDbEntity
  8
WALL
100
AcDbLine
370
50
 10
12800
 20
15925
 30
0
 11
14350
 21
15925
 31
0
  0
LINE
  5
231
100
AcDbEntity
  8
WALL
100
AcDbLine
370
50
 10
14350
 20
16075
 30
0
 11
12800
 21
16075
 31
0
  0
LINE
  5
232
100
AcDbEntity
  8
WALL
100
AcDbLine
370
50
 10
15250
 20
15925
 30
0
 11
16800
 21
15925
 31
0
  0
LINE
  5
233
100
AcDbEntity
  8
WALL
100
AcDbLine
370
50
 10
16800
 20
16075
 30
0
 11
15250
 21
16075
 31
0
  0
LINE
  5
234
100
AcDbEntity
  8
WALL
100
AcDbLine
370
50
 10
14350
 20
15925
 30
0
 11
14350
 21
16075
 31
0
  0
LINE
  5
235
100
AcDbEntity
  8
WALL
100
AcDbLine
370
50
 10
15250
 20
15925
 30
0
 11
15250
 21
16075
 31
0
  0
LINE
  5
236
100
AcDbEntity
  8
WALL
100
AcDbLine
370
50
 10
16800
 20
15925
 30
0
 11
18350
 21
15925
 31
0
  0
LINE
  5
237
100
AcDbEntity
  8
WALL
100
AcDbLine
370
50
 10
18350
 20
16075
 30
0
 11
16800
 21
16075
 31
0
  0
LINE
  5
238
100
AcDbEntity
  8
WALL
100
AcDbLine
370
50
 10
19250
 20
15925
 30
0
 11
20800
 21
15925
 31
0
  0
LINE
  5
239
100
AcDbEntity
  8
WALL
100
AcDbLine
370
50
 10
20800
 20
16075
 30
0
 11
19250
 21
16075
 31
0
  0
LINE
  5
23A
100
AcDbEntity
  8
WALL
100
AcDbLine
370
50
 10
18350
 20
15925
 30
0
 11
18350
 21
16075
 31
0
  0
LINE
  5
23B
100
AcDbEntity
  8
WALL
100
AcDbLine
370
50
 10
19250
 20
15925
 30
0
 11
19250
 21
16075
 31
0
  0
LINE
  5
23C
100
AcDbEntity
  8
WALL
100
AcDbLine
370
50
 10
20800
 20
15925
 30
0
 11
22350
 21
15925
 31
0
  0
LINE
  5
23D
100
AcDbEntity
  8
WALL
100
AcDbLine
370
50
 10
22350
 20
16075
 30
0
 11
20800
 21
16075
 31
0
  0
LINE
  5
23E
100
AcDbEntity
  8
WALL
100
AcDbLine
370
50
 10
23250
 20
15925
 30
0
 11
24800
 21
15925
 31
0
  0
LINE
  5
23F
100
AcDbEntity
  8
WALL
100
AcDbLine
370
50
 10
24800
 20
16075
 30
0
 11
23250
 21
16075
 31
0
  0
LINE
  5
240
100
AcDbEntity
  8
WALL
100
AcDbLine
370
50
 10
22350
 20
15925
 30
0
 11
22350
 21
16075
 31
0
  0
LINE
  5
241
100
AcDbEntity
  8
WALL
100
AcDbLine
370
50
 10
23250
 20
15925
 30
0
 11
23250
 21
16075
 31
0
  0
LINE
  5
242
100
AcDbEntity
  8
WALL
100
AcDbLine
370
50
 10
24800
 20
15925
 30
0
 11
26350
 21
15925
 31
0
  0
LINE
  5
243
100
AcDbEntity
  8
WALL
100
AcDbLine
370
50
 10
26350
 20
16075
 30
0
 11
24800
 21
16075
 31
0
  0
LINE
  5
244
100
AcDbEntity
  8
WALL
100
AcDbLine
370
50
 10
27250
 20
15925
 30
0
 11
28800
 21
15925
 31
0
  0
LINE
  5
245
100
AcDbEntity
  8
WALL
100
AcDbLine
370
50
 10
28800
 20
16075
 30
0
 11
27250
 21
16075
 31
0
  0
LINE
  5
246
100
AcDbEntity
  8
WALL
100
AcDbLine
370
50
 10
26350
 20
15925
 30
0
 11
26350
 21
16075
 31
0
  0
LINE
  5
247
100
AcDbEntity
  8
WALL
100
AcDbLine
370
50
 10
27250
 20
15925
 30
0
 11
27250
 21
16075
 31
0
  0
LWPOLYLINE
  5
248
100
AcDbEntity
  8
COLUMN
100
AcDbPolyline
 90
4
 70
1
 10
4685
 20
-115
 10
4915
 20
-115
 10
4915
 20
115
 10
4685
 20
115
  0
LWPOLYLINE
  5
249
100
AcDbEntity
  8
COLUMN
100
AcDbPolyline
 90
4
 70
1
 10
4685
 20
7885
 10
4915
 20
7885
 10
4915
 20
8115
 10
4685
 20
8115
  0
LWPOLYLINE
  5
24A
100
AcDbEntity
  8
COLUMN
100
AcDbPolyline
 90
4
 70
1
 10
4685
 20
15885
 10
4915
 20
15885
 10
4915
 20
16115
 10
4685
 20
16115
  0
LWPOLYLINE
  5
24B
100
AcDbEntity
  8
COLUMN
100
AcDbPolyline
 90
4
 70
1
 10
4685
 20
23885
 10
4915
 20
23885
 10
4915
 20
24115
 10
4685
 20
24115
  0
LWPOLYLINE
  5
24C
100
AcDbEntity
  8
COLUMN
100
AcDbPolyline
 90
4
 70
1
 10
8685
 20
-115
 10
8915
 20
-115
 10
8915
 20
115
 10
8685
 20
115
  0
LWPOLYLINE
  5
24D
100
AcDbEntity
  8
COLUMN
100
AcDbPolyline
 90
4
 70
1
 10
8685
 20
7885
 10
8915
 20
7885
 10
8915
 20
8115
 10
8685
 20
8115
  0
LWPOLYLINE
  5
24E
100
AcDbEntity
  8
COLUMN
100
AcDbPolyline
 90
4
 70
1
 10
8685
 20
15885
 10
8915
 20
15885
 10
8915
 20
16115
 10
8685
 20
16115
  0
LWPOLYLINE
  5
24F
100
AcDbEntity
  8
COLUMN
100
AcDbPolyline
 90
4
 70
1
 10
8685
 20
23885
 10
8915
 20
23885
 10
8915
 20
24115
 10
8685
 20
24115
  0
LWPOLYLINE
  5
250
100
AcDbEntity
  8
COLUMN
100
AcDbPolyline
 90
4
 70
1
 10
12685
 20
-115
 10
12915
 20
-115
 10
12915
 20
115
 10
12685
 20
115
  0
LWPOLYLINE
  5
251
100
AcDbEntity
  8
COLUMN
100
AcDbPolyline
 90
4
 70
1
 10
12685
 20
7885
 10
12915
 20
7885
 10
12915
 20
8115
 10
12685
 20
8115
  0
LWPOLYLINE
  5
252
100
AcDbEntity
  8
COLUMN
100
AcDbPolyline
 90
4
 70
1
 10
12685
 20
15885
 10
12915
 20
15885
 10
12915
 20
16115
 10
12685
 20
16115
  0
LWPOLYLINE
  5
253
100
AcDbEntity
  8
COLUMN
100
AcDbPolyline
 90
4
 70
1
 10
12685
 20
23885
 10
12915
 20
23885
 10
12915
 20
24115
 10
12685
 20
24115
  0
LWPOLYLINE
  5
254
100
AcDbEntity
  8
COLUMN
100
AcDbPolyline
 90
4
 70
1
 10
16685
 20
-115
 10
16915
 20
-115
 10
16915
 20
115
 10
16685
 20
115
  0
LWPOLYLINE
  5
255
100
AcDbEntity
  8
COLUMN
100
AcDbPolyline
 90
4
 70
1
 10
16685
 20
7885
 10
16915
 20
7885
 10
16915
 20
8115
 10
16685
 20
8115
  0
LWPOLYLINE
  5
256
100
AcDbEntity
  8
COLUMN
100
AcDbPolyline
 90
4
 70
1
 10
16685
 20
15885
 10
16915
 20
15885
 10
16915
 20
16115
 10
16685
 20
16115
  0
LWPOLYLINE
  5
257
100
AcDbEntity
  8
COLUMN
100
AcDbPolyline
 90
4
 70
1
 10
16685
 20
23885
 10
16915
 20
23885
 10
16915
 20
24115
 10
16685
 20
24115
  0
LWPOLYLINE
  5
258
100
AcDbEntity
  8
COLUMN
100
AcDbPolyline
 90
4
 70
1
 10
20685
 20
-115
 10
20915
 20
-115
 10
20915
 20
115
 10
20685
 20
115
  0
LWPOLYLINE
  5
259
100
AcDbEntity
  8
COLUMN
100
AcDbPolyline
 90
4
 70
1
 10
20685
 20
7885
 10
20915
 20
7885
 10
20915
 20
8115
 10
20685
 20
8115
  0
LWPOLYLINE
  5
25A
100
AcDbEntity
  8
COLUMN
100
AcDbPolyline
 90
4
 70
1
 10
20685
 20
15885
 10
20915
 20
15885
 10
20915
 20
16115
 10
20685
 20
16115
  0
LWPOLYLINE
  5
25B
100
AcDbEntity
  8
COLUMN
100
AcDbPolyline
 90
4
 70
1
 10
20685
 20
23885
 10
20915
 20
23885
 10
20915
 20
24115
 10
20685
 20
24115
  0
LWPOLYLINE
  5
25C
100
AcDbEntity
  8
COLUMN
100
AcDbPolyline
 90
4
 70
1
 10
24685
 20
-115
 10
24915
 20
-115
 10
24915
 20
115
 10
24685
 20
115
  0
LWPOLYLINE
  5
25D
100
AcDbEntity
  8
COLUMN
100
AcDbPolyline
 90
4
 70
1
 10
24685
 20
7885
 10
24915
 20
7885
 10
24915
 20
8115
 10
24685
 20
8115
  0
LWPOLYLINE
  5
25E
100
AcDbEntity
  8
COLUMN
100
AcDbPolyline
 90
4
 70
1
 10
24685
 20
15885
 10
24915
 20
15885
 10
24915
 20
16115
 10
24685
 20
16115
  0
LWPOLYLINE
  5
25F
100
AcDbEntity
  8
COLUMN
100
AcDbPolyline
 90
4
 70
1
 10
24685
 20
23885
 10
24915
 20
23885
 10
24915
 20
24115
 10
24685
 20
24115
  0
LWPOLYLINE
  5
260
100
AcDbEntity
  8
COLUMN
100
AcDbPolyline
 90
4
 70
1
 10
28685
 20
-115
 10
28915
 20
-115
 10
28915
 20
115
 10
28685
 20
115
  0
LWPOLYLINE
  5
261
100
AcDbEntity
  8
COLUMN
100
AcDbPolyline
 90
4
 70
1
 10
28685
 20
7885
 10
28915
 20
7885
 10
28915
 20
8115
 10
28685
 20
8115
  0
LWPOLYLINE
  5
262
100
AcDbEntity
  8
COLUMN
100
AcDbPolyline
 90
4
 70
1
 10
28685
 20
15885
 10
28915
 20
15885
 10
28915
 20
16115
 10
28685
 20
16115
  0
LWPOLYLINE
  5
263
100
AcDbEntity
  8
COLUMN
100
AcDbPolyline
 90
4
 70
1
 10
28685
 20
23885
 10
28915
 20
23885
 10
28915
 20
24115
 10
28685
 20
24115
  0
TEXT
  5
264
100
AcDbEntity
  8
TEXT
100
AcDbText
 10
6318.7500
 20
4018.7500
 30
0
 40
250
  1
LOUNGE
100
AcDbText
  0
TEXT
  5
265
100
AcDbEntity
  8
TEXT
100
AcDbText
 10
10300
 20
4018.7500
 30
0
 40
250
  1
DINING
100
AcDbText
  0
TEXT
  5
266
100
AcDbEntity
  8
TEXT
100
AcDbText
 10
14300
 20
4018.7500
 30
0
 40
250
  1
KITCHEN
100
AcDbText
  0
TEXT
  5
267
100
AcDbEntity
  8
TEXT
100
AcDbText
 10
18300
 20
4018.7500
 30
0
 40
250
  1
KITCHEN
100
AcDbText
  0
TEXT
  5
268
100
AcDbEntity
  8
TEXT
100
AcDbText
 10
22300
 20
4018.7500
 30
0
 40
250
  1
DINING
100
AcDbText
  0
TEXT
  5
269
100
AcDbEntity
  8
TEXT
100
AcDbText
 10
26281.2500
 20
4018.7500
 30
0
 40
250
  1
LOUNGE
100
AcDbText
  0
TEXT
  5
26A
100
AcDbEntity
  8
TEXT
100
AcDbText
 10
6318.7500
 20
12000
 30
0
 40
250
  1
STORE
100
AcDbText
  0
TEXT
  5
26B
100
AcDbEntity
  8
TEXT
100
AcDbText
 10
10300
 20
12000
 30
0
 40
250
  1
STAIR HALL
100
AcDbText
  0
TEXT
  5
26C
100
AcDbEntity
  8
TEXT
100
AcDbText
 10
14300
 20
12000
 30
0
 40
250
  1
DRESSING
100
AcDbText
  0
LWPOLYLINE
  5
26D
100
AcDbEntity
  8
SANITARY
100
AcDbPolyline
 90
4
 70
1
 10
13275
 20
15025
 10
13675
 20
15025
 10
13675
 20
15625
 10
13275
 20
15625
  0
TEXT
  5
26E
100
AcDbEntity
  8
TEXT
100
AcDbText
 10
18300
 20
12000
 30
0
 40
250
  1
DRESSING
100
AcDbText
  0
LWPOLYLINE
  5
26F
100
AcDbEntity
  8
SANITARY
100
AcDbPolyline
 90
4
 70
1
 10
17275
 20
15025
 10
17675
 20
15025
 10
17675
 20
15625
 10
17275
 20
15625
  0
TEXT
  5
270
100
AcDbEntity
  8
TEXT
100
AcDbText
 10
22300
 20
12000
 30
0
 40
250
  1
STAIR HALL
100
AcDbText
  0
TEXT
  5
271
100
AcDbEntity
  8
TEXT
100
AcDbText
 10
26281.2500
 20
12000
 30
0
 40
250
  1
STORE
100
AcDbText
  0
TEXT
  5
272
100
AcDbEntity
  8
TEXT
100
AcDbText
 10
6318.7500
 20
19981.2500
 30
0
 40
250
  1
BEDROOM
100
AcDbText
  0
TEXT
  5
273
100
AcDbEntity
  8
TEXT
100
AcDbText
 10
10300
 20
19981.2500
 30
0
 40
250
  1
BEDROOM
100
AcDbText
  0
TEXT
  5
274
100
AcDbEntity
  8
TEXT
100
AcDbText
 10
14300
 20
19981.2500
 30
0
 40
250
  1
MASTER BEDROOM
100
AcDbText
  0
TEXT
  5
275
100
AcDbEntity
  8
TEXT
100
AcDbText
 10
18300
 20
19981.2500
 30
0
 40
250
  1
MASTER BEDROOM
100
AcDbText
  0
TEXT
  5
276
100
AcDbEntity
  8
TEXT
100
AcDbText
 10
22300
 20
19981.2500
 30
0
 40
250
  1
BEDROOM
100
AcDbText
  0
TEXT
  5
277
100
AcDbEntity
  8
TEXT
100
AcDbText
 10
26281.2500
 20
19981.2500
 30
0
 40
250
  1
BEDROOM
100
AcDbText
  0
DIMENSION
  5
278
100
AcDbEntity
  8
DIM
100
AcDbDimension
  2
*D
 10
4800
 20
-1800
 30
0
 11
16800
 21
-1550
 31
0
 70
33
  1

 42
24000
100
AcDbAlignedDimension
 13
4800
 23
0
 33
0
 14
28800
 24
0
 34
0
  0
DIMENSION
  5
279
100
AcDbEntity
  8
DIM
100
AcDbDimension
  2
*D
 10
3000
 20
0
 30
0
 11
3250
 21
12000
 31
0
 70
33
  1

 42
24000
100
AcDbAlignedDimension
 13
4800
 23
0
 33
0
 14
4800
 24
24000
 34
0
  0
DIMENSION
  5
27A
100
AcDbEntity
  8
DIM
100
AcDbDimension
  2
*D
 10
4800
 20
25200
 30
0
 11
6800
 21
25450
 31
0
 70
33
  1

 42
4000
100
AcDbAlignedDimension
 13
4800
 23
24000
 33
0
 14
8800
 24
24000
 34
0
  0
DIMENSION
  5
27B
100
AcDbEntity
  8
DIM
100
AcDbDimension
  2
*D
 10
8800
 20
25200
 30
0
 11
10800
 21
25450
 31
0
 70
33
  1

 42
4000
100
AcDbAlignedDimension
 13
8800
 23
24000
 33
0
 14
12800
 24
24000
 34
0
  0
DIMENSION
  5
27C
100
AcDbEntity
  8
DIM
100
AcDbDimension
  2
*D
 10
12800
 20
25200
 30
0
 11
14800
 21
25450
 31
0
 70
33
  1

 42
4000
100
AcDbAlignedDimension
 13
12800
 23
24000
 33
0
 14
16800
 24
24000
 34
0
  0
DIMENSION
  5
27D
100
AcDbEntity
  8
DIM
100
AcDbDimension
  2
*D
 10
16800
 20
25200
 30
0
 11
18800
 21
25450
 31
0
 70
33
  1

 42
4000
100
AcDbAlignedDimension
 13
16800
 23
24000
 33
0
 14
20800
 24
24000
 34
0
  0
DIMENSION
  5
27E
100
AcDbEntity
  8
DIM
100
AcDbDimension
  2
*D
 10
20800
 20
25200
 30
0
 11
22800
 21
25450
 31
0
 70
33
  1

 42
4000
100
AcDbAlignedDimension
 13
20800
 23
24000
 33
0
 14
24800
 24
24000
 34
0
  0
DIMENSION
  5
27F
100
AcDbEntity
  8
DIM
100
AcDbDimension
  2
*D
 10
24800
 20
25200
 30
0
 11
26800
 21
25450
 31
0
 70
33
  1

 42
4000
100
AcDbAlignedDimension
 13
24800
 23
24000
 33
0
 14
28800
 24
24000
 34
0
  0
DIMENSION
  5
280
100
AcDbEntity
  8
DIM
100
AcDbDimension
  2
*D
 10
30000
 20
0
 30
0
 11
30250
 21
4000
 31
0
 70
33
  1

 42
8000
100
AcDbAlignedDimension
 13
28800
 23
0
 33
0
 14
28800
 24
8000
 34
0
  0
DIMENSION
  5
281
100
AcDbEntity
  8
DIM
100
AcDbDimension
  2
*D
 10
30000
 20
8000
 30
0
 11
30250
 21
12000
 31
0
 70
33
  1

 42
8000
100
AcDbAlignedDimension
 13
28800
 23
8000
 33
0
 14
28800
 24
16000
 34
0
  0
DIMENSION
  5
282
100
AcDbEntity
  8
DIM
100
AcDbDimension
  2
*D
 10
30000
 20
16000
 30
0
 11
30250
 21
20000
 31
0
 70
33
  1

 42
8000
100
AcDbAlignedDimension
 13
28800
 23
16000
 33
0
 14
28800
 24
24000
 34
0
  0
TEXT
  5
283
100
AcDbEntity
  8
TEXT
100
AcDbText
 10
4800
 20
-3200
 30
0
 40
450
  1
GROUND FLOOR PLAN
100
AcDbText
  0
TEXT
  5
284
100
AcDbEntity
  8
TEXT
100
AcDbText
 10
31400
 20
12000
 30
0
 40
300
  1
+450
100
AcDbText
  0
TEXT
  5
285
100
AcDbEntity
  8
TEXT
100
AcDbText
 10
4800
 20
-4200
 30
0
 40
250
  1
EACH FLAT OCCUPIES 271 SQUARE METRES ONLY.
100
AcDbText
  0
LINE
  5
286
100
AcDbEntity
  8
0
100
AcDbLine
 10
0
 20
-12200
 30
0
 11
53400
 21
-12200
 31
0
  0
LINE
  5
287
100
AcDbEntity
  8
0
100
AcDbLine
 10
53400
 20
-12200
 30
0
 11
53400
 21
29200
 31
0
  0
LINE
  5
288
100
AcDbEntity
  8
0
100
AcDbLine
 10
53400
 20
29200
 30
0
 11
0
 21
29200
 31
0
  0
LINE
  5
289
100
AcDbEntity
  8
0
100
AcDbLine
 10
0
 20
29200
 30
0
 11
0
 21
-12200
 31
0
  0
INSERT
  5
28A
100
AcDbEntity
  8
0
100
AcDbBlockReference
  2
TITLEBLOCK-A1
 10
35400
 20
-12200
 30
0
 41
1
 42
1
 43
1
 50
0
  0
TEXT
  5
28B
100
AcDbEntity
  8
0
100
AcDbText
 10
47700
 20
-8400
 30
0
 40
300
  1
DRAWING: GROUND FLOOR PLAN
100
AcDbText
  0
TEXT
  5
28C
100
AcDbEntity
  8
0
100
AcDbText
 10
47700
 20
-9300
 30
0
 40
300
  1
DRG NO A-101
100
AcDbText
  0
LINE
  5
28D
100
AcDbEntity
  8
0
100
AcDbLine
 10
2000
 20
-10200
 30
0
 11
12000
 21
-10200
 31
0
  0
LINE
  5
28E
100
AcDbEntity
  8
0
100
AcDbLine
 10
2000
 20
-9900
 30
0
 11
12000
 21
-9900
 31
0
  0
LINE
  5
28F
100
AcDbEntity
  8
0
100
AcDbLine
 10
2000
 20
-10200
 30
0
 11
2000
 21
-9900
 31
0
  0
LINE
  5
290
100
AcDbEntity
  8
0
100
AcDbLine
 10
3000
 20
-10200
 30
0
 11
3000
 21
-9900
 31
0
  0
LINE
  5
291
100
AcDbEntity
  8
0
100
AcDbLine
 10
4000
 20
-10200
 30
0
 11
4000
 21
-9900
 31
0
  0
LINE
  5
292
100
AcDbEntity
  8
0
100
AcDbLine
 10
5000
 20
-10200
 30
0
 11
5000
 21
-9900
 31
0
  0
LINE
  5
293
100
AcDbEntity
  8
0
100
AcDbLine
 10
6000
 20
-10200
 30
0
 11
6000
 21
-9900
 31
0
  0
LINE
  5
294
100
AcDbEntity
  8
0
100
AcDbLine
 10
7000
 20
-10200
 30
0
 11
7000
 21
-9900
 31
0
  0
LINE
  5
295
100
AcDbEntity
  8
0
100
AcDbLine
 10
8000
 20
-10200
 30
0
 11
8000
 21
-9900
 31
0
  0
LINE
  5
296
100
AcDbEntity
  8
0
100
AcDbLine
 10
9000
 20
-10200
 30
0
 11
9000
 21
-9900
 31
0
  0
LINE
  5
297
100
AcDbEntity
  8
0
100
AcDbLine
 10
10000
 20
-10200
 30
0
 11
10000
 21
-9900
 31
0
  0
LINE
  5
298
100
AcDbEntity
  8
0
100
AcDbLine
 10
11000
 20
-10200
 30
0
 11
11000
 21
-9900
 31
0
  0
LINE
  5
299
100
AcDbEntity
  8
0
100
AcDbLine
 10
12000
 20
-10200
 30
0
 11
12000
 21
-9900
 31
0
  0
TEXT
  5
29A
100
AcDbEntity
  8
0
100
AcDbText
 10
1900
 20
-9700
 30
0
 40
250
  1
0
100
AcDbText
  0
TEXT
  5
29B
100
AcDbEntity
  8
0
100
AcDbText
 10
2900
 20
-9700
 30
0
 40
250
  1
1
100
AcDbText
  0
TEXT
  5
29C
100
AcDbEntity
  8
0
100
AcDbText
 10
3900
 20
-9700
 30
0
 40
250
  1
2
100
AcDbText
  0
TEXT
  5
29D
100
AcDbEntity
  8
0
100
AcDbText
 10
6900
 20
-9700
 30
0
 40
250
  1
5
100
AcDbText
  0
TEXT
  5
29E
100
AcDbEntity
  8
0
100
AcDbText
 10
11900
 20
-9700
 30
0
 40
250
  1
10
100
AcDbText
  0
TEXT
  5
29F
100
AcDbEntity
  8
0
100
AcDbText
 10
12600
 20
-9700
 30
0
 40
250
  1
m
100
AcDbText
  0
TEXT
  5
2A0
100
AcDbEntity
  8
0
100
AcDbText
 10
2000
 20
-9200
 30
0
 40
250
  1
SCALE BAR 1:100
100
AcDbText
  0
LWPOLYLINE
  5
2A1
100
AcDbEntity
  8
0
100
AcDbPolyline
 90
4
 70
1
 10
50400
 20
25700
 10
51000
 20
27500
 10
50400
 20
27100
 10
49800
 20
27500
  0
TEXT
  5
2A2
100
AcDbEntity
  8
0
100
AcDbText
 10
50250
 20
27800
 30
0
 40
400
  1
N
100
AcDbText
  0
TEXT
  5
2A3
100
AcDbEntity
  8
0
100
AcDbText
 10
32400
 20
26700
 30
0
 40
250
  1
GENERAL NOTES
100
AcDbText
  0
TEXT
  5
2A4
100
AcDbEntity
  8
0
100
AcDbText
 10
32400
 20
26100
 30
0
 40
250
  1
1. ALL DIMENSIONS ARE IN MILLIMETRES.
100
AcDbText
  0
TEXT
  5
2A5
100
AcDbEntity
  8
0
100
AcDbText
 10
32400
 20
25500
 30
0
 40
250
  1
2. SLAB THICKNESS 150 UNLESS NOTED.
100
AcDbText
  0
TEXT
  5
2A6
100
AcDbEntity
  8
0
100
AcDbText
 10
32400
 20
24900
 30
0
 40
250
  1
3. COLUMNS 230 X 230 TO ENGINEER'S DETAILS.
100
AcDbText
  0
TEXT
  5
2A7
100
AcDbEntity
  8
0
100
AcDbText
 10
32400
 20
24300
 30
0
 40
250
  1
4. WINDOW SILL LEVEL 900 ABOVE FFL.
100
AcDbText
  0
TEXT
  5
2A8
100
AcDbEntity
  8
0
100
AcDbText
 10
32400
 20
23700
 30
0
 40
250
  1
5. DOOR HEIGHT 2100 UNLESS NOTED.
100
AcDbText
  0
TEXT
  5
2A9
100
AcDbEntity
  8
0
100
AcDbText
 10
32400
 20
23100
 30
0
 40
250
  1
6. CONCRETE GRADE 25 COVER 40.
100
AcDbText
  0
TEXT
  5
2AA
100
AcDbEntity
  8
0
100
AcDbText
 10
32400
 20
22500
 30
0
 40
250
  1
7. LINTEL 225 X 150 OVER ALL OPENINGS.
100
AcDbText
  0
TEXT
  5
2AB
100
AcDbEntity
  8
0
100
AcDbText
 10
32400
 20
21900
 30
0
 40
250
  1
8. DO NOT SCALE OFF THIS DRAWING.
100
AcDbText
  0
LWPOLYLINE
  5
2AC
100
AcDbEntity
  8
WIND
100
AcDbPolyline
 90
4
 70
1
 10
64140
 20
3400
 10
64260
 20
3400
 10
64260
 20
4600
 10
64140
 20
4600
  0
LWPOLYLINE
  5
2AD
100
AcDbEntity
  8
WIND
100
AcDbPolyline
 90
4
 70
1
 10
64140
 20
11400
 10
64260
 20
11400
 10
64260
 20
12600
 10
64140
 20
12600
  0
LWPOLYLINE
  5
2AE
100
AcDbEntity
  8
WIND
100
AcDbPolyline
 90
4
 70
1
 10
64140
 20
19400
 10
64260
 20
19400
 10
64260
 20
20600
 10
64140
 20
20600
  0
LWPOLYLINE
  5
2AF
100
AcDbEntity
  8
WIND
100
AcDbPolyline
 90
4
 70
1
 10
88140
 20
3400
 10
88260
 20
3400
 10
88260
 20
4600
 10
88140
 20
4600
  0
LWPOLYLINE
  5
2B0
100
AcDbEntity
  8
WIND
100
AcDbPolyline
 90
4
 70
1
 10
88140
 20
11400
 10
88260
 20
11400
 10
88260
 20
12600
 10
88140
 20
12600
  0
LWPOLYLINE
  5
2B1
100
AcDbEntity
  8
WIND
100
AcDbPolyline
 90
4
 70
1
 10
88140
 20
19400
 10
88260
 20
19400
 10
88260
 20
20600
 10
88140
 20
20600
  0
LWPOLYLINE
  5
2B2
100
AcDbEntity
  8
WIND
100
AcDbPolyline
 90
4
 70
1
 10
65600
 20
-60
 10
66800
 20
-60
 10
66800
 20
60
 10
65600
 20
60
  0
LWPOLYLINE
  5
2B3
100
AcDbEntity
  8
WIND
100
AcDbPolyline
 90
4
 70
1
 10
69600
 20
-60
 10
70800
 20
-60
 10
70800
 20
60
 10
69600
 20
60
  0
LWPOLYLINE
  5
2B4
100
AcDbEntity
  8
WIND
100
AcDbPolyline
 90
4
 70
1
 10
73600
 20
-60
 10
74800
 20
-60
 10
74800
 20
60
 10
73600
 20
60
  0
LWPOLYLINE
  5
2B5
100
AcDbEntity
  8
WIND
100
AcDbPolyline
 90
4
 70
1
 10
77600
 20
-60
 10
78800
 20
-60
 10
78800
 20
60
 10
77600
 20
60
  0
LWPOLYLINE
  5
2B6
100
AcDbEntity
  8
WIND
100
AcDbPolyline
 90
4
 70
1
 10
81600
 20
-60
 10
82800
 20
-60
 10
82800
 20
60
 10
81600
 20
60
  0
LWPOLYLINE
  5
2B7
100
AcDbEntity
  8
WIND
100
AcDbPolyline
 90
4
 70
1
 10
85600
 20
-60
 10
86800
 20
-60
 10
86800
 20
60
 10
85600
 20
60
  0
LWPOLYLINE
  5
2B8
100
AcDbEntity
  8
WIND
100
AcDbPolyline
 90
4
 70
1
 10
65600
 20
23940
 10
66800
 20
23940
 10
66800
 20
24060
 10
65600
 20
24060
  0
LWPOLYLINE
  5
2B9
100
AcDbEntity
  8
WIND
100
AcDbPolyline
 90
4
 70
1
 10
69600
 20
23940
 10
70800
 20
23940
 10
70800
 20
24060
 10
69600
 20
24060
  0
LWPOLYLINE
  5
2BA
100
AcDbEntity
  8
WIND
100
AcDbPolyline
 90
4
 70
1
 10
73600
 20
23940
 10
74800
 20
23940
 10
74800
 20
24060
 10
73600
 20
24060
  0
LWPOLYLINE
  5
2BB
100
AcDbEntity
  8
WIND
100
AcDbPolyline
 90
4
 70
1
 10
77600
 20
23940
 10
78800
 20
23940
 10
78800
 20
24060
 10
77600
 20
24060
  0
LWPOLYLINE
  5
2BC
100
AcDbEntity
  8
WIND
100
AcDbPolyline
 90
4
 70
1
 10
81600
 20
23940
 10
82800
 20
23940
 10
82800
 20
24060
 10
81600
 20
24060
  0
LWPOLYLINE
  5
2BD
100
AcDbEntity
  8
WIND
100
AcDbPolyline
 90
4
 70
1
 10
85600
 20
23940
 10
86800
 20
23940
 10
86800
 20
24060
 10
85600
 20
24060
  0
ARC
  5
2BE
100
AcDbEntity
  8
DOOR
100
AcDbCircle
 10
68200
 20
3550
 30
0
 40
900
100
AcDbArc
 50
90
 51
180
  0
LINE
  5
2BF
100
AcDbEntity
  8
DOOR
100
AcDbLine
 10
68200
 20
3550
 30
0
 11
67300
 21
3550
 31
0
  0
ARC
  5
2C0
100
AcDbEntity
  8
DOOR
100
AcDbCircle
 10
68200
 20
11550
 30
0
 40
900
100
AcDbArc
 50
90
 51
180
  0
LINE
  5
2C1
100
AcDbEntity
  8
DOOR
100
AcDbLine
 10
68200
 20
11550
 30
0
 11
67300
 21
11550
 31
0
  0
ARC
  5
2C2
100
AcDbEntity
  8
DOOR
100
AcDbCircle
 10
68200
 20
19550
 30
0
 40
900
100
AcDbArc
 50
90
 51
180
  0
LINE
  5
2C3
100
AcDbEntity
  8
DOOR
100
AcDbLine
 10
68200
 20
19550
 30
0
 11
67300
 21
19550
 31
0
  0
ARC
  5
2C4
100
AcDbEntity
  8
DOOR
100
AcDbCircle
 10
72200
 20
3550
 30
0
 40
900
100
AcDbArc
 50
90
 51
180
  0
LINE
  5
2C5
100
AcDbEntity
  8
DOOR
100
AcDbLine
 10
72200
 20
3550
 30
0
 11
71300
 21
3550
 31
0
  0
ARC
  5
2C6
100
AcDbEntity
  8
DOOR
100
AcDbCircle
 10
72200
 20
11550
 30
0
 40
900
100
AcDbArc
 50
90
 51
180
  0
LINE
  5
2C7
100
AcDbEntity
  8
DOOR
100
AcDbLine
 10
72200
 20
11550
 30
0
 11
71300
 21
11550
 31
0
  0
ARC
  5
2C8
100
AcDbEntity
  8
DOOR
100
AcDbCircle
 10
72200
 20
19550
 30
0
 40
900
100
AcDbArc
 50
90
 51
180
  0
LINE
  5
2C9
100
AcDbEntity
  8
DOOR
100
AcDbLine
 10
72200
 20
19550
 30
0
 11
71300
 21
19550
 31
0
  0
ARC
  5
2CA
100
AcDbEntity
  8
DOOR
100
AcDbCircle
 10
80200
 20
3550
 30
0
 40
900
100
AcDbArc
 50
90
 51
180
  0
LINE
  5
2CB
100
AcDbEntity
  8
DOOR
100
AcDbLine
 10
80200
 20
3550
 30
0
 11
79300
 21
3550
 31
0
  0
ARC
  5
2CC
100
AcDbEntity
  8
DOOR
100
AcDbCircle
 10
80200
 20
11550
 30
0
 40
900
100
AcDbArc
 50
90
 51
180
  0
LINE
  5
2CD
100
AcDbEntity
  8
DOOR
100
AcDbLine
 10
80200
 20
11550
 30
0
 11
79300
 21
11550
 31
0
  0
ARC
  5
2CE
100
AcDbEntity
  8
DOOR
100
AcDbCircle
 10
80200
 20
19550
 30
0
 40
900
100
AcDbArc
 50
90
 51
180
  0
LINE
  5
2CF
100
AcDbEntity
  8
DOOR
100
AcDbLine
 10
80200
 20
19550
 30
0
 11
79300
 21
19550
 31
0
  0
ARC
  5
2D0
100
AcDbEntity
  8
DOOR
100
AcDbCircle
 10
84200
 20
3550
 30
0
 40
900
100
AcDbArc
 50
90
 51
180
  0
LINE
  5
2D1
100
AcDbEntity
  8
DOOR
100
AcDbLine
 10
84200
 20
3550
 30
0
 11
83300
 21
3550
 31
0
  0
ARC
  5
2D2
100
AcDbEntity
  8
DOOR
100
AcDbCircle
 10
84200
 20
11550
 30
0
 40
900
100
AcDbArc
 50
90
 51
180
  0
LINE
  5
2D3
100
AcDbEntity
  8
DOOR
100
AcDbLine
 10
84200
 20
11550
 30
0
 11
83300
 21
11550
 31
0
  0
ARC
  5
2D4
100
AcDbEntity
  8
DOOR
100
AcDbCircle
 10
84200
 20
19550
 30
0
 40
900
100
AcDbArc
 50
90
 51
180
  0
LINE
  5
2D5
100
AcDbEntity
  8
DOOR
100
AcDbLine
 10
84200
 20
19550
 30
0
 11
83300
 21
19550
 31
0
  0
ARC
  5
2D6
100
AcDbEntity
  8
DOOR
100
AcDbCircle
 10
69750
 20
8000
 30
0
 40
900
100
AcDbArc
 50
0
 51
90
  0
LINE
  5
2D7
100
AcDbEntity
  8
DOOR
100
AcDbLine
 10
69750
 20
8000
 30
0
 11
69750
 21
8900
 31
0
  0
ARC
  5
2D8
100
AcDbEntity
  8
DOOR
100
AcDbCircle
 10
73750
 20
8000
 30
0
 40
900
100
AcDbArc
 50
0
 51
90
  0
LINE
  5
2D9
100
AcDbEntity
  8
DOOR
100
AcDbLine
 10
73750
 20
8000
 30
0
 11
73750
 21
8900
 31
0
  0
ARC
  5
2DA
100
AcDbEntity
  8
DOOR
100
AcDbCircle
 10
77750
 20
8000
 30
0
 40
900
100
AcDbArc
 50
0
 51
90
  0
LINE
  5
2DB
100
AcDbEntity
  8
DOOR
100
AcDbLine
 10
77750
 20
8000
 30
0
 11
77750
 21
8900
 31
0
  0
ARC
  5
2DC
100
AcDbEntity
  8
DOOR
100
AcDbCircle
 10
81750
 20
8000
 30
0
 40
900
100
AcDbArc
 50
0
 51
90
  0
LINE
  5
2DD
100
AcDbEntity
  8
DOOR
100
AcDbLine
 10
81750
 20
8000
 30
0
 11
81750
 21
8900
 31
0
  0
ARC
  5
2DE
100
AcDbEntity
  8
DOOR
100
AcDbCircle
 10
65750
 20
16000
 30
0
 40
900
100
AcDbArc
 50
0
 51
90
  0
LINE
  5
2DF
100
AcDbEntity
  8
DOOR
100
AcDbLine
 10
65750
 20
16000
 30
0
 11
65750
 21
16900
 31
0
  0
ARC
  5
2E0
100
AcDbEntity
  8
DOOR
100
AcDbCircle
 10
69750
 20
16000
 30
0
 40
900
100
AcDbArc
 50
0
 51
90
  0
LINE
  5
2E1
100
AcDbEntity
  8
DOOR
100
AcDbLine
 10
69750
 20
16000
 30
0
 11
69750
 21
16900
 31
0
  0
ARC
  5
2E2
100
AcDbEntity
  8
DOOR
100
AcDbCircle
 10
73750
 20
16000
 30
0
 40
900
100
AcDbArc
 50
0
 51
90
  0
LINE
  5
2E3
100
AcDbEntity
  8
DOOR
100
AcDbLine
 10
73750
 20
16000
 30
0
 11
73750
 21
16900
 31
0
  0
ARC
  5
2E4
100
AcDbEntity
  8
DOOR
100
AcDbCircle
 10
77750
 20
16000
 30
0
 40
900
100
AcDbArc
 50
0
 51
90
  0
LINE
  5
2E5
100
AcDbEntity
  8
DOOR
100
AcDbLine
 10
77750
 20
16000
 30
0
 11
77750
 21
16900
 31
0
  0
ARC
  5
2E6
100
AcDbEntity
  8
DOOR
100
AcDbCircle
 10
81750
 20
16000
 30
0
 40
900
100
AcDbArc
 50
0
 51
90
  0
LINE
  5
2E7
100
AcDbEntity
  8
DOOR
100
AcDbLine
 10
81750
 20
16000
 30
0
 11
81750
 21
16900
 31
0
  0
ARC
  5
2E8
100
AcDbEntity
  8
DOOR
100
AcDbCircle
 10
85750
 20
16000
 30
0
 40
900
100
AcDbArc
 50
0
 51
90
  0
LINE
  5
2E9
100
AcDbEntity
  8
DOOR
100
AcDbLine
 10
85750
 20
16000
 30
0
 11
85750
 21
16900
 31
0
  0
LINE
  5
2EA
100
AcDbEntity
  8
WALL
100
AcDbLine
370
50
 10
64087.5000
 20
0
 30
0
 11
64087.5000
 21
3400
 31
0
  0
LINE
  5
2EB
100
AcDbEntity
  8
WALL
100
AcDbLine
370
50
 10
64312.5000
 20
3400
 30
0
 11
64312.5000
 21
0
 31
0
  0
LINE
  5
2EC
100
AcDbEntity
  8
WALL
100
AcDbLine
370
50
 10
64087.5000
 20
4600
 30
0
 11
64087.5000
 21
8000
 31
0
  0
LINE
  5
2ED
100
AcDbEntity
  8
WALL
100
AcDbLine
370
50
 10
64312.5000
 20
8000
 30
0
 11
64312.5000
 21
4600
 31
0
  0
LINE
  5
2EE
100
AcDbEntity
  8
WALL
100
AcDbLine
370
50
 10
64087.5000
 20
3400
 30
0
 11
64312.5000
 21
3400
 31
0
  0
LINE
  5
2EF
100
AcDbEntity
  8
WALL
100
AcDbLine
370
50
 10
64087.5000
 20
4600
 30
0
 11
64312.5000
 21
4600
 31
0
  0
LINE
  5
2F0
100
AcDbEntity
  8
WALL
100
AcDbLine
370
50
 10
64087.5000
 20
8000
 30
0
 11
64087.5000
 21
11400
 31
0
  0
LINE
  5
2F1
100
AcDbEntity
  8
WALL
100
AcDbLine
370
50
 10
64312.5000
 20
11400
 30
0
 11
64312.5000
 21
8000
 31
0
  0
LINE
  5
2F2
100
AcDbEntity
  8
WALL
100
AcDbLine
370
50
 10
64087.5000
 20
12600
 30
0
 11
64087.5000
 21
16000
 31
0
  0
LINE
  5
2F3
100
AcDbEntity
  8
WALL
100
AcDbLine
370
50
 10
64312.5000
 20
16000
 30
0
 11
64312.5000
 21
12600
 31
0
  0
LINE
  5
2F4
100
AcDbEntity
  8
WALL
100
AcDbLine
370
50
 10
64087.5000
 20
11400
 30
0
 11
64312.5000
 21
11400
 31
0
  0
LINE
  5
2F5
100
AcDbEntity
  8
WALL
100
AcDbLine
370
50
 10
64087.5000
 20
12600
 30
0
 11
64312.5000
 21
12600
 31
0
  0
LINE
  5
2F6
100
AcDbEntity
  8
WALL
100
AcDbLine
370
50
 10
64087.5000
 20
16000
 30
0
 11
64087.5000
 21
19400
 31
0
  0
LINE
  5
2F7
100
AcDbEntity
  8
WALL
100
AcDbLine
370
50
 10
64312.5000
 20
19400
 30
0
 11
64312.5000
 21
16000
 31
0
  0
LINE
  5
2F8
100
AcDbEntity
  8
WALL
100
AcDbLine
370
50
 10
64087.5000
 20
20600
 30
0
 11
64087.5000
 21
24000
 31
0
  0
LINE
  5
2F9
100
AcDbEntity
  8
WALL
100
AcDbLine
370
50
 10
64312.5000
 20
24000
 30
0
 11
64312.5000
 21
20600
 31
0
  0
LINE
  5
2FA
100
AcDbEntity
  8
WALL
100
AcDbLine
370
50
 10
64087.5000
 20
19400
 30
0
 11
64312.5000
 21
19400
 31
0
  0
LINE
  5
2FB
100
AcDbEntity
  8
WALL
100
AcDbLine
370
50
 10
64087.5000
 20
20600
 30
0
 11
64312.5000
 21
20600
 31
0
  0
LINE
  5
2FC
100
AcDbEntity
  8
WALL
100
AcDbLine
370
50
 10
88087.5000
 20
0
 30
0
 11
88087.5000
 21
3400
 31
0
  0
LINE
  5
2FD
100
AcDbEntity
  8
WALL
100
AcDbLine
370
50
 10
88312.5000
 20
3400
 30
0
 11
88312.5000
 21
0
 31
0
  0
LINE
  5
2FE
100
AcDbEntity
  8
WALL
100
AcDbLine
370
50
 10
88087.5000
 20
4600
 30
0
 11
88087.5000
 21
8000
 31
0
  0
LINE
  5
2FF
100
AcDbEntity
  8
WALL
100
AcDbLine
370
50
 10
88312.5000
 20
8000
 30
0
 11
88312.5000
 21
4600
 31
0
  0
LINE
  5
300
100
AcDbEntity
  8
WALL
100
AcDbLine
370
50
 10
88087.5000
 20
3400
 30
0
 11
88312.5000
 21
3400
 31
0
  0
LINE
  5
301
100
AcDbEntity
  8
WALL
100
AcDbLine
370
50
 10
88087.5000
 20
4600
 30
0
 11
88312.5000
 21
4600
 31
0
  0
LINE
  5
302
100
AcDbEntity
  8
WALL
100
AcDbLine
370
50
 10
88087.5000
 20
8000
 30
0
 11
88087.5000
 21
11400
 31
0
  0
LINE
  5
303
100
AcDbEntity
  8
WALL
100
AcDbLine
370
50
 10
88312.5000
 20
11400
 30
0
 11
88312.5000
 21
8000
 31
0
  0
LINE
  5
304
100
AcDbEntity
  8
WALL
100
AcDbLine
370
50
 10
88087.5000
 20
12600
 30
0
 11
88087.5000
 21
16000
 31
0
  0
LINE
  5
305
100
AcDbEntity
  8
WALL
100
AcDbLine
370
50
 10
88312.5000
 20
16000
 30
0
 11
88312.5000
 21
12600
 31
0
  0
LINE
  5
306
100
AcDbEntity
  8
WALL
100
AcDbLine
370
50
 10
88087.5000
 20
11400
 30
0
 11
88312.5000
 21
11400
 31
0
  0
LINE
  5
307
100
AcDbEntity
  8
WALL
100
AcDbLine
370
50
 10
88087.5000
 20
12600
 30
0
 11
88312.5000
 21
12600
 31
0
  0
LINE
  5
308
100
AcDbEntity
  8
WALL
100
AcDbLine
370
50
 10
88087.5000
 20
16000
 30
0
 11
88087.5000
 21
19400
 31
0
  0
LINE
  5
309
100
AcDbEntity
  8
WALL
100
AcDbLine
370
50
 10
88312.5000
 20
19400
 30
0
 11
88312.5000
 21
16000
 31
0
  0
LINE
  5
30A
100
AcDbEntity
  8
WALL
100
AcDbLine
370
50
 10
88087.5000
 20
20600
 30
0
 11
88087.5000
 21
24000
 31
0
  0
LINE
  5
30B
100
AcDbEntity
  8
WALL
100
AcDbLine
370
50
 10
88312.5000
 20
24000
 30
0
 11
88312.5000
 21
20600
 31
0
  0
LINE
  5
30C
100
AcDbEntity
  8
WALL
100
AcDbLine
370
50
 10
88087.5000
 20
19400
 30
0
 11
88312.5000
 21
19400
 31
0
  0
LINE
  5
30D
100
AcDbEntity
  8
WALL
100
AcDbLine
370
50
 10
88087.5000
 20
20600
 30
0
 11
88312.5000
 21
20600
 31
0
  0
LINE
  5
30E
100
AcDbEntity
  8
WALL
100
AcDbLine
370
50
 10
64200
 20
-112.5000
 30
0
 11
65600
 21
-112.5000
 31
0
  0
LINE
  5
30F
100
AcDbEntity
  8
WALL
100
AcDbLine
370
50
 10
65600
 20
112.5000
 30
0
 11
64200
 21
112.5000
 31
0
  0
LINE
  5
310
100
AcDbEntity
  8
WALL
100
AcDbLine
370
50
 10
66800
 20
-112.5000
 30
0
 11
68200
 21
-112.5000
 31
0
  0
LINE
  5
311
100
AcDbEntity
  8
WALL
100
AcDbLine
370
50
 10
68200
 20
112.5000
 30
0
 11
66800
 21
112.5000
 31
0
  0
LINE
  5
312
100
AcDbEntity
  8
WALL
100
AcDbLine
370
50
 10
65600
 20
-112.5000
 30
0
 11
65600
 21
112.5000
 31
0
  0
LINE
  5
313
100
AcDbEntity
  8
WALL
100
AcDbLine
370
50
 10
66800
 20
-112.5000
 30
0
 11
66800
 21
112.5000
 31
0
  0
LINE
  5
314
100
AcDbEntity
  8
WALL
100
AcDbLine
370
50
 10
68200
 20
-112.5000
 30
0
 11
69600
 21
-112.5000
 31
0
  0
LINE
  5
315
100
AcDbEntity
  8
WALL
100
AcDbLine
370
50
 10
69600
 20
112.5000
 30
0
 11
68200
 21
112.5000
 31
0
  0
LINE
  5
316
100
AcDbEntity
  8
WALL
100
AcDbLine
370
50
 10
70800
 20
-112.5000
 30
0
 11
72200
 21
-112.5000
 31
0
  0
LINE
  5
317
100
AcDbEntity
  8
WALL
100
AcDbLine
370
50
 10
72200
 20
112.5000
 30
0
 11
70800
 21
112.5000
 31
0
  0
LINE
  5
318
100
AcDbEntity
  8
WALL
100
AcDbLine
370
50
 10
69600
 20
-112.5000
 30
0
 11
69600
 21
112.5000
 31
0
  0
LINE
  5
319
100
AcDbEntity
  8
WALL
100
AcDbLine
370
50
 10
70800
 20
-112.5000
 30
0
 11
70800
 21
112.5000
 31
0
  0
LINE
  5
31A
100
AcDbEntity
  8
WALL
100
AcDbLine
370
50
 10
72200
 20
-112.5000
 30
0
 11
73600
 21
-112.5000
 31
0
  0
LINE
  5
31B
100
AcDbEntity
  8
WALL
100
AcDbLine
370
50
 10
73600
 20
112.5000
 30
0
 11
72200
 21
112.5000
 31
0
  0
LINE
  5
31C
100
AcDbEntity
  8
WALL
100
AcDbLine
370
50
 10
74800
 20
-112.5000
 30
0
 11
76200
 21
-112.5000
 31
0
  0
LINE
  5
31D
100
AcDbEntity
  8
WALL
100
AcDbLine
370
50
 10
76200
 20
112.5000
 30
0
 11
74800
 21
112.5000
 31
0
  0
LINE
  5
31E
100
AcDbEntity
  8
WALL
100
AcDbLine
370
50
 10
73600
 20
-112.5000
 30
0
 11
73600
 21
112.5000
 31
0
  0
LINE
  5
31F
100
AcDbEntity
  8
WALL
100
AcDbLine
370
50
 10
74800
 20
-112.5000
 30
0
 11
74800
 21
112.5000
 31
0
  0
LINE
  5
320
100
AcDbEntity
  8
WALL
100
AcDbLine
370
50
 10
76200
 20
-112.5000
 30
0
 11
77600
 21
-112.5000
 31
0
  0
LINE
  5
321
100
AcDbEntity
  8
WALL
100
AcDbLine
370
50
 10
77600
 20
112.5000
 30
0
 11
76200
 21
112.5000
 31
0
  0
LINE
  5
322
100
AcDbEntity
  8
WALL
100
AcDbLine
370
50
 10
78800
 20
-112.5000
 30
0
 11
80200
 21
-112.5000
 31
0
  0
LINE
  5
323
100
AcDbEntity
  8
WALL
100
AcDbLine
370
50
 10
80200
 20
112.5000
 30
0
 11
78800
 21
112.5000
 31
0
  0
LINE
  5
324
100
AcDbEntity
  8
WALL
100
AcDbLine
370
50
 10
77600
 20
-112.5000
 30
0
 11
77600
 21
112.5000
 31
0
  0
LINE
  5
325
100
AcDbEntity
  8
WALL
100
AcDbLine
370
50
 10
78800
 20
-112.5000
 30
0
 11
78800
 21
112.5000
 31
0
  0
LINE
  5
326
100
AcDbEntity
  8
WALL
100
AcDbLine
370
50
 10
80200
 20
-112.5000
 30
0
 11
81600
 21
-112.5000
 31
0
  0
LINE
  5
327
100
AcDbEntity
  8
WALL
100
AcDbLine
370
50
 10
81600
 20
112.5000
 30
0
 11
80200
 21
112.5000
 31
0
  0
LINE
  5
328
100
AcDbEntity
  8
WALL
100
AcDbLine
370
50
 10
82800
 20
-112.5000
 30
0
 11
84200
 21
-112.5000
 31
0
  0
LINE
  5
329
100
AcDbEntity
  8
WALL
100
AcDbLine
370
50
 10
84200
 20
112.5000
 30
0
 11
82800
 21
112.5000
 31
0
  0
LINE
  5
32A
100
AcDbEntity
  8
WALL
100
AcDbLine
370
50
 10
81600
 20
-112.5000
 30
0
 11
81600
 21
112.5000
 31
0
  0
LINE
  5
32B
100
AcDbEntity
  8
WALL
100
AcDbLine
370
50
 10
82800
 20
-112.5000
 30
0
 11
82800
 21
112.5000
 31
0
  0
LINE
  5
32C
100
AcDbEntity
  8
WALL
100
AcDbLine
370
50
 10
84200
 20
-112.5000
 30
0
 11
85600
 21
-112.5000
 31
0
  0
LINE
  5
32D
100
AcDbEntity
  8
WALL
100
AcDbLine
370
50
 10
85600
 20
112.5000
 30
0
 11
84200
 21
112.5000
 31
0
  0
LINE
  5
32E
100
AcDbEntity
  8
WALL
100
AcDbLine
370
50
 10
86800
 20
-112.5000
 30
0
 11
88200
 21
-112.5000
 31
0
  0
LINE
  5
32F
100
AcDbEntity
  8
WALL
100
AcDbLine
370
50
 10
88200
 20
112.5000
 30
0
 11
86800
 21
112.5000
 31
0
  0
LINE
  5
330
100
AcDbEntity
  8
WALL
100
AcDbLine
370
50
 10
85600
 20
-112.5000
 30
0
 11
85600
 21
112.5000
 31
0
  0
LINE
  5
331
100
AcDbEntity
  8
WALL
100
AcDbLine
370
50
 10
86800
 20
-112.5000
 30
0
 11
86800
 21
112.5000
 31
0
  0
LINE
  5
332
100
AcDbEntity
  8
WALL
100
AcDbLine
370
50
 10
64200
 20
23887.5000
 30
0
 11
65600
 21
23887.5000
 31
0
  0
LINE
  5
333
100
AcDbEntity
  8
WALL
100
AcDbLine
370
50
 10
65600
 20
24112.5000
 30
0
 11
64200
 21
24112.5000
 31
0
  0
LINE
  5
334
100
AcDbEntity
  8
WALL
100
AcDbLine
370
50
 10
66800
 20
23887.5000
 30
0
 11
68200
 21
23887.5000
 31
0
  0
LINE
  5
335
100
AcDbEntity
  8
WALL
100
AcDbLine
370
50
 10
68200
 20
24112.5000
 30
0
 11
66800
 21
24112.5000
 31
0
  0
LINE
  5
336
100
AcDbEntity
  8
WALL
100
AcDbLine
370
50
 10
65600
 20
23887.5000
 30
0
 11
65600
 21
24112.5000
 31
0
  0
LINE
  5
337
100
AcDbEntity
  8
WALL
100
AcDbLine
370
50
 10
66800
 20
23887.5000
 30
0
 11
66800
 21
24112.5000
 31
0
  0
LINE
  5
338
100
AcDbEntity
  8
WALL
100
AcDbLine
370
50
 10
68200
 20
23887.5000
 30
0
 11
69600
 21
23887.5000
 31
0
  0
LINE
  5
339
100
AcDbEntity
  8
WALL
100
AcDbLine
370
50
 10
69600
 20
24112.5000
 30
0
 11
68200
 21
24112.5000
 31
0
  0
LINE
  5
33A
100
AcDbEntity
  8
WALL
100
AcDbLine
370
50
 10
70800
 20
23887.5000
 30
0
 11
72200
 21
23887.5000
 31
0
  0
LINE
  5
33B
100
AcDbEntity
  8
WALL
100
AcDbLine
370
50
 10
72200
 20
24112.5000
 30
0
 11
70800
 21
24112.5000
 31
0
  0
LINE
  5
33C
100
AcDbEntity
  8
WALL
100
AcDbLine
370
50
 10
69600
 20
23887.5000
 30
0
 11
69600
 21
24112.5000
 31
0
  0
LINE
  5
33D
100
AcDbEntity
  8
WALL
100
AcDbLine
370
50
 10
70800
 20
23887.5000
 30
0
 11
70800
 21
24112.5000
 31
0
  0
LINE
  5
33E
100
AcDbEntity
  8
WALL
100
AcDbLine
370
50
 10
72200
 20
23887.5000
 30
0
 11
73600
 21
23887.5000
 31
0
  0
LINE
  5
33F
100
AcDbEntity
  8
WALL
100
AcDbLine
370
50
 10
73600
 20
24112.5000
 30
0
 11
72200
 21
24112.5000
 31
0
  0
LINE
  5
340
100
AcDbEntity
  8
WALL
100
AcDbLine
370
50
 10
74800
 20
23887.5000
 30
0
 11
76200
 21
23887.5000
 31
0
  0
LINE
  5
341
100
AcDbEntity
  8
WALL
100
AcDbLine
370
50
 10
76200
 20
24112.5000
 30
0
 11
74800
 21
24112.5000
 31
0
  0
LINE
  5
342
100
AcDbEntity
  8
WALL
100
AcDbLine
370
50
 10
73600
 20
23887.5000
 30
0
 11
73600
 21
24112.5000
 31
0
  0
LINE
  5
343
100
AcDbEntity
  8
WALL
100
AcDbLine
370
50
 10
74800
 20
23887.5000
 30
0
 11
74800
 21
24112.5000
 31
0
  0
LINE
  5
344
100
AcDbEntity
  8
WALL
100
AcDbLine
370
50
 10
76200
 20
23887.5000
 30
0
 11
77600
 21
23887.5000
 31
0
  0
LINE
  5
345
100
AcDbEntity
  8
WALL
100
AcDbLine
370
50
 10
77600
 20
24112.5000
 30
0
 11
76200
 21
24112.5000
 31
0
  0
LINE
  5
346
100
AcDbEntity
  8
WALL
100
AcDbLine
370
50
 10
78800
 20
23887.5000
 30
0
 11
80200
 21
23887.5000
 31
0
  0
LINE
  5
347
100
AcDbEntity
  8
WALL
100
AcDbLine
370
50
 10
80200
 20
24112.5000
 30
0
 11
78800
 21
24112.5000
 31
0
  0
LINE
  5
348
100
AcDbEntity
  8
WALL
100
AcDbLine
370
50
 10
77600
 20
23887.5000
 30
0
 11
77600
 21
24112.5000
 31
0
  0
LINE
  5
349
100
AcDbEntity
  8
WALL
100
AcDbLine
370
50
 10
78800
 20
23887.5000
 30
0
 11
78800
 21
24112.5000
 31
0
  0
LINE
  5
34A
100
AcDbEntity
  8
WALL
100
AcDbLine
370
50
 10
80200
 20
23887.5000
 30
0
 11
81600
 21
23887.5000
 31
0
  0
LINE
  5
34B
100
AcDbEntity
  8
WALL
100
AcDbLine
370
50
 10
81600
 20
24112.5000
 30
0
 11
80200
 21
24112.5000
 31
0
  0
LINE
  5
34C
100
AcDbEntity
  8
WALL
100
AcDbLine
370
50
 10
82800
 20
23887.5000
 30
0
 11
84200
 21
23887.5000
 31
0
  0
LINE
  5
34D
100
AcDbEntity
  8
WALL
100
AcDbLine
370
50
 10
84200
 20
24112.5000
 30
0
 11
82800
 21
24112.5000
 31
0
  0
LINE
  5
34E
100
AcDbEntity
  8
WALL
100
AcDbLine
370
50
 10
81600
 20
23887.5000
 30
0
 11
81600
 21
24112.5000
 31
0
  0
LINE
  5
34F
100
AcDbEntity
  8
WALL
100
AcDbLine
370
50
 10
82800
 20
23887.5000
 30
0
 11
82800
 21
24112.5000
 31
0
  0
LINE
  5
350
100
AcDbEntity
  8
WALL
100
AcDbLine
370
50
 10
84200
 20
23887.5000
 30
0
 11
85600
 21
23887.5000
 31
0
  0
LINE
  5
351
100
AcDbEntity
  8
WALL
100
AcDbLine
370
50
 10
85600
 20
24112.5000
 30
0
 11
84200
 21
24112.5000
 31
0
  0
LINE
  5
352
100
AcDbEntity
  8
WALL
100
AcDbLine
370
50
 10
86800
 20
23887.5000
 30
0
 11
88200
 21
23887.5000
 31
0
  0
LINE
  5
353
100
AcDbEntity
  8
WALL
100
AcDbLine
370
50
 10
88200
 20
24112.5000
 30
0
 11
86800
 21
24112.5000
 31
0
  0
LINE
  5
354
100
AcDbEntity
  8
WALL
100
AcDbLine
370
50
 10
85600
 20
23887.5000
 30
0
 11
85600
 21
24112.5000
 31
0
  0
LINE
  5
355
100
AcDbEntity
  8
WALL
100
AcDbLine
370
50
 10
86800
 20
23887.5000
 30
0
 11
86800
 21
24112.5000
 31
0
  0
LINE
  5
356
100
AcDbEntity
  8
WALL
100
AcDbLine
370
50
 10
68125
 20
0
 30
0
 11
68125
 21
3550
 31
0
  0
LINE
  5
357
100
AcDbEntity
  8
WALL
100
AcDbLine
370
50
 10
68275
 20
3550
 30
0
 11
68275
 21
0
 31
0
  0
LINE
  5
358
100
AcDbEntity
  8
WALL
100
AcDbLine
370
50
 10
68125
 20
4450
 30
0
 11
68125
 21
8000
 31
0
  0
LINE
  5
359
100
AcDbEntity
  8
WALL
100
AcDbLine
370
50
 10
68275
 20
8000
 30
0
 11
68275
 21
4450
 31
0
  0
LINE
  5
35A
100
AcDbEntity
  8
WALL
100
AcDbLine
370
50
 10
68125
 20
3550
 30
0
 11
68275
 21
3550
 31
0
  0
LINE
  5
35B
100
AcDbEntity
  8
WALL
100
AcDbLine
370
50
 10
68125
 20
4450
 30
0
 11
68275
 21
4450
 31
0
  0
LINE
  5
35C
100
AcDbEntity
  8
WALL
100
AcDbLine
370
50
 10
68125
 20
8000
 30
0
 11
68125
 21
11550
 31
0
  0
LINE
  5
35D
100
AcDbEntity
  8
WALL
100
AcDbLine
370
50
 10
68275
 20
11550
 30
0
 11
68275
 21
8000
 31
0
  0
LINE
  5
35E
100
AcDbEntity
  8
WALL
100
AcDbLine
370
50
 10
68125
 20
12450
 30
0
 11
68125
 21
16000
 31
0
  0
LINE
  5
35F
100
AcDbEntity
  8
WALL
100
AcDbLine
370
50
 10
68275
 20
16000
 30
0
 11
68275
 21
12450
 31
0
  0
LINE
  5
360
100
AcDbEntity
  8
WALL
100
AcDbLine
370
50
 10
68125
 20
11550
 30
0
 11
68275
 21
11550
 31
0
  0
LINE
  5
361
100
AcDbEntity
  8
WALL
100
AcDbLine
370
50
 10
68125
 20
12450
 30
0
 11
68275
 21
12450
 31
0
  0
LINE
  5
362
100
AcDbEntity
  8
WALL
100
AcDbLine
370
50
 10
68125
 20
16000
 30
0
 11
68125
 21
19550
 31
0
  0
LINE
  5
363
100
AcDbEntity
  8
WALL
100
AcDbLine
370
50
 10
68275
 20
19550
 30
0
 11
68275
 21
16000
 31
0
  0
LINE
  5
364
100
AcDbEntity
  8
WALL
100
AcDbLine
370
50
 10
68125
 20
20450
 30
0
 11
68125
 21
24000
 31
0
  0
LINE
  5
365
100
AcDbEntity
  8
WALL
100
AcDbLine
370
50
 10
68275
 20
24000
 30
0
 11
68275
 21
20450
 31
0
  0
LINE
  5
366
100
AcDbEntity
  8
WALL
100
AcDbLine
370
50
 10
68125
 20
19550
 30
0
 11
68275
 21
19550
 31
0
  0
LINE
  5
367
100
AcDbEntity
  8
WALL
100
AcDbLine
370
50
 10
68125
 20
20450
 30
0
 11
68275
 21
20450
 31
0
  0
LINE
  5
368
100
AcDbEntity
  8
WALL
100
AcDbLine
370
50
 10
72125
 20
0
 30
0
 11
72125
 21
3550
 31
0
  0
LINE
  5
369
100
AcDbEntity
  8
WALL
100
AcDbLine
370
50
 10
72275
 20
3550
 30
0
 11
72275
 21
0
 31
0
  0
LINE
  5
36A
100
AcDbEntity
  8
WALL
100
AcDbLine
370
50
 10
72125
 20
4450
 30
0
 11
72125
 21
8000
 31
0
  0
LINE
  5
36B
100
AcDbEntity
  8
WALL
100
AcDbLine
370
50
 10
72275
 20
8000
 30
0
 11
72275
 21
4450
 31
0
  0
LINE
  5
36C
100
AcDbEntity
  8
WALL
100
AcDbLine
370
50
 10
72125
 20
3550
 30
0
 11
72275
 21
3550
 31
0
  0
LINE
  5
36D
100
AcDbEntity
  8
WALL
100
AcDbLine
370
50
 10
72125
 20
4450
 30
0
 11
72275
 21
4450
 31
0
  0
LINE
  5
36E
100
AcDbEntity
  8
WALL
100
AcDbLine
370
50
 10
72125
 20
8000
 30
0
 11
72125
 21
11550
 31
0
  0
LINE
  5
36F
100
AcDbEntity
  8
WALL
100
AcDbLine
370
50
 10
72275
 20
11550
 30
0
 11
72275
 21
8000
 31
0
  0
LINE
  5
370
100
AcDbEntity
  8
WALL
100
AcDbLine
370
50
 10
72125
 20
12450
 30
0
 11
72125
 21
16000
 31
0
  0
LINE
  5
371
100
AcDbEntity
  8
WALL
100
AcDbLine
370
50
 10
72275
 20
16000
 30
0
 11
72275
 21
12450
 31
0
  0
LINE
  5
372
100
AcDbEntity
  8
WALL
100
AcDbLine
370
50
 10
72125
 20
11550
 30
0
 11
72275
 21
11550
 31
0
  0
LINE
  5
373
100
AcDbEntity
  8
WALL
100
AcDbLine
370
50
 10
72125
 20
12450
 30
0
 11
72275
 21
12450
 31
0
  0
LINE
  5
374
100
AcDbEntity
  8
WALL
100
AcDbLine
370
50
 10
72125
 20
16000
 30
0
 11
72125
 21
19550
 31
0
  0
LINE
  5
375
100
AcDbEntity
  8
WALL
100
AcDbLine
370
50
 10
72275
 20
19550
 30
0
 11
72275
 21
16000
 31
0
  0
LINE
  5
376
100
AcDbEntity
  8
WALL
100
AcDbLine
370
50
 10
72125
 20
20450
 30
0
 11
72125
 21
24000
 31
0
  0
LINE
  5
377
100
AcDbEntity
  8
WALL
100
AcDbLine
370
50
 10
72275
 20
24000
 30
0
 11
72275
 21
20450
 31
0
  0
LINE
  5
378
100
AcDbEntity
  8
WALL
100
AcDbLine
370
50
 10
72125
 20
19550
 30
0
 11
72275
 21
19550
 31
0
  0
LINE
  5
379
100
AcDbEntity
  8
WALL
100
AcDbLine
370
50
 10
72125
 20
20450
 30
0
 11
72275
 21
20450
 31
0
  0
LINE
  5
37A
100
AcDbEntity
  8
WALL
100
AcDbLine
370
50
 10
76125
 20
0
 30
0
 11
76125
 21
8000
 31
0
  0
LINE
  5
37B
100
AcDbEntity
  8
WALL
100
AcDbLine
370
50
 10
76275
 20
8000
 30
0
 11
76275
 21
0
 31
0
  0
LINE
  5
37C
100
AcDbEntity
  8
WALL
100
AcDbLine
370
50
 10
76125
 20
8000
 30
0
 11
76125
 21
16000
 31
0
  0
LINE
  5
37D
100
AcDbEntity
  8
WALL
100
AcDbLine
370
50
 10
76275
 20
16000
 30
0
 11
76275
 21
8000
 31
0
  0
LINE
  5
37E
100
AcDbEntity
  8
WALL
100
AcDbLine
370
50
 10
76125
 20
16000
 30
0
 11
76125
 21
24000
 31
0
  0
LINE
  5
37F
100
AcDbEntity
  8
WALL
100
AcDbLine
370
50
 10
76275
 20
24000
 30
0
 11
76275
 21
16000
 31
0
  0
LINE
  5
380
100
AcDbEntity
  8
WALL
100
AcDbLine
370
50
 10
80125
 20
0
 30
0
 11
80125
 21
3550
 31
0
  0
LINE
  5
381
100
AcDbEntity
  8
WALL
100
AcDbLine
370
50
 10
80275
 20
3550
 30
0
 11
80275
 21
0
 31
0
  0
LINE
  5
382
100
AcDbEntity
  8
WALL
100
AcDbLine
370
50
 10
80125
 20
4450
 30
0
 11
80125
 21
8000
 31
0
  0
LINE
  5
383
100
AcDbEntity
  8
WALL
100
AcDbLine
370
50
 10
80275
 20
8000
 30
0
 11
80275
 21
4450
 31
0
  0
LINE
  5
384
100
AcDbEntity
  8
WALL
100
AcDbLine
370
50
 10
80125
 20
3550
 30
0
 11
80275
 21
3550
 31
0
  0
LINE
  5
385
100
AcDbEntity
  8
WALL
100
AcDbLine
370
50
 10
80125
 20
4450
 30
0
 11
80275
 21
4450
 31
0
  0
LINE
  5
386
100
AcDbEntity
  8
WALL
100
AcDbLine
370
50
 10
80125
 20
8000
 30
0
 11
80125
 21
11550
 31
0
  0
LINE
  5
387
100
AcDbEntity
  8
WALL
100
AcDbLine
370
50
 10
80275
 20
11550
 30
0
 11
80275
 21
8000
 31
0
  0
LINE
  5
388
100
AcDbEntity
  8
WALL
100
AcDbLine
370
50
 10
80125
 20
12450
 30
0
 11
80125
 21
16000
 31
0
  0
LINE
  5
389
100
AcDbEntity
  8
WALL
100
AcDbLine
370
50
 10
80275
 20
16000
 30
0
 11
80275
 21
12450
 31
0
  0
LINE
  5
38A
100
AcDbEntity
  8
WALL
100
AcDbLine
370
50
 10
80125
 20
11550
 30
0
 11
80275
 21
11550
 31
0
  0
LINE
  5
38B
100
AcDbEntity
  8
WALL
100
AcDbLine
370
50
 10
80125
 20
12450
 30
0
 11
80275
 21
12450
 31
0
  0
LINE
  5
38C
100
AcDbEntity
  8
WALL
100
AcDbLine
370
50
 10
80125
 20
16000
 30
0
 11
80125
 21
19550
 31
0
  0
LINE
  5
38D
100
AcDbEntity
  8
WALL
100
AcDbLine
370
50
 10
80275
 20
19550
 30
0
 11
80275
 21
16000
 31
0
  0
LINE
  5
38E
100
AcDbEntity
  8
WALL
100
AcDbLine
370
50
 10
80125
 20
20450
 30
0
 11
80125
 21
24000
 31
0
  0
LINE
  5
38F
100
AcDbEntity
  8
WALL
100
AcDbLine
370
50
 10
80275
 20
24000
 30
0
 11
80275
 21
20450
 31
0
  0
LINE
  5
390
100
AcDbEntity
  8
WALL
100
AcDbLine
370
50
 10
80125
 20
19550
 30
0
 11
80275
 21
19550
 31
0
  0
LINE
  5
391
100
AcDbEntity
  8
WALL
100
AcDbLine
370
50
 10
80125
 20
20450
 30
0
 11
80275
 21
20450
 31
0
  0
LINE
  5
392
100
AcDbEntity
  8
WALL
100
AcDbLine
370
50
 10
84125
 20
0
 30
0
 11
84125
 21
3550
 31
0
  0
LINE
  5
393
100
AcDbEntity
  8
WALL
100
AcDbLine
370
50
 10
84275
 20
3550
 30
0
 11
84275
 21
0
 31
0
  0
LINE
  5
394
100
AcDbEntity
  8
WALL
100
AcDbLine
370
50
 10
84125
 20
4450
 30
0
 11
84125
 21
8000
 31
0
  0
LINE
  5
395
100
AcDbEntity
  8
WALL
100
AcDbLine
370
50
 10
84275
 20
8000
 30
0
 11
84275
 21
4450
 31
0
  0
LINE
  5
396
100
AcDbEntity
  8
WALL
100
AcDbLine
370
50
 10
84125
 20
3550
 30
0
 11
84275
 21
3550
 31
0
  0
LINE
  5
397
100
AcDbEntity
  8
WALL
100
AcDbLine
370
50
 10
84125
 20
4450
 30
0
 11
84275
 21
4450
 31
0
  0
LINE
  5
398
100
AcDbEntity
  8
WALL
100
AcDbLine
370
50
 10
84125
 20
8000
 30
0
 11
84125
 21
11550
 31
0
  0
LINE
  5
399
100
AcDbEntity
  8
WALL
100
AcDbLine
370
50
 10
84275
 20
11550
 30
0
 11
84275
 21
8000
 31
0
  0
LINE
  5
39A
100
AcDbEntity
  8
WALL
100
AcDbLine
370
50
 10
84125
 20
12450
 30
0
 11
84125
 21
16000
 31
0
  0
LINE
  5
39B
100
AcDbEntity
  8
WALL
100
AcDbLine
370
50
 10
84275
 20
16000
 30
0
 11
84275
 21
12450
 31
0
  0
LINE
  5
39C
100
AcDbEntity
  8
WALL
100
AcDbLine
370
50
 10
84125
 20
11550
 30
0
 11
84275
 21
11550
 31
0
  0
LINE
  5
39D
100
AcDbEntity
  8
WALL
100
AcDbLine
370
50
 10
84125
 20
12450
 30
0
 11
84275
 21
12450
 31
0
  0
LINE
  5
39E
100
AcDbEntity
  8
WALL
100
AcDbLine
370
50
 10
84125
 20
16000
 30
0
 11
84125
 21
19550
 31
0
  0
LINE
  5
39F
100
AcDbEntity
  8
WALL
100
AcDbLine
370
50
 10
84275
 20
19550
 30
0
 11
84275
 21
16000
 31
0
  0
LINE
  5
3A0
100
AcDbEntity
  8
WALL
100
AcDbLine
370
50
 10
84125
 20
20450
 30
0
 11
84125
 21
24000
 31
0
  0
LINE
  5
3A1
100
AcDbEntity
  8
WALL
100
AcDbLine
370
50
 10
84275
 20
24000
 30
0
 11
84275
 21
20450
 31
0
  0
LINE
  5
3A2
100
AcDbEntity
  8
WALL
100
AcDbLine
370
50
 10
84125
 20
19550
 30
0
 11
84275
 21
19550
 31
0
  0
LINE
  5
3A3
100
AcDbEntity
  8
WALL
100
AcDbLine
370
50
 10
84125
 20
20450
 30
0
 11
84275
 21
20450
 31
0
  0
LINE
  5
3A4
100
AcDbEntity
  8
WALL
100
AcDbLine
370
50
 10
64200
 20
7925
 30
0
 11
68200
 21
7925
 31
0
  0
LINE
  5
3A5
100
AcDbEntity
  8
WALL
100
AcDbLine
370
50
 10
68200
 20
8075
 30
0
 11
64200
 21
8075
 31
0
  0
LINE
  5
3A6
100
AcDbEntity
  8
WALL
100
AcDbLine
370
50
 10
68200
 20
7925
 30
0
 11
69750
 21
7925
 31
0
  0
LINE
  5
3A7
100
AcDbEntity
  8
WALL
100
AcDbLine
370
50
 10
69750
 20
8075
 30
0
 11
68200
 21
8075
 31
0
  0
LINE
  5
3A8
100
AcDbEntity
  8
WALL
100
AcDbLine
370
50
 10
70650
 20
7925
 30
0
 11
72200
 21
7925
 31
0
  0
LINE
  5
3A9
100
AcDbEntity
  8
WALL
100
AcDbLine
370
50
 10
72200
 20
8075
 30
0
 11
70650
 21
8075
 31
0
  0
LINE
  5
3AA
100
AcDbEntity
  8
WALL
100
AcDbLine
370
50
 10
69750
 20
7925
 30
0
 11
69750
 21
8075
 31
0
  0
LINE
  5
3AB
100
AcDbEntity
  8
WALL
100
AcDbLine
370
50
 10
70650
 20
7925
 30
0
 11
70650
 21
8075
 31
0
  0
LINE
  5
3AC
100
AcDbEntity
  8
WALL
100
AcDbLine
370
50
 10
72200
 20
7925
 30
0
 11
73750
 21
7925
 31
0
  0
LINE
  5
3AD
100
AcDbEntity
  8
WALL
100
AcDbLine
370
50
 10
73750
 20
8075
 30
0
 11
72200
 21
8075
 31
0
  0
LINE
  5
3AE
100
AcDbEntity
  8
WALL
100
AcDbLine
370
50
 10
74650
 20
7925
 30
0
 11
76200
 21
7925
 31
0
  0
LINE
  5
3AF
100
AcDbEntity
  8
WALL
100
AcDbLine
370
50
 10
76200
 20
8075
 30
0
 11
74650
 21
8075
 31
0
  0
LINE
  5
3B0
100
AcDbEntity
  8
WALL
100
AcDbLine
370
50
 10
73750
 20
7925
 30
0
 11
73750
 21
8075
 31
0
  0
LINE
  5
3B1
100
AcDbEntity
  8
WALL
100
AcDbLine
370
50
 10
74650
 20
7925
 30
0
 11
74650
 21
8075
 31
0
  0
LINE
  5
3B2
100
AcDbEntity
  8
WALL
100
AcDbLine
370
50
 10
76200
 20
7925
 30
0
 11
77750
 21
7925
 31
0
  0
LINE
  5
3B3
100
AcDbEntity
  8
WALL
100
AcDbLine
370
50
 10
77750
 20
8075
 30
0
 11
76200
 21
8075
 31
0
  0
LINE
  5
3B4
100
AcDbEntity
  8
WALL
100
AcDbLine
370
50
 10
78650
 20
7925
 30
0
 11
80200
 21
7925
 31
0
  0
LINE
  5
3B5
100
AcDbEntity
  8
WALL
100
AcDbLine
370
50
 10
80200
 20
8075
 30
0
 11
78650
 21
8075
 31
0
  0
LINE
  5
3B6
100
AcDbEntity
  8
WALL
100
AcDbLine
370
50
 10
77750
 20
7925
 30
0
 11
77750
 21
8075
 31
0
  0
LINE
  5
3B7
100
AcDbEntity
  8
WALL
100
AcDbLine
370
50
 10
78650
 20
7925
 30
0
 11
78650
 21
8075
 31
0
  0
LINE
  5
3B8
100
AcDbEntity
  8
WALL
100
AcDbLine
370
50
 10
80200
 20
7925
 30
0
 11
81750
 21
7925
 31
0
  0
LINE
  5
3B9
100
AcDbEntity
  8
WALL
100
AcDbLine
370
50
 10
81750
 20
8075
 30
0
 11
80200
 21
8075
 31
0
  0
LINE
  5
3BA
100
AcDbEntity
  8
WALL
100
AcDbLine
370
50
 10
82650
 20
7925
 30
0
 11
84200
 21
7925
 31
0
  0
LINE
  5
3BB
100
AcDbEntity
  8
WALL
100
AcDbLine
370
50
 10
84200
 20
8075
 30
0
 11
82650
 21
8075
 31
0
  0
LINE
  5
3BC
100
AcDbEntity
  8
WALL
100
AcDbLine
370
50
 10
81750
 20
7925
 30
0
 11
81750
 21
8075
 31
0
  0
LINE
  5
3BD
100
AcDbEntity
  8
WALL
100
AcDbLine
370
50
 10
82650
 20
7925
 30
0
 11
82650
 21
8075
 31
0
  0
LINE
  5
3BE
100
AcDbEntity
  8
WALL
100
AcDbLine
370
50
 10
84200
 20
7925
 30
0
 11
88200
 21
7925
 31
0
  0
LINE
  5
3BF
100
AcDbEntity
  8
WALL
100
AcDbLine
370
50
 10
88200
 20
8075
 30
0
 11
84200
 21
8075
 31
0
  0
LINE
  5
3C0
100
AcDbEntity
  8
WALL
100
AcDbLine
370
50
 10
64200
 20
15925
 30
0
 11
65750
 21
15925
 31
0
  0
LINE
  5
3C1
100
AcDbEntity
  8
WALL
100
AcDbLine
370
50
 10
65750
 20
16075
 30
0
 11
64200
 21
16075
 31
0
  0
LINE
  5
3C2
100
AcDbEntity
  8
WALL
100
AcDbLine
370
50
 10
66650
 20
15925
 30
0
 11
68200
 21
15925
 31
0
  0
LINE
  5
3C3
100
AcDbEntity
  8
WALL
100
AcDbLine
370
50
 10
68200
 20
16075
 30
0
 11
66650
 21
16075
 31
0
  0
LINE
  5
3C4
100
AcDbEntity
  8
WALL
100
AcDbLine
370
50
 10
65750
 20
15925
 30
0
 11
65750
 21
16075
 31
0
  0
LINE
  5
3C5
100
AcDbEntity
  8
WALL
100
AcDbLine
370
50
 10
66650
 20
15925
 30
0
 11
66650
 21
16075
 31
0
  0
LINE
  5
3C6
100
AcDbEntity
  8
WALL
100
AcDbLine
370
50
 10
68200
 20
15925
 30
0
 11
69750
 21
15925
 31
0
  0
LINE
  5
3C7
100
AcDbEntity
  8
WALL
100
AcDbLine
370
50
 10
69750
 20
16075
 30
0
 11
68200
 21
16075
 31
0
  0
LINE
  5
3C8
100
AcDbEntity
  8
WALL
100
AcDbLine
370
50
 10
70650
 20
15925
 30
0
 11
72200
 21
15925
 31
0
  0
LINE
  5
3C9
100
AcDbEntity
  8
WALL
100
AcDbLine
370
50
 10
72200
 20
16075
 30
0
 11
70650
 21
16075
 31
0
  0
LINE
  5
3CA
100
AcDbEntity
  8
WALL
100
AcDbLine
370
50
 10
69750
 20
15925
 30
0
 11
69750
 21
16075
 31
0
  0
LINE
  5
3CB
100
AcDbEntity
  8
WALL
100
AcDbLine
370
50
 10
70650
 20
15925
 30
0
 11
70650
 21
16075
 31
0
  0
LINE
  5
3CC
100
AcDbEntity
  8
WALL
100
AcDbLine
370
50
 10
72200
 20
15925
 30
0
 11
73750
 21
15925
 31
0
  0
LINE
  5
3CD
100
AcDbEntity
  8
WALL
100
AcDbLine
370
50
 10
73750
 20
16075
 30
0
 11
72200
 21
16075
 31
0
  0
LINE
  5
3CE
100
AcDbEntity
  8
WALL
100
AcDbLine
370
50
 10
74650
 20
15925
 30
0
 11
76200
 21
15925
 31
0
  0
LINE
  5
3CF
100
AcDbEntity
  8
WALL
100
AcDbLine
370
50
 10
76200
 20
16075
 30
0
 11
74650
 21
16075
 31
0
  0
LINE
  5
3D0
100
AcDbEntity
  8
WALL
100
AcDbLine
370
50
 10
73750
 20
15925
 30
0
 11
73750
 21
16075
 31
0
  0
LINE
  5
3D1
100
AcDbEntity
  8
WALL
100
AcDbLine
370
50
 10
74650
 20
15925
 30
0
 11
74650
 21
16075
 31
0
  0
LINE
  5
3D2
100
AcDbEntity
  8
WALL
100
AcDbLine
370
50
 10
76200
 20
15925
 30
0
 11
77750
 21
15925
 31
0
  0
LINE
  5
3D3
100
AcDbEntity
  8
WALL
100
AcDbLine
370
50
 10
77750
 20
16075
 30
0
 11
76200
 21
16075
 31
0
  0
LINE
  5
3D4
100
AcDbEntity
  8
WALL
100
AcDbLine
370
50
 10
78650
 20
15925
 30
0
 11
80200
 21
15925
 31
0
  0
LINE
  5
3D5
100
AcDbEntity
  8
WALL
100
AcDbLine
370
50
 10
80200
 20
16075
 30
0
 11
78650
 21
16075
 31
0
  0
LINE
  5
3D6
100
AcDbEntity
  8
WALL
100
AcDbLine
370
50
 10
77750
 20
15925
 30
0
 11
77750
 21
16075
 31
0
  0
LINE
  5
3D7
100
AcDbEntity
  8
WALL
100
AcDbLine
370
50
 10
78650
 20
15925
 30
0
 11
78650
 21
16075
 31
0
  0
LINE
  5
3D8
100
AcDbEntity
  8
WALL
100
AcDbLine
370
50
 10
80200
 20
15925
 30
0
 11
81750
 21
15925
 31
0
  0
LINE
  5
3D9
100
AcDbEntity
  8
WALL
100
AcDbLine
370
50
 10
81750
 20
16075
 30
0
 11
80200
 21
16075
 31
0
  0
LINE
  5
3DA
100
AcDbEntity
  8
WALL
100
AcDbLine
370
50
 10
82650
 20
15925
 30
0
 11
84200
 21
15925
 31
0
  0
LINE
  5
3DB
100
AcDbEntity
  8
WALL
100
AcDbLine
370
50
 10
84200
 20
16075
 30
0
 11
82650
 21
16075
 31
0
  0
LINE
  5
3DC
100
AcDbEntity
  8
WALL
100
AcDbLine
370
50
 10
81750
 20
15925
 30
0
 11
81750
 21
16075
 31
0
  0
LINE
  5
3DD
100
AcDbEntity
  8
WALL
100
AcDbLine
370
50
 10
82650
 20
15925
 30
0
 11
82650
 21
16075
 31
0
  0
LINE
  5
3DE
100
AcDbEntity
  8
WALL
100
AcDbLine
370
50
 10
84200
 20
15925
 30
0
 11
85750
 21
15925
 31
0
  0
LINE
  5
3DF
100
AcDbEntity
  8
WALL
100
AcDbLine
370
50
 10
85750
 20
16075
 30
0
 11
84200
 21
16075
 31
0
  0
LINE
  5
3E0
100
AcDbEntity
  8
WALL
100
AcDbLine
370
50
 10
86650
 20
15925
 30
0
 11
88200
 21
15925
 31
0
  0
LINE
  5
3E1
100
AcDbEntity
  8
WALL
100
AcDbLine
370
50
 10
88200
 20
16075
 30
0
 11
86650
 21
16075
 31
0
  0
LINE
  5
3E2
100
AcDbEntity
  8
WALL
100
AcDbLine
370
50
 10
85750
 20
15925
 30
0
 11
85750
 21
16075
 31
0
  0
LINE
  5
3E3
100
AcDbEntity
  8
WALL
100
AcDbLine
370
50
 10
86650
 20
15925
 30
0
 11
86650
 21
16075
 31
0
  0
LWPOLYLINE
  5
3E4
100
AcDbEntity
  8
COLUMN
100
AcDbPolyline
 90
4
 70
1
 10
64085
 20
-115
 10
64315
 20
-115
 10
64315
 20
115
 10
64085
 20
115
  0
LWPOLYLINE
  5
3E5
100
AcDbEntity
  8
COLUMN
100
AcDbPolyline
 90
4
 70
1
 10
64085
 20
7885
 10
64315
 20
7885
 10
64315
 20
8115
 10
64085
 20
8115
  0
LWPOLYLINE
  5
3E6
100
AcDbEntity
  8
COLUMN
100
AcDbPolyline
 90
4
 70
1
 10
64085
 20
15885
 10
64315
 20
15885
 10
64315
 20
16115
 10
64085
 20
16115
  0
LWPOLYLINE
  5
3E7
100
AcDbEntity
  8
COLUMN
100
AcDbPolyline
 90
4
 70
1
 10
64085
 20
23885
 10
64315
 20
23885
 10
64315
 20
24115
 10
64085
 20
24115
  0
LWPOLYLINE
  5
3E8
100
AcDbEntity
  8
COLUMN
100
AcDbPolyline
 90
4
 70
1
 10
68085
 20
-115
 10
68315
 20
-115
 10
68315
 20
115
 10
68085
 20
115
  0
LWPOLYLINE
  5
3E9
100
AcDbEntity
  8
COLUMN
100
AcDbPolyline
 90
4
 70
1
 10
68085
 20
7885
 10
68315
 20
7885
 10
68315
 20
8115
 10
68085
 20
8115
  0
LWPOLYLINE
  5
3EA
100
AcDbEntity
  8
COLUMN
100
AcDbPolyline
 90
4
 70
1
 10
68085
 20
15885
 10
68315
 20
15885
 10
68315
 20
16115
 10
68085
 20
16115
  0
LWPOLYLINE
  5
3EB
100
AcDbEntity
  8
COLUMN
100
AcDbPolyline
 90
4
 70
1
 10
68085
 20
23885
 10
68315
 20
23885
 10
68315
 20
24115
 10
68085
 20
24115
  0
LWPOLYLINE
  5
3EC
100
AcDbEntity
  8
COLUMN
100
AcDbPolyline
 90
4
 70
1
 10
72085
 20
-115
 10
72315
 20
-115
 10
72315
 20
115
 10
72085
 20
115
  0
LWPOLYLINE
  5
3ED
100
AcDbEntity
  8
COLUMN
100
AcDbPolyline
 90
4
 70
1
 10
72085
 20
7885
 10
72315
 20
7885
 10
72315
 20
8115
 10
72085
 20
8115
  0
LWPOLYLINE
  5
3EE
100
AcDbEntity
  8
COLUMN
100
AcDbPolyline
 90
4
 70
1
 10
72085
 20
15885
 10
72315
 20
15885
 10
72315
 20
16115
 10
72085
 20
16115
  0
LWPOLYLINE
  5
3EF
100
AcDbEntity
  8
COLUMN
100
AcDbPolyline
 90
4
 70
1
 10
72085
 20
23885
 10
72315
 20
23885
 10
72315
 20
24115
 10
72085
 20
24115
  0
LWPOLYLINE
  5
3F0
100
AcDbEntity
  8
COLUMN
100
AcDbPolyline
 90
4
 70
1
 10
76085
 20
-115
 10
76315
 20
-115
 10
76315
 20
115
 10
76085
 20
115
  0
LWPOLYLINE
  5
3F1
100
AcDbEntity
  8
COLUMN
100
AcDbPolyline
 90
4
 70
1
 10
76085
 20
7885
 10
76315
 20
7885
 10
76315
 20
8115
 10
76085
 20
8115
  0
LWPOLYLINE
  5
3F2
100
AcDbEntity
  8
COLUMN
100
AcDbPolyline
 90
4
 70
1
 10
76085
 20
15885
 10
76315
 20
15885
 10
76315
 20
16115
 10
76085
 20
16115
  0
LWPOLYLINE
  5
3F3
100
AcDbEntity
  8
COLUMN
100
AcDbPolyline
 90
4
 70
1
 10
76085
 20
23885
 10
76315
 20
23885
 10
76315
 20
24115
 10
76085
 20
24115
  0
LWPOLYLINE
  5
3F4
100
AcDbEntity
  8
COLUMN
100
AcDbPolyline
 90
4
 70
1
 10
80085
 20
-115
 10
80315
 20
-115
 10
80315
 20
115
 10
80085
 20
115
  0
LWPOLYLINE
  5
3F5
100
AcDbEntity
  8
COLUMN
100
AcDbPolyline
 90
4
 70
1
 10
80085
 20
7885
 10
80315
 20
7885
 10
80315
 20
8115
 10
80085
 20
8115
  0
LWPOLYLINE
  5
3F6
100
AcDbEntity
  8
COLUMN
100
AcDbPolyline
 90
4
 70
1
 10
80085
 20
15885
 10
80315
 20
15885
 10
80315
 20
16115
 10
80085
 20
16115
  0
LWPOLYLINE
  5
3F7
100
AcDbEntity
  8
COLUMN
100
AcDbPolyline
 90
4
 70
1
 10
80085
 20
23885
 10
80315
 20
23885
 10
80315
 20
24115
 10
80085
 20
24115
  0
LWPOLYLINE
  5
3F8
100
AcDbEntity
  8
COLUMN
100
AcDbPolyline
 90
4
 70
1
 10
84085
 20
-115
 10
84315
 20
-115
 10
84315
 20
115
 10
84085
 20
115
  0
LWPOLYLINE
  5
3F9
100
AcDbEntity
  8
COLUMN
100
AcDbPolyline
 90
4
 70
1
 10
84085
 20
7885
 10
84315
 20
7885
 10
84315
 20
8115
 10
84085
 20
8115
  0
LWPOLYLINE
  5
3FA
100
AcDbEntity
  8
COLUMN
100
AcDbPolyline
 90
4
 70
1
 10
84085
 20
15885
 10
84315
 20
15885
 10
84315
 20
16115
 10
84085
 20
16115
  0
LWPOLYLINE
  5
3FB
100
AcDbEntity
  8
COLUMN
100
AcDbPolyline
 90
4
 70
1
 10
84085
 20
23885
 10
84315
 20
23885
 10
84315
 20
24115
 10
84085
 20
24115
  0
LWPOLYLINE
  5
3FC
100
AcDbEntity
  8
COLUMN
100
AcDbPolyline
 90
4
 70
1
 10
88085
 20
-115
 10
88315
 20
-115
 10
88315
 20
115
 10
88085
 20
115
  0
LWPOLYLINE
  5
3FD
100
AcDbEntity
  8
COLUMN
100
AcDbPolyline
 90
4
 70
1
 10
88085
 20
7885
 10
88315
 20
7885
 10
88315
 20
8115
 10
88085
 20
8115
  0
LWPOLYLINE
  5
3FE
100
AcDbEntity
  8
COLUMN
100
AcDbPolyline
 90
4
 70
1
 10
88085
 20
15885
 10
88315
 20
15885
 10
88315
 20
16115
 10
88085
 20
16115
  0
LWPOLYLINE
  5
3FF
100
AcDbEntity
  8
COLUMN
100
AcDbPolyline
 90
4
 70
1
 10
88085
 20
23885
 10
88315
 20
23885
 10
88315
 20
24115
 10
88085
 20
24115
  0
TEXT
  5
400
100
AcDbEntity
  8
TEXT
100
AcDbText
 10
65718.7500
 20
4018.7500
 30
0
 40
250
  1
LOUNGE
100
AcDbText
  0
TEXT
  5
401
100
AcDbEntity
  8
TEXT
100
AcDbText
 10
69700
 20
4018.7500
 30
0
 40
250
  1
DINING
100
AcDbText
  0
TEXT
  5
402
100
AcDbEntity
  8
TEXT
100
AcDbText
 10
73700
 20
4018.7500
 30
0
 40
250
  1
KITCHEN
100
AcDbText
  0
TEXT
  5
403
100
AcDbEntity
  8
TEXT
100
AcDbText
 10
77700
 20
4018.7500
 30
0
 40
250
  1
KITCHEN
100
AcDbText
  0
TEXT
  5
404
100
AcDbEntity
  8
TEXT
100
AcDbText
 10
81700
 20
4018.7500
 30
0
 40
250
  1
DINING
100
AcDbText
  0
TEXT
  5
405
100
AcDbEntity
  8
TEXT
100
AcDbText
 10
85681.2500
 20
4018.7500
 30
0
 40
250
  1
LOUNGE
100
AcDbText
  0
TEXT
  5
406
100
AcDbEntity
  8
TEXT
100
AcDbText
 10
65718.7500
 20
12000
 30
0
 40
250
  1
STORE
100
AcDbText
  0
TEXT
  5
407
100
AcDbEntity
  8
TEXT
100
AcDbText
 10
69700
 20
12000
 30
0
 40
250
  1
STAIR HALL
100
AcDbText
  0
TEXT
  5
408
100
AcDbEntity
  8
TEXT
100
AcDbText
 10
73700
 20
12000
 30
0
 40
250
  1
DRESSING
100
AcDbText
  0
LWPOLYLINE
  5
409
100
AcDbEntity
  8
SANITARY
100
AcDbPolyline
 90
4
 70
1
 10
72675
 20
15025
 10
73075
 20
15025
 10
73075
 20
15625
 10
72675
 20
15625
  0
TEXT
  5
40A
100
AcDbEntity
  8
TEXT
100
AcDbText
 10
77700
 20
12000
 30
0
 40
250
  1
DRESSING
100
AcDbText
  0
LWPOLYLINE
  5
40B
100
AcDbEntity
  8
SANITARY
100
AcDbPolyline
 90
4
 70
1
 10
76675
 20
15025
 10
77075
 20
15025
 10
77075
 20
15625
 10
76675
 20
15625
  0
TEXT
  5
40C
100
AcDbEntity
  8
TEXT
100
AcDbText
 10
81700
 20
12000
 30
0
 40
250
  1
STAIR HALL
100
AcDbText
  0
TEXT
  5
40D
100
AcDbEntity
  8
TEXT
100
AcDbText
 10
85681.2500
 20
12000
 30
0
 40
250
  1
STORE
100
AcDbText
  0
TEXT
  5
40E
100
AcDbEntity
  8
TEXT
100
AcDbText
 10
65718.7500
 20
19981.2500
 30
0
 40
250
  1
BEDROOM
100
AcDbText
  0
TEXT
  5
40F
100
AcDbEntity
  8
TEXT
100
AcDbText
 10
69700
 20
19981.2500
 30
0
 40
250
  1
BEDROOM
100
AcDbText
  0
TEXT
  5
410
100
AcDbEntity
  8
TEXT
100
AcDbText
 10
73700
 20
19981.2500
 30
0
 40
250
  1
MASTER BEDROOM
100
AcDbText
  0
TEXT
  5
411
100
AcDbEntity
  8
TEXT
100
AcDbText
 10
77700
 20
19981.2500
 30
0
 40
250
  1
MASTER BEDROOM
100
AcDbText
  0
TEXT
  5
412
100
AcDbEntity
  8
TEXT
100
AcDbText
 10
81700
 20
19981.2500
 30
0
 40
250
  1
BEDROOM
100
AcDbText
  0
TEXT
  5
413
100
AcDbEntity
  8
TEXT
100
AcDbText
 10
85681.2500
 20
19981.2500
 30
0
 40
250
  1
BEDROOM
100
AcDbText
  0
DIMENSION
  5
414
100
AcDbEntity
  8
DIM
100
AcDbDimension
  2
*D
 10
64200
 20
-1800
 30
0
 11
76200
 21
-1550
 31
0
 70
33
  1

 42
24000
100
AcDbAlignedDimension
 13
64200
 23
0
 33
0
 14
88200
 24
0
 34
0
  0
DIMENSION
  5
415
100
AcDbEntity
  8
DIM
100
AcDbDimension
  2
*D
 10
62400
 20
0
 30
0
 11
62650
 21
12000
 31
0
 70
33
  1

 42
24000
100
AcDbAlignedDimension
 13
64200
 23
0
 33
0
 14
64200
 24
24000
 34
0
  0
DIMENSION
  5
416
100
AcDbEntity
  8
DIM
100
AcDbDimension
  2
*D
 10
64200
 20
25200
 30
0
 11
66200
 21
25450
 31
0
 70
33
  1

 42
4000
100
AcDbAlignedDimension
 13
64200
 23
24000
 33
0
 14
68200
 24
24000
 34
0
  0
DIMENSION
  5
417
100
AcDbEntity
  8
DIM
100
AcDbDimension
  2
*D
 10
68200
 20
25200
 30
0
 11
70200
 21
25450
 31
0
 70
33
  1

 42
4000
100
AcDbAlignedDimension
 13
68200
 23
24000
 33
0
 14
72200
 24
24000
 34
0
  0
DIMENSION
  5
418
100
AcDbEntity
  8
DIM
100
AcDbDimension
  2
*D
 10
72200
 20
25200
 30
0
 11
74200
 21
25450
 31
0
 70
33
  1

 42
4000
100
AcDbAlignedDimension
 13
72200
 23
24000
 33
0
 14
76200
 24
24000
 34
0
  0
DIMENSION
  5
419
100
AcDbEntity
  8
DIM
100
AcDbDimension
  2
*D
 10
76200
 20
25200
 30
0
 11
78200
 21
25450
 31
0
 70
33
  1

 42
4000
100
AcDbAlignedDimension
 13
76200
 23
24000
 33
0
 14
80200
 24
24000
 34
0
  0
DIMENSION
  5
41A
100
AcDbEntity
  8
DIM
100
AcDbDimension
  2
*D
 10
80200
 20
25200
 30
0
 11
82200
 21
25450
 31
0
 70
33
  1

 42
4000
100
AcDbAlignedDimension
 13
80200
 23
24000
 33
0
 14
84200
 24
24000
 34
0
  0
DIMENSION
  5
41B
100
AcDbEntity
  8
DIM
100
AcDbDimension
  2
*D
 10
84200
 20
25200
 30
0
 11
86200
 21
25450
 31
0
 70
33
  1

 42
4000
100
AcDbAlignedDimension
 13
84200
 23
24000
 33
0
 14
88200
 24
24000
 34
0
  0
DIMENSION
  5
41C
100
AcDbEntity
  8
DIM
100
AcDbDimension
  2
*D
 10
89400
 20
0
 30
0
 11
89650
 21
4000
 31
0
 70
33
  1

 42
8000
100
AcDbAlignedDimension
 13
88200
 23
0
 33
0
 14
88200
 24
8000
 34
0
  0
DIMENSION
  5
41D
100
AcDbEntity
  8
DIM
100
AcDbDimension
  2
*D
 10
89400
 20
8000
 30
0
 11
89650
 21
12000
 31
0
 70
33
  1

 42
8000
100
AcDbAlignedDimension
 13
88200
 23
8000
 33
0
 14
88200
 24
16000
 34
0
  0
DIMENSION
  5
41E
100
AcDbEntity
  8
DIM
100
AcDbDimension
  2
*D
 10
89400
 20
16000
 30
0
 11
89650
 21
20000
 31
0
 70
33
  1

 42
8000
100
AcDbAlignedDimension
 13
88200
 23
16000
 33
0
 14
88200
 24
24000
 34
0
  0
TEXT
  5
41F
100
AcDbEntity
  8
TEXT
100
AcDbText
 10
64200
 20
-3200
 30
0
 40
450
  1
FIRST FLOOR PLAN
100
AcDbText
  0
TEXT
  5
420
100
AcDbEntity
  8
TEXT
100
AcDbText
 10
90800
 20
12000
 30
0
 40
300
  1
+3450
100
AcDbText
  0
TEXT
  5
421
100
AcDbEntity
  8
TEXT
100
AcDbText
 10
64200
 20
-4200
 30
0
 40
250
  1
EACH FLAT OCCUPIES 271 SQUARE METRES ONLY.
100
AcDbText
  0
LINE
  5
422
100
AcDbEntity
  8
0
100
AcDbLine
 10
59400
 20
-12200
 30
0
 11
112800
 21
-12200
 31
0
  0
LINE
  5
423
100
AcDbEntity
  8
0
100
AcDbLine
 10
112800
 20
-12200
 30
0
 11
112800
 21
29200
 31
0
  0
LINE
  5
424
100
AcDbEntity
  8
0
100
AcDbLine
 10
112800
 20
29200
 30
0
 11
59400
 21
29200
 31
0
  0
LINE
  5
425
100
AcDbEntity
  8
0
100
AcDbLine
 10
59400
 20
29200
 30
0
 11
59400
 21
-12200
 31
0
  0
INSERT
  5
426
100
AcDbEntity
  8
0
100
AcDbBlockReference
  2
TITLEBLOCK-A1
 10
94800
 20
-12200
 30
0
 41
1
 42
1
 43
1
 50
0
  0
TEXT
  5
427
100
AcDbEntity
  8
0
100
AcDbText
 10
107100
 20
-8400
 30
0
 40
300
  1
DRAWING: FIRST FLOOR PLAN
100
AcDbText
  0
TEXT
  5
428
100
AcDbEntity
  8
0
100
AcDbText
 10
107100
 20
-9300
 30
0
 40
300
  1
DRG NO A-102
100
AcDbText
  0
LINE
  5
429
100
AcDbEntity
  8
0
100
AcDbLine
 10
61400
 20
-10200
 30
0
 11
71400
 21
-10200
 31
0
  0
LINE
  5
42A
100
AcDbEntity
  8
0
100
AcDbLine
 10
61400
 20
-9900
 30
0
 11
71400
 21
-9900
 31
0
  0
LINE
  5
42B
100
AcDbEntity
  8
0
100
AcDbLine
 10
61400
 20
-10200
 30
0
 11
61400
 21
-9900
 31
0
  0
LINE
  5
42C
100
AcDbEntity
  8
0
100
AcDbLine
 10
62400
 20
-10200
 30
0
 11
62400
 21
-9900
 31
0
  0
LINE
  5
42D
100
AcDbEntity
  8
0
100
AcDbLine
 10
63400
 20
-10200
 30
0
 11
63400
 21
-9900
 31
0
  0
LINE
  5
42E
100
AcDbEntity
  8
0
100
AcDbLine
 10
64400
 20
-10200
 30
0
 11
64400
 21
-9900
 31
0
  0
LINE
  5
42F
100
AcDbEntity
  8
0
100
AcDbLine
 10
65400
 20
-10200
 30
0
 11
65400
 21
-9900
 31
0
  0
LINE
  5
430
100
AcDbEntity
  8
0
100
AcDbLine
 10
66400
 20
-10200
 30
0
 11
66400
 21
-9900
 31
0
  0
LINE
  5
431
100
AcDbEntity
  8
0
100
AcDbLine
 10
67400
 20
-10200
 30
0
 11
67400
 21
-9900
 31
0
  0
LINE
  5
432
100
AcDbEntity
  8
0
100
AcDbLine
 10
68400
 20
-10200
 30
0
 11
68400
 21
-9900
 31
0
  0
LINE
  5
433
100
AcDbEntity
  8
0
100
AcDbLine
 10
69400
 20
-10200
 30
0
 11
69400
 21
-9900
 31
0
  0
LINE
  5
434
100
AcDbEntity
  8
0
100
AcDbLine
 10
70400
 20
-10200
 30
0
 11
70400
 21
-9900
 31
0
  0
LINE
  5
435
100
AcDbEntity
  8
0
100
AcDbLine
 10
71400
 20
-10200
 30
0
 11
71400
 21
-9900
 31
0
  0
TEXT
  5
436
100
AcDbEntity
  8
0
100
AcDbText
 10
61300
 20
-9700
 30
0
 40
250
  1
0
100
AcDbText
  0
TEXT
  5
437
100
AcDbEntity
  8
0
100
AcDbText
 10
62300
 20
-9700
 30
0
 40
250
  1
1
100
AcDbText
  0
TEXT
  5
438
100
AcDbEntity
  8
0
100
AcDbText
 10
63300
 20
-9700
 30
0
 40
250
  1
2
100
AcDbText
  0
TEXT
  5
439
100
AcDbEntity
  8
0
100
AcDbText
 10
66300
 20
-9700
 30
0
 40
250
  1
5
100
AcDbText
  0
TEXT
  5
43A
100
AcDbEntity
  8
0
100
AcDbText
 10
71300
 20
-9700
 30
0
 40
250
  1
10
100
AcDbText
  0
TEXT
  5
43B
100
AcDbEntity
  8
0
100
AcDbText
 10
72000
 20
-9700
 30
0
 40
250
  1
m
100
AcDbText
  0
TEXT
  5
43C
100
AcDbEntity
  8
0
100
AcDbText
 10
61400
 20
-9200
 30
0
 40
250
  1
SCALE BAR 1:100
100
AcDbText
  0
LWPOLYLINE
  5
43D
100
AcDbEntity
  8
0
100
AcDbPolyline
 90
4
 70
1
 10
109800
 20
25700
 10
110400
 20
27500
 10
109800
 20
27100
 10
109200
 20
27500
  0
TEXT
  5
43E
100
AcDbEntity
  8
0
100
AcDbText
 10
109650
 20
27800
 30
0
 40
400
  1
N
100
AcDbText
  0
TEXT
  5
43F
100
AcDbEntity
  8
0
100
AcDbText
 10
91800
 20
26700
 30
0
 40
250
  1
GENERAL NOTES
100
AcDbText
  0
TEXT
  5
440
100
AcDbEntity
  8
0
100
AcDbText
 10
91800
 20
26100
 30
0
 40
250
  1
1. ALL DIMENSIONS ARE IN MILLIMETRES.
100
AcDbText
  0
TEXT
  5
441
100
AcDbEntity
  8
0
100
AcDbText
 10
91800
 20
25500
 30
0
 40
250
  1
2. SLAB THICKNESS 150 UNLESS NOTED.
100
AcDbText
  0
TEXT
  5
442
100
AcDbEntity
  8
0
100
AcDbText
 10
91800
 20
24900
 30
0
 40
250
  1
3. COLUMNS 230 X 230 TO ENGINEER'S DETAILS.
100
AcDbText
  0
TEXT
  5
443
100
AcDbEntity
  8
0
100
AcDbText
 10
91800
 20
24300
 30
0
 40
250
  1
4. WINDOW SILL LEVEL 900 ABOVE FFL.
100
AcDbText
  0
TEXT
  5
444
100
AcDbEntity
  8
0
100
AcDbText
 10
91800
 20
23700
 30
0
 40
250
  1
5. DOOR HEIGHT 2100 UNLESS NOTED.
100
AcDbText
  0
TEXT
  5
445
100
AcDbEntity
  8
0
100
AcDbText
 10
91800
 20
23100
 30
0
 40
250
  1
6. CONCRETE GRADE 25 COVER 40.
100
AcDbText
  0
TEXT
  5
446
100
AcDbEntity
  8
0
100
AcDbText
 10
91800
 20
22500
 30
0
 40
250
  1
7. LINTEL 225 X 150 OVER ALL OPENINGS.
100
AcDbText
  0
TEXT
  5
447
100
AcDbEntity
  8
0
100
AcDbText
 10
91800
 20
21900
 30
0
 40
250
  1
8. DO NOT SCALE OFF THIS DRAWING.
100
AcDbText
  0
LWPOLYLINE
  5
448
100
AcDbEntity
  8
WIND
100
AcDbPolyline
 90
4
 70
1
 10
123540
 20
3400
 10
123660
 20
3400
 10
123660
 20
4600
 10
123540
 20
4600
  0
LWPOLYLINE
  5
449
100
AcDbEntity
  8
WIND
100
AcDbPolyline
 90
4
 70
1
 10
123540
 20
11400
 10
123660
 20
11400
 10
123660
 20
12600
 10
123540
 20
12600
  0
LWPOLYLINE
  5
44A
100
AcDbEntity
  8
WIND
100
AcDbPolyline
 90
4
 70
1
 10
123540
 20
19400
 10
123660
 20
19400
 10
123660
 20
20600
 10
123540
 20
20600
  0
LWPOLYLINE
  5
44B
100
AcDbEntity
  8
WIND
100
AcDbPolyline
 90
4
 70
1
 10
147540
 20
3400
 10
147660
 20
3400
 10
147660
 20
4600
 10
147540
 20
4600
  0
LWPOLYLINE
  5
44C
100
AcDbEntity
  8
WIND
100
AcDbPolyline
 90
4
 70
1
 10
147540
 20
11400
 10
147660
 20
11400
 10
147660
 20
12600
 10
147540
 20
12600
  0
LWPOLYLINE
  5
44D
100
AcDbEntity
  8
WIND
100
AcDbPolyline
 90
4
 70
1
 10
147540
 20
19400
 10
147660
 20
19400
 10
147660
 20
20600
 10
147540
 20
20600
  0
LWPOLYLINE
  5
44E
100
AcDbEntity
  8
WIND
100
AcDbPolyline
 90
4
 70
1
 10
125000
 20
-60
 10
126200
 20
-60
 10
126200
 20
60
 10
125000
 20
60
  0
LWPOLYLINE
  5
44F
100
AcDbEntity
  8
WIND
100
AcDbPolyline
 90
4
 70
1
 10
129000
 20
-60
 10
130200
 20
-60
 10
130200
 20
60
 10
129000
 20
60
  0
LWPOLYLINE
  5
450
100
AcDbEntity
  8
WIND
100
AcDbPolyline
 90
4
 70
1
 10
133000
 20
-60
 10
134200
 20
-60
 10
134200
 20
60
 10
133000
 20
60
  0
LWPOLYLINE
  5
451
100
AcDbEntity
  8
WIND
100
AcDbPolyline
 90
4
 70
1
 10
137000
 20
-60
 10
138200
 20
-60
 10
138200
 20
60
 10
137000
 20
60
  0
LWPOLYLINE
  5
452
100
AcDbEntity
  8
WIND
100
AcDbPolyline
 90
4
 70
1
 10
141000
 20
-60
 10
142200
 20
-60
 10
142200
 20
60
 10
141000
 20
60
  0
LWPOLYLINE
  5
453
100
AcDbEntity
  8
WIND
100
AcDbPolyline
 90
4
 70
1
 10
145000
 20
-60
 10
146200
 20
-60
 10
146200
 20
60
 10
145000
 20
60
  0
LWPOLYLINE
  5
454
100
AcDbEntity
  8
WIND
100
AcDbPolyline
 90
4
 70
1
 10
125000
 20
23940
 10
126200
 20
23940
 10
126200
 20
24060
 10
125000
 20
24060
  0
LWPOLYLINE
  5
455
100
AcDbEntity
  8
WIND
100
AcDbPolyline
 90
4
 70
1
 10
129000
 20
23940
 10
130200
 20
23940
 10
130200
 20
24060
 10
129000
 20
24060
  0
LWPOLYLINE
  5
456
100
AcDbEntity
  8
WIND
100
AcDbPolyline
 90
4
 70
1
 10
133000
 20
23940
 10
134200
 20
23940
 10
134200
 20
24060
 10
133000
 20
24060
  0
LWPOLYLINE
  5
457
100
AcDbEntity
  8
WIND
100
AcDbPolyline
 90
4
 70
1
 10
137000
 20
23940
 10
138200
 20
23940
 10
138200
 20
24060
 10
137000
 20
24060
  0
LWPOLYLINE
  5
458
100
AcDbEntity
  8
WIND
100
AcDbPolyline
 90
4
 70
1
 10
141000
 20
23940
 10
142200
 20
23940
 10
142200
 20
24060
 10
141000
 20
24060
  0
LWPOLYLINE
  5
459
100
AcDbEntity
  8
WIND
100
AcDbPolyline
 90
4
 70
1
 10
145000
 20
23940
 10
146200
 20
23940
 10
146200
 20
24060
 10
145000
 20
24060
  0
ARC
  5
45A
100
AcDbEntity
  8
DOOR
100
AcDbCircle
 10
127600
 20
3550
 30
0
 40
900
100
AcDbArc
 50
90
 51
180
  0
LINE
  5
45B
100
AcDbEntity
  8
DOOR
100
AcDbLine
 10
127600
 20
3550
 30
0
 11
126700
 21
3550
 31
0
  0
ARC
  5
45C
100
AcDbEntity
  8
DOOR
100
AcDbCircle
 10
127600
 20
11550
 30
0
 40
900
100
AcDbArc
 50
90
 51
180
  0
LINE
  5
45D
100
AcDbEntity
  8
DOOR
100
AcDbLine
 10
127600
 20
11550
 30
0
 11
126700
 21
11550
 31
0
  0
ARC
  5
45E
100
AcDbEntity
  8
DOOR
100
AcDbCircle
 10
127600
 20
19550
 30
0
 40
900
100
AcDbArc
 50
90
 51
180
  0
LINE
  5
45F
100
AcDbEntity
  8
DOOR
100
AcDbLine
 10
127600
 20
19550
 30
0
 11
126700
 21
19550
 31
0
  0
ARC
  5
460
100
AcDbEntity
  8
DOOR
100
AcDbCircle
 10
131600
 20
3550
 30
0
 40
900
100
AcDbArc
 50
90
 51
180
  0
LINE
  5
461
100
AcDbEntity
  8
DOOR
100
AcDbLine
 10
131600
 20
3550
 30
0
 11
130700
 21
3550
 31
0
  0
ARC
  5
462
100
AcDbEntity
  8
DOOR
100
AcDbCircle
 10
131600
 20
11550
 30
0
 40
900
100
AcDbArc
 50
90
 51
180
  0
LINE
  5
463
100
AcDbEntity
  8
DOOR
100
AcDbLine
 10
131600
 20
11550
 30
0
 11
130700
 21
11550
 31
0
  0
ARC
  5
464
100
AcDbEntity
  8
DOOR
100
AcDbCircle
 10
131600
 20
19550
 30
0
 40
900
100
AcDbArc
 50
90
 51
180
  0
LINE
  5
465
100
AcDbEntity
  8
DOOR
100
AcDbLine
 10
131600
 20
19550
 30
0
 11
130700
 21
19550
 31
0
  0
ARC
  5
466
100
AcDbEntity
  8
DOOR
100
AcDbCircle
 10
139600
 20
3550
 30
0
 40
900
100
AcDbArc
 50
90
 51
180
  0
LINE
  5
467
100
AcDbEntity
  8
DOOR
100
AcDbLine
 10
139600
 20
3550
 30
0
 11
138700
 21
3550
 31
0
  0
ARC
  5
468
100
AcDbEntity
  8
DOOR
100
AcDbCircle
 10
139600
 20
11550
 30
0
 40
900
100
AcDbArc
 50
90
 51
180
  0
LINE
  5
469
100
AcDbEntity
  8
DOOR
100
AcDbLine
 10
139600
 20
11550
 30
0
 11
138700
 21
11550
 31
0
  0
ARC
  5
46A
100
AcDbEntity
  8
DOOR
100
AcDbCircle
 10
139600
 20
19550
 30
0
 40
900
100
AcDbArc
 50
90
 51
180
  0
LINE
  5
46B
100
AcDbEntity
  8
DOOR
100
AcDbLine
 10
139600
 20
19550
 30
0
 11
138700
 21
19550
 31
0
  0
ARC
  5
46C
100
AcDbEntity
  8
DOOR
100
AcDbCircle
 10
143600
 20
3550
 30
0
 40
900
100
AcDbArc
 50
90
 51
180
  0
LINE
  5
46D
100
AcDbEntity
  8
DOOR
100
AcDbLine
 10
143600
 20
3550
 30
0
 11
142700
 21
3550
 31
0
  0
ARC
  5
46E
100
AcDbEntity
  8
DOOR
100
AcDbCircle
 10
143600
 20
11550
 30
0
 40
900
100
AcDbArc
 50
90
 51
180
  0
LINE
  5
46F
100
AcDbEntity
  8
DOOR
100
AcDbLine
 10
143600
 20
11550
 30
0
 11
142700
 21
11550
 31
0
  0
ARC
  5
470
100
AcDbEntity
  8
DOOR
100
AcDbCircle
 10
143600
 20
19550
 30
0
 40
900
100
AcDbArc
 50
90
 51
180
  0
LINE
  5
471
100
AcDbEntity
  8
DOOR
100
AcDbLine
 10
143600
 20
19550
 30
0
 11
142700
 21
19550
 31
0
  0
ARC
  5
472
100
AcDbEntity
  8
DOOR
100
AcDbCircle
 10
129150
 20
8000
 30
0
 40
900
100
AcDbArc
 50
0
 51
90
  0
LINE
  5
473
100
AcDbEntity
  8
DOOR
100
AcDbLine
 10
129150
 20
8000
 30
0
 11
129150
 21
8900
 31
0
  0
ARC
  5
474
100
AcDbEntity
  8
DOOR
100
AcDbCircle
 10
133150
 20
8000
 30
0
 40
900
100
AcDbArc
 50
0
 51
90
  0
LINE
  5
475
100
AcDbEntity
  8
DOOR
100
AcDbLine
 10
133150
 20
8000
 30
0
 11
133150
 21
8900
 31
0
  0
ARC
  5
476
100
AcDbEntity
  8
DOOR
100
AcDbCircle
 10
137150
 20
8000
 30
0
 40
900
100
AcDbArc
 50
0
 51
90
  0
LINE
  5
477
100
AcDbEntity
  8
DOOR
100
AcDbLine
 10
137150
 20
8000
 30
0
 11
137150
 21
8900
 31
0
  0
ARC
  5
478
100
AcDbEntity
  8
DOOR
100
AcDbCircle
 10
141150
 20
8000
 30
0
 40
900
100
AcDbArc
 50
0
 51
90
  0
LINE
  5
479
100
AcDbEntity
  8
DOOR
100
AcDbLine
 10
141150
 20
8000
 30
0
 11
141150
 21
8900
 31
0
  0
ARC
  5
47A
100
AcDbEntity
  8
DOOR
100
AcDbCircle
 10
125150
 20
16000
 30
0
 40
900
100
AcDbArc
 50
0
 51
90
  0
LINE
  5
47B
100
AcDbEntity
  8
DOOR
100
AcDbLine
 10
125150
 20
16000
 30
0
 11
125150
 21
16900
 31
0
  0
ARC
  5
47C
100
AcDbEntity
  8
DOOR
100
AcDbCircle
 10
129150
 20
16000
 30
0
 40
900
100
AcDbArc
 50
0
 51
90
  0
LINE
  5
47D
100
AcDbEntity
  8
DOOR
100
AcDbLine
 10
129150
 20
16000
 30
0
 11
129150
 21
16900
 31
0
  0
ARC
  5
47E
100
AcDbEntity
  8
DOOR
100
AcDbCircle
 10
133150
 20
16000
 30
0
 40
900
100
AcDbArc
 50
0
 51
90
  0
LINE
  5
47F
100
AcDbEntity
  8
DOOR
100
AcDbLine
 10
133150
 20
16000
 30
0
 11
133150
 21
16900
 31
0
  0
ARC
  5
480
100
AcDbEntity
  8
DOOR
100
AcDbCircle
 10
137150
 20
16000
 30
0
 40
900
100
AcDbArc
 50
0
 51
90
  0
LINE
  5
481
100
AcDbEntity
  8
DOOR
100
AcDbLine
 10
137150
 20
16000
 30
0
 11
137150
 21
16900
 31
0
  0
ARC
  5
482
100
AcDbEntity
  8
DOOR
100
AcDbCircle
 10
141150
 20
16000
 30
0
 40
900
100
AcDbArc
 50
0
 51
90
  0
LINE
  5
483
100
AcDbEntity
  8
DOOR
100
AcDbLine
 10
141150
 20
16000
 30
0
 11
141150
 21
16900
 31
0
  0
ARC
  5
484
100
AcDbEntity
  8
DOOR
100
AcDbCircle
 10
145150
 20
16000
 30
0
 40
900
100
AcDbArc
 50
0
 51
90
  0
LINE
  5
485
100
AcDbEntity
  8
DOOR
100
AcDbLine
 10
145150
 20
16000
 30
0
 11
145150
 21
16900
 31
0
  0
LINE
  5
486
100
AcDbEntity
  8
WALL
100
AcDbLine
370
50
 10
123487.5000
 20
0
 30
0
 11
123487.5000
 21
3400
 31
0
  0
LINE
  5
487
100
AcDbEntity
  8
WALL
100
AcDbLine
370
50
 10
123712.5000
 20
3400
 30
0
 11
123712.5000
 21
0
 31
0
  0
LINE
  5
488
100
AcDbEntity
  8
WALL
100
AcDbLine
370
50
 10
123487.5000
 20
4600
 30
0
 11
123487.5000
 21
8000
 31
0
  0
LINE
  5
489
100
AcDbEntity
  8
WALL
100
AcDbLine
370
50
 10
123712.5000
 20
8000
 30
0
 11
123712.5000
 21
4600
 31
0
  0
LINE
  5
48A
100
AcDbEntity
  8
WALL
100
AcDbLine
370
50
 10
123487.5000
 20
3400
 30
0
 11
123712.5000
 21
3400
 31
0
  0
LINE
  5
48B
100
AcDbEntity
  8
WALL
100
AcDbLine
370
50
 10
123487.5000
 20
4600
 30
0
 11
123712.5000
 21
4600
 31
0
  0
LINE
  5
48C
100
AcDbEntity
  8
WALL
100
AcDbLine
370
50
 10
123487.5000
 20
8000
 30
0
 11
123487.5000
 21
11400
 31
0
  0
LINE
  5
48D
100
AcDbEntity
  8
WALL
100
AcDbLine
370
50
 10
123712.5000
 20
11400
 30
0
 11
123712.5000
 21
8000
 31
0
  0
LINE
  5
48E
100
AcDbEntity
  8
WALL
100
AcDbLine
370
50
 10
123487.5000
 20
12600
 30
0
 11
123487.5000
 21
16000
 31
0
  0
LINE
  5
48F
100
AcDbEntity
  8
WALL
100
AcDbLine
370
50
 10
123712.5000
 20
16000
 30
0
 11
123712.5000
 21
12600
 31
0
  0
LINE
  5
490
100
AcDbEntity
  8
WALL
100
AcDbLine
370
50
 10
123487.5000
 20
11400
 30
0
 11
123712.5000
 21
11400
 31
0
  0
LINE
  5
491
100
AcDbEntity
  8
WALL
100
AcDbLine
370
50
 10
123487.5000
 20
12600
 30
0
 11
123712.5000
 21
12600
 31
0
  0
LINE
  5
492
100
AcDbEntity
  8
WALL
100
AcDbLine
370
50
 10
123487.5000
 20
16000
 30
0
 11
123487.5000
 21
19400
 31
0
  0
LINE
  5
493
100
AcDbEntity
  8
WALL
100
AcDbLine
370
50
 10
123712.5000
 20
19400
 30
0
 11
123712.5000
 21
16000
 31
0
  0
LINE
  5
494
100
AcDbEntity
  8
WALL
100
AcDbLine
370
50
 10
123487.5000
 20
20600
 30
0
 11
123487.5000
 21
24000
 31
0
  0
LINE
  5
495
100
AcDbEntity
  8
WALL
100
AcDbLine
370
50
 10
123712.5000
 20
24000
 30
0
 11
123712.5000
 21
20600
 31
0
  0
LINE
  5
496
100
AcDbEntity
  8
WALL
100
AcDbLine
370
50
 10
123487.5000
 20
19400
 30
0
 11
123712.5000
 21
19400
 31
0
  0
LINE
  5
497
100
AcDbEntity
  8
WALL
100
AcDbLine
370
50
 10
123487.5000
 20
20600
 30
0
 11
123712.5000
 21
20600
 31
0
  0
LINE
  5
498
100
AcDbEntity
  8
WALL
100
AcDbLine
370
50
 10
147487.5000
 20
0
 30
0
 11
147487.5000
 21
3400
 31
0
  0
LINE
  5
499
100
AcDbEntity
  8
WALL
100
AcDbLine
370
50
 10
147712.5000
 20
3400
 30
0
 11
147712.5000
 21
0
 31
0
  0
LINE
  5
49A
100
AcDbEntity
  8
WALL
100
AcDbLine
370
50
 10
147487.5000
 20
4600
 30
0
 11
147487.5000
 21
8000
 31
0
  0
LINE
  5
49B
100
AcDbEntity
  8
WALL
100
AcDbLine
370
50
 10
147712.5000
 20
8000
 30
0
 11
147712.5000
 21
4600
 31
0
  0
LINE
  5
49C
100
AcDbEntity
  8
WALL
100
AcDbLine
370
50
 10
147487.5000
 20
3400
 30
0
 11
147712.5000
 21
3400
 31
0
  0
LINE
  5
49D
100
AcDbEntity
  8
WALL
100
AcDbLine
370
50
 10
147487.5000
 20
4600
 30
0
 11
147712.5000
 21
4600
 31
0
  0
LINE
  5
49E
100
AcDbEntity
  8
WALL
100
AcDbLine
370
50
 10
147487.5000
 20
8000
 30
0
 11
147487.5000
 21
11400
 31
0
  0
LINE
  5
49F
100
AcDbEntity
  8
WALL
100
AcDbLine
370
50
 10
147712.5000
 20
11400
 30
0
 11
147712.5000
 21
8000
 31
0
  0
LINE
  5
4A0
100
AcDbEntity
  8
WALL
100
AcDbLine
370
50
 10
147487.5000
 20
12600
 30
0
 11
147487.5000
 21
16000
 31
0
  0
LINE
  5
4A1
100
AcDbEntity
  8
WALL
100
AcDbLine
370
50
 10
147712.5000
 20
16000
 30
0
 11
147712.5000
 21
12600
 31
0
  0
LINE
  5
4A2
100
AcDbEntity
  8
WALL
100
AcDbLine
370
50
 10
147487.5000
 20
11400
 30
0
 11
147712.5000
 21
11400
 31
0
  0
LINE
  5
4A3
100
AcDbEntity
  8
WALL
100
AcDbLine
370
50
 10
147487.5000
 20
12600
 30
0
 11
147712.5000
 21
12600
 31
0
  0
LINE
  5
4A4
100
AcDbEntity
  8
WALL
100
AcDbLine
370
50
 10
147487.5000
 20
16000
 30
0
 11
147487.5000
 21
19400
 31
0
  0
LINE
  5
4A5
100
AcDbEntity
  8
WALL
100
AcDbLine
370
50
 10
147712.5000
 20
19400
 30
0
 11
147712.5000
 21
16000
 31
0
  0
LINE
  5
4A6
100
AcDbEntity
  8
WALL
100
AcDbLine
370
50
 10
147487.5000
 20
20600
 30
0
 11
147487.5000
 21
24000
 31
0
  0
LINE
  5
4A7
100
AcDbEntity
  8
WALL
100
AcDbLine
370
50
 10
147712.5000
 20
24000
 30
0
 11
147712.5000
 21
20600
 31
0
  0
LINE
  5
4A8
100
AcDbEntity
  8
WALL
100
AcDbLine
370
50
 10
147487.5000
 20
19400
 30
0
 11
147712.5000
 21
19400
 31
0
  0
LINE
  5
4A9
100
AcDbEntity
  8
WALL
100
AcDbLine
370
50
 10
147487.5000
 20
20600
 30
0
 11
147712.5000
 21
20600
 31
0
  0
LINE
  5
4AA
100
AcDbEntity
  8
WALL
100
AcDbLine
370
50
 10
123600
 20
-112.5000
 30
0
 11
125000
 21
-112.5000
 31
0
  0
LINE
  5
4AB
100
AcDbEntity
  8
WALL
100
AcDbLine
370
50
 10
125000
 20
112.5000
 30
0
 11
123600
 21
112.5000
 31
0
  0
LINE
  5
4AC
100
AcDbEntity
  8
WALL
100
AcDbLine
370
50
 10
126200
 20
-112.5000
 30
0
 11
127600
 21
-112.5000
 31
0
  0
LINE
  5
4AD
100
AcDbEntity
  8
WALL
100
AcDbLine
370
50
 10
127600
 20
112.5000
 30
0
 11
126200
 21
112.5000
 31
0
  0
LINE
  5
4AE
100
AcDbEntity
  8
WALL
100
AcDbLine
370
50
 10
125000
 20
-112.5000
 30
0
 11
125000
 21
112.5000
 31
0
  0
LINE
  5
4AF
100
AcDbEntity
  8
WALL
100
AcDbLine
370
50
 10
126200
 20
-112.5000
 30
0
 11
126200
 21
112.5000
 31
0
  0
LINE
  5
4B0
100
AcDbEntity
  8
WALL
100
AcDbLine
370
50
 10
127600
 20
-112.5000
 30
0
 11
129000
 21
-112.5000
 31
0
  0
LINE
  5
4B1
100
AcDbEntity
  8
WALL
100
AcDbLine
370
50
 10
129000
 20
112.5000
 30
0
 11
127600
 21
112.5000
 31
0
  0
LINE
  5
4B2
100
AcDbEntity
  8
WALL
100
AcDbLine
370
50
 10
130200
 20
-112.5000
 30
0
 11
131600
 21
-112.5000
 31
0
  0
LINE
  5
4B3
100
AcDbEntity
  8
WALL
100
AcDbLine
370
50
 10
131600
 20
112.5000
 30
0
 11
130200
 21
112.5000
 31
0
  0
LINE
  5
4B4
100
AcDbEntity
  8
WALL
100
AcDbLine
370
50
 10
129000
 20
-112.5000
 30
0
 11
129000
 21
112.5000
 31
0
  0
LINE
  5
4B5
100
AcDbEntity
  8
WALL
100
AcDbLine
370
50
 10
130200
 20
-112.5000
 30
0
 11
130200
 21
112.5000
 31
0
  0
LINE
  5
4B6
100
AcDbEntity
  8
WALL
100
AcDbLine
370
50
 10
131600
 20
-112.5000
 30
0
 11
133000
 21
-112.5000
 31
0
  0
LINE
  5
4B7
100
AcDbEntity
  8
WALL
100
AcDbLine
370
50
 10
133000
 20
112.5000
 30
0
 11
131600
 21
112.5000
 31
0
  0
LINE
  5
4B8
100
AcDbEntity
  8
WALL
100
AcDbLine
370
50
 10
134200
 20
-112.5000
 30
0
 11
135600
 21
-112.5000
 31
0
  0
LINE
  5
4B9
100
AcDbEntity
  8
WALL
100
AcDbLine
370
50
 10
135600
 20
112.5000
 30
0
 11
134200
 21
112.5000
 31
0
  0
LINE
  5
4BA
100
AcDbEntity
  8
WALL
100
AcDbLine
370
50
 10
133000
 20
-112.5000
 30
0
 11
133000
 21
112.5000
 31
0
  0
LINE
  5
4BB
100
AcDbEntity
  8
WALL
100
AcDbLine
370
50
 10
134200
 20
-112.5000
 30
0
 11
134200
 21
112.5000
 31
0
  0
LINE
  5
4BC
100
AcDbEntity
  8
WALL
100
AcDbLine
370
50
 10
135600
 20
-112.5000
 30
0
 11
137000
 21
-112.5000
 31
0
  0
LINE
  5
4BD
100
AcDbEntity
  8
WALL
100
AcDbLine
370
50
 10
137000
 20
112.5000
 30
0
 11
135600
 21
112.5000
 31
0
  0
LINE
  5
4BE
100
AcDbEntity
  8
WALL
100
AcDbLine
370
50
 10
138200
 20
-112.5000
 30
0
 11
139600
 21
-112.5000
 31
0
  0
LINE
  5
4BF
100
AcDbEntity
  8
WALL
100
AcDbLine
370
50
 10
139600
 20
112.5000
 30
0
 11
138200
 21
112.5000
 31
0
  0
LINE
  5
4C0
100
AcDbEntity
  8
WALL
100
AcDbLine
370
50
 10
137000
 20
-112.5000
 30
0
 11
137000
 21
112.5000
 31
0
  0
LINE
  5
4C1
100
AcDbEntity
  8
WALL
100
AcDbLine
370
50
 10
138200
 20
-112.5000
 30
0
 11
138200
 21
112.5000
 31
0
  0
LINE
  5
4C2
100
AcDbEntity
  8
WALL
100
AcDbLine
370
50
 10
139600
 20
-112.5000
 30
0
 11
141000
 21
-112.5000
 31
0
  0
LINE
  5
4C3
100
AcDbEntity
  8
WALL
100
AcDbLine
370
50
 10
141000
 20
112.5000
 30
0
 11
139600
 21
112.5000
 31
0
  0
LINE
  5
4C4
100
AcDbEntity
  8
WALL
100
AcDbLine
370
50
 10
142200
 20
-112.5000
 30
0
 11
143600
 21
-112.5000
 31
0
  0
LINE
  5
4C5
100
AcDbEntity
  8
WALL
100
AcDbLine
370
50
 10
143600
 20
112.5000
 30
0
 11
142200
 21
112.5000
 31
0
  0
LINE
  5
4C6
100
AcDbEntity
  8
WALL
100
AcDbLine
370
50
 10
141000
 20
-112.5000
 30
0
 11
141000
 21
112.5000
 31
0
  0
LINE
  5
4C7
100
AcDbEntity
  8
WALL
100
AcDbLine
370
50
 10
142200
 20
-112.5000
 30
0
 11
142200
 21
112.5000
 31
0
  0
LINE
  5
4C8
100
AcDbEntity
  8
WALL
100
AcDbLine
370
50
 10
143600
 20
-112.5000
 30
0
 11
145000
 21
-112.5000
 31
0
  0
LINE
  5
4C9
100
AcDbEntity
  8
WALL
100
AcDbLine
370
50
 10
145000
 20
112.5000
 30
0
 11
143600
 21
112.5000
 31
0
  0
LINE
  5
4CA
100
AcDbEntity
  8
WALL
100
AcDbLine
370
50
 10
146200
 20
-112.5000
 30
0
 11
147600
 21
-112.5000
 31
0
  0
LINE
  5
4CB
100
AcDbEntity
  8
WALL
100
AcDbLine
370
50
 10
147600
 20
112.5000
 30
0
 11
146200
 21
112.5000
 31
0
  0
LINE
  5
4CC
100
AcDbEntity
  8
WALL
100
AcDbLine
370
50
 10
145000
 20
-112.5000
 30
0
 11
145000
 21
112.5000
 31
0
  0
LINE
  5
4CD
100
AcDbEntity
  8
WALL
100
AcDbLine
370
50
 10
146200
 20
-112.5000
 30
0
 11
146200
 21
112.5000
 31
0
  0
LINE
  5
4CE
100
AcDbEntity
  8
WALL
100
AcDbLine
370
50
 10
123600
 20
23887.5000
 30
0
 11
125000
 21
23887.5000
 31
0
  0
LINE
  5
4CF
100
AcDbEntity
  8
WALL
100
AcDbLine
370
50
 10
125000
 20
24112.5000
 30
0
 11
123600
 21
24112.5000
 31
0
  0
LINE
  5
4D0
100
AcDbEntity
  8
WALL
100
AcDbLine
370
50
 10
126200
 20
23887.5000
 30
0
 11
127600
 21
23887.5000
 31
0
  0
LINE
  5
4D1
100
AcDbEntity
  8
WALL
100
AcDbLine
370
50
 10
127600
 20
24112.5000
 30
0
 11
126200
 21
24112.5000
 31
0
  0
LINE
  5
4D2
100
AcDbEntity
  8
WALL
100
AcDbLine
370
50
 10
125000
 20
23887.5000
 30
0
 11
125000
 21
24112.5000
 31
0
  0
LINE
  5
4D3
100
AcDbEntity
  8
WALL
100
AcDbLine
370
50
 10
126200
 20
23887.5000
 30
0
 11
126200
 21
24112.5000
 31
0
  0
LINE
  5
4D4
100
AcDbEntity
  8
WALL
100
AcDbLine
370
50
 10
127600
 20
23887.5000
 30
0
 11
129000
 21
23887.5000
 31
0
  0
LINE
  5
4D5
100
AcDbEntity
  8
WALL
100
AcDbLine
370
50
 10
129000
 20
24112.5000
 30
0
 11
127600
 21
24112.5000
 31
0
  0
LINE
  5
4D6
100
AcDbEntity
  8
WALL
100
AcDbLine
370
50
 10
130200
 20
23887.5000
 30
0
 11
131600
 21
23887.5000
 31
0
  0
LINE
  5
4D7
100
AcDbEntity
  8
WALL
100
AcDbLine
370
50
 10
131600
 20
24112.5000
 30
0
 11
130200
 21
24112.5000
 31
0
  0
LINE
  5
4D8
100
AcDbEntity
  8
WALL
100
AcDbLine
370
50
 10
129000
 20
23887.5000
 30
0
 11
129000
 21
24112.5000
 31
0
  0
LINE
  5
4D9
100
AcDbEntity
  8
WALL
100
AcDbLine
370
50
 10
130200
 20
23887.5000
 30
0
 11
130200
 21
24112.5000
 31
0
  0
LINE
  5
4DA
100
AcDbEntity
  8
WALL
100
AcDbLine
370
50
 10
131600
 20
23887.5000
 30
0
 11
133000
 21
23887.5000
 31
0
  0
LINE
  5
4DB
100
AcDbEntity
  8
WALL
100
AcDbLine
370
50
 10
133000
 20
24112.5000
 30
0
 11
131600
 21
24112.5000
 31
0
  0
LINE
  5
4DC
100
AcDbEntity
  8
WALL
100
AcDbLine
370
50
 10
134200
 20
23887.5000
 30
0
 11
135600
 21
23887.5000
 31
0
  0
LINE
  5
4DD
100
AcDbEntity
  8
WALL
100
AcDbLine
370
50
 10
135600
 20
24112.5000
 30
0
 11
134200
 21
24112.5000
 31
0
  0
LINE
  5
4DE
100
AcDbEntity
  8
WALL
100
AcDbLine
370
50
 10
133000
 20
23887.5000
 30
0
 11
133000
 21
24112.5000
 31
0
  0
LINE
  5
4DF
100
AcDbEntity
  8
WALL
100
AcDbLine
370
50
 10
134200
 20
23887.5000
 30
0
 11
134200
 21
24112.5000
 31
0
  0
LINE
  5
4E0
100
AcDbEntity
  8
WALL
100
AcDbLine
370
50
 10
135600
 20
23887.5000
 30
0
 11
137000
 21
23887.5000
 31
0
  0
LINE
  5
4E1
100
AcDbEntity
  8
WALL
100
AcDbLine
370
50
 10
137000
 20
24112.5000
 30
0
 11
135600
 21
24112.5000
 31
0
  0
LINE
  5
4E2
100
AcDbEntity
  8
WALL
100
AcDbLine
370
50
 10
138200
 20
23887.5000
 30
0
 11
139600
 21
23887.5000
 31
0
  0
LINE
  5
4E3
100
AcDbEntity
  8
WALL
100
AcDbLine
370
50
 10
139600
 20
24112.5000
 30
0
 11
138200
 21
24112.5000
 31
0
  0
LINE
  5
4E4
100
AcDbEntity
  8
WALL
100
AcDbLine
370
50
 10
137000
 20
23887.5000
 30
0
 11
137000
 21
24112.5000
 31
0
  0
LINE
  5
4E5
100
AcDbEntity
  8
WALL
100
AcDbLine
370
50
 10
138200
 20
23887.5000
 30
0
 11
138200
 21
24112.5000
 31
0
  0
LINE
  5
4E6
100
AcDbEntity
  8
WALL
100
AcDbLine
370
50
 10
139600
 20
23887.5000
 30
0
 11
141000
 21
23887.5000
 31
0
  0
LINE
  5
4E7
100
AcDbEntity
  8
WALL
100
AcDbLine
370
50
 10
141000
 20
24112.5000
 30
0
 11
139600
 21
24112.5000
 31
0
  0
LINE
  5
4E8
100
AcDbEntity
  8
WALL
100
AcDbLine
370
50
 10
142200
 20
23887.5000
 30
0
 11
143600
 21
23887.5000
 31
0
  0
LINE
  5
4E9
100
AcDbEntity
  8
WALL
100
AcDbLine
370
50
 10
143600
 20
24112.5000
 30
0
 11
142200
 21
24112.5000
 31
0
  0
LINE
  5
4EA
100
AcDbEntity
  8
WALL
100
AcDbLine
370
50
 10
141000
 20
23887.5000
 30
0
 11
141000
 21
24112.5000
 31
0
  0
LINE
  5
4EB
100
AcDbEntity
  8
WALL
100
AcDbLine
370
50
 10
142200
 20
23887.5000
 30
0
 11
142200
 21
24112.5000
 31
0
  0
LINE
  5
4EC
100
AcDbEntity
  8
WALL
100
AcDbLine
370
50
 10
143600
 20
23887.5000
 30
0
 11
145000
 21
23887.5000
 31
0
  0
LINE
  5
4ED
100
AcDbEntity
  8
WALL
100
AcDbLine
370
50
 10
145000
 20
24112.5000
 30
0
 11
143600
 21
24112.5000
 31
0
  0
LINE
  5
4EE
100
AcDbEntity
  8
WALL
100
AcDbLine
370
50
 10
146200
 20
23887.5000
 30
0
 11
147600
 21
23887.5000
 31
0
  0
LINE
  5
4EF
100
AcDbEntity
  8
WALL
100
AcDbLine
370
50
 10
147600
 20
24112.5000
 30
0
 11
146200
 21
24112.5000
 31
0
  0
LINE
  5
4F0
100
AcDbEntity
  8
WALL
100
AcDbLine
370
50
 10
145000
 20
23887.5000
 30
0
 11
145000
 21
24112.5000
 31
0
  0
LINE
  5
4F1
100
AcDbEntity
  8
WALL
100
AcDbLine
370
50
 10
146200
 20
23887.5000
 30
0
 11
146200
 21
24112.5000
 31
0
  0
LINE
  5
4F2
100
AcDbEntity
  8
WALL
100
AcDbLine
370
50
 10
127525
 20
0
 30
0
 11
127525
 21
3550
 31
0
  0
LINE
  5
4F3
100
AcDbEntity
  8
WALL
100
AcDbLine
370
50
 10
127675
 20
3550
 30
0
 11
127675
 21
0
 31
0
  0
LINE
  5
4F4
100
AcDbEntity
  8
WALL
100
AcDbLine
370
50
 10
127525
 20
4450
 30
0
 11
127525
 21
8000
 31
0
  0
LINE
  5
4F5
100
AcDbEntity
  8
WALL
100
AcDbLine
370
50
 10
127675
 20
8000
 30
0
 11
127675
 21
4450
 31
0
  0
LINE
  5
4F6
100
AcDbEntity
  8
WALL
100
AcDbLine
370
50
 10
127525
 20
3550
 30
0
 11
127675
 21
3550
 31
0
  0
LINE
  5
4F7
100
AcDbEntity
  8
WALL
100
AcDbLine
370
50
 10
127525
 20
4450
 30
0
 11
127675
 21
4450
 31
0
  0
LINE
  5
4F8
100
AcDbEntity
  8
WALL
100
AcDbLine
370
50
 10
127525
 20
8000
 30
0
 11
127525
 21
11550
 31
0
  0
LINE
  5
4F9
100
AcDbEntity
  8
WALL
100
AcDbLine
370
50
 10
127675
 20
11550
 30
0
 11
127675
 21
8000
 31
0
  0
LINE
  5
4FA
100
AcDbEntity
  8
WALL
100
AcDbLine
370
50
 10
127525
 20
12450
 30
0
 11
127525
 21
16000
 31
0
  0
LINE
  5
4FB
100
AcDbEntity
  8
WALL
100
AcDbLine
370
50
 10
127675
 20
16000
 30
0
 11
127675
 21
12450
 31
0
  0
LINE
  5
4FC
100
AcDbEntity
  8
WALL
100
AcDbLine
370
50
 10
127525
 20
11550
 30
0
 11
127675
 21
11550
 31
0
  0
LINE
  5
4FD
100
AcDbEntity
  8
WALL
100
AcDbLine
370
50
 10
127525
 20
12450
 30
0
 11
127675
 21
12450
 31
0
  0
LINE
  5
4FE
100
AcDbEntity
  8
WALL
100
AcDbLine
370
50
 10
127525
 20
16000
 30
0
 11
127525
 21
19550
 31
0
  0
LINE
  5
4FF
100
AcDbEntity
  8
WALL
100
AcDbLine
370
50
 10
127675
 20
19550
 30
0
 11
127675
 21
16000
 31
0
  0
LINE
  5
500
100
AcDbEntity
  8
WALL
100
AcDbLine
370
50
 10
127525
 20
20450
 30
0
 11
127525
 21
24000
 31
0
  0
LINE
  5
501
100
AcDbEntity
  8
WALL
100
AcDbLine
370
50
 10
127675
 20
24000
 30
0
 11
127675
 21
20450
 31
0
  0
LINE
  5
502
100
AcDbEntity
  8
WALL
100
AcDbLine
370
50
 10
127525
 20
19550
 30
0
 11
127675
 21
19550
 31
0
  0
LINE
  5
503
100
AcDbEntity
  8
WALL
100
AcDbLine
370
50
 10
127525
 20
20450
 30
0
 11
127675
 21
20450
 31
0
  0
LINE
  5
504
100
AcDbEntity
  8
WALL
100
AcDbLine
370
50
 10
131525
 20
0
 30
0
 11
131525
 21
3550
 31
0
  0
LINE
  5
505
100
AcDbEntity
  8
WALL
100
AcDbLine
370
50
 10
131675
 20
3550
 30
0
 11
131675
 21
0
 31
0
  0
LINE
  5
506
100
AcDbEntity
  8
WALL
100
AcDbLine
370
50
 10
131525
 20
4450
 30
0
 11
131525
 21
8000
 31
0
  0
LINE
  5
507
100
AcDbEntity
  8
WALL
100
AcDbLine
370
50
 10
131675
 20
8000
 30
0
 11
131675
 21
4450
 31
0
  0
LINE
  5
508
100
AcDbEntity
  8
WALL
100
AcDbLine
370
50
 10
131525
 20
3550
 30
0
 11
131675
 21
3550
 31
0
  0
LINE
  5
509
100
AcDbEntity
  8
WALL
100
AcDbLine
370
50
 10
131525
 20
4450
 30
0
 11
131675
 21
4450
 31
0
  0
LINE
  5
50A
100
AcDbEntity
  8
WALL
100
AcDbLine
370
50
 10
131525
 20
8000
 30
0
 11
131525
 21
11550
 31
0
  0
LINE
  5
50B
100
AcDbEntity
  8
WALL
100
AcDbLine
370
50
 10
131675
 20
11550
 30
0
 11
131675
 21
8000
 31
0
  0
LINE
  5
50C
100
AcDbEntity
  8
WALL
100
AcDbLine
370
50
 10
131525
 20
12450
 30
0
 11
131525
 21
16000
 31
0
  0
LINE
  5
50D
100
AcDbEntity
  8
WALL
100
AcDbLine
370
50
 10
131675
 20
16000
 30
0
 11
131675
 21
12450
 31
0
  0
LINE
  5
50E
100
AcDbEntity
  8
WALL
100
AcDbLine
370
50
 10
131525
 20
11550
 30
0
 11
131675
 21
11550
 31
0
  0
LINE
  5
50F
100
AcDbEntity
  8
WALL
100
AcDbLine
370
50
 10
131525
 20
12450
 30
0
 11
131675
 21
12450
 31
0
  0
LINE
  5
510
100
AcDbEntity
  8
WALL
100
AcDbLine
370
50
 10
131525
 20
16000
 30
0
 11
131525
 21
19550
 31
0
  0
LINE
  5
511
100
AcDbEntity
  8
WALL
100
AcDbLine
370
50
 10
131675
 20
19550
 30
0
 11
131675
 21
16000
 31
0
  0
LINE
  5
512
100
AcDbEntity
  8
WALL
100
AcDbLine
370
50
 10
131525
 20
20450
 30
0
 11
131525
 21
24000
 31
0
  0
LINE
  5
513
100
AcDbEntity
  8
WALL
100
AcDbLine
370
50
 10
131675
 20
24000
 30
0
 11
131675
 21
20450
 31
0
  0
LINE
  5
514
100
AcDbEntity
  8
WALL
100
AcDbLine
370
50
 10
131525
 20
19550
 30
0
 11
131675
 21
19550
 31
0
  0
LINE
  5
515
100
AcDbEntity
  8
WALL
100
AcDbLine
370
50
 10
131525
 20
20450
 30
0
 11
131675
 21
20450
 31
0
  0
LINE
  5
516
100
AcDbEntity
  8
WALL
100
AcDbLine
370
50
 10
135525
 20
0
 30
0
 11
135525
 21
8000
 31
0
  0
LINE
  5
517
100
AcDbEntity
  8
WALL
100
AcDbLine
370
50
 10
135675
 20
8000
 30
0
 11
135675
 21
0
 31
0
  0
LINE
  5
518
100
AcDbEntity
  8
WALL
100
AcDbLine
370
50
 10
135525
 20
8000
 30
0
 11
135525
 21
16000
 31
0
  0
LINE
  5
519
100
AcDbEntity
  8
WALL
100
AcDbLine
370
50
 10
135675
 20
16000
 30
0
 11
135675
 21
8000
 31
0
  0
LINE
  5
51A
100
AcDbEntity
  8
WALL
100
AcDbLine
370
50
 10
135525
 20
16000
 30
0
 11
135525
 21
24000
 31
0
  0
LINE
  5
51B
100
AcDbEntity
  8
WALL
100
AcDbLine
370
50
 10
135675
 20
24000
 30
0
 11
135675
 21
16000
 31
0
  0
LINE
  5
51C
100
AcDbEntity
  8
WALL
100
AcDbLine
370
50
 10
139525
 20
0
 30
0
 11
139525
 21
3550
 31
0
  0
LINE
  5
51D
100
AcDbEntity
  8
WALL
100
AcDbLine
370
50
 10
139675
 20
3550
 30
0
 11
139675
 21
0
 31
0
  0
LINE
  5
51E
100
AcDbEntity
  8
WALL
100
AcDbLine
370
50
 10
139525
 20
4450
 30
0
 11
139525
 21
8000
 31
0
  0
LINE
  5
51F
100
AcDbEntity
  8
WALL
100
AcDbLine
370
50
 10
139675
 20
8000
 30
0
 11
139675
 21
4450
 31
0
  0
LINE
  5
520
100
AcDbEntity
  8
WALL
100
AcDbLine
370
50
 10
139525
 20
3550
 30
0
 11
139675
 21
3550
 31
0
  0
LINE
  5
521
100
AcDbEntity
  8
WALL
100
AcDbLine
370
50
 10
139525
 20
4450
 30
0
 11
139675
 21
4450
 31
0
  0
LINE
  5
522
100
AcDbEntity
  8
WALL
100
AcDbLine
370
50
 10
139525
 20
8000
 30
0
 11
139525
 21
11550
 31
0
  0
LINE
  5
523
100
AcDbEntity
  8
WALL
100
AcDbLine
370
50
 10
139675
 20
11550
 30
0
 11
139675
 21
8000
 31
0
  0
LINE
  5
524
100
AcDbEntity
  8
WALL
100
AcDbLine
370
50
 10
139525
 20
12450
 30
0
 11
139525
 21
16000
 31
0
  0
LINE
  5
525
100
AcDbEntity
  8
WALL
100
AcDbLine
370
50
 10
139675
 20
16000
 30
0
 11
139675
 21
12450
 31
0
  0
LINE
  5
526
100
AcDbEntity
  8
WALL
100
AcDbLine
370
50
 10
139525
 20
11550
 30
0
 11
139675
 21
11550
 31
0
  0
LINE
  5
527
100
AcDbEntity
  8
WALL
100
AcDbLine
370
50
 10
139525
 20
12450
 30
0
 11
139675
 21
12450
 31
0
  0
LINE
  5
528
100
AcDbEntity
  8
WALL
100
AcDbLine
370
50
 10
139525
 20
16000
 30
0
 11
139525
 21
19550
 31
0
  0
LINE
  5
529
100
AcDbEntity
  8
WALL
100
AcDbLine
370
50
 10
139675
 20
19550
 30
0
 11
139675
 21
16000
 31
0
  0
LINE
  5
52A
100
AcDbEntity
  8
WALL
100
AcDbLine
370
50
 10
139525
 20
20450
 30
0
 11
139525
 21
24000
 31
0
  0
LINE
  5
52B
100
AcDbEntity
  8
WALL
100
AcDbLine
370
50
 10
139675
 20
24000
 30
0
 11
139675
 21
20450
 31
0
  0
LINE
  5
52C
100
AcDbEntity
  8
WALL
100
AcDbLine
370
50
 10
139525
 20
19550
 30
0
 11
139675
 21
19550
 31
0
  0
LINE
  5
52D
100
AcDbEntity
  8
WALL
100
AcDbLine
370
50
 10
139525
 20
20450
 30
0
 11
139675
 21
20450
 31
0
  0
LINE
  5
52E
100
AcDbEntity
  8
WALL
100
AcDbLine
370
50
 10
143525
 20
0
 30
0
 11
143525
 21
3550
 31
0
  0
LINE
  5
52F
100
AcDbEntity
  8
WALL
100
AcDbLine
370
50
 10
143675
 20
3550
 30
0
 11
143675
 21
0
 31
0
  0
LINE
  5
530
100
AcDbEntity
  8
WALL
100
AcDbLine
370
50
 10
143525
 20
4450
 30
0
 11
143525
 21
8000
 31
0
  0
LINE
  5
531
100
AcDbEntity
  8
WALL
100
AcDbLine
370
50
 10
143675
 20
8000
 30
0
 11
143675
 21
4450
 31
0
  0
LINE
  5
532
100
AcDbEntity
  8
WALL
100
AcDbLine
370
50
 10
143525
 20
3550
 30
0
 11
143675
 21
3550
 31
0
  0
LINE
  5
533
100
AcDbEntity
  8
WALL
100
AcDbLine
370
50
 10
143525
 20
4450
 30
0
 11
143675
 21
4450
 31
0
  0
LINE
  5
534
100
AcDbEntity
  8
WALL
100
AcDbLine
370
50
 10
143525
 20
8000
 30
0
 11
143525
 21
11550
 31
0
  0
LINE
  5
535
100
AcDbEntity
  8
WALL
100
AcDbLine
370
50
 10
143675
 20
11550
 30
0
 11
143675
 21
8000
 31
0
  0
LINE
  5
536
100
AcDbEntity
  8
WALL
100
AcDbLine
370
50
 10
143525
 20
12450
 30
0
 11
143525
 21
16000
 31
0
  0
LINE
  5
537
100
AcDbEntity
  8
WALL
100
AcDbLine
370
50
 10
143675
 20
16000
 30
0
 11
143675
 21
12450
 31
0
  0
LINE
  5
538
100
AcDbEntity
  8
WALL
100
AcDbLine
370
50
 10
143525
 20
11550
 30
0
 11
143675
 21
11550
 31
0
  0
LINE
  5
539
100
AcDbEntity
  8
WALL
100
AcDbLine
370
50
 10
143525
 20
12450
 30
0
 11
143675
 21
12450
 31
0
  0
LINE
  5
53A
100
AcDbEntity
  8
WALL
100
AcDbLine
370
50
 10
143525
 20
16000
 30
0
 11
143525
 21
19550
 31
0
  0
LINE
  5
53B
100
AcDbEntity
  8
WALL
100
AcDbLine
370
50
 10
143675
 20
19550
 30
0
 11
143675
 21
16000
 31
0
  0
LINE
  5
53C
100
AcDbEntity
  8
WALL
100
AcDbLine
370
50
 10
143525
 20
20450
 30
0
 11
143525
 21
24000
 31
0
  0
LINE
  5
53D
100
AcDbEntity
  8
WALL
100
AcDbLine
370
50
 10
143675
 20
24000
 30
0
 11
143675
 21
20450
 31
0
  0
LINE
  5
53E
100
AcDbEntity
  8
WALL
100
AcDbLine
370
50
 10
143525
 20
19550
 30
0
 11
143675
 21
19550
 31
0
  0
LINE
  5
53F
100
AcDbEntity
  8
WALL
100
AcDbLine
370
50
 10
143525
 20
20450
 30
0
 11
143675
 21
20450
 31
0
  0
LINE
  5
540
100
AcDbEntity
  8
WALL
100
AcDbLine
370
50
 10
123600
 20
7925
 30
0
 11
127600
 21
7925
 31
0
  0
LINE
  5
541
100
AcDbEntity
  8
WALL
100
AcDbLine
370
50
 10
127600
 20
8075
 30
0
 11
123600
 21
8075
 31
0
  0
LINE
  5
542
100
AcDbEntity
  8
WALL
100
AcDbLine
370
50
 10
127600
 20
7925
 30
0
 11
129150
 21
7925
 31
0
  0
LINE
  5
543
100
AcDbEntity
  8
WALL
100
AcDbLine
370
50
 10
129150
 20
8075
 30
0
 11
127600
 21
8075
 31
0
  0
LINE
  5
544
100
AcDbEntity
  8
WALL
100
AcDbLine
370
50
 10
130050
 20
7925
 30
0
 11
131600
 21
7925
 31
0
  0
LINE
  5
545
100
AcDbEntity
  8
WALL
100
AcDbLine
370
50
 10
131600
 20
8075
 30
0
 11
130050
 21
8075
 31
0
  0
LINE
  5
546
100
AcDbEntity
  8
WALL
100
AcDbLine
370
50
 10
129150
 20
7925
 30
0
 11
129150
 21
8075
 31
0
  0
LINE
  5
547
100
AcDbEntity
  8
WALL
100
AcDbLine
370
50
 10
130050
 20
7925
 30
0
 11
130050
 21
8075
 31
0
  0
LINE
  5
548
100
AcDbEntity
  8
WALL
100
AcDbLine
370
50
 10
131600
 20
7925
 30
0
 11
133150
 21
7925
 31
0
  0
LINE
  5
549
100
AcDbEntity
  8
WALL
100
AcDbLine
370
50
 10
133150
 20
8075
 30
0
 11
131600
 21
8075
 31
0
  0
LINE
  5
54A
100
AcDbEntity
  8
WALL
100
AcDbLine
370
50
 10
134050
 20
7925
 30
0
 11
135600
 21
7925
 31
0
  0
LINE
  5
54B
100
AcDbEntity
  8
WALL
100
AcDbLine
370
50
 10
135600
 20
8075
 30
0
 11
134050
 21
8075
 31
0
  0
LINE
  5
54C
100
AcDbEntity
  8
WALL
100
AcDbLine
370
50
 10
133150
 20
7925
 30
0
 11
133150
 21
8075
 31
0
  0
LINE
  5
54D
100
AcDbEntity
  8
WALL
100
AcDbLine
370
50
 10
134050
 20
7925
 30
0
 11
134050
 21
8075
 31
0
  0
LINE
  5
54E
100
AcDbEntity
  8
WALL
100
AcDbLine
370
50
 10
135600
 20
7925
 30
0
 11
137150
 21
7925
 31
0
  0
LINE
  5
54F
100
AcDbEntity
  8
WALL
100
AcDbLine
370
50
 10
137150
 20
8075
 30
0
 11
135600
 21
8075
 31
0
  0
LINE
  5
550
100
AcDbEntity
  8
WALL
100
AcDbLine
370
50
 10
138050
 20
7925
 30
0
 11
139600
 21
7925
 31
0
  0
LINE
  5
551
100
AcDbEntity
  8
WALL
100
AcDbLine
370
50
 10
139600
 20
8075
 30
0
 11
138050
 21
8075
 31
0
  0
LINE
  5
552
100
AcDbEntity
  8
WALL
100
AcDbLine
370
50
 10
137150
 20
7925
 30
0
 11
137150
 21
8075
 31
0
  0
LINE
  5
553
100
AcDbEntity
  8
WALL
100
AcDbLine
370
50
 10
138050
 20
7925
 30
0
 11
138050
 21
8075
 31
0
  0
LINE
  5
554
100
AcDbEntity
  8
WALL
100
AcDbLine
370
50
 10
139600
 20
7925
 30
0
 11
141150
 21
7925
 31
0
  0
LINE
  5
555
100
AcDbEntity
  8
WALL
100
AcDbLine
370
50
 10
141150
 20
8075
 30
0
 11
139600
 21
8075
 31
0
  0
LINE
  5
556
100
AcDbEntity
  8
WALL
100
AcDbLine
370
50
 10
142050
 20
7925
 30
0
 11
143600
 21
7925
 31
0
  0
LINE
  5
557
100
AcDbEntity
  8
WALL
100
AcDbLine
370
50
 10
143600
 20
8075
 30
0
 11
142050
 21
8075
 31
0
  0
LINE
  5
558
100
AcDbEntity
  8
WALL
100
AcDbLine
370
50
 10
141150
 20
7925
 30
0
 11
141150
 21
8075
 31
0
  0
LINE
  5
559
100
AcDbEntity
  8
WALL
100
AcDbLine
370
50
 10
142050
 20
7925
 30
0
 11
142050
 21
8075
 31
0
  0
LINE
  5
55A
100
AcDbEntity
  8
WALL
100
AcDbLine
370
50
 10
143600
 20
7925
 30
0
 11
147600
 21
7925
 31
0
  0
LINE
  5
55B
100
AcDbEntity
  8
WALL
100
AcDbLine
370
50
 10
147600
 20
8075
 30
0
 11
143600
 21
8075
 31
0
  0
LINE
  5
55C
100
AcDbEntity
  8
WALL
100
AcDbLine
370
50
 10
123600
 20
15925
 30
0
 11
125150
 21
15925
 31
0
  0
LINE
  5
55D
100
AcDbEntity
  8
WALL
100
AcDbLine
370
50
 10
125150
 20
16075
 30
0
 11
123600
 21
16075
 31
0
  0
LINE
  5
55E
100
AcDbEntity
  8
WALL
100
AcDbLine
370
50
 10
126050
 20
15925
 30
0
 11
127600
 21
15925
 31
0
  0
LINE
  5
55F
100
AcDbEntity
  8
WALL
100
AcDbLine
370
50
 10
127600
 20
16075
 30
0
 11
126050
 21
16075
 31
0
  0
LINE
  5
560
100
AcDbEntity
  8
WALL
100
AcDbLine
370
50
 10
125150
 20
15925
 30
0
 11
125150
 21
16075
 31
0
  0
LINE
  5
561
100
AcDbEntity
  8
WALL
100
AcDbLine
370
50
 10
126050
 20
15925
 30
0
 11
126050
 21
16075
 31
0
  0
LINE
  5
562
100
AcDbEntity
  8
WALL
100
AcDbLine
370
50
 10
127600
 20
15925
 30
0
 11
129150
 21
15925
 31
0
  0
LINE
  5
563
100
AcDbEntity
  8
WALL
100
AcDbLine
370
50
 10
129150
 20
16075
 30
0
 11
127600
 21
16075
 31
0
  0
LINE
  5
564
100
AcDbEntity
  8
WALL
100
AcDbLine
370
50
 10
130050
 20
15925
 30
0
 11
131600
 21
15925
 31
0
  0
LINE
  5
565
100
AcDbEntity
  8
WALL
100
AcDbLine
370
50
 10
131600
 20
16075
 30
0
 11
130050
 21
16075
 31
0
  0
LINE
  5
566
100
AcDbEntity
  8
WALL
100
AcDbLine
370
50
 10
129150
 20
15925
 30
0
 11
129150
 21
16075
 31
0
  0
LINE
  5
567
100
AcDbEntity
  8
WALL
100
AcDbLine
370
50
 10
130050
 20
15925
 30
0
 11
130050
 21
16075
 31
0
  0
LINE
  5
568
100
AcDbEntity
  8
WALL
100
AcDbLine
370
50
 10
131600
 20
15925
 30
0
 11
133150
 21
15925
 31
0
  0
LINE
  5
569
100
AcDbEntity
  8
WALL
100
AcDbLine
370
50
 10
133150
 20
16075
 30
0
 11
131600
 21
16075
 31
0
  0
LINE
  5
56A
100
AcDbEntity
  8
WALL
100
AcDbLine
370
50
 10
134050
 20
15925
 30
0
 11
135600
 21
15925
 31
0
  0
LINE
  5
56B
100
AcDbEntity
  8
WALL
100
AcDbLine
370
50
 10
135600
 20
16075
 30
0
 11
134050
 21
16075
 31
0
  0
LINE
  5
56C
100
AcDbEntity
  8
WALL
100
AcDbLine
370
50
 10
133150
 20
15925
 30
0
 11
133150
 21
16075
 31
0
  0
LINE
  5
56D
100
AcDbEntity
  8
WALL
100
AcDbLine
370
50
 10
134050
 20
15925
 30
0
 11
134050
 21
16075
 31
0
  0
LINE
  5
56E
100
AcDbEntity
  8
WALL
100
AcDbLine
370
50
 10
135600
 20
15925
 30
0
 11
137150
 21
15925
 31
0
  0
LINE
  5
56F
100
AcDbEntity
  8
WALL
100
AcDbLine
370
50
 10
137150
 20
16075
 30
0
 11
135600
 21
16075
 31
0
  0
LINE
  5
570
100
AcDbEntity
  8
WALL
100
AcDbLine
370
50
 10
138050
 20
15925
 30
0
 11
139600
 21
15925
 31
0
  0
LINE
  5
571
100
AcDbEntity
  8
WALL
100
AcDbLine
370
50
 10
139600
 20
16075
 30
0
 11
138050
 21
16075
 31
0
  0
LINE
  5
572
100
AcDbEntity
  8
WALL
100
AcDbLine
370
50
 10
137150
 20
15925
 30
0
 11
137150
 21
16075
 31
0
  0
LINE
  5
573
100
AcDbEntity
  8
WALL
100
AcDbLine
370
50
 10
138050
 20
15925
 30
0
 11
138050
 21
16075
 31
0
  0
LINE
  5
574
100
AcDbEntity
  8
WALL
100
AcDbLine
370
50
 10
139600
 20
15925
 30
0
 11
141150
 21
15925
 31
0
  0
LINE
  5
575
100
AcDbEntity
  8
WALL
100
AcDbLine
370
50
 10
141150
 20
16075
 30
0
 11
139600
 21
16075
 31
0
  0
LINE
  5
576
100
AcDbEntity
  8
WALL
100
AcDbLine
370
50
 10
142050
 20
15925
 30
0
 11
143600
 21
15925
 31
0
  0
LINE
  5
577
100
AcDbEntity
  8
WALL
100
AcDbLine
370
50
 10
143600
 20
16075
 30
0
 11
142050
 21
16075
 31
0
  0
LINE
  5
578
100
AcDbEntity
  8
WALL
100
AcDbLine
370
50
 10
141150
 20
15925
 30
0
 11
141150
 21
16075
 31
0
  0
LINE
  5
579
100
AcDbEntity
  8
WALL
100
AcDbLine
370
50
 10
142050
 20
15925
 30
0
 11
142050
 21
16075
 31
0
  0
LINE
  5
57A
100
AcDbEntity
  8
WALL
100
AcDbLine
370
50
 10
143600
 20
15925
 30
0
 11
145150
 21
15925
 31
0
  0
LINE
  5
57B
100
AcDbEntity
  8
WALL
100
AcDbLine
370
50
 10
145150
 20
16075
 30
0
 11
143600
 21
16075
 31
0
  0
LINE
  5
57C
100
AcDbEntity
  8
WALL
100
AcDbLine
370
50
 10
146050
 20
15925
 30
0
 11
147600
 21
15925
 31
0
  0
LINE
  5
57D
100
AcDbEntity
  8
WALL
100
AcDbLine
370
50
 10
147600
 20
16075
 30
0
 11
146050
 21
16075
 31
0
  0
LINE
  5
57E
100
AcDbEntity
  8
WALL
100
AcDbLine
370
50
 10
145150
 20
15925
 30
0
 11
145150
 21
16075
 31
0
  0
LINE
  5
57F
100
AcDbEntity
  8
WALL
100
AcDbLine
370
50
 10
146050
 20
15925
 30
0
 11
146050
 21
16075
 31
0
  0
LWPOLYLINE
  5
580
100
AcDbEntity
  8
COLUMN
100
AcDbPolyline
 90
4
 70
1
 10
123485
 20
-115
 10
123715
 20
-115
 10
123715
 20
115
 10
123485
 20
115
  0
LWPOLYLINE
  5
581
100
AcDbEntity
  8
COLUMN
100
AcDbPolyline
 90
4
 70
1
 10
123485
 20
7885
 10
123715
 20
7885
 10
123715
 20
8115
 10
123485
 20
8115
  0
LWPOLYLINE
  5
582
100
AcDbEntity
  8
COLUMN
100
AcDbPolyline
 90
4
 70
1
 10
123485
 20
15885
 10
123715
 20
15885
 10
123715
 20
16115
 10
123485
 20
16115
  0
LWPOLYLINE
  5
583
100
AcDbEntity
  8
COLUMN
100
AcDbPolyline
 90
4
 70
1
 10
123485
 20
23885
 10
123715
 20
23885
 10
123715
 20
24115
 10
123485
 20
24115
  0
LWPOLYLINE
  5
584
100
AcDbEntity
  8
COLUMN
100
AcDbPolyline
 90
4
 70
1
 10
127485
 20
-115
 10
127715
 20
-115
 10
127715
 20
115
 10
127485
 20
115
  0
LWPOLYLINE
  5
585
100
AcDbEntity
  8
COLUMN
100
AcDbPolyline
 90
4
 70
1
 10
127485
 20
7885
 10
127715
 20
7885
 10
127715
 20
8115
 10
127485
 20
8115
  0
LWPOLYLINE
  5
586
100
AcDbEntity
  8
COLUMN
100
AcDbPolyline
 90
4
 70
1
 10
127485
 20
15885
 10
127715
 20
15885
 10
127715
 20
16115
 10
127485
 20
16115
  0
LWPOLYLINE
  5
587
100
AcDbEntity
  8
COLUMN
100
AcDbPolyline
 90
4
 70
1
 10
127485
 20
23885
 10
127715
 20
23885
 10
127715
 20
24115
 10
127485
 20
24115
  0
LWPOLYLINE
  5
588
100
AcDbEntity
  8
COLUMN
100
AcDbPolyline
 90
4
 70
1
 10
131485
 20
-115
 10
131715
 20
-115
 10
131715
 20
115
 10
131485
 20
115
  0
LWPOLYLINE
  5
589
100
AcDbEntity
  8
COLUMN
100
AcDbPolyline
 90
4
 70
1
 10
131485
 20
7885
 10
131715
 20
7885
 10
131715
 20
8115
 10
131485
 20
8115
  0
LWPOLYLINE
  5
58A
100
AcDbEntity
  8
COLUMN
100
AcDbPolyline
 90
4
 70
1
 10
131485
 20
15885
 10
131715
 20
15885
 10
131715
 20
16115
 10
131485
 20
16115
  0
LWPOLYLINE
  5
58B
100
AcDbEntity
  8
COLUMN
100
AcDbPolyline
 90
4
 70
1
 10
131485
 20
23885
 10
131715
 20
23885
 10
131715
 20
24115
 10
131485
 20
24115
  0
LWPOLYLINE
  5
58C
100
AcDbEntity
  8
COLUMN
100
AcDbPolyline
 90
4
 70
1
 10
135485
 20
-115
 10
135715
 20
-115
 10
135715
 20
115
 10
135485
 20
115
  0
LWPOLYLINE
  5
58D
100
AcDbEntity
  8
COLUMN
100
AcDbPolyline
 90
4
 70
1
 10
135485
 20
7885
 10
135715
 20
7885
 10
135715
 20
8115
 10
135485
 20
8115
  0
LWPOLYLINE
  5
58E
100
AcDbEntity
  8
COLUMN
100
AcDbPolyline
 90
4
 70
1
 10
135485
 20
15885
 10
135715
 20
15885
 10
135715
 20
16115
 10
135485
 20
16115
  0
LWPOLYLINE
  5
58F
100
AcDbEntity
  8
COLUMN
100
AcDbPolyline
 90
4
 70
1
 10
135485
 20
23885
 10
135715
 20
23885
 10
135715
 20
24115
 10
135485
 20
24115
  0
LWPOLYLINE
  5
590
100
AcDbEntity
  8
COLUMN
100
AcDbPolyline
 90
4
 70
1
 10
139485
 20
-115
 10
139715
 20
-115
 10
139715
 20
115
 10
139485
 20
115
  0
LWPOLYLINE
  5
591
100
AcDbEntity
  8
COLUMN
100
AcDbPolyline
 90
4
 70
1
 10
139485
 20
7885
 10
139715
 20
7885
 10
139715
 20
8115
 10
139485
 20
8115
  0
LWPOLYLINE
  5
592
100
AcDbEntity
  8
COLUMN
100
AcDbPolyline
 90
4
 70
1
 10
139485
 20
15885
 10
139715
 20
15885
 10
139715
 20
16115
 10
139485
 20
16115
  0
LWPOLYLINE
  5
593
100
AcDbEntity
  8
COLUMN
100
AcDbPolyline
 90
4
 70
1
 10
139485
 20
23885
 10
139715
 20
23885
 10
139715
 20
24115
 10
139485
 20
24115
  0
LWPOLYLINE
  5
594
100
AcDbEntity
  8
COLUMN
100
AcDbPolyline
 90
4
 70
1
 10
143485
 20
-115
 10
143715
 20
-115
 10
143715
 20
115
 10
143485
 20
115
  0
LWPOLYLINE
  5
595
100
AcDbEntity
  8
COLUMN
100
AcDbPolyline
 90
4
 70
1
 10
143485
 20
7885
 10
143715
 20
7885
 10
143715
 20
8115
 10
143485
 20
8115
  0
LWPOLYLINE
  5
596
100
AcDbEntity
  8
COLUMN
100
AcDbPolyline
 90
4
 70
1
 10
143485
 20
15885
 10
143715
 20
15885
 10
143715
 20
16115
 10
143485
 20
16115
  0
LWPOLYLINE
  5
597
100
AcDbEntity
  8
COLUMN
100
AcDbPolyline
 90
4
 70
1
 10
143485
 20
23885
 10
143715
 20
23885
 10
143715
 20
24115
 10
143485
 20
24115
  0
LWPOLYLINE
  5
598
100
AcDbEntity
  8
COLUMN
100
AcDbPolyline
 90
4
 70
1
 10
147485
 20
-115
 10
147715
 20
-115
 10
147715
 20
115
 10
147485
 20
115
  0
LWPOLYLINE
  5
599
100
AcDbEntity
  8
COLUMN
100
AcDbPolyline
 90
4
 70
1
 10
147485
 20
7885
 10
147715
 20
7885
 10
147715
 20
8115
 10
147485
 20
8115
  0
LWPOLYLINE
  5
59A
100
AcDbEntity
  8
COLUMN
100
AcDbPolyline
 90
4
 70
1
 10
147485
 20
15885
 10
147715
 20
15885
 10
147715
 20
16115
 10
147485
 20
16115
  0
LWPOLYLINE
  5
59B
100
AcDbEntity
  8
COLUMN
100
AcDbPolyline
 90
4
 70
1
 10
147485
 20
23885
 10
147715
 20
23885
 10
147715
 20
24115
 10
147485
 20
24115
  0
TEXT
  5
59C
100
AcDbEntity
  8
TEXT
100
AcDbText
 10
125118.7500
 20
4018.7500
 30
0
 40
250
  1
LOUNGE
100
AcDbText
  0
TEXT
  5
59D
100
AcDbEntity
  8
TEXT
100
AcDbText
 10
129100
 20
4018.7500
 30
0
 40
250
  1
DINING
100
AcDbText
  0
TEXT
  5
59E
100
AcDbEntity
  8
TEXT
100
AcDbText
 10
133100
 20
4018.7500
 30
0
 40
250
  1
KITCHEN
100
AcDbText
  0
TEXT
  5
59F
100
AcDbEntity
  8
TEXT
100
AcDbText
 10
137100
 20
4018.7500
 30
0
 40
250
  1
KITCHEN
100
AcDbText
  0
TEXT
  5
5A0
100
AcDbEntity
  8
TEXT
100
AcDbText
 10
141100
 20
4018.7500
 30
0
 40
250
  1
DINING
100
AcDbText
  0
TEXT
  5
5A1
100
AcDbEntity
  8
TEXT
100
AcDbText
 10
145081.2500
 20
4018.7500
 30
0
 40
250
  1
LOUNGE
100
AcDbText
  0
TEXT
  5
5A2
100
AcDbEntity
  8
TEXT
100
AcDbText
 10
125118.7500
 20
12000
 30
0
 40
250
  1
STORE
100
AcDbText
  0
TEXT
  5
5A3
100
AcDbEntity
  8
TEXT
100
AcDbText
 10
129100
 20
12000
 30
0
 40
250
  1
STAIR HALL
100
AcDbText
  0
TEXT
  5
5A4
100
AcDbEntity
  8
TEXT
100
AcDbText
 10
133100
 20
12000
 30
0
 40
250
  1
DRESSING
100
AcDbText
  0
LWPOLYLINE
  5
5A5
100
AcDbEntity
  8
SANITARY
100
AcDbPolyline
 90
4
 70
1
 10
132075
 20
15025
 10
132475
 20
15025
 10
132475
 20
15625
 10
132075
 20
15625
  0
TEXT
  5
5A6
100
AcDbEntity
  8
TEXT
100
AcDbText
 10
137100
 20
12000
 30
0
 40
250
  1
DRESSING
100
AcDbText
  0
LWPOLYLINE
  5
5A7
100
AcDbEntity
  8
SANITARY
100
AcDbPolyline
 90
4
 70
1
 10
136075
 20
15025
 10
136475
 20
15025
 10
136475
 20
15625
 10
136075
 20
15625
  0
TEXT
  5
5A8
100
AcDbEntity
  8
TEXT
100
AcDbText
 10
141100
 20
12000
 30
0
 40
250
  1
STAIR HALL
100
AcDbText
  0
TEXT
  5
5A9
100
AcDbEntity
  8
TEXT
100
AcDbText
 10
145081.2500
 20
12000
 30
0
 40
250
  1
STORE
100
AcDbText
  0
TEXT
  5
5AA
100
AcDbEntity
  8
TEXT
100
AcDbText
 10
125118.7500
 20
19981.2500
 30
0
 40
250
  1
BEDROOM
100
AcDbText
  0
TEXT
  5
5AB
100
AcDbEntity
  8
TEXT
100
AcDbText
 10
129100
 20
19981.2500
 30
0
 40
250
  1
BEDROOM
100
AcDbText
  0
TEXT
  5
5AC
100
AcDbEntity
  8
TEXT
100
AcDbText
 10
133100
 20
19981.2500
 30
0
 40
250
  1
MASTER BEDROOM
100
AcDbText
  0
TEXT
  5
5AD
100
AcDbEntity
  8
TEXT
100
AcDbText
 10
137100
 20
19981.2500
 30
0
 40
250
  1
MASTER BEDROOM
100
AcDbText
  0
TEXT
  5
5AE
100
AcDbEntity
  8
TEXT
100
AcDbText
 10
141100
 20
19981.2500
 30
0
 40
250
  1
BEDROOM
100
AcDbText
  0
TEXT
  5
5AF
100
AcDbEntity
  8
TEXT
100
AcDbText
 10
145081.2500
 20
19981.2500
 30
0
 40
250
  1
BEDROOM
100
AcDbText
  0
DIMENSION
  5
5B0
100
AcDbEntity
  8
DIM
100
AcDbDimension
  2
*D
 10
123600
 20
-1800
 30
0
 11
135600
 21
-1550
 31
0
 70
33
  1

 42
24000
100
AcDbAlignedDimension
 13
123600
 23
0
 33
0
 14
147600
 24
0
 34
0
  0
DIMENSION
  5
5B1
100
AcDbEntity
  8
DIM
100
AcDbDimension
  2
*D
 10
121800
 20
0
 30
0
 11
122050
 21
12000
 31
0
 70
33
  1

 42
24000
100
AcDbAlignedDimension
 13
123600
 23
0
 33
0
 14
123600
 24
24000
 34
0
  0
DIMENSION
  5
5B2
100
AcDbEntity
  8
DIM
100
AcDbDimension
  2
*D
 10
123600
 20
25200
 30
0
 11
125600
 21
25450
 31
0
 70
33
  1

 42
4000
100
AcDbAlignedDimension
 13
123600
 23
24000
 33
0
 14
127600
 24
24000
 34
0
  0
DIMENSION
  5
5B3
100
AcDbEntity
  8
DIM
100
AcDbDimension
  2
*D
 10
127600
 20
25200
 30
0
 11
129600
 21
25450
 31
0
 70
33
  1

 42
4000
100
AcDbAlignedDimension
 13
127600
 23
24000
 33
0
 14
131600
 24
24000
 34
0
  0
DIMENSION
  5
5B4
100
AcDbEntity
  8
DIM
100
AcDbDimension
  2
*D
 10
131600
 20
25200
 30
0
 11
133600
 21
25450
 31
0
 70
33
  1

 42
4000
100
AcDbAlignedDimension
 13
131600
 23
24000
 33
0
 14
135600
 24
24000
 34
0
  0
DIMENSION
  5
5B5
100
AcDbEntity
  8
DIM
100
AcDbDimension
  2
*D
 10
135600
 20
25200
 30
0
 11
137600
 21
25450
 31
0
 70
33
  1

 42
4000
100
AcDbAlignedDimension
 13
135600
 23
24000
 33
0
 14
139600
 24
24000
 34
0
  0
DIMENSION
  5
5B6
100
AcDbEntity
  8
DIM
100
AcDbDimension
  2
*D
 10
139600
 20
25200
 30
0
 11
141600
 21
25450
 31
0
 70
33
  1

 42
4000
100
AcDbAlignedDimension
 13
139600
 23
24000
 33
0
 14
143600
 24
24000
 34
0
  0
DIMENSION
  5
5B7
100
AcDbEntity
  8
DIM
100
AcDbDimension
  2
*D
 10
143600
 20
25200
 30
0
 11
145600
 21
25450
 31
0
 70
33
  1

 42
4000
100
AcDbAlignedDimension
 13
143600
 23
24000
 33
0
 14
147600
 24
24000
 34
0
  0
DIMENSION
  5
5B8
100
AcDbEntity
  8
DIM
100
AcDbDimension
  2
*D
 10
148800
 20
0
 30
0
 11
149050
 21
4000
 31
0
 70
33
  1

 42
8000
100
AcDbAlignedDimension
 13
147600
 23
0
 33
0
 14
147600
 24
8000
 34
0
  0
DIMENSION
  5
5B9
100
AcDbEntity
  8
DIM
100
AcDbDimension
  2
*D
 10
148800
 20
8000
 30
0
 11
149050
 21
12000
 31
0
 70
33
  1

 42
8000
100
AcDbAlignedDimension
 13
147600
 23
8000
 33
0
 14
147600
 24
16000
 34
0
  0
DIMENSION
  5
5BA
100
AcDbEntity
  8
DIM
100
AcDbDimension
  2
*D
 10
148800
 20
16000
 30
0
 11
149050
 21
20000
 31
0
 70
33
  1

 42
8000
100
AcDbAlignedDimension
 13
147600
 23
16000
 33
0
 14
147600
 24
24000
 34
0
  0
TEXT
  5
5BB
100
AcDbEntity
  8
TEXT
100
AcDbText
 10
123600
 20
-3200
 30
0
 40
450
  1
SECOND FLOOR PLAN
100
AcDbText
  0
TEXT
  5
5BC
100
AcDbEntity
  8
TEXT
100
AcDbText
 10
150200
 20
12000
 30
0
 40
300
  1
+6450
100
AcDbText
  0
TEXT
  5
5BD
100
AcDbEntity
  8
TEXT
100
AcDbText
 10
123600
 20
-4200
 30
0
 40
250
  1
EACH FLAT OCCUPIES 271 SQUARE METRES ONLY.
100
AcDbText
  0
LINE
  5
5BE
100
AcDbEntity
  8
0
100
AcDbLine
 10
118800
 20
-12200
 30
0
 11
172200
 21
-12200
 31
0
  0
LINE
  5
5BF
100
AcDbEntity
  8
0
100
AcDbLine
 10
172200
 20
-12200
 30
0
 11
172200
 21
29200
 31
0
  0
LINE
  5
5C0
100
AcDbEntity
  8
0
100
AcDbLine
 10
172200
 20
29200
 30
0
 11
118800
 21
29200
 31
0
  0
LINE
  5
5C1
100
AcDbEntity
  8
0
100
AcDbLine
 10
118800
 20
29200
 30
0
 11
118800
 21
-12200
 31
0
  0
INSERT
  5
5C2
100
AcDbEntity
  8
0
100
AcDbBlockReference
  2
TITLEBLOCK-A1
 10
154200
 20
-12200
 30
0
 41
1
 42
1
 43
1
 50
0
  0
TEXT
  5
5C3
100
AcDbEntity
  8
0
100
AcDbText
 10
166500
 20
-8400
 30
0
 40
300
  1
DRAWING: SECOND FLOOR PLAN
100
AcDbText
  0
TEXT
  5
5C4
100
AcDbEntity
  8
0
100
AcDbText
 10
166500
 20
-9300
 30
0
 40
300
  1
DRG NO A-103
100
AcDbText
  0
LINE
  5
5C5
100
AcDbEntity
  8
0
100
AcDbLine
 10
120800
 20
-10200
 30
0
 11
130800
 21
-10200
 31
0
  0
LINE
  5
5C6
100
AcDbEntity
  8
0
100
AcDbLine
 10
120800
 20
-9900
 30
0
 11
130800
 21
-9900
 31
0
  0
LINE
  5
5C7
100
AcDbEntity
  8
0
100
AcDbLine
 10
120800
 20
-10200
 30
0
 11
120800
 21
-9900
 31
0
  0
LINE
  5
5C8
100
AcDbEntity
  8
0
100
AcDbLine
 10
121800
 20
-10200
 30
0
 11
121800
 21
-9900
 31
0
  0
LINE
  5
5C9
100
AcDbEntity
  8
0
100
AcDbLine
 10
122800
 20
-10200
 30
0
 11
122800
 21
-9900
 31
0
  0
LINE
  5
5CA
100
AcDbEntity
  8
0
100
AcDbLine
 10
123800
 20
-10200
 30
0
 11
123800
 21
-9900
 31
0
  0
LINE
  5
5CB
100
AcDbEntity
  8
0
100
AcDbLine
 10
124800
 20
-10200
 30
0
 11
124800
 21
-9900
 31
0
  0
LINE
  5
5CC
100
AcDbEntity
  8
0
100
AcDbLine
 10
125800
 20
-10200
 30
0
 11
125800
 21
-9900
 31
0
  0
LINE
  5
5CD
100
AcDbEntity
  8
0
100
AcDbLine
 10
126800
 20
-10200
 30
0
 11
126800
 21
-9900
 31
0
  0
LINE
  5
5CE
100
AcDbEntity
  8
0
100
AcDbLine
 10
127800
 20
-10200
 30
0
 11
127800
 21
-9900
 31
0
  0
LINE
  5
5CF
100
AcDbEntity
  8
0
100
AcDbLine
 10
128800
 20
-10200
 30
0
 11
128800
 21
-9900
 31
0
  0
LINE
  5
5D0
100
AcDbEntity
  8
0
100
AcDbLine
 10
129800
 20
-10200
 30
0
 11
129800
 21
-9900
 31
0
  0
LINE
  5
5D1
100
AcDbEntity
  8
0
100
AcDbLine
 10
130800
 20
-10200
 30
0
 11
130800
 21
-9900
 31
0
  0
TEXT
  5
5D2
100
AcDbEntity
  8
0
100
AcDbText
 10
120700
 20
-9700
 30
0
 40
250
  1
0
100
AcDbText
  0
TEXT
  5
5D3
100
AcDbEntity
  8
0
100
AcDbText
 10
121700
 20
-9700
 30
0
 40
250
  1
1
100
AcDbText
  0
TEXT
  5
5D4
100
AcDbEntity
  8
0
100
AcDbText
 10
122700
 20
-9700
 30
0
 40
250
  1
2
100
AcDbText
  0
TEXT
  5
5D5
100
AcDbEntity
  8
0
100
AcDbText
 10
125700
 20
-9700
 30
0
 40
250
  1
5
100
AcDbText
  0
TEXT
  5
5D6
100
AcDbEntity
  8
0
100
AcDbText
 10
130700
 20
-9700
 30
0
 40
250
  1
10
100
AcDbText
  0
TEXT
  5
5D7
100
AcDbEntity
  8
0
100
AcDbText
 10
131400
 20
-9700
 30
0
 40
250
  1
m
100
AcDbText
  0
TEXT
  5
5D8
100
AcDbEntity
  8
0
100
AcDbText
 10
120800
 20
-9200
 30
0
 40
250
  1
SCALE BAR 1:100
100
AcDbText
  0
LWPOLYLINE
  5
5D9
100
AcDbEntity
  8
0
100
AcDbPolyline
 90
4
 70
1
 10
169200
 20
25700
 10
169800
 20
27500
 10
169200
 20
27100
 10
168600
 20
27500
  0
TEXT
  5
5DA
100
AcDbEntity
  8
0
100
AcDbText
 10
169050
 20
27800
 30
0
 40
400
  1
N
100
AcDbText
  0
TEXT
  5
5DB
100
AcDbEntity
  8
0
100
AcDbText
 10
151200
 20
26700
 30
0
 40
250
  1
GENERAL NOTES
100
AcDbText
  0
TEXT
  5
5DC
100
AcDbEntity
  8
0
100
AcDbText
 10
151200
 20
26100
 30
0
 40
250
  1
1. ALL DIMENSIONS ARE IN MILLIMETRES.
100
AcDbText
  0
TEXT
  5
5DD
100
AcDbEntity
  8
0
100
AcDbText
 10
151200
 20
25500
 30
0
 40
250
  1
2. SLAB THICKNESS 150 UNLESS NOTED.
100
AcDbText
  0
TEXT
  5
5DE
100
AcDbEntity
  8
0
100
AcDbText
 10
151200
 20
24900
 30
0
 40
250
  1
3. COLUMNS 230 X 230 TO ENGINEER'S DETAILS.
100
AcDbText
  0
TEXT
  5
5DF
100
AcDbEntity
  8
0
100
AcDbText
 10
151200
 20
24300
 30
0
 40
250
  1
4. WINDOW SILL LEVEL 900 ABOVE FFL.
100
AcDbText
  0
TEXT
  5
5E0
100
AcDbEntity
  8
0
100
AcDbText
 10
151200
 20
23700
 30
0
 40
250
  1
5. DOOR HEIGHT 2100 UNLESS NOTED.
100
AcDbText
  0
TEXT
  5
5E1
100
AcDbEntity
  8
0
100
AcDbText
 10
151200
 20
23100
 30
0
 40
250
  1
6. CONCRETE GRADE 25 COVER 40.
100
AcDbText
  0
TEXT
  5
5E2
100
AcDbEntity
  8
0
100
AcDbText
 10
151200
 20
22500
 30
0
 40
250
  1
7. LINTEL 225 X 150 OVER ALL OPENINGS.
100
AcDbText
  0
TEXT
  5
5E3
100
AcDbEntity
  8
0
100
AcDbText
 10
151200
 20
21900
 30
0
 40
250
  1
8. DO NOT SCALE OFF THIS DRAWING.
100
AcDbText
  0
LWPOLYLINE
  5
5E4
100
AcDbEntity
  8
WIND
100
AcDbPolyline
 90
4
 70
1
 10
182940
 20
3400
 10
183060
 20
3400
 10
183060
 20
4600
 10
182940
 20
4600
  0
LWPOLYLINE
  5
5E5
100
AcDbEntity
  8
WIND
100
AcDbPolyline
 90
4
 70
1
 10
182940
 20
11400
 10
183060
 20
11400
 10
183060
 20
12600
 10
182940
 20
12600
  0
LWPOLYLINE
  5
5E6
100
AcDbEntity
  8
WIND
100
AcDbPolyline
 90
4
 70
1
 10
182940
 20
19400
 10
183060
 20
19400
 10
183060
 20
20600
 10
182940
 20
20600
  0
LWPOLYLINE
  5
5E7
100
AcDbEntity
  8
WIND
100
AcDbPolyline
 90
4
 70
1
 10
206940
 20
3400
 10
207060
 20
3400
 10
207060
 20
4600
 10
206940
 20
4600
  0
LWPOLYLINE
  5
5E8
100
AcDbEntity
  8
WIND
100
AcDbPolyline
 90
4
 70
1
 10
206940
 20
11400
 10
207060
 20
11400
 10
207060
 20
12600
 10
206940
 20
12600
  0
LWPOLYLINE
  5
5E9
100
AcDbEntity
  8
WIND
100
AcDbPolyline
 90
4
 70
1
 10
206940
 20
19400
 10
207060
 20
19400
 10
207060
 20
20600
 10
206940
 20
20600
  0
LWPOLYLINE
  5
5EA
100
AcDbEntity
  8
WIND
100
AcDbPolyline
 90
4
 70
1
 10
184400
 20
-60
 10
185600
 20
-60
 10
185600
 20
60
 10
184400
 20
60
  0
LWPOLYLINE
  5
5EB
100
AcDbEntity
  8
WIND
100
AcDbPolyline
 90
4
 70
1
 10
188400
 20
-60
 10
189600
 20
-60
 10
189600
 20
60
 10
188400
 20
60
  0
LWPOLYLINE
  5
5EC
100
AcDbEntity
  8
WIND
100
AcDbPolyline
 90
4
 70
1
 10
192400
 20
-60
 10
193600
 20
-60
 10
193600
 20
60
 10
192400
 20
60
  0
LWPOLYLINE
  5
5ED
100
AcDbEntity
  8
WIND
100
AcDbPolyline
 90
4
 70
1
 10
196400
 20
-60
 10
197600
 20
-60
 10
197600
 20
60
 10
196400
 20
60
  0
LWPOLYLINE
  5
5EE
100
AcDbEntity
  8
WIND
100
AcDbPolyline
 90
4
 70
1
 10
200400
 20
-60
 10
201600
 20
-60
 10
201600
 20
60
 10
200400
 20
60
  0
LWPOLYLINE
  5
5EF
100
AcDbEntity
  8
WIND
100
AcDbPolyline
 90
4
 70
1
 10
204400
 20
-60
 10
205600
 20
-60
 10
205600
 20
60
 10
204400
 20
60
  0
LWPOLYLINE
  5
5F0
100
AcDbEntity
  8
WIND
100
AcDbPolyline
 90
4
 70
1
 10
184400
 20
23940
 10
185600
 20
23940
 10
185600
 20
24060
 10
184400
 20
24060
  0
LWPOLYLINE
  5
5F1
100
AcDbEntity
  8
WIND
100
AcDbPolyline
 90
4
 70
1
 10
188400
 20
23940
 10
189600
 20
23940
 10
189600
 20
24060
 10
188400
 20
24060
  0
LWPOLYLINE
  5
5F2
100
AcDbEntity
  8
WIND
100
AcDbPolyline
 90
4
 70
1
 10
192400
 20
23940
 10
193600
 20
23940
 10
193600
 20
24060
 10
192400
 20
24060
  0
LWPOLYLINE
  5
5F3
100
AcDbEntity
  8
WIND
100
AcDbPolyline
 90
4
 70
1
 10
196400
 20
23940
 10
197600
 20
23940
 10
197600
 20
24060
 10
196400
 20
24060
  0
LWPOLYLINE
  5
5F4
100
AcDbEntity
  8
WIND
100
AcDbPolyline
 90
4
 70
1
 10
200400
 20
23940
 10
201600
 20
23940
 10
201600
 20
24060
 10
200400
 20
24060
  0
LWPOLYLINE
  5
5F5
100
AcDbEntity
  8
WIND
100
AcDbPolyline
 90
4
 70
1
 10
204400
 20
23940
 10
205600
 20
23940
 10
205600
 20
24060
 10
204400
 20
24060
  0
ARC
  5
5F6
100
AcDbEntity
  8
DOOR
100
AcDbCircle
 10
187000
 20
3550
 30
0
 40
900
100
AcDbArc
 50
90
 51
180
  0
LINE
  5
5F7
100
AcDbEntity
  8
DOOR
100
AcDbLine
 10
187000
 20
3550
 30
0
 11
186100
 21
3550
 31
0
  0
ARC
  5
5F8
100
AcDbEntity
  8
DOOR
100
AcDbCircle
 10
187000
 20
11550
 30
0
 40
900
100
AcDbArc
 50
90
 51
180
  0
LINE
  5
5F9
100
AcDbEntity
  8
DOOR
100
AcDbLine
 10
187000
 20
11550
 30
0
 11
186100
 21
11550
 31
0
  0
ARC
  5
5FA
100
AcDbEntity
  8
DOOR
100
AcDbCircle
 10
187000
 20
19550
 30
0
 40
900
100
AcDbArc
 50
90
 51
180
  0
LINE
  5
5FB
100
AcDbEntity
  8
DOOR
100
AcDbLine
 10
187000
 20
19550
 30
0
 11
186100
 21
19550
 31
0
  0
ARC
  5
5FC
100
AcDbEntity
  8
DOOR
100
AcDbCircle
 10
191000
 20
3550
 30
0
 40
900
100
AcDbArc
 50
90
 51
180
  0
LINE
  5
5FD
100
AcDbEntity
  8
DOOR
100
AcDbLine
 10
191000
 20
3550
 30
0
 11
190100
 21
3550
 31
0
  0
ARC
  5
5FE
100
AcDbEntity
  8
DOOR
100
AcDbCircle
 10
191000
 20
11550
 30
0
 40
900
100
AcDbArc
 50
90
 51
180
  0
LINE
  5
5FF
100
AcDbEntity
  8
DOOR
100
AcDbLine
 10
191000
 20
11550
 30
0
 11
190100
 21
11550
 31
0
  0
ARC
  5
600
100
AcDbEntity
  8
DOOR
100
AcDbCircle
 10
191000
 20
19550
 30
0
 40
900
100
AcDbArc
 50
90
 51
180
  0
LINE
  5
601
100
AcDbEntity
  8
DOOR
100
AcDbLine
 10
191000
 20
19550
 30
0
 11
190100
 21
19550
 31
0
  0
ARC
  5
602
100
AcDbEntity
  8
DOOR
100
AcDbCircle
 10
199000
 20
3550
 30
0
 40
900
100
AcDbArc
 50
90
 51
180
  0
LINE
  5
603
100
AcDbEntity
  8
DOOR
100
AcDbLine
 10
199000
 20
3550
 30
0
 11
198100
 21
3550
 31
0
  0
ARC
  5
604
100
AcDbEntity
  8
DOOR
100
AcDbCircle
 10
199000
 20
11550
 30
0
 40
900
100
AcDbArc
 50
90
 51
180
  0
LINE
  5
605
100
AcDbEntity
  8
DOOR
100
AcDbLine
 10
199000
 20
11550
 30
0
 11
198100
 21
11550
 31
0
  0
ARC
  5
606
100
AcDbEntity
  8
DOOR
100
AcDbCircle
 10
199000
 20
19550
 30
0
 40
900
100
AcDbArc
 50
90
 51
180
  0
LINE
  5
607
100
AcDbEntity
  8
DOOR
100
AcDbLine
 10
199000
 20
19550
 30
0
 11
198100
 21
19550
 31
0
  0
ARC
  5
608
100
AcDbEntity
  8
DOOR
100
AcDbCircle
 10
203000
 20
3550
 30
0
 40
900
100
AcDbArc
 50
90
 51
180
  0
LINE
  5
609
100
AcDbEntity
  8
DOOR
100
AcDbLine
 10
203000
 20
3550
 30
0
 11
202100
 21
3550
 31
0
  0
ARC
  5
60A
100
AcDbEntity
  8
DOOR
100
AcDbCircle
 10
203000
 20
11550
 30
0
 40
900
100
AcDbArc
 50
90
 51
180
  0
LINE
  5
60B
100
AcDbEntity
  8
DOOR
100
AcDbLine
 10
203000
 20
11550
 30
0
 11
202100
 21
11550
 31
0
  0
ARC
  5
60C
100
AcDbEntity
  8
DOOR
100
AcDbCircle
 10
203000
 20
19550
 30
0
 40
900
100
AcDbArc
 50
90
 51
180
  0
LINE
  5
60D
100
AcDbEntity
  8
DOOR
100
AcDbLine
 10
203000
 20
19550
 30
0
 11
202100
 21
19550
 31
0
  0
ARC
  5
60E
100
AcDbEntity
  8
DOOR
100
AcDbCircle
 10
188550
 20
8000
 30
0
 40
900
100
AcDbArc
 50
0
 51
90
  0
LINE
  5
60F
100
AcDbEntity
  8
DOOR
100
AcDbLine
 10
188550
 20
8000
 30
0
 11
188550
 21
8900
 31
0
  0
ARC
  5
610
100
AcDbEntity
  8
DOOR
100
AcDbCircle
 10
192550
 20
8000
 30
0
 40
900
100
AcDbArc
 50
0
 51
90
  0
LINE
  5
611
100
AcDbEntity
  8
DOOR
100
AcDbLine
 10
192550
 20
8000
 30
0
 11
192550
 21
8900
 31
0
  0
ARC
  5
612
100
AcDbEntity
  8
DOOR
100
AcDbCircle
 10
196550
 20
8000
 30
0
 40
900
100
AcDbArc
 50
0
 51
90
  0
LINE
  5
613
100
AcDbEntity
  8
DOOR
100
AcDbLine
 10
196550
 20
8000
 30
0
 11
196550
 21
8900
 31
0
  0
ARC
  5
614
100
AcDbEntity
  8
DOOR
100
AcDbCircle
 10
200550
 20
8000
 30
0
 40
900
100
AcDbArc
 50
0
 51
90
  0
LINE
  5
615
100
AcDbEntity
  8
DOOR
100
AcDbLine
 10
200550
 20
8000
 30
0
 11
200550
 21
8900
 31
0
  0
ARC
  5
616
100
AcDbEntity
  8
DOOR
100
AcDbCircle
 10
184550
 20
16000
 30
0
 40
900
100
AcDbArc
 50
0
 51
90
  0
LINE
  5
617
100
AcDbEntity
  8
DOOR
100
AcDbLine
 10
184550
 20
16000
 30
0
 11
184550
 21
16900
 31
0
  0
ARC
  5
618
100
AcDbEntity
  8
DOOR
100
AcDbCircle
 10
188550
 20
16000
 30
0
 40
900
100
AcDbArc
 50
0
 51
90
  0
LINE
  5
619
100
AcDbEntity
  8
DOOR
100
AcDbLine
 10
188550
 20
16000
 30
0
 11
188550
 21
16900
 31
0
  0
ARC
  5
61A
100
AcDbEntity
  8
DOOR
100
AcDbCircle
 10
192550
 20
16000
 30
0
 40
900
100
AcDbArc
 50
0
 51
90
  0
LINE
  5
61B
100
AcDbEntity
  8
DOOR
100
AcDbLine
 10
192550
 20
16000
 30
0
 11
192550
 21
16900
 31
0
  0
ARC
  5
61C
100
AcDbEntity
  8
DOOR
100
AcDbCircle
 10
196550
 20
16000
 30
0
 40
900
100
AcDbArc
 50
0
 51
90
  0
LINE
  5
61D
100
AcDbEntity
  8
DOOR
100
AcDbLine
 10
196550
 20
16000
 30
0
 11
196550
 21
16900
 31
0
  0
ARC
  5
61E
100
AcDbEntity
  8
DOOR
100
AcDbCircle
 10
200550
 20
16000
 30
0
 40
900
100
AcDbArc
 50
0
 51
90
  0
LINE
  5
61F
100
AcDbEntity
  8
DOOR
100
AcDbLine
 10
200550
 20
16000
 30
0
 11
200550
 21
16900
 31
0
  0
ARC
  5
620
100
AcDbEntity
  8
DOOR
100
AcDbCircle
 10
204550
 20
16000
 30
0
 40
900
100
AcDbArc
 50
0
 51
90
  0
LINE
  5
621
100
AcDbEntity
  8
DOOR
100
AcDbLine
 10
204550
 20
16000
 30
0
 11
204550
 21
16900
 31
0
  0
LINE
  5
622
100
AcDbEntity
  8
WALL
100
AcDbLine
370
50
 10
182887.5000
 20
0
 30
0
 11
182887.5000
 21
3400
 31
0
  0
LINE
  5
623
100
AcDbEntity
  8
WALL
100
AcDbLine
370
50
 10
183112.5000
 20
3400
 30
0
 11
183112.5000
 21
0
 31
0
  0
LINE
  5
624
100
AcDbEntity
  8
WALL
100
AcDbLine
370
50
 10
182887.5000
 20
4600
 30
0
 11
182887.5000
 21
8000
 31
0
  0
LINE
  5
625
100
AcDbEntity
  8
WALL
100
AcDbLine
370
50
 10
183112.5000
 20
8000
 30
0
 11
183112.5000
 21
4600
 31
0
  0
LINE
  5
626
100
AcDbEntity
  8
WALL
100
AcDbLine
370
50
 10
182887.5000
 20
3400
 30
0
 11
183112.5000
 21
3400
 31
0
  0
LINE
  5
627
100
AcDbEntity
  8
WALL
100
AcDbLine
370
50
 10
182887.5000
 20
4600
 30
0
 11
183112.5000
 21
4600
 31
0
  0
LINE
  5
628
100
AcDbEntity
  8
WALL
100
AcDbLine
370
50
 10
182887.5000
 20
8000
 30
0
 11
182887.5000
 21
11400
 31
0
  0
LINE
  5
629
100
AcDbEntity
  8
WALL
100
AcDbLine
370
50
 10
183112.5000
 20
11400
 30
0
 11
183112.5000
 21
8000
 31
0
  0
LINE
  5
62A
100
AcDbEntity
  8
WALL
100
AcDbLine
370
50
 10
182887.5000
 20
12600
 30
0
 11
182887.5000
 21
16000
 31
0
  0
LINE
  5
62B
100
AcDbEntity
  8
WALL
100
AcDbLine
370
50
 10
183112.5000
 20
16000
 30
0
 11
183112.5000
 21
12600
 31
0
  0
LINE
  5
62C
100
AcDbEntity
  8
WALL
100
AcDbLine
370
50
 10
182887.5000
 20
11400
 30
0
 11
183112.5000
 21
11400
 31
0
  0
LINE
  5
62D
100
AcDbEntity
  8
WALL
100
AcDbLine
370
50
 10
182887.5000
 20
12600
 30
0
 11
183112.5000
 21
12600
 31
0
  0
LINE
  5
62E
100
AcDbEntity
  8
WALL
100
AcDbLine
370
50
 10
182887.5000
 20
16000
 30
0
 11
182887.5000
 21
19400
 31
0
  0
LINE
  5
62F
100
AcDbEntity
  8
WALL
100
AcDbLine
370
50
 10
183112.5000
 20
19400
 30
0
 11
183112.5000
 21
16000
 31
0
  0
LINE
  5
630
100
AcDbEntity
  8
WALL
100
AcDbLine
370
50
 10
182887.5000
 20
20600
 30
0
 11
182887.5000
 21
24000
 31
0
  0
LINE
  5
631
100
AcDbEntity
  8
WALL
100
AcDbLine
370
50
 10
183112.5000
 20
24000
 30
0
 11
183112.5000
 21
20600
 31
0
  0
LINE
  5
632
100
AcDbEntity
  8
WALL
100
AcDbLine
370
50
 10
182887.5000
 20
19400
 30
0
 11
183112.5000
 21
19400
 31
0
  0
LINE
  5
633
100
AcDbEntity
  8
WALL
100
AcDbLine
370
50
 10
182887.5000
 20
20600
 30
0
 11
183112.5000
 21
20600
 31
0
  0
LINE
  5
634
100
AcDbEntity
  8
WALL
100
AcDbLine
370
50
 10
206887.5000
 20
0
 30
0
 11
206887.5000
 21
3400
 31
0
  0
LINE
  5
635
100
AcDbEntity
  8
WALL
100
AcDbLine
370
50
 10
207112.5000
 20
3400
 30
0
 11
207112.5000
 21
0
 31
0
  0
LINE
  5
636
100
AcDbEntity
  8
WALL
100
AcDbLine
370
50
 10
206887.5000
 20
4600
 30
0
 11
206887.5000
 21
8000
 31
0
  0
LINE
  5
637
100
AcDbEntity
  8
WALL
100
AcDbLine
370
50
 10
207112.5000
 20
8000
 30
0
 11
207112.5000
 21
4600
 31
0
  0
LINE
  5
638
100
AcDbEntity
  8
WALL
100
AcDbLine
370
50
 10
206887.5000
 20
3400
 30
0
 11
207112.5000
 21
3400
 31
0
  0
LINE
  5
639
100
AcDbEntity
  8
WALL
100
AcDbLine
370
50
 10
206887.5000
 20
4600
 30
0
 11
207112.5000
 21
4600
 31
0
  0
LINE
  5
63A
100
AcDbEntity
  8
WALL
100
AcDbLine
370
50
 10
206887.5000
 20
8000
 30
0
 11
206887.5000
 21
11400
 31
0
  0
LINE
  5
63B
100
AcDbEntity
  8
WALL
100
AcDbLine
370
50
 10
207112.5000
 20
11400
 30
0
 11
207112.5000
 21
8000
 31
0
  0
LINE
  5
63C
100
AcDbEntity
  8
WALL
100
AcDbLine
370
50
 10
206887.5000
 20
12600
 30
0
 11
206887.5000
 21
16000
 31
0
  0
LINE
  5
63D
100
AcDbEntity
  8
WALL
100
AcDbLine
370
50
 10
207112.5000
 20
16000
 30
0
 11
207112.5000
 21
12600
 31
0
  0
LINE
  5
63E
100
AcDbEntity
  8
WALL
100
AcDbLine
370
50
 10
206887.5000
 20
11400
 30
0
 11
207112.5000
 21
11400
 31
0
  0
LINE
  5
63F
100
AcDbEntity
  8
WALL
100
AcDbLine
370
50
 10
206887.5000
 20
12600
 30
0
 11
207112.5000
 21
12600
 31
0
  0
LINE
  5
640
100
AcDbEntity
  8
WALL
100
AcDbLine
370
50
 10
206887.5000
 20
16000
 30
0
 11
206887.5000
 21
19400
 31
0
  0
LINE
  5
641
100
AcDbEntity
  8
WALL
100
AcDbLine
370
50
 10
207112.5000
 20
19400
 30
0
 11
207112.5000
 21
16000
 31
0
  0
LINE
  5
642
100
AcDbEntity
  8
WALL
100
AcDbLine
370
50
 10
206887.5000
 20
20600
 30
0
 11
206887.5000
 21
24000
 31
0
  0
LINE
  5
643
100
AcDbEntity
  8
WALL
100
AcDbLine
370
50
 10
207112.5000
 20
24000
 30
0
 11
207112.5000
 21
20600
 31
0
  0
LINE
  5
644
100
AcDbEntity
  8
WALL
100
AcDbLine
370
50
 10
206887.5000
 20
19400
 30
0
 11
207112.5000
 21
19400
 31
0
  0
LINE
  5
645
100
AcDbEntity
  8
WALL
100
AcDbLine
370
50
 10
206887.5000
 20
20600
 30
0
 11
207112.5000
 21
20600
 31
0
  0
LINE
  5
646
100
AcDbEntity
  8
WALL
100
AcDbLine
370
50
 10
183000
 20
-112.5000
 30
0
 11
184400
 21
-112.5000
 31
0
  0
LINE
  5
647
100
AcDbEntity
  8
WALL
100
AcDbLine
370
50
 10
184400
 20
112.5000
 30
0
 11
183000
 21
112.5000
 31
0
  0
LINE
  5
648
100
AcDbEntity
  8
WALL
100
AcDbLine
370
50
 10
185600
 20
-112.5000
 30
0
 11
187000
 21
-112.5000
 31
0
  0
LINE
  5
649
100
AcDbEntity
  8
WALL
100
AcDbLine
370
50
 10
187000
 20
112.5000
 30
0
 11
185600
 21
112.5000
 31
0
  0
LINE
  5
64A
100
AcDbEntity
  8
WALL
100
AcDbLine
370
50
 10
184400
 20
-112.5000
 30
0
 11
184400
 21
112.5000
 31
0
  0
LINE
  5
64B
100
AcDbEntity
  8
WALL
100
AcDbLine
370
50
 10
185600
 20
-112.5000
 30
0
 11
185600
 21
112.5000
 31
0
  0
LINE
  5
64C
100
AcDbEntity
  8
WALL
100
AcDbLine
370
50
 10
187000
 20
-112.5000
 30
0
 11
188400
 21
-112.5000
 31
0
  0
LINE
  5
64D
100
AcDbEntity
  8
WALL
100
AcDbLine
370
50
 10
188400
 20
112.5000
 30
0
 11
187000
 21
112.5000
 31
0
  0
LINE
  5
64E
100
AcDbEntity
  8
WALL
100
AcDbLine
370
50
 10
189600
 20
-112.5000
 30
0
 11
191000
 21
-112.5000
 31
0
  0
LINE
  5
64F
100
AcDbEntity
  8
WALL
100
AcDbLine
370
50
 10
191000
 20
112.5000
 30
0
 11
189600
 21
112.5000
 31
0
  0
LINE
  5
650
100
AcDbEntity
  8
WALL
100
AcDbLine
370
50
 10
188400
 20
-112.5000
 30
0
 11
188400
 21
112.5000
 31
0
  0
LINE
  5
651
100
AcDbEntity
  8
WALL
100
AcDbLine
370
50
 10
189600
 20
-112.5000
 30
0
 11
189600
 21
112.5000
 31
0
  0
LINE
  5
652
100
AcDbEntity
  8
WALL
100
AcDbLine
370
50
 10
191000
 20
-112.5000
 30
0
 11
192400
 21
-112.5000
 31
0
  0
LINE
  5
653
100
AcDbEntity
  8
WALL
100
AcDbLine
370
50
 10
192400
 20
112.5000
 30
0
 11
191000
 21
112.5000
 31
0
  0
LINE
  5
654
100
AcDbEntity
  8
WALL
100
AcDbLine
370
50
 10
193600
 20
-112.5000
 30
0
 11
195000
 21
-112.5000
 31
0
  0
LINE
  5
655
100
AcDbEntity
  8
WALL
100
AcDbLine
370
50
 10
195000
 20
112.5000
 30
0
 11
193600
 21
112.5000
 31
0
  0
LINE
  5
656
100
AcDbEntity
  8
WALL
100
AcDbLine
370
50
 10
192400
 20
-112.5000
 30
0
 11
192400
 21
112.5000
 31
0
  0
LINE
  5
657
100
AcDbEntity
  8
WALL
100
AcDbLine
370
50
 10
193600
 20
-112.5000
 30
0
 11
193600
 21
112.5000
 31
0
  0
LINE
  5
658
100
AcDbEntity
  8
WALL
100
AcDbLine
370
50
 10
195000
 20
-112.5000
 30
0
 11
196400
 21
-112.5000
 31
0
  0
LINE
  5
659
100
AcDbEntity
  8
WALL
100
AcDbLine
370
50
 10
196400
 20
112.5000
 30
0
 11
195000
 21
112.5000
 31
0
  0
LINE
  5
65A
100
AcDbEntity
  8
WALL
100
AcDbLine
370
50
 10
197600
 20
-112.5000
 30
0
 11
199000
 21
-112.5000
 31
0
  0
LINE
  5
65B
100
AcDbEntity
  8
WALL
100
AcDbLine
370
50
 10
199000
 20
112.5000
 30
0
 11
197600
 21
112.5000
 31
0
  0
LINE
  5
65C
100
AcDbEntity
  8
WALL
100
AcDbLine
370
50
 10
196400
 20
-112.5000
 30
0
 11
196400
 21
112.5000
 31
0
  0
LINE
  5
65D
100
AcDbEntity
  8
WALL
100
AcDbLine
370
50
 10
197600
 20
-112.5000
 30
0
 11
197600
 21
112.5000
 31
0
  0
LINE
  5
65E
100
AcDbEntity
  8
WALL
100
AcDbLine
370
50
 10
199000
 20
-112.5000
 30
0
 11
200400
 21
-112.5000
 31
0
  0
LINE
  5
65F
100
AcDbEntity
  8
WALL
100
AcDbLine
370
50
 10
200400
 20
112.5000
 30
0
 11
199000
 21
112.5000
 31
0
  0
LINE
  5
660
100
AcDbEntity
  8
WALL
100
AcDbLine
370
50
 10
201600
 20
-112.5000
 30
0
 11
203000
 21
-112.5000
 31
0
  0
LINE
  5
661
100
AcDbEntity
  8
WALL
100
AcDbLine
370
50
 10
203000
 20
112.5000
 30
0
 11
201600
 21
112.5000
 31
0
  0
LINE
  5
662
100
AcDbEntity
  8
WALL
100
AcDbLine
370
50
 10
200400
 20
-112.5000
 30
0
 11
200400
 21
112.5000
 31
0
  0
LINE
  5
663
100
AcDbEntity
  8
WALL
100
AcDbLine
370
50
 10
201600
 20
-112.5000
 30
0
 11
201600
 21
112.5000
 31
0
  0
LINE
  5
664
100
AcDbEntity
  8
WALL
100
AcDbLine
370
50
 10
203000
 20
-112.5000
 30
0
 11
204400
 21
-112.5000
 31
0
  0
LINE
  5
665
100
AcDbEntity
  8
WALL
100
AcDbLine
370
50
 10
204400
 20
112.5000
 30
0
 11
203000
 21
112.5000
 31
0
  0
LINE
  5
666
100
AcDbEntity
  8
WALL
100
AcDbLine
370
50
 10
205600
 20
-112.5000
 30
0
 11
207000
 21
-112.5000
 31
0
  0
LINE
  5
667
100
AcDbEntity
  8
WALL
100
AcDbLine
370
50
 10
207000
 20
112.5000
 30
0
 11
205600
 21
112.5000
 31
0
  0
LINE
  5
668
100
AcDbEntity
  8
WALL
100
AcDbLine
370
50
 10
204400
 20
-112.5000
 30
0
 11
204400
 21
112.5000
 31
0
  0
LINE
  5
669
100
AcDbEntity
  8
WALL
100
AcDbLine
370
50
 10
205600
 20
-112.5000
 30
0
 11
205600
 21
112.5000
 31
0
  0
LINE
  5
66A
100
AcDbEntity
  8
WALL
100
AcDbLine
370
50
 10
183000
 20
23887.5000
 30
0
 11
184400
 21
23887.5000
 31
0
  0
LINE
  5
66B
100
AcDbEntity
  8
WALL
100
AcDbLine
370
50
 10
184400
 20
24112.5000
 30
0
 11
183000
 21
24112.5000
 31
0
  0
LINE
  5
66C
100
AcDbEntity
  8
WALL
100
AcDbLine
370
50
 10
185600
 20
23887.5000
 30
0
 11
187000
 21
23887.5000
 31
0
  0
LINE
  5
66D
100
AcDbEntity
  8
WALL
100
AcDbLine
370
50
 10
187000
 20
24112.5000
 30
0
 11
185600
 21
24112.5000
 31
0
  0
LINE
  5
66E
100
AcDbEntity
  8
WALL
100
AcDbLine
370
50
 10
184400
 20
23887.5000
 30
0
 11
184400
 21
24112.5000
 31
0
  0
LINE
  5
66F
100
AcDbEntity
  8
WALL
100
AcDbLine
370
50
 10
185600
 20
23887.5000
 30
0
 11
185600
 21
24112.5000
 31
0
  0
LINE
  5
670
100
AcDbEntity
  8
WALL
100
AcDbLine
370
50
 10
187000
 20
23887.5000
 30
0
 11
188400
 21
23887.5000
 31
0
  0
LINE
  5
671
100
AcDbEntity
  8
WALL
100
AcDbLine
370
50
 10
188400
 20
24112.5000
 30
0
 11
187000
 21
24112.5000
 31
0
  0
LINE
  5
672
100
AcDbEntity
  8
WALL
100
AcDbLine
370
50
 10
189600
 20
23887.5000
 30
0
 11
191000
 21
23887.5000
 31
0
  0
LINE
  5
673
100
AcDbEntity
  8
WALL
100
AcDbLine
370
50
 10
191000
 20
24112.5000
 30
0
 11
189600
 21
24112.5000
 31
0
  0
LINE
  5
674
100
AcDbEntity
  8
WALL
100
AcDbLine
370
50
 10
188400
 20
23887.5000
 30
0
 11
188400
 21
24112.5000
 31
0
  0
LINE
  5
675
100
AcDbEntity
  8
WALL
100
AcDbLine
370
50
 10
189600
 20
23887.5000
 30
0
 11
189600
 21
24112.5000
 31
0
  0
LINE
  5
676
100
AcDbEntity
  8
WALL
100
AcDbLine
370
50
 10
191000
 20
23887.5000
 30
0
 11
192400
 21
23887.5000
 31
0
  0
LINE
  5
677
100
AcDbEntity
  8
WALL
100
AcDbLine
370
50
 10
192400
 20
24112.5000
 30
0
 11
191000
 21
24112.5000
 31
0
  0
LINE
  5
678
100
AcDbEntity
  8
WALL
100
AcDbLine
370
50
 10
193600
 20
23887.5000
 30
0
 11
195000
 21
23887.5000
 31
0
  0
LINE
  5
679
100
AcDbEntity
  8
WALL
100
AcDbLine
370
50
 10
195000
 20
24112.5000
 30
0
 11
193600
 21
24112.5000
 31
0
  0
LINE
  5
67A
100
AcDbEntity
  8
WALL
100
AcDbLine
370
50
 10
192400
 20
23887.5000
 30
0
 11
192400
 21
24112.5000
 31
0
  0
LINE
  5
67B
100
AcDbEntity
  8
WALL
100
AcDbLine
370
50
 10
193600
 20
23887.5000
 30
0
 11
193600
 21
24112.5000
 31
0
  0
LINE
  5
67C
100
AcDbEntity
  8
WALL
100
AcDbLine
370
50
 10
195000
 20
23887.5000
 30
0
 11
196400
 21
23887.5000
 31
0
  0
LINE
  5
67D
100
AcDbEntity
  8
WALL
100
AcDbLine
370
50
 10
196400
 20
24112.5000
 30
0
 11
195000
 21
24112.5000
 31
0
  0
LINE
  5
67E
100
AcDbEntity
  8
WALL
100
AcDbLine
370
50
 10
197600
 20
23887.5000
 30
0
 11
199000
 21
23887.5000
 31
0
  0
LINE
  5
67F
100
AcDbEntity
  8
WALL
100
AcDbLine
370
50
 10
199000
 20
24112.5000
 30
0
 11
197600
 21
24112.5000
 31
0
  0
LINE
  5
680
100
AcDbEntity
  8
WALL
100
AcDbLine
370
50
 10
196400
 20
23887.5000
 30
0
 11
196400
 21
24112.5000
 31
0
  0
LINE
  5
681
100
AcDbEntity
  8
WALL
100
AcDbLine
370
50
 10
197600
 20
23887.5000
 30
0
 11
197600
 21
24112.5000
 31
0
  0
LINE
  5
682
100
AcDbEntity
  8
WALL
100
AcDbLine
370
50
 10
199000
 20
23887.5000
 30
0
 11
200400
 21
23887.5000
 31
0
  0
LINE
  5
683
100
AcDbEntity
  8
WALL
100
AcDbLine
370
50
 10
200400
 20
24112.5000
 30
0
 11
199000
 21
24112.5000
 31
0
  0
LINE
  5
684
100
AcDbEntity
  8
WALL
100
AcDbLine
370
50
 10
201600
 20
23887.5000
 30
0
 11
203000
 21
23887.5000
 31
0
  0
LINE
  5
685
100
AcDbEntity
  8
WALL
100
AcDbLine
370
50
 10
203000
 20
24112.5000
 30
0
 11
201600
 21
24112.5000
 31
0
  0
LINE
  5
686
100
AcDbEntity
  8
WALL
100
AcDbLine
370
50
 10
200400
 20
23887.5000
 30
0
 11
200400
 21
24112.5000
 31
0
  0
LINE
  5
687
100
AcDbEntity
  8
WALL
100
AcDbLine
370
50
 10
201600
 20
23887.5000
 30
0
 11
201600
 21
24112.5000
 31
0
  0
LINE
  5
688
100
AcDbEntity
  8
WALL
100
AcDbLine
370
50
 10
203000
 20
23887.5000
 30
0
 11
204400
 21
23887.5000
 31
0
  0
LINE
  5
689
100
AcDbEntity
  8
WALL
100
AcDbLine
370
50
 10
204400
 20
24112.5000
 30
0
 11
203000
 21
24112.5000
 31
0
  0
LINE
  5
68A
100
AcDbEntity
  8
WALL
100
AcDbLine
370
50
 10
205600
 20
23887.5000
 30
0
 11
207000
 21
23887.5000
 31
0
  0
LINE
  5
68B
100
AcDbEntity
  8
WALL
100
AcDbLine
370
50
 10
207000
 20
24112.5000
 30
0
 11
205600
 21
24112.5000
 31
0
  0
LINE
  5
68C
100
AcDbEntity
  8
WALL
100
AcDbLine
370
50
 10
204400
 20
23887.5000
 30
0
 11
204400
 21
24112.5000
 31
0
  0
LINE
  5
68D
100
AcDbEntity
  8
WALL
100
AcDbLine
370
50
 10
205600
 20
23887.5000
 30
0
 11
205600
 21
24112.5000
 31
0
  0
LINE
  5
68E
100
AcDbEntity
  8
WALL
100
AcDbLine
370
50
 10
186925
 20
0
 30
0
 11
186925
 21
3550
 31
0
  0
LINE
  5
68F
100
AcDbEntity
  8
WALL
100
AcDbLine
370
50
 10
187075
 20
3550
 30
0
 11
187075
 21
0
 31
0
  0
LINE
  5
690
100
AcDbEntity
  8
WALL
100
AcDbLine
370
50
 10
186925
 20
4450
 30
0
 11
186925
 21
8000
 31
0
  0
LINE
  5
691
100
AcDbEntity
  8
WALL
100
AcDbLine
370
50
 10
187075
 20
8000
 30
0
 11
187075
 21
4450
 31
0
  0
LINE
  5
692
100
AcDbEntity
  8
WALL
100
AcDbLine
370
50
 10
186925
 20
3550
 30
0
 11
187075
 21
3550
 31
0
  0
LINE
  5
693
100
AcDbEntity
  8
WALL
100
AcDbLine
370
50
 10
186925
 20
4450
 30
0
 11
187075
 21
4450
 31
0
  0
LINE
  5
694
100
AcDbEntity
  8
WALL
100
AcDbLine
370
50
 10
186925
 20
8000
 30
0
 11
186925
 21
11550
 31
0
  0
LINE
  5
695
100
AcDbEntity
  8
WALL
100
AcDbLine
370
50
 10
187075
 20
11550
 30
0
 11
187075
 21
8000
 31
0
  0
LINE
  5
696
100
AcDbEntity
  8
WALL
100
AcDbLine
370
50
 10
186925
 20
12450
 30
0
 11
186925
 21
16000
 31
0
  0
LINE
  5
697
100
AcDbEntity
  8
WALL
100
AcDbLine
370
50
 10
187075
 20
16000
 30
0
 11
187075
 21
12450
 31
0
  0
LINE
  5
698
100
AcDbEntity
  8
WALL
100
AcDbLine
370
50
 10
186925
 20
11550
 30
0
 11
187075
 21
11550
 31
0
  0
LINE
  5
699
100
AcDbEntity
  8
WALL
100
AcDbLine
370
50
 10
186925
 20
12450
 30
0
 11
187075
 21
12450
 31
0
  0
LINE
  5
69A
100
AcDbEntity
  8
WALL
100
AcDbLine
370
50
 10
186925
 20
16000
 30
0
 11
186925
 21
19550
 31
0
  0
LINE
  5
69B
100
AcDbEntity
  8
WALL
100
AcDbLine
370
50
 10
187075
 20
19550
 30
0
 11
187075
 21
16000
 31
0
  0
LINE
  5
69C
100
AcDbEntity
  8
WALL
100
AcDbLine
370
50
 10
186925
 20
20450
 30
0
 11
186925
 21
24000
 31
0
  0
LINE
  5
69D
100
AcDbEntity
  8
WALL
100
AcDbLine
370
50
 10
187075
 20
24000
 30
0
 11
187075
 21
20450
 31
0
  0
LINE
  5
69E
100
AcDbEntity
  8
WALL
100
AcDbLine
370
50
 10
186925
 20
19550
 30
0
 11
187075
 21
19550
 31
0
  0
LINE
  5
69F
100
AcDbEntity
  8
WALL
100
AcDbLine
370
50
 10
186925
 20
20450
 30
0
 11
187075
 21
20450
 31
0
  0
LINE
  5
6A0
100
AcDbEntity
  8
WALL
100
AcDbLine
370
50
 10
190925
 20
0
 30
0
 11
190925
 21
3550
 31
0
  0
LINE
  5
6A1
100
AcDbEntity
  8
WALL
100
AcDbLine
370
50
 10
191075
 20
3550
 30
0
 11
191075
 21
0
 31
0
  0
LINE
  5
6A2
100
AcDbEntity
  8
WALL
100
AcDbLine
370
50
 10
190925
 20
4450
 30
0
 11
190925
 21
8000
 31
0
  0
LINE
  5
6A3
100
AcDbEntity
  8
WALL
100
AcDbLine
370
50
 10
191075
 20
8000
 30
0
 11
191075
 21
4450
 31
0
  0
LINE
  5
6A4
100
AcDbEntity
  8
WALL
100
AcDbLine
370
50
 10
190925
 20
3550
 30
0
 11
191075
 21
3550
 31
0
  0
LINE
  5
6A5
100
AcDbEntity
  8
WALL
100
AcDbLine
370
50
 10
190925
 20
4450
 30
0
 11
191075
 21
4450
 31
0
  0
LINE
  5
6A6
100
AcDbEntity
  8
WALL
100
AcDbLine
370
50
 10
190925
 20
8000
 30
0
 11
190925
 21
11550
 31
0
  0
LINE
  5
6A7
100
AcDbEntity
  8
WALL
100
AcDbLine
370
50
 10
191075
 20
11550
 30
0
 11
191075
 21
8000
 31
0
  0
LINE
  5
6A8
100
AcDbEntity
  8
WALL
100
AcDbLine
370
50
 10
190925
 20
12450
 30
0
 11
190925
 21
16000
 31
0
  0
LINE
  5
6A9
100
AcDbEntity
  8
WALL
100
AcDbLine
370
50
 10
191075
 20
16000
 30
0
 11
191075
 21
12450
 31
0
  0
LINE
  5
6AA
100
AcDbEntity
  8
WALL
100
AcDbLine
370
50
 10
190925
 20
11550
 30
0
 11
191075
 21
11550
 31
0
  0
LINE
  5
6AB
100
AcDbEntity
  8
WALL
100
AcDbLine
370
50
 10
190925
 20
12450
 30
0
 11
191075
 21
12450
 31
0
  0
LINE
  5
6AC
100
AcDbEntity
  8
WALL
100
AcDbLine
370
50
 10
190925
 20
16000
 30
0
 11
190925
 21
19550
 31
0
  0
LINE
  5
6AD
100
AcDbEntity
  8
WALL
100
AcDbLine
370
50
 10
191075
 20
19550
 30
0
 11
191075
 21
16000
 31
0
  0
LINE
  5
6AE
100
AcDbEntity
  8
WALL
100
AcDbLine
370
50
 10
190925
 20
20450
 30
0
 11
190925
 21
24000
 31
0
  0
LINE
  5
6AF
100
AcDbEntity
  8
WALL
100
AcDbLine
370
50
 10
191075
 20
24000
 30
0
 11
191075
 21
20450
 31
0
  0
LINE
  5
6B0
100
AcDbEntity
  8
WALL
100
AcDbLine
370
50
 10
190925
 20
19550
 30
0
 11
191075
 21
19550
 31
0
  0
LINE
  5
6B1
100
AcDbEntity
  8
WALL
100
AcDbLine
370
50
 10
190925
 20
20450
 30
0
 11
191075
 21
20450
 31
0
  0
LINE
  5
6B2
100
AcDbEntity
  8
WALL
100
AcDbLine
370
50
 10
194925
 20
0
 30
0
 11
194925
 21
8000
 31
0
  0
LINE
  5
6B3
100
AcDbEntity
  8
WALL
100
AcDbLine
370
50
 10
195075
 20
8000
 30
0
 11
195075
 21
0
 31
0
  0
LINE
  5
6B4
100
AcDbEntity
  8
WALL
100
AcDbLine
370
50
 10
194925
 20
8000
 30
0
 11
194925
 21
16000
 31
0
  0
LINE
  5
6B5
100
AcDbEntity
  8
WALL
100
AcDbLine
370
50
 10
195075
 20
16000
 30
0
 11
195075
 21
8000
 31
0
  0
LINE
  5
6B6
100
AcDbEntity
  8
WALL
100
AcDbLine
370
50
 10
194925
 20
16000
 30
0
 11
194925
 21
24000
 31
0
  0
LINE
  5
6B7
100
AcDbEntity
  8
WALL
100
AcDbLine
370
50
 10
195075
 20
24000
 30
0
 11
195075
 21
16000
 31
0
  0
LINE
  5
6B8
100
AcDbEntity
  8
WALL
100
AcDbLine
370
50
 10
198925
 20
0
 30
0
 11
198925
 21
3550
 31
0
  0
LINE
  5
6B9
100
AcDbEntity
  8
WALL
100
AcDbLine
370
50
 10
199075
 20
3550
 30
0
 11
199075
 21
0
 31
0
  0
LINE
  5
6BA
100
AcDbEntity
  8
WALL
100
AcDbLine
370
50
 10
198925
 20
4450
 30
0
 11
198925
 21
8000
 31
0
  0
LINE
  5
6BB
100
AcDbEntity
  8
WALL
100
AcDbLine
370
50
 10
199075
 20
8000
 30
0
 11
199075
 21
4450
 31
0
  0
LINE
  5
6BC
100
AcDbEntity
  8
WALL
100
AcDbLine
370
50
 10
198925
 20
3550
 30
0
 11
199075
 21
3550
 31
0
  0
LINE
  5
6BD
100
AcDbEntity
  8
WALL
100
AcDbLine
370
50
 10
198925
 20
4450
 30
0
 11
199075
 21
4450
 31
0
  0
LINE
  5
6BE
100
AcDbEntity
  8
WALL
100
AcDbLine
370
50
 10
198925
 20
8000
 30
0
 11
198925
 21
11550
 31
0
  0
LINE
  5
6BF
100
AcDbEntity
  8
WALL
100
AcDbLine
370
50
 10
199075
 20
11550
 30
0
 11
199075
 21
8000
 31
0
  0
LINE
  5
6C0
100
AcDbEntity
  8
WALL
100
AcDbLine
370
50
 10
198925
 20
12450
 30
0
 11
198925
 21
16000
 31
0
  0
LINE
  5
6C1
100
AcDbEntity
  8
WALL
100
AcDbLine
370
50
 10
199075
 20
16000
 30
0
 11
199075
 21
12450
 31
0
  0
LINE
  5
6C2
100
AcDbEntity
  8
WALL
100
AcDbLine
370
50
 10
198925
 20
11550
 30
0
 11
199075
 21
11550
 31
0
  0
LINE
  5
6C3
100
AcDbEntity
  8
WALL
100
AcDbLine
370
50
 10
198925
 20
12450
 30
0
 11
199075
 21
12450
 31
0
  0
LINE
  5
6C4
100
AcDbEntity
  8
WALL
100
AcDbLine
370
50
 10
198925
 20
16000
 30
0
 11
198925
 21
19550
 31
0
  0
LINE
  5
6C5
100
AcDbEntity
  8
WALL
100
AcDbLine
370
50
 10
199075
 20
19550
 30
0
 11
199075
 21
16000
 31
0
  0
LINE
  5
6C6
100
AcDbEntity
  8
WALL
100
AcDbLine
370
50
 10
198925
 20
20450
 30
0
 11
198925
 21
24000
 31
0
  0
LINE
  5
6C7
100
AcDbEntity
  8
WALL
100
AcDbLine
370
50
 10
199075
 20
24000
 30
0
 11
199075
 21
20450
 31
0
  0
LINE
  5
6C8
100
AcDbEntity
  8
WALL
100
AcDbLine
370
50
 10
198925
 20
19550
 30
0
 11
199075
 21
19550
 31
0
  0
LINE
  5
6C9
100
AcDbEntity
  8
WALL
100
AcDbLine
370
50
 10
198925
 20
20450
 30
0
 11
199075
 21
20450
 31
0
  0
LINE
  5
6CA
100
AcDbEntity
  8
WALL
100
AcDbLine
370
50
 10
202925
 20
0
 30
0
 11
202925
 21
3550
 31
0
  0
LINE
  5
6CB
100
AcDbEntity
  8
WALL
100
AcDbLine
370
50
 10
203075
 20
3550
 30
0
 11
203075
 21
0
 31
0
  0
LINE
  5
6CC
100
AcDbEntity
  8
WALL
100
AcDbLine
370
50
 10
202925
 20
4450
 30
0
 11
202925
 21
8000
 31
0
  0
LINE
  5
6CD
100
AcDbEntity
  8
WALL
100
AcDbLine
370
50
 10
203075
 20
8000
 30
0
 11
203075
 21
4450
 31
0
  0
LINE
  5
6CE
100
AcDbEntity
  8
WALL
100
AcDbLine
370
50
 10
202925
 20
3550
 30
0
 11
203075
 21
3550
 31
0
  0
LINE
  5
6CF
100
AcDbEntity
  8
WALL
100
AcDbLine
370
50
 10
202925
 20
4450
 30
0
 11
203075
 21
4450
 31
0
  0
LINE
  5
6D0
100
AcDbEntity
  8
WALL
100
AcDbLine
370
50
 10
202925
 20
8000
 30
0
 11
202925
 21
11550
 31
0
  0
LINE
  5
6D1
100
AcDbEntity
  8
WALL
100
AcDbLine
370
50
 10
203075
 20
11550
 30
0
 11
203075
 21
8000
 31
0
  0
LINE
  5
6D2
100
AcDbEntity
  8
WALL
100
AcDbLine
370
50
 10
202925
 20
12450
 30
0
 11
202925
 21
16000
 31
0
  0
LINE
  5
6D3
100
AcDbEntity
  8
WALL
100
AcDbLine
370
50
 10
203075
 20
16000
 30
0
 11
203075
 21
12450
 31
0
  0
LINE
  5
6D4
100
AcDbEntity
  8
WALL
100
AcDbLine
370
50
 10
202925
 20
11550
 30
0
 11
203075
 21
11550
 31
0
  0
LINE
  5
6D5
100
AcDbEntity
  8
WALL
100
AcDbLine
370
50
 10
202925
 20
12450
 30
0
 11
203075
 21
12450
 31
0
  0
LINE
  5
6D6
100
AcDbEntity
  8
WALL
100
AcDbLine
370
50
 10
202925
 20
16000
 30
0
 11
202925
 21
19550
 31
0
  0
LINE
  5
6D7
100
AcDbEntity
  8
WALL
100
AcDbLine
370
50
 10
203075
 20
19550
 30
0
 11
203075
 21
16000
 31
0
  0
LINE
  5
6D8
100
AcDbEntity
  8
WALL
100
AcDbLine
370
50
 10
202925
 20
20450
 30
0
 11
202925
 21
24000
 31
0
  0
LINE
  5
6D9
100
AcDbEntity
  8
WALL
100
AcDbLine
370
50
 10
203075
 20
24000
 30
0
 11
203075
 21
20450
 31
0
  0
LINE
  5
6DA
100
AcDbEntity
  8
WALL
100
AcDbLine
370
50
 10
202925
 20
19550
 30
0
 11
203075
 21
19550
 31
0
  0
LINE
  5
6DB
100
AcDbEntity
  8
WALL
100
AcDbLine
370
50
 10
202925
 20
20450
 30
0
 11
203075
 21
20450
 31
0
  0
LINE
  5
6DC
100
AcDbEntity
  8
WALL
100
AcDbLine
370
50
 10
183000
 20
7925
 30
0
 11
187000
 21
7925
 31
0
  0
LINE
  5
6DD
100
AcDbEntity
  8
WALL
100
AcDbLine
370
50
 10
187000
 20
8075
 30
0
 11
183000
 21
8075
 31
0
  0
LINE
  5
6DE
100
AcDbEntity
  8
WALL
100
AcDbLine
370
50
 10
187000
 20
7925
 30
0
 11
188550
 21
7925
 31
0
  0
LINE
  5
6DF
100
AcDbEntity
  8
WALL
100
AcDbLine
370
50
 10
188550
 20
8075
 30
0
 11
187000
 21
8075
 31
0
  0
LINE
  5
6E0
100
AcDbEntity
  8
WALL
100
AcDbLine
370
50
 10
189450
 20
7925
 30
0
 11
191000
 21
7925
 31
0
  0
LINE
  5
6E1
100
AcDbEntity
  8
WALL
100
AcDbLine
370
50
 10
191000
 20
8075
 30
0
 11
189450
 21
8075
 31
0
  0
LINE
  5
6E2
100
AcDbEntity
  8
WALL
100
AcDbLine
370
50
 10
188550
 20
7925
 30
0
 11
188550
 21
8075
 31
0
  0
LINE
  5
6E3
100
AcDbEntity
  8
WALL
100
AcDbLine
370
50
 10
189450
 20
7925
 30
0
 11
189450
 21
8075
 31
0
  0
LINE
  5
6E4
100
AcDbEntity
  8
WALL
100
AcDbLine
370
50
 10
191000
 20
7925
 30
0
 11
192550
 21
7925
 31
0
  0
LINE
  5
6E5
100
AcDbEntity
  8
WALL
100
AcDbLine
370
50
 10
192550
 20
8075
 30
0
 11
191000
 21
8075
 31
0
  0
LINE
  5
6E6
100
AcDbEntity
  8
WALL
100
AcDbLine
370
50
 10
193450
 20
7925
 30
0
 11
195000
 21
7925
 31
0
  0
LINE
  5
6E7
100
AcDbEntity
  8
WALL
100
AcDbLine
370
50
 10
195000
 20
8075
 30
0
 11
193450
 21
8075
 31
0
  0
LINE
  5
6E8
100
AcDbEntity
  8
WALL
100
AcDbLine
370
50
 10
192550
 20
7925
 30
0
 11
192550
 21
8075
 31
0
  0
LINE
  5
6E9
100
AcDbEntity
  8
WALL
100
AcDbLine
370
50
 10
193450
 20
7925
 30
0
 11
193450
 21
8075
 31
0
  0
LINE
  5
6EA
100
AcDbEntity
  8
WALL
100
AcDbLine
370
50
 10
195000
 20
7925
 30
0
 11
196550
 21
7925
 31
0
  0
LINE
  5
6EB
100
AcDbEntity
  8
WALL
100
AcDbLine
370
50
 10
196550
 20
8075
 30
0
 11
195000
 21
8075
 31
0
  0
LINE
  5
6EC
100
AcDbEntity
  8
WALL
100
AcDbLine
370
50
 10
197450
 20
7925
 30
0
 11
199000
 21
7925
 31
0
  0
LINE
  5
6ED
100
AcDbEntity
  8
WALL
100
AcDbLine
370
50
 10
199000
 20
8075
 30
0
 11
197450
 21
8075
 31
0
  0
LINE
  5
6EE
100
AcDbEntity
  8
WALL
100
AcDbLine
370
50
 10
196550
 20
7925
 30
0
 11
196550
 21
8075
 31
0
  0
LINE
  5
6EF
100
AcDbEntity
  8
WALL
100
AcDbLine
370
50
 10
197450
 20
7925
 30
0
 11
197450
 21
8075
 31
0
  0
LINE
  5
6F0
100
AcDbEntity
  8
WALL
100
AcDbLine
370
50
 10
199000
 20
7925
 30
0
 11
200550
 21
7925
 31
0
  0
LINE
  5
6F1
100
AcDbEntity
  8
WALL
100
AcDbLine
370
50
 10
200550
 20
8075
 30
0
 11
199000
 21
8075
 31
0
  0
LINE
  5
6F2
100
AcDbEntity
  8
WALL
100
AcDbLine
370
50
 10
201450
 20
7925
 30
0
 11
203000
 21
7925
 31
0
  0
LINE
  5
6F3
100
AcDbEntity
  8
WALL
100
AcDbLine
370
50
 10
203000
 20
8075
 30
0
 11
201450
 21
8075
 31
0
  0
LINE
  5
6F4
100
AcDbEntity
  8
WALL
100
AcDbLine
370
50
 10
200550
 20
7925
 30
0
 11
200550
 21
8075
 31
0
  0
LINE
  5
6F5
100
AcDbEntity
  8
WALL
100
AcDbLine
370
50
 10
201450
 20
7925
 30
0
 11
201450
 21
8075
 31
0
  0
LINE
  5
6F6
100
AcDbEntity
  8
WALL
100
AcDbLine
370
50
 10
203000
 20
7925
 30
0
 11
207000
 21
7925
 31
0
  0
LINE
  5
6F7
100
AcDbEntity
  8
WALL
100
AcDbLine
370
50
 10
207000
 20
8075
 30
0
 11
203000
 21
8075
 31
0
  0
LINE
  5
6F8
100
AcDbEntity
  8
WALL
100
AcDbLine
370
50
 10
183000
 20
15925
 30
0
 11
184550
 21
15925
 31
0
  0
LINE
  5
6F9
100
AcDbEntity
  8
WALL
100
AcDbLine
370
50
 10
184550
 20
16075
 30
0
 11
183000
 21
16075
 31
0
  0
LINE
  5
6FA
100
AcDbEntity
  8
WALL
100
AcDbLine
370
50
 10
185450
 20
15925
 30
0
 11
187000
 21
15925
 31
0
  0
LINE
  5
6FB
100
AcDbEntity
  8
WALL
100
AcDbLine
370
50
 10
187000
 20
16075
 30
0
 11
185450
 21
16075
 31
0
  0
LINE
  5
6FC
100
AcDbEntity
  8
WALL
100
AcDbLine
370
50
 10
184550
 20
15925
 30
0
 11
184550
 21
16075
 31
0
  0
LINE
  5
6FD
100
AcDbEntity
  8
WALL
100
AcDbLine
370
50
 10
185450
 20
15925
 30
0
 11
185450
 21
16075
 31
0
  0
LINE
  5
6FE
100
AcDbEntity
  8
WALL
100
AcDbLine
370
50
 10
187000
 20
15925
 30
0
 11
188550
 21
15925
 31
0
  0
LINE
  5
6FF
100
AcDbEntity
  8
WALL
100
AcDbLine
370
50
 10
188550
 20
16075
 30
0
 11
187000
 21
16075
 31
0
  0
LINE
  5
700
100
AcDbEntity
  8
WALL
100
AcDbLine
370
50
 10
189450
 20
15925
 30
0
 11
191000
 21
15925
 31
0
  0
LINE
  5
701
100
AcDbEntity
  8
WALL
100
AcDbLine
370
50
 10
191000
 20
16075
 30
0
 11
189450
 21
16075
 31
0
  0
LINE
  5
702
100
AcDbEntity
  8
WALL
100
AcDbLine
370
50
 10
188550
 20
15925
 30
0
 11
188550
 21
16075
 31
0
  0
LINE
  5
703
100
AcDbEntity
  8
WALL
100
AcDbLine
370
50
 10
189450
 20
15925
 30
0
 11
189450
 21
16075
 31
0
  0
LINE
  5
704
100
AcDbEntity
  8
WALL
100
AcDbLine
370
50
 10
191000
 20
15925
 30
0
 11
192550
 21
15925
 31
0
  0
LINE
  5
705
100
AcDbEntity
  8
WALL
100
AcDbLine
370
50
 10
192550
 20
16075
 30
0
 11
191000
 21
16075
 31
0
  0
LINE
  5
706
100
AcDbEntity
  8
WALL
100
AcDbLine
370
50
 10
193450
 20
15925
 30
0
 11
195000
 21
15925
 31
0
  0
LINE
  5
707
100
AcDbEntity
  8
WALL
100
AcDbLine
370
50
 10
195000
 20
16075
 30
0
 11
193450
 21
16075
 31
0
  0
LINE
  5
708
100
AcDbEntity
  8
WALL
100
AcDbLine
370
50
 10
192550
 20
15925
 30
0
 11
192550
 21
16075
 31
0
  0
LINE
  5
709
100
AcDbEntity
  8
WALL
100
AcDbLine
370
50
 10
193450
 20
15925
 30
0
 11
193450
 21
16075
 31
0
  0
LINE
  5
70A
100
AcDbEntity
  8
WALL
100
AcDbLine
370
50
 10
195000
 20
15925
 30
0
 11
196550
 21
15925
 31
0
  0
LINE
  5
70B
100
AcDbEntity
  8
WALL
100
AcDbLine
370
50
 10
196550
 20
16075
 30
0
 11
195000
 21
16075
 31
0
  0
LINE
  5
70C
100
AcDbEntity
  8
WALL
100
AcDbLine
370
50
 10
197450
 20
15925
 30
0
 11
199000
 21
15925
 31
0
  0
LINE
  5
70D
100
AcDbEntity
  8
WALL
100
AcDbLine
370
50
 10
199000
 20
16075
 30
0
 11
197450
 21
16075
 31
0
  0
LINE
  5
70E
100
AcDbEntity
  8
WALL
100
AcDbLine
370
50
 10
196550
 20
15925
 30
0
 11
196550
 21
16075
 31
0
  0
LINE
  5
70F
100
AcDbEntity
  8
WALL
100
AcDbLine
370
50
 10
197450
 20
15925
 30
0
 11
197450
 21
16075
 31
0
  0
LINE
  5
710
100
AcDbEntity
  8
WALL
100
AcDbLine
370
50
 10
199000
 20
15925
 30
0
 11
200550
 21
15925
 31
0
  0
LINE
  5
711
100
AcDbEntity
  8
WALL
100
AcDbLine
370
50
 10
200550
 20
16075
 30
0
 11
199000
 21
16075
 31
0
  0
LINE
  5
712
100
AcDbEntity
  8
WALL
100
AcDbLine
370
50
 10
201450
 20
15925
 30
0
 11
203000
 21
15925
 31
0
  0
LINE
  5
713
100
AcDbEntity
  8
WALL
100
AcDbLine
370
50
 10
203000
 20
16075
 30
0
 11
201450
 21
16075
 31
0
  0
LINE
  5
714
100
AcDbEntity
  8
WALL
100
AcDbLine
370
50
 10
200550
 20
15925
 30
0
 11
200550
 21
16075
 31
0
  0
LINE
  5
715
100
AcDbEntity
  8
WALL
100
AcDbLine
370
50
 10
201450
 20
15925
 30
0
 11
201450
 21
16075
 31
0
  0
LINE
  5
716
100
AcDbEntity
  8
WALL
100
AcDbLine
370
50
 10
203000
 20
15925
 30
0
 11
204550
 21
15925
 31
0
  0
LINE
  5
717
100
AcDbEntity
  8
WALL
100
AcDbLine
370
50
 10
204550
 20
16075
 30
0
 11
203000
 21
16075
 31
0
  0
LINE
  5
718
100
AcDbEntity
  8
WALL
100
AcDbLine
370
50
 10
205450
 20
15925
 30
0
 11
207000
 21
15925
 31
0
  0
LINE
  5
719
100
AcDbEntity
  8
WALL
100
AcDbLine
370
50
 10
207000
 20
16075
 30
0
 11
205450
 21
16075
 31
0
  0
LINE
  5
71A
100
AcDbEntity
  8
WALL
100
AcDbLine
370
50
 10
204550
 20
15925
 30
0
 11
204550
 21
16075
 31
0
  0
LINE
  5
71B
100
AcDbEntity
  8
WALL
100
AcDbLine
370
50
 10
205450
 20
15925
 30
0
 11
205450
 21
16075
 31
0
  0
LWPOLYLINE
  5
71C
100
AcDbEntity
  8
COLUMN
100
AcDbPolyline
 90
4
 70
1
 10
182885
 20
-115
 10
183115
 20
-115
 10
183115
 20
115
 10
182885
 20
115
  0
LWPOLYLINE
  5
71D
100
AcDbEntity
  8
COLUMN
100
AcDbPolyline
 90
4
 70
1
 10
182885
 20
7885
 10
183115
 20
7885
 10
183115
 20
8115
 10
182885
 20
8115
  0
LWPOLYLINE
  5
71E
100
AcDbEntity
  8
COLUMN
100
AcDbPolyline
 90
4
 70
1
 10
182885
 20
15885
 10
183115
 20
15885
 10
183115
 20
16115
 10
182885
 20
16115
  0
LWPOLYLINE
  5
71F
100
AcDbEntity
  8
COLUMN
100
AcDbPolyline
 90
4
 70
1
 10
182885
 20
23885
 10
183115
 20
23885
 10
183115
 20
24115
 10
182885
 20
24115
  0
LWPOLYLINE
  5
720
100
AcDbEntity
  8
COLUMN
100
AcDbPolyline
 90
4
 70
1
 10
186885
 20
-115
 10
187115
 20
-115
 10
187115
 20
115
 10
186885
 20
115
  0
LWPOLYLINE
  5
721
100
AcDbEntity
  8
COLUMN
100
AcDbPolyline
 90
4
 70
1
 10
186885
 20
7885
 10
187115
 20
7885
 10
187115
 20
8115
 10
186885
 20
8115
  0
LWPOLYLINE
  5
722
100
AcDbEntity
  8
COLUMN
100
AcDbPolyline
 90
4
 70
1
 10
186885
 20
15885
 10
187115
 20
15885
 10
187115
 20
16115
 10
186885
 20
16115
  0
LWPOLYLINE
  5
723
100
AcDbEntity
  8
COLUMN
100
AcDbPolyline
 90
4
 70
1
 10
186885
 20
23885
 10
187115
 20
23885
 10
187115
 20
24115
 10
186885
 20
24115
  0
LWPOLYLINE
  5
724
100
AcDbEntity
  8
COLUMN
100
AcDbPolyline
 90
4
 70
1
 10
190885
 20
-115
 10
191115
 20
-115
 10
191115
 20
115
 10
190885
 20
115
  0
LWPOLYLINE
  5
725
100
AcDbEntity
  8
COLUMN
100
AcDbPolyline
 90
4
 70
1
 10
190885
 20
7885
 10
191115
 20
7885
 10
191115
 20
8115
 10
190885
 20
8115
  0
LWPOLYLINE
  5
726
100
AcDbEntity
  8
COLUMN
100
AcDbPolyline
 90
4
 70
1
 10
190885
 20
15885
 10
191115
 20
15885
 10
191115
 20
16115
 10
190885
 20
16115
  0
LWPOLYLINE
  5
727
100
AcDbEntity
  8
COLUMN
100
AcDbPolyline
 90
4
 70
1
 10
190885
 20
23885
 10
191115
 20
23885
 10
191115
 20
24115
 10
190885
 20
24115
  0
LWPOLYLINE
  5
728
100
AcDbEntity
  8
COLUMN
100
AcDbPolyline
 90
4
 70
1
 10
194885
 20
-115
 10
195115
 20
-115
 10
195115
 20
115
 10
194885
 20
115
  0
LWPOLYLINE
  5
729
100
AcDbEntity
  8
COLUMN
100
AcDbPolyline
 90
4
 70
1
 10
194885
 20
7885
 10
195115
 20
7885
 10
195115
 20
8115
 10
194885
 20
8115
  0
LWPOLYLINE
  5
72A
100
AcDbEntity
  8
COLUMN
100
AcDbPolyline
 90
4
 70
1
 10
194885
 20
15885
 10
195115
 20
15885
 10
195115
 20
16115
 10
194885
 20
16115
  0
LWPOLYLINE
  5
72B
100
AcDbEntity
  8
COLUMN
100
AcDbPolyline
 90
4
 70
1
 10
194885
 20
23885
 10
195115
 20
23885
 10
195115
 20
24115
 10
194885
 20
24115
  0
LWPOLYLINE
  5
72C
100
AcDbEntity
  8
COLUMN
100
AcDbPolyline
 90
4
 70
1
 10
198885
 20
-115
 10
199115
 20
-115
 10
199115
 20
115
 10
198885
 20
115
  0
LWPOLYLINE
  5
72D
100
AcDbEntity
  8
COLUMN
100
AcDbPolyline
 90
4
 70
1
 10
198885
 20
7885
 10
199115
 20
7885
 10
199115
 20
8115
 10
198885
 20
8115
  0
LWPOLYLINE
  5
72E
100
AcDbEntity
  8
COLUMN
100
AcDbPolyline
 90
4
 70
1
 10
198885
 20
15885
 10
199115
 20
15885
 10
199115
 20
16115
 10
198885
 20
16115
  0
LWPOLYLINE
  5
72F
100
AcDbEntity
  8
COLUMN
100
AcDbPolyline
 90
4
 70
1
 10
198885
 20
23885
 10
199115
 20
23885
 10
199115
 20
24115
 10
198885
 20
24115
  0
LWPOLYLINE
  5
730
100
AcDbEntity
  8
COLUMN
100
AcDbPolyline
 90
4
 70
1
 10
202885
 20
-115
 10
203115
 20
-115
 10
203115
 20
115
 10
202885
 20
115
  0
LWPOLYLINE
  5
731
100
AcDbEntity
  8
COLUMN
100
AcDbPolyline
 90
4
 70
1
 10
202885
 20
7885
 10
203115
 20
7885
 10
203115
 20
8115
 10
202885
 20
8115
  0
LWPOLYLINE
  5
732
100
AcDbEntity
  8
COLUMN
100
AcDbPolyline
 90
4
 70
1
 10
202885
 20
15885
 10
203115
 20
15885
 10
203115
 20
16115
 10
202885
 20
16115
  0
LWPOLYLINE
  5
733
100
AcDbEntity
  8
COLUMN
100
AcDbPolyline
 90
4
 70
1
 10
202885
 20
23885
 10
203115
 20
23885
 10
203115
 20
24115
 10
202885
 20
24115
  0
LWPOLYLINE
  5
734
100
AcDbEntity
  8
COLUMN
100
AcDbPolyline
 90
4
 70
1
 10
206885
 20
-115
 10
207115
 20
-115
 10
207115
 20
115
 10
206885
 20
115
  0
LWPOLYLINE
  5
735
100
AcDbEntity
  8
COLUMN
100
AcDbPolyline
 90
4
 70
1
 10
206885
 20
7885
 10
207115
 20
7885
 10
207115
 20
8115
 10
206885
 20
8115
  0
LWPOLYLINE
  5
736
100
AcDbEntity
  8
COLUMN
100
AcDbPolyline
 90
4
 70
1
 10
206885
 20
15885
 10
207115
 20
15885
 10
207115
 20
16115
 10
206885
 20
16115
  0
LWPOLYLINE
  5
737
100
AcDbEntity
  8
COLUMN
100
AcDbPolyline
 90
4
 70
1
 10
206885
 20
23885
 10
207115
 20
23885
 10
207115
 20
24115
 10
206885
 20
24115
  0
TEXT
  5
738
100
AcDbEntity
  8
TEXT
100
AcDbText
 10
184518.7500
 20
4018.7500
 30
0
 40
250
  1
LOUNGE
100
AcDbText
  0
TEXT
  5
739
100
AcDbEntity
  8
TEXT
100
AcDbText
 10
188500
 20
4018.7500
 30
0
 40
250
  1
DINING
100
AcDbText
  0
TEXT
  5
73A
100
AcDbEntity
  8
TEXT
100
AcDbText
 10
192500
 20
4018.7500
 30
0
 40
250
  1
KITCHEN
100
AcDbText
  0
TEXT
  5
73B
100
AcDbEntity
  8
TEXT
100
AcDbText
 10
196500
 20
4018.7500
 30
0
 40
250
  1
KITCHEN
100
AcDbText
  0
TEXT
  5
73C
100
AcDbEntity
  8
TEXT
100
AcDbText
 10
200500
 20
4018.7500
 30
0
 40
250
  1
DINING
100
AcDbText
  0
TEXT
  5
73D
100
AcDbEntity
  8
TEXT
100
AcDbText
 10
204481.2500
 20
4018.7500
 30
0
 40
250
  1
LOUNGE
100
AcDbText
  0
TEXT
  5
73E
100
AcDbEntity
  8
TEXT
100
AcDbText
 10
184518.7500
 20
12000
 30
0
 40
250
  1
STORE
100
AcDbText
  0
TEXT
  5
73F
100
AcDbEntity
  8
TEXT
100
AcDbText
 10
188500
 20
12000
 30
0
 40
250
  1
STAIR HALL
100
AcDbText
  0
TEXT
  5
740
100
AcDbEntity
  8
TEXT
100
AcDbText
 10
192500
 20
12000
 30
0
 40
250
  1
DRESSING
100
AcDbText
  0
LWPOLYLINE
  5
741
100
AcDbEntity
  8
SANITARY
100
AcDbPolyline
 90
4
 70
1
 10
191475
 20
15025
 10
191875
 20
15025
 10
191875
 20
15625
 10
191475
 20
15625
  0
TEXT
  5
742
100
AcDbEntity
  8
TEXT
100
AcDbText
 10
196500
 20
12000
 30
0
 40
250
  1
DRESSING
100
AcDbText
  0
LWPOLYLINE
  5
743
100
AcDbEntity
  8
SANITARY
100
AcDbPolyline
 90
4
 70
1
 10
195475
 20
15025
 10
195875
 20
15025
 10
195875
 20
15625
 10
195475
 20
15625
  0
TEXT
  5
744
100
AcDbEntity
  8
TEXT
100
AcDbText
 10
200500
 20
12000
 30
0
 40
250
  1
STAIR HALL
100
AcDbText
  0
TEXT
  5
745
100
AcDbEntity
  8
TEXT
100
AcDbText
 10
204481.2500
 20
12000
 30
0
 40
250
  1
STORE
100
AcDbText
  0
TEXT
  5
746
100
AcDbEntity
  8
TEXT
100
AcDbText
 10
184518.7500
 20
19981.2500
 30
0
 40
250
  1
BEDROOM
100
AcDbText
  0
TEXT
  5
747
100
AcDbEntity
  8
TEXT
100
AcDbText
 10
188500
 20
19981.2500
 30
0
 40
250
  1
BEDROOM
100
AcDbText
  0
TEXT
  5
748
100
AcDbEntity
  8
TEXT
100
AcDbText
 10
192500
 20
19981.2500
 30
0
 40
250
  1
MASTER BEDROOM
100
AcDbText
  0
TEXT
  5
749
100
AcDbEntity
  8
TEXT
100
AcDbText
 10
196500
 20
19981.2500
 30
0
 40
250
  1
MASTER BEDROOM
100
AcDbText
  0
TEXT
  5
74A
100
AcDbEntity
  8
TEXT
100
AcDbText
 10
200500
 20
19981.2500
 30
0
 40
250
  1
BEDROOM
100
AcDbText
  0
TEXT
  5
74B
100
AcDbEntity
  8
TEXT
100
AcDbText
 10
204481.2500
 20
19981.2500
 30
0
 40
250
  1
BEDROOM
100
AcDbText
  0
DIMENSION
  5
74C
100
AcDbEntity
  8
DIM
100
AcDbDimension
  2
*D
 10
183000
 20
-1800
 30
0
 11
195000
 21
-1550
 31
0
 70
33
  1

 42
24000
100
AcDbAlignedDimension
 13
183000
 23
0
 33
0
 14
207000
 24
0
 34
0
  0
DIMENSION
  5
74D
100
AcDbEntity
  8
DIM
100
AcDbDimension
  2
*D
 10
181200
 20
0
 30
0
 11
181450
 21
12000
 31
0
 70
33
  1

 42
24000
100
AcDbAlignedDimension
 13
183000
 23
0
 33
0
 14
183000
 24
24000
 34
0
  0
DIMENSION
  5
74E
100
AcDbEntity
  8
DIM
100
AcDbDimension
  2
*D
 10
183000
 20
25200
 30
0
 11
185000
 21
25450
 31
0
 70
33
  1

 42
4000
100
AcDbAlignedDimension
 13
183000
 23
24000
 33
0
 14
187000
 24
24000
 34
0
  0
DIMENSION
  5
74F
100
AcDbEntity
  8
DIM
100
AcDbDimension
  2
*D
 10
187000
 20
25200
 30
0
 11
189000
 21
25450
 31
0
 70
33
  1

 42
4000
100
AcDbAlignedDimension
 13
187000
 23
24000
 33
0
 14
191000
 24
24000
 34
0
  0
DIMENSION
  5
750
100
AcDbEntity
  8
DIM
100
AcDbDimension
  2
*D
 10
191000
 20
25200
 30
0
 11
193000
 21
25450
 31
0
 70
33
  1

 42
4000
100
AcDbAlignedDimension
 13
191000
 23
24000
 33
0
 14
195000
 24
24000
 34
0
  0
DIMENSION
  5
751
100
AcDbEntity
  8
DIM
100
AcDbDimension
  2
*D
 10
195000
 20
25200
 30
0
 11
197000
 21
25450
 31
0
 70
33
  1

 42
4000
100
AcDbAlignedDimension
 13
195000
 23
24000
 33
0
 14
199000
 24
24000
 34
0
  0
DIMENSION
  5
752
100
AcDbEntity
  8
DIM
100
AcDbDimension
  2
*D
 10
199000
 20
25200
 30
0
 11
201000
 21
25450
 31
0
 70
33
  1

 42
4000
100
AcDbAlignedDimension
 13
199000
 23
24000
 33
0
 14
203000
 24
24000
 34
0
  0
DIMENSION
  5
753
100
AcDbEntity
  8
DIM
100
AcDbDimension
  2
*D
 10
203000
 20
25200
 30
0
 11
205000
 21
25450
 31
0
 70
33
  1

 42
4000
100
AcDbAlignedDimension
 13
203000
 23
24000
 33
0
 14
207000
 24
24000
 34
0
  0
DIMENSION
  5
754
100
AcDbEntity
  8
DIM
100
AcDbDimension
  2
*D
 10
208200
 20
0
 30
0
 11
208450
 21
4000
 31
0
 70
33
  1

 42
8000
100
AcDbAlignedDimension
 13
207000
 23
0
 33
0
 14
207000
 24
8000
 34
0
  0
DIMENSION
  5
755
100
AcDbEntity
  8
DIM
100
AcDbDimension
  2
*D
 10
208200
 20
8000
 30
0
 11
208450
 21
12000
 31
0
 70
33
  1

 42
8000
100
AcDbAlignedDimension
 13
207000
 23
8000
 33
0
 14
207000
 24
16000
 34
0
  0
DIMENSION
  5
756
100
AcDbEntity
  8
DIM
100
AcDbDimension
  2
*D
 10
208200
 20
16000
 30
0
 11
208450
 21
20000
 31
0
 70
33
  1

 42
8000
100
AcDbAlignedDimension
 13
207000
 23
16000
 33
0
 14
207000
 24
24000
 34
0
  0
TEXT
  5
757
100
AcDbEntity
  8
TEXT
100
AcDbText
 10
183000
 20
-3200
 30
0
 40
450
  1
THIRD FLOOR PLAN
100
AcDbText
  0
TEXT
  5
758
100
AcDbEntity
  8
TEXT
100
AcDbText
 10
209600
 20
12000
 30
0
 40
300
  1
+9450
100
AcDbText
  0
TEXT
  5
759
100
AcDbEntity
  8
TEXT
100
AcDbText
 10
183000
 20
-4200
 30
0
 40
250
  1
EACH FLAT OCCUPIES 271 SQUARE METRES ONLY.
100
AcDbText
  0
LINE
  5
75A
100
AcDbEntity
  8
0
100
AcDbLine
 10
178200
 20
-12200
 30
0
 11
231600
 21
-12200
 31
0
  0
LINE
  5
75B
100
AcDbEntity
  8
0
100
AcDbLine
 10
231600
 20
-12200
 30
0
 11
231600
 21
29200
 31
0
  0
LINE
  5
75C
100
AcDbEntity
  8
0
100
AcDbLine
 10
231600
 20
29200
 30
0
 11
178200
 21
29200
 31
0
  0
LINE
  5
75D
100
AcDbEntity
  8
0
100
AcDbLine
 10
178200
 20
29200
 30
0
 11
178200
 21
-12200
 31
0
  0
INSERT
  5
75E
100
AcDbEntity
  8
0
100
AcDbBlockReference
  2
TITLEBLOCK-A1
 10
213600
 20
-12200
 30
0
 41
1
 42
1
 43
1
 50
0
  0
TEXT
  5
75F
100
AcDbEntity
  8
0
100
AcDbText
 10
225900
 20
-8400
 30
0
 40
300
  1
DRAWING: THIRD FLOOR PLAN
100
AcDbText
  0
TEXT
  5
760
100
AcDbEntity
  8
0
100
AcDbText
 10
225900
 20
-9300
 30
0
 40
300
  1
DRG NO A-104
100
AcDbText
  0
LINE
  5
761
100
AcDbEntity
  8
0
100
AcDbLine
 10
180200
 20
-10200
 30
0
 11
190200
 21
-10200
 31
0
  0
LINE
  5
762
100
AcDbEntity
  8
0
100
AcDbLine
 10
180200
 20
-9900
 30
0
 11
190200
 21
-9900
 31
0
  0
LINE
  5
763
100
AcDbEntity
  8
0
100
AcDbLine
 10
180200
 20
-10200
 30
0
 11
180200
 21
-9900
 31
0
  0
LINE
  5
764
100
AcDbEntity
  8
0
100
AcDbLine
 10
181200
 20
-10200
 30
0
 11
181200
 21
-9900
 31
0
  0
LINE
  5
765
100
AcDbEntity
  8
0
100
AcDbLine
 10
182200
 20
-10200
 30
0
 11
182200
 21
-9900
 31
0
  0
LINE
  5
766
100
AcDbEntity
  8
0
100
AcDbLine
 10
183200
 20
-10200
 30
0
 11
183200
 21
-9900
 31
0
  0
LINE
  5
767
100
AcDbEntity
  8
0
100
AcDbLine
 10
184200
 20
-10200
 30
0
 11
184200
 21
-9900
 31
0
  0
LINE
  5
768
100
AcDbEntity
  8
0
100
AcDbLine
 10
185200
 20
-10200
 30
0
 11
185200
 21
-9900
 31
0
  0
LINE
  5
769
100
AcDbEntity
  8
0
100
AcDbLine
 10
186200
 20
-10200
 30
0
 11
186200
 21
-9900
 31
0
  0
LINE
  5
76A
100
AcDbEntity
  8
0
100
AcDbLine
 10
187200
 20
-10200
 30
0
 11
187200
 21
-9900
 31
0
  0
LINE
  5
76B
100
AcDbEntity
  8
0
100
AcDbLine
 10
188200
 20
-10200
 30
0
 11
188200
 21
-9900
 31
0
  0
LINE
  5
76C
100
AcDbEntity
  8
0
100
AcDbLine
 10
189200
 20
-10200
 30
0
 11
189200
 21
-9900
 31
0
  0
LINE
  5
76D
100
AcDbEntity
  8
0
100
AcDbLine
 10
190200
 20
-10200
 30
0
 11
190200
 21
-9900
 31
0
  0
TEXT
  5
76E
100
AcDbEntity
  8
0
100
AcDbText
 10
180100
 20
-9700
 30
0
 40
250
  1
0
100
AcDbText
  0
TEXT
  5
76F
100
AcDbEntity
  8
0
100
AcDbText
 10
181100
 20
-9700
 30
0
 40
250
  1
1
100
AcDbText
  0
TEXT
  5
770
100
AcDbEntity
  8
0
100
AcDbText
 10
182100
 20
-9700
 30
0
 40
250
  1
2
100
AcDbText
  0
TEXT
  5
771
100
AcDbEntity
  8
0
100
AcDbText
 10
185100
 20
-9700
 30
0
 40
250
  1
5
100
AcDbText
  0
TEXT
  5
772
100
AcDbEntity
  8
0
100
AcDbText
 10
190100
 20
-9700
 30
0
 40
250
  1
10
100
AcDbText
  0
TEXT
  5
773
100
AcDbEntity
  8
0
100
AcDbText
 10
190800
 20
-9700
 30
0
 40
250
  1
m
100
AcDbText
  0
TEXT
  5
774
100
AcDbEntity
  8
0
100
AcDbText
 10
180200
 20
-9200
 30
0
 40
250
  1
SCALE BAR 1:100
100
AcDbText
  0
LWPOLYLINE
  5
775
100
AcDbEntity
  8
0
100
AcDbPolyline
 90
4
 70
1
 10
228600
 20
25700
 10
229200
 20
27500
 10
228600
 20
27100
 10
228000
 20
27500
  0
TEXT
  5
776
100
AcDbEntity
  8
0
100
AcDbText
 10
228450
 20
27800
 30
0
 40
400
  1
N
100
AcDbText
  0
TEXT
  5
777
100
AcDbEntity
  8
0
100
AcDbText
 10
210600
 20
26700
 30
0
 40
250
  1
GENERAL NOTES
100
AcDbText
  0
TEXT
  5
778
100
AcDbEntity
  8
0
100
AcDbText
 10
210600
 20
26100
 30
0
 40
250
  1
1. ALL DIMENSIONS ARE IN MILLIMETRES.
100
AcDbText
  0
TEXT
  5
779
100
AcDbEntity
  8
0
100
AcDbText
 10
210600
 20
25500
 30
0
 40
250
  1
2. SLAB THICKNESS 150 UNLESS NOTED.
100
AcDbText
  0
TEXT
  5
77A
100
AcDbEntity
  8
0
100
AcDbText
 10
210600
 20
24900
 30
0
 40
250
  1
3. COLUMNS 230 X 230 TO ENGINEER'S DETAILS.
100
AcDbText
  0
TEXT
  5
77B
100
AcDbEntity
  8
0
100
AcDbText
 10
210600
 20
24300
 30
0
 40
250
  1
4. WINDOW SILL LEVEL 900 ABOVE FFL.
100
AcDbText
  0
TEXT
  5
77C
100
AcDbEntity
  8
0
100
AcDbText
 10
210600
 20
23700
 30
0
 40
250
  1
5. DOOR HEIGHT 2100 UNLESS NOTED.
100
AcDbText
  0
TEXT
  5
77D
100
AcDbEntity
  8
0
100
AcDbText
 10
210600
 20
23100
 30
0
 40
250
  1
6. CONCRETE GRADE 25 COVER 40.
100
AcDbText
  0
TEXT
  5
77E
100
AcDbEntity
  8
0
100
AcDbText
 10
210600
 20
22500
 30
0
 40
250
  1
7. LINTEL 225 X 150 OVER ALL OPENINGS.
100
AcDbText
  0
TEXT
  5
77F
100
AcDbEntity
  8
0
100
AcDbText
 10
210600
 20
21900
 30
0
 40
250
  1
8. DO NOT SCALE OFF THIS DRAWING.
100
AcDbText
  0
LINE
  5
780
100
AcDbEntity
  8
WALL
100
AcDbLine
370
50
 10
240600
 20
0
 30
0
 11
264600
 21
0
 31
0
  0
LINE
  5
781
100
AcDbEntity
  8
WALL
100
AcDbLine
370
50
 10
264600
 20
0
 30
0
 11
264600
 21
13200
 31
0
  0
LINE
  5
782
100
AcDbEntity
  8
WALL
100
AcDbLine
370
50
 10
264600
 20
13200
 30
0
 11
240600
 21
13200
 31
0
  0
LINE
  5
783
100
AcDbEntity
  8
WALL
100
AcDbLine
370
50
 10
240600
 20
13200
 30
0
 11
240600
 21
0
 31
0
  0
LINE
  5
784
100
AcDbEntity
  8
WALL
100
AcDbLine
 10
240600
 20
0
 30
0
 11
264600
 21
0
 31
0
  0
TEXT
  5
785
100
AcDbEntity
  8
TEXT
100
AcDbText
 10
265500
 20
0
 30
0
 40
250
  1
+450 GROUND FLOOR LEVEL
100
AcDbText
  0
LWPOLYLINE
  5
786
100
AcDbEntity
  8
WIND
100
AcDbPolyline
 90
4
 70
1
 10
246000
 20
900
 10
247200
 20
900
 10
247200
 20
2100
 10
246000
 20
2100
  0
LWPOLYLINE
  5
787
100
AcDbEntity
  8
WIND
100
AcDbPolyline
 90
4
 70
1
 10
252000
 20
900
 10
253200
 20
900
 10
253200
 20
2100
 10
252000
 20
2100
  0
LWPOLYLINE
  5
788
100
AcDbEntity
  8
WIND
100
AcDbPolyline
 90
4
 70
1
 10
258000
 20
900
 10
259200
 20
900
 10
259200
 20
2100
 10
258000
 20
2100
  0
LINE
  5
789
100
AcDbEntity
  8
WALL
100
AcDbLine
 10
240600
 20
3000
 30
0
 11
264600
 21
3000
 31
0
  0
TEXT
  5
78A
100
AcDbEntity
  8
TEXT
100
AcDbText
 10
265500
 20
3000
 30
0
 40
250
  1
+3450 FIRST FLOOR SLAB
100
AcDbText
  0
LWPOLYLINE
  5
78B
100
AcDbEntity
  8
WIND
100
AcDbPolyline
 90
4
 70
1
 10
246000
 20
3900
 10
247200
 20
3900
 10
247200
 20
5100
 10
246000
 20
5100
  0
LWPOLYLINE
  5
78C
100
AcDbEntity
  8
WIND
100
AcDbPolyline
 90
4
 70
1
 10
252000
 20
3900
 10
253200
 20
3900
 10
253200
 20
5100
 10
252000
 20
5100
  0
LWPOLYLINE
  5
78D
100
AcDbEntity
  8
WIND
100
AcDbPolyline
 90
4
 70
1
 10
258000
 20
3900
 10
259200
 20
3900
 10
259200
 20
5100
 10
258000
 20
5100
  0
LINE
  5
78E
100
AcDbEntity
  8
WALL
100
AcDbLine
 10
240600
 20
6000
 30
0
 11
264600
 21
6000
 31
0
  0
TEXT
  5
78F
100
AcDbEntity
  8
TEXT
100
AcDbText
 10
265500
 20
6000
 30
0
 40
250
  1
+6450 SECOND FLOOR SLAB
100
AcDbText
  0
LWPOLYLINE
  5
790
100
AcDbEntity
  8
WIND
100
AcDbPolyline
 90
4
 70
1
 10
246000
 20
6900
 10
247200
 20
6900
 10
247200
 20
8100
 10
246000
 20
8100
  0
LWPOLYLINE
  5
791
100
AcDbEntity
  8
WIND
100
AcDbPolyline
 90
4
 70
1
 10
252000
 20
6900
 10
253200
 20
6900
 10
253200
 20
8100
 10
252000
 20
8100
  0
LWPOLYLINE
  5
792
100
AcDbEntity
  8
WIND
100
AcDbPolyline
 90
4
 70
1
 10
258000
 20
6900
 10
259200
 20
6900
 10
259200
 20
8100
 10
258000
 20
8100
  0
LINE
  5
793
100
AcDbEntity
  8
WALL
100
AcDbLine
 10
240600
 20
9000
 30
0
 11
264600
 21
9000
 31
0
  0
TEXT
  5
794
100
AcDbEntity
  8
TEXT
100
AcDbText
 10
265500
 20
9000
 30
0
 40
250
  1
+9450 THIRD FLOOR SLAB
100
AcDbText
  0
LWPOLYLINE
  5
795
100
AcDbEntity
  8
WIND
100
AcDbPolyline
 90
4
 70
1
 10
246000
 20
9900
 10
247200
 20
9900
 10
247200
 20
11100
 10
246000
 20
11100
  0
LWPOLYLINE
  5
796
100
AcDbEntity
  8
WIND
100
AcDbPolyline
 90
4
 70
1
 10
252000
 20
9900
 10
253200
 20
9900
 10
253200
 20
11100
 10
252000
 20
11100
  0
LWPOLYLINE
  5
797
100
AcDbEntity
  8
WIND
100
AcDbPolyline
 90
4
 70
1
 10
258000
 20
9900
 10
259200
 20
9900
 10
259200
 20
11100
 10
258000
 20
11100
  0
LINE
  5
798
100
AcDbEntity
  8
WALL
100
AcDbLine
 10
240600
 20
12000
 30
0
 11
264600
 21
12000
 31
0
  0
TEXT
  5
799
100
AcDbEntity
  8
TEXT
100
AcDbText
 10
265500
 20
12000
 30
0
 40
250
  1
+12450 ROOF LEVEL
100
AcDbText
  0
TEXT
  5
79A
100
AcDbEntity
  8
TEXT
100
AcDbText
 10
240600
 20
-3200
 30
0
 40
450
  1
NORTH ELEVATION
100
AcDbText
  0
LINE
  5
79B
100
AcDbEntity
  8
0
100
AcDbLine
 10
237600
 20
-11200
 30
0
 11
287500
 21
-11200
 31
0
  0
LINE
  5
79C
100
AcDbEntity
  8
0
100
AcDbLine
 10
287500
 20
-11200
 30
0
 11
287500
 21
17200
 31
0
  0
LINE
  5
79D
100
AcDbEntity
  8
0
100
AcDbLine
 10
287500
 20
17200
 30
0
 11
237600
 21
17200
 31
0
  0
LINE
  5
79E
100
AcDbEntity
  8
0
100
AcDbLine
 10
237600
 20
17200
 30
0
 11
237600
 21
-11200
 31
0
  0
INSERT
  5
79F
100
AcDbEntity
  8
0
100
AcDbBlockReference
  2
TITLEBLOCK-A1
 10
269500
 20
-11200
 30
0
 41
1
 42
1
 43
1
 50
0
  0
TEXT
  5
7A0
100
AcDbEntity
  8
0
100
AcDbText
 10
281800
 20
-7400
 30
0
 40
300
  1
DRAWING: NORTH ELEVATION
100
AcDbText
  0
TEXT
  5
7A1
100
AcDbEntity
  8
0
100
AcDbText
 10
281800
 20
-8300
 30
0
 40
300
  1
DRG NO A-105
100
AcDbText
  0
LINE
  5
7A2
100
AcDbEntity
  8
0
100
AcDbLine
 10
239600
 20
-9200
 30
0
 11
249600
 21
-9200
 31
0
  0
LINE
  5
7A3
100
AcDbEntity
  8
0
100
AcDbLine
 10
239600
 20
-8900
 30
0
 11
249600
 21
-8900
 31
0
  0
LINE
  5
7A4
100
AcDbEntity
  8
0
100
AcDbLine
 10
239600
 20
-9200
 30
0
 11
239600
 21
-8900
 31
0
  0
LINE
  5
7A5
100
AcDbEntity
  8
0
100
AcDbLine
 10
240600
 20
-9200
 30
0
 11
240600
 21
-8900
 31
0
  0
LINE
  5
7A6
100
AcDbEntity
  8
0
100
AcDbLine
 10
241600
 20
-9200
 30
0
 11
241600
 21
-8900
 31
0
  0
LINE
  5
7A7
100
AcDbEntity
  8
0
100
AcDbLine
 10
242600
 20
-9200
 30
0
 11
242600
 21
-8900
 31
0
  0
LINE
  5
7A8
100
AcDbEntity
  8
0
100
AcDbLine
 10
243600
 20
-9200
 30
0
 11
243600
 21
-8900
 31
0
  0
LINE
  5
7A9
100
AcDbEntity
  8
0
100
AcDbLine
 10
244600
 20
-9200
 30
0
 11
244600
 21
-8900
 31
0
  0
LINE
  5
7AA
100
AcDbEntity
  8
0
100
AcDbLine
 10
245600
 20
-9200
 30
0
 11
245600
 21
-8900
 31
0
  0
LINE
  5
7AB
100
AcDbEntity
  8
0
100
AcDbLine
 10
246600
 20
-9200
 30
0
 11
246600
 21
-8900
 31
0
  0
LINE
  5
7AC
100
AcDbEntity
  8
0
100
AcDbLine
 10
247600
 20
-9200
 30
0
 11
247600
 21
-8900
 31
0
  0
LINE
  5
7AD
100
AcDbEntity
  8
0
100
AcDbLine
 10
248600
 20
-9200
 30
0
 11
248600
 21
-8900
 31
0
  0
LINE
  5
7AE
100
AcDbEntity
  8
0
100
AcDbLine
 10
249600
 20
-9200
 30
0
 11
249600
 21
-8900
 31
0
  0
TEXT
  5
7AF
100
AcDbEntity
  8
0
100
AcDbText
 10
239500
 20
-8700
 30
0
 40
250
  1
0
100
AcDbText
  0
TEXT
  5
7B0
100
AcDbEntity
  8
0
100
AcDbText
 10
240500
 20
-8700
 30
0
 40
250
  1
1
100
AcDbText
  0
TEXT
  5
7B1
100
AcDbEntity
  8
0
100
AcDbText
 10
241500
 20
-8700
 30
0
 40
250
  1
2
100
AcDbText
  0
TEXT
  5
7B2
100
AcDbEntity
  8
0
100
AcDbText
 10
244500
 20
-8700
 30
0
 40
250
  1
5
100
AcDbText
  0
TEXT
  5
7B3
100
AcDbEntity
  8
0
100
AcDbText
 10
249500
 20
-8700
 30
0
 40
250
  1
10
100
AcDbText
  0
TEXT
  5
7B4
100
AcDbEntity
  8
0
100
AcDbText
 10
250200
 20
-8700
 30
0
 40
250
  1
m
100
AcDbText
  0
TEXT
  5
7B5
100
AcDbEntity
  8
0
100
AcDbText
 10
239600
 20
-8200
 30
0
 40
250
  1
SCALE BAR 1:100
100
AcDbText
  0
LWPOLYLINE
  5
7B6
100
AcDbEntity
  8
0
100
AcDbPolyline
 90
4
 70
1
 10
284500
 20
13700
 10
285100
 20
15500
 10
284500
 20
15100
 10
283900
 20
15500
  0
TEXT
  5
7B7
100
AcDbEntity
  8
0
100
AcDbText
 10
284350
 20
15800
 30
0
 40
400
  1
N
100
AcDbText
  0
TEXT
  5
7B8
100
AcDbEntity
  8
0
100
AcDbText
 10
266500
 20
14700
 30
0
 40
250
  1
GENERAL NOTES
100
AcDbText
  0
TEXT
  5
7B9
100
AcDbEntity
  8
0
100
AcDbText
 10
266500
 20
14100
 30
0
 40
250
  1
1. ALL DIMENSIONS ARE IN MILLIMETRES.
100
AcDbText
  0
TEXT
  5
7BA
100
AcDbEntity
  8
0
100
AcDbText
 10
266500
 20
13500
 30
0
 40
250
  1
2. SLAB THICKNESS 150 UNLESS NOTED.
100
AcDbText
  0
TEXT
  5
7BB
100
AcDbEntity
  8
0
100
AcDbText
 10
266500
 20
12900
 30
0
 40
250
  1
3. COLUMNS 230 X 230 TO ENGINEER'S DETAILS.
100
AcDbText
  0
TEXT
  5
7BC
100
AcDbEntity
  8
0
100
AcDbText
 10
266500
 20
12300
 30
0
 40
250
  1
4. WINDOW SILL LEVEL 900 ABOVE FFL.
100
AcDbText
  0
TEXT
  5
7BD
100
AcDbEntity
  8
0
100
AcDbText
 10
266500
 20
11700
 30
0
 40
250
  1
5. DOOR HEIGHT 2100 UNLESS NOTED.
100
AcDbText
  0
TEXT
  5
7BE
100
AcDbEntity
  8
0
100
AcDbText
 10
266500
 20
11100
 30
0
 40
250
  1
6. CONCRETE GRADE 25 COVER 40.
100
AcDbText
  0
TEXT
  5
7BF
100
AcDbEntity
  8
0
100
AcDbText
 10
266500
 20
10500
 30
0
 40
250
  1
7. LINTEL 225 X 150 OVER ALL OPENINGS.
100
AcDbText
  0
TEXT
  5
7C0
100
AcDbEntity
  8
0
100
AcDbText
 10
266500
 20
9900
 30
0
 40
250
  1
8. DO NOT SCALE OFF THIS DRAWING.
100
AcDbText
  0
LINE
  5
7C1
100
AcDbEntity
  8
WALL
100
AcDbLine
370
50
 10
296500
 20
0
 30
0
 11
320500
 21
0
 31
0
  0
LINE
  5
7C2
100
AcDbEntity
  8
WALL
100
AcDbLine
370
50
 10
320500
 20
0
 30
0
 11
320500
 21
13200
 31
0
  0
LINE
  5
7C3
100
AcDbEntity
  8
WALL
100
AcDbLine
370
50
 10
320500
 20
13200
 30
0
 11
296500
 21
13200
 31
0
  0
LINE
  5
7C4
100
AcDbEntity
  8
WALL
100
AcDbLine
370
50
 10
296500
 20
13200
 30
0
 11
296500
 21
0
 31
0
  0
LINE
  5
7C5
100
AcDbEntity
  8
WALL
100
AcDbLine
370
50
 10
296500
 20
0
 30
0
 11
320500
 21
0
 31
0
  0
LINE
  5
7C6
100
AcDbEntity
  8
WALL
100
AcDbLine
370
50
 10
296500
 20
150
 30
0
 11
320500
 21
150
 31
0
  0
TEXT
  5
7C7
100
AcDbEntity
  8
TEXT
100
AcDbText
 10
321400
 20
0
 30
0
 40
250
  1
+450 GROUND FLOOR LEVEL
100
AcDbText
  0
LINE
  5
7C8
100
AcDbEntity
  8
WALL
100
AcDbLine
370
50
 10
296500
 20
3000
 30
0
 11
320500
 21
3000
 31
0
  0
LINE
  5
7C9
100
AcDbEntity
  8
WALL
100
AcDbLine
370
50
 10
296500
 20
3150
 30
0
 11
320500
 21
3150
 31
0
  0
TEXT
  5
7CA
100
AcDbEntity
  8
TEXT
100
AcDbText
 10
321400
 20
3000
 30
0
 40
250
  1
+3450 FIRST FLOOR SLAB
100
AcDbText
  0
LINE
  5
7CB
100
AcDbEntity
  8
WALL
100
AcDbLine
370
50
 10
296500
 20
6000
 30
0
 11
320500
 21
6000
 31
0
  0
LINE
  5
7CC
100
AcDbEntity
  8
WALL
100
AcDbLine
370
50
 10
296500
 20
6150
 30
0
 11
320500
 21
6150
 31
0
  0
TEXT
  5
7CD
100
AcDbEntity
  8
TEXT
100
AcDbText
 10
321400
 20
6000
 30
0
 40
250
  1
+6450 SECOND FLOOR SLAB
100
AcDbText
  0
LINE
  5
7CE
100
AcDbEntity
  8
WALL
100
AcDbLine
370
50
 10
296500
 20
9000
 30
0
 11
320500
 21
9000
 31
0
  0
LINE
  5
7CF
100
AcDbEntity
  8
WALL
100
AcDbLine
370
50
 10
296500
 20
9150
 30
0
 11
320500
 21
9150
 31
0
  0
TEXT
  5
7D0
100
AcDbEntity
  8
TEXT
100
AcDbText
 10
321400
 20
9000
 30
0
 40
250
  1
+9450 THIRD FLOOR SLAB
100
AcDbText
  0
LINE
  5
7D1
100
AcDbEntity
  8
WALL
100
AcDbLine
370
50
 10
296500
 20
12000
 30
0
 11
320500
 21
12000
 31
0
  0
LINE
  5
7D2
100
AcDbEntity
  8
WALL
100
AcDbLine
370
50
 10
296500
 20
12150
 30
0
 11
320500
 21
12150
 31
0
  0
TEXT
  5
7D3
100
AcDbEntity
  8
TEXT
100
AcDbText
 10
321400
 20
12000
 30
0
 40
250
  1
+12450 ROOF LEVEL
100
AcDbText
  0
TEXT
  5
7D4
100
AcDbEntity
  8
TEXT
100
AcDbText
 10
297500
 20
1500
 30
0
 40
220
  1
19 NOS RISERS OF 158MM EACH AND TREADS OF 275MM
100
AcDbText
  0
TEXT
  5
7D5
100
AcDbEntity
  8
TEXT
100
AcDbText
 10
296500
 20
-3200
 30
0
 40
450
  1
SECTION A-A
100
AcDbText
  0
LINE
  5
7D6
100
AcDbEntity
  8
0
100
AcDbLine
 10
293500
 20
-11200
 30
0
 11
343400
 21
-11200
 31
0
  0
LINE
  5
7D7
100
AcDbEntity
  8
0
100
AcDbLine
 10
343400
 20
-11200
 30
0
 11
343400
 21
17200
 31
0
  0
LINE
  5
7D8
100
AcDbEntity
  8
0
100
AcDbLine
 10
343400
 20
17200
 30
0
 11
293500
 21
17200
 31
0
  0
LINE
  5
7D9
100
AcDbEntity
  8
0
100
AcDbLine
 10
293500
 20
17200
 30
0
 11
293500
 21
-11200
 31
0
  0
INSERT
  5
7DA
100
AcDbEntity
  8
0
100
AcDbBlockReference
  2
TITLEBLOCK-A1
 10
325400
 20
-11200
 30
0
 41
1
 42
1
 43
1
 50
0
  0
TEXT
  5
7DB
100
AcDbEntity
  8
0
100
AcDbText
 10
337700
 20
-7400
 30
0
 40
300
  1
DRAWING: SECTION A-A
100
AcDbText
  0
TEXT
  5
7DC
100
AcDbEntity
  8
0
100
AcDbText
 10
337700
 20
-8300
 30
0
 40
300
  1
DRG NO A-106
100
AcDbText
  0
LINE
  5
7DD
100
AcDbEntity
  8
0
100
AcDbLine
 10
295500
 20
-9200
 30
0
 11
305500
 21
-9200
 31
0
  0
LINE
  5
7DE
100
AcDbEntity
  8
0
100
AcDbLine
 10
295500
 20
-8900
 30
0
 11
305500
 21
-8900
 31
0
  0
LINE
  5
7DF
100
AcDbEntity
  8
0
100
AcDbLine
 10
295500
 20
-9200
 30
0
 11
295500
 21
-8900
 31
0
  0
LINE
  5
7E0
100
AcDbEntity
  8
0
100
AcDbLine
 10
296500
 20
-9200
 30
0
 11
296500
 21
-8900
 31
0
  0
LINE
  5
7E1
100
AcDbEntity
  8
0
100
AcDbLine
 10
297500
 20
-9200
 30
0
 11
297500
 21
-8900
 31
0
  0
LINE
  5
7E2
100
AcDbEntity
  8
0
100
AcDbLine
 10
298500
 20
-9200
 30
0
 11
298500
 21
-8900
 31
0
  0
LINE
  5
7E3
100
AcDbEntity
  8
0
100
AcDbLine
 10
299500
 20
-9200
 30
0
 11
299500
 21
-8900
 31
0
  0
LINE
  5
7E4
100
AcDbEntity
  8
0
100
AcDbLine
 10
300500
 20
-9200
 30
0
 11
300500
 21
-8900
 31
0
  0
LINE
  5
7E5
100
AcDbEntity
  8
0
100
AcDbLine
 10
301500
 20
-9200
 30
0
 11
301500
 21
-8900
 31
0
  0
LINE
  5
7E6
100
AcDbEntity
  8
0
100
AcDbLine
 10
302500
 20
-9200
 30
0
 11
302500
 21
-8900
 31
0
  0
LINE
  5
7E7
100
AcDbEntity
  8
0
100
AcDbLine
 10
303500
 20
-9200
 30
0
 11
303500
 21
-8900
 31
0
  0
LINE
  5
7E8
100
AcDbEntity
  8
0
100
AcDbLine
 10
304500
 20
-9200
 30
0
 11
304500
 21
-8900
 31
0
  0
LINE
  5
7E9
100
AcDbEntity
  8
0
100
AcDbLine
 10
305500
 20
-9200
 30
0
 11
305500
 21
-8900
 31
0
  0
TEXT
  5
7EA
100
AcDbEntity
  8
0
100
AcDbText
 10
295400
 20
-8700
 30
0
 40
250
  1
0
100
AcDbText
  0
TEXT
  5
7EB
100
AcDbEntity
  8
0
100
AcDbText
 10
296400
 20
-8700
 30
0
 40
250
  1
1
100
AcDbText
  0
TEXT
  5
7EC
100
AcDbEntity
  8
0
100
AcDbText
 10
297400
 20
-8700
 30
0
 40
250
  1
2
100
AcDbText
  0
TEXT
  5
7ED
100
AcDbEntity
  8
0
100
AcDbText
 10
300400
 20
-8700
 30
0
 40
250
  1
5
100
AcDbText
  0
TEXT
  5
7EE
100
AcDbEntity
  8
0
100
AcDbText
 10
305400
 20
-8700
 30
0
 40
250
  1
10
100
AcDbText
  0
TEXT
  5
7EF
100
AcDbEntity
  8
0
100
AcDbText
 10
306100
 20
-8700
 30
0
 40
250
  1
m
100
AcDbText
  0
TEXT
  5
7F0
100
AcDbEntity
  8
0
100
AcDbText
 10
295500
 20
-8200
 30
0
 40
250
  1
SCALE BAR 1:100
100
AcDbText
  0
LWPOLYLINE
  5
7F1
100
AcDbEntity
  8
0
100
AcDbPolyline
 90
4
 70
1
 10
340400
 20
13700
 10
341000
 20
15500
 10
340400
 20
15100
 10
339800
 20
15500
  0
TEXT
  5
7F2
100
AcDbEntity
  8
0
100
AcDbText
 10
340250
 20
15800
 30
0
 40
400
  1
N
100
AcDbText
  0
TEXT
  5
7F3
100
AcDbEntity
  8
0
100
AcDbText
 10
322400
 20
14700
 30
0
 40
250
  1
GENERAL NOTES
100
AcDbText
  0
TEXT
  5
7F4
100
AcDbEntity
  8
0
100
AcDbText
 10
322400
 20
14100
 30
0
 40
250
  1
1. ALL DIMENSIONS ARE IN MILLIMETRES.
100
AcDbText
  0
TEXT
  5
7F5
100
AcDbEntity
  8
0
100
AcDbText
 10
322400
 20
13500
 30
0
 40
250
  1
2. SLAB THICKNESS 150 UNLESS NOTED.
100
AcDbText
  0
TEXT
  5
7F6
100
AcDbEntity
  8
0
100
AcDbText
 10
322400
 20
12900
 30
0
 40
250
  1
3. COLUMNS 230 X 230 TO ENGINEER'S DETAILS.
100
AcDbText
  0
TEXT
  5
7F7
100
AcDbEntity
  8
0
100
AcDbText
 10
322400
 20
12300
 30
0
 40
250
  1
4. WINDOW SILL LEVEL 900 ABOVE FFL.
100
AcDbText
  0
TEXT
  5
7F8
100
AcDbEntity
  8
0
100
AcDbText
 10
322400
 20
11700
 30
0
 40
250
  1
5. DOOR HEIGHT 2100 UNLESS NOTED.
100
AcDbText
  0
TEXT
  5
7F9
100
AcDbEntity
  8
0
100
AcDbText
 10
322400
 20
11100
 30
0
 40
250
  1
6. CONCRETE GRADE 25 COVER 40.
100
AcDbText
  0
TEXT
  5
7FA
100
AcDbEntity
  8
0
100
AcDbText
 10
322400
 20
10500
 30
0
 40
250
  1
7. LINTEL 225 X 150 OVER ALL OPENINGS.
100
AcDbText
  0
TEXT
  5
7FB
100
AcDbEntity
  8
0
100
AcDbText
 10
322400
 20
9900
 30
0
 40
250
  1
8. DO NOT SCALE OFF THIS DRAWING.
100
AcDbText
  0
ENDSEC
  0
EOF
