  0
SECTION
  2
HEADER
  9
$ACADVER
  1
AC1015
  9
$INSUNITS
 70
1
  9
$MEASUREMENT
 70
1
  9
$HANDSEED
  5
FFFF
  0
ENDSEC
  0
SECTION
  2
TABLES
  0
TABLE
  2
LTYPE
  5
70E
100
AcDbSymbolTable
 70
1
  0
LTYPE
  5
70F
330
70E
100
AcDbSymbolTableRecord
100
AcDbLinetypeTableRecord
  2
CONTINUOUS
 70
0
  3
Solid line
 72
65
 73
0
 40
0
  0
ENDTAB
  0
TABLE
  2
LAYER
  5
710
100
AcDbSymbolTable
 70
8
  0
LAYER
  5
711
330
710
100
AcDbSymbolTableRecord
100
AcDbLayerTableRecord
  2
0
 70
0
 62
1
  6
CONTINUOUS
  0
LAYER
  5
712
330
710
100
AcDbSymbolTableRecord
100
AcDbLayerTableRecord
  2
WIND
 70
0
 62
2
  6
CONTINUOUS
  0
LAYER
  5
713
330
710
100
AcDbSymbolTableRecord
100
AcDbLayerTableRecord
  2
DOOR
 70
0
 62
3
  6
CONTINUOUS
  0
LAYER
  5
714
330
710
100
AcDbSymbolTableRecord
100
AcDbLayerTableRecord
  2
WALL
 70
0
 62
4
  6
CONTINUOUS
  0
LAYER
  5
715
330
710
100
AcDbSymbolTableRecord
100
AcDbLayerTableRecord
  2
COLUMN
 70
0
 62
5
  6
CONTINUOUS
  0
LAYER
  5
716
330
710
100
AcDbSymbolTableRecord
100
AcDbLayerTableRecord
  2
TEXT
 70
0
 62
6
  6
CONTINUOUS
  0
LAYER
  5
717
330
710
100
AcDbSymbolTableRecord
100
AcDbLayerTableRecord
  2
SANITARY
 70
0
 62
7
  6
CONTINUOUS
  0
LAYER
  5
718
330
710
100
AcDbSymbolTableRecord
100
AcDbLayerTableRecord
  2
DIM
 70
0
 62
1
  6
CONTINUOUS
  0
ENDTAB
  0
TABLE
  2
BLOCK_RECORD
  5
719
100
AcDbSymbolTable
 70
2
  0
BLOCK_RECORD
  5
71A
330
719
100
AcDbSymbolTableRecord
100
AcDbBlockTableRecord
  2
*Model_Space
  0
BLOCK_RECORD
  5
71B
330
719
100
AcDbSymbolTableRecord
100
AcDbBlockTableRecord
  2
*Paper_Space
  0
ENDTAB
  0
ENDSEC
  0
SECTION
  2
BLOCKS
  0
ENDSEC
  0
SECTION
  2
ENTITIES
  0
LWPOLYLINE
  5
100
100
AcDbEntity
  8
WIND
100
AcDbPolyline
 90
4
 70
1
 10
-2.3622
 20
133.8583
 10
2.3622
 20
133.8583
 10
2.3622
 20
181.1024
 10
-2.3622
 20
181.1024
  0
LWPOLYLINE
  5
101
100
AcDbEntity
  8
WIND
100
AcDbPolyline
 90
4
 70
1
 10
-2.3622
 20
448.8189
 10
2.3622
 20
448.8189
 10
2.3622
 20
496.0630
 10
-2.3622
 20
496.0630
  0
LWPOLYLINE
  5
102
100
AcDbEntity
  8
WIND
100
AcDbPolyline
 90
4
 70
1
 10
-2.3622
 20
763.7795
 10
2.3622
 20
763.7795
 10
2.3622
 20
811.0236
 10
-2.3622
 20
811.0236
  0
LWPOLYLINE
  5
103
100
AcDbEntity
  8
WIND
100
AcDbPolyline
 90
4
 70
1
 10
942.5197
 20
133.8583
 10
947.2441
 20
133.8583
 10
947.2441
 20
181.1024
 10
942.5197
 20
181.1024
  0
LWPOLYLINE
  5
104
100
AcDbEntity
  8
WIND
100
AcDbPolyline
 90
4
 70
1
 10
942.5197
 20
448.8189
 10
947.2441
 20
448.8189
 10
947.2441
 20
496.0630
 10
942.5197
 20
496.0630
  0
LWPOLYLINE
  5
105
100
AcDbEntity
  8
WIND
100
AcDbPolyline
 90
4
 70
1
 10
942.5197
 20
763.7795
 10
947.2441
 20
763.7795
 10
947.2441
 20
811.0236
 10
942.5197
 20
811.0236
  0
LWPOLYLINE
  5
106
100
AcDbEntity
  8
WIND
100
AcDbPolyline
 90
4
 70
1
 10
55.1181
 20
-2.3622
 10
102.3622
 20
-2.3622
 10
102.3622
 20
2.3622
 10
55.1181
 20
2.3622
  0
LWPOLYLINE
  5
107
100
AcDbEntity
  8
WIND
100
AcDbPolyline
 90
4
 70
1
 10
212.5984
 20
-2.3622
 10
259.8425
 20
-2.3622
 10
259.8425
 20
2.3622
 10
212.5984
 20
2.3622
  0
LWPOLYLINE
  5
108
100
AcDbEntity
  8
WIND
100
AcDbPolyline
 90
4
 70
1
 10
370.0787
 20
-2.3622
 10
417.3228
 20
-2.3622
 10
417.3228
 20
2.3622
 10
370.0787
 20
2.3622
  0
LWPOLYLINE
  5
109
100
AcDbEntity
  8
WIND
100
AcDbPolyline
 90
4
 70
1
 10
527.5591
 20
-2.3622
 10
574.8031
 20
-2.3622
 10
574.8031
 20
2.3622
 10
527.5591
 20
2.3622
  0
LWPOLYLINE
  5
10A
100
AcDbEntity
  8
WIND
100
AcDbPolyline
 90
4
 70
1
 10
685.0394
 20
-2.3622
 10
732.2835
 20
-2.3622
 10
732.2835
 20
2.3622
 10
685.0394
 20
2.3622
  0
LWPOLYLINE
  5
10B
100
AcDbEntity
  8
WIND
100
AcDbPolyline
 90
4
 70
1
 10
842.5197
 20
-2.3622
 10
889.7638
 20
-2.3622
 10
889.7638
 20
2.3622
 10
842.5197
 20
2.3622
  0
LWPOLYLINE
  5
10C
100
AcDbEntity
  8
WIND
100
AcDbPolyline
 90
4
 70
1
 10
55.1181
 20
942.5197
 10
102.3622
 20
942.5197
 10
102.3622
 20
947.2441
 10
55.1181
 20
947.2441
  0
LWPOLYLINE
  5
10D
100
AcDbEntity
  8
WIND
100
AcDbPolyline
 90
4
 70
1
 10
212.5984
 20
942.5197
 10
259.8425
 20
942.5197
 10
259.8425
 20
947.2441
 10
212.5984
 20
947.2441
  0
LWPOLYLINE
  5
10E
100
AcDbEntity
  8
WIND
100
AcDbPolyline
 90
4
 70
1
 10
370.0787
 20
942.5197
 10
417.3228
 20
942.5197
 10
417.3228
 20
947.2441
 10
370.0787
 20
947.2441
  0
LWPOLYLINE
  5
10F
100
AcDbEntity
  8
WIND
100
AcDbPolyline
 90
4
 70
1
 10
527.5591
 20
942.5197
 10
574.8031
 20
942.5197
 10
574.8031
 20
947.2441
 10
527.5591
 20
947.2441
  0
LWPOLYLINE
  5
110
100
AcDbEntity
  8
WIND
100
AcDbPolyline
 90
4
 70
1
 10
685.0394
 20
942.5197
 10
732.2835
 20
942.5197
 10
732.2835
 20
947.2441
 10
685.0394
 20
947.2441
  0
LWPOLYLINE
  5
111
100
AcDbEntity
  8
WIND
100
AcDbPolyline
 90
4
 70
1
 10
842.5197
 20
942.5197
 10
889.7638
 20
942.5197
 10
889.7638
 20
947.2441
 10
842.5197
 20
947.2441
  0
ARC
  5
112
100
AcDbEntity
  8
DOOR
100
AcDbCircle
 10
157.4803
 20
139.7638
 30
0
 40
35.4331
100
AcDbArc
 50
90
 51
180
  0
LINE
  5
113
100
AcDbEntity
  8
DOOR
100
AcDbLine
 10
157.4803
 20
139.7638
 30
0
 11
122.0472
 21
139.7638
 31
0
  0
ARC
  5
114
100
AcDbEntity
  8
DOOR
100
AcDbCircle
 10
157.4803
 20
454.7244
 30
0
 40
35.4331
100
AcDbArc
 50
90
 51
180
  0
LINE
  5
115
100
AcDbEntity
  8
DOOR
100
AcDbLine
 10
157.4803
 20
454.7244
 30
0
 11
122.0472
 21
454.7244
 31
0
  0
ARC
  5
116
100
AcDbEntity
  8
DOOR
100
AcDbCircle
 10
157.4803
 20
769.6850
 30
0
 40
35.4331
100
AcDbArc
 50
90
 51
180
  0
LINE
  5
117
100
AcDbEntity
  8
DOOR
100
AcDbLine
 10
157.4803
 20
769.6850
 30
0
 11
122.0472
 21
769.6850
 31
0
  0
ARC
  5
118
100
AcDbEntity
  8
DOOR
100
AcDbCircle
 10
314.9606
 20
139.7638
 30
0
 40
35.4331
100
AcDbArc
 50
90
 51
180
  0
LINE
  5
119
100
AcDbEntity
  8
DOOR
100
AcDbLine
 10
314.9606
 20
139.7638
 30
0
 11
279.5276
 21
139.7638
 31
0
  0
ARC
  5
11A
100
AcDbEntity
  8
DOOR
100
AcDbCircle
 10
314.9606
 20
454.7244
 30
0
 40
35.4331
100
AcDbArc
 50
90
 51
180
  0
LINE
  5
11B
100
AcDbEntity
  8
DOOR
100
AcDbLine
 10
314.9606
 20
454.7244
 30
0
 11
279.5276
 21
454.7244
 31
0
  0
ARC
  5
11C
100
AcDbEntity
  8
DOOR
100
AcDbCircle
 10
314.9606
 20
769.6850
 30
0
 40
35.4331
100
AcDbArc
 50
90
 51
180
  0
LINE
  5
11D
100
AcDbEntity
  8
DOOR
100
AcDbLine
 10
314.9606
 20
769.6850
 30
0
 11
279.5276
 21
769.6850
 31
0
  0
ARC
  5
11E
100
AcDbEntity
  8
DOOR
100
AcDbCircle
 10
629.9213
 20
139.7638
 30
0
 40
35.4331
100
AcDbArc
 50
90
 51
180
  0
LINE
  5
11F
100
AcDbEntity
  8
DOOR
100
AcDbLine
 10
629.9213
 20
139.7638
 30
0
 11
594.4882
 21
139.7638
 31
0
  0
ARC
  5
120
100
AcDbEntity
  8
DOOR
100
AcDbCircle
 10
629.9213
 20
454.7244
 30
0
 40
35.4331
100
AcDbArc
 50
90
 51
180
  0
LINE
  5
121
100
AcDbEntity
  8
DOOR
100
AcDbLine
 10
629.9213
 20
454.7244
 30
0
 11
594.4882
 21
454.7244
 31
0
  0
ARC
  5
122
100
AcDbEntity
  8
DOOR
100
AcDbCircle
 10
629.9213
 20
769.6850
 30
0
 40
35.4331
100
AcDbArc
 50
90
 51
180
  0
LINE
  5
123
100
AcDbEntity
  8
DOOR
100
AcDbLine
 10
629.9213
 20
769.6850
 30
0
 11
594.4882
 21
769.6850
 31
0
  0
ARC
  5
124
100
AcDbEntity
  8
DOOR
100
AcDbCircle
 10
787.4016
 20
139.7638
 30
0
 40
35.4331
100
AcDbArc
 50
90
 51
180
  0
LINE
  5
125
100
AcDbEntity
  8
DOOR
100
AcDbLine
 10
787.4016
 20
139.7638
 30
0
 11
751.9685
 21
139.7638
 31
0
  0
ARC
  5
126
100
AcDbEntity
  8
DOOR
100
AcDbCircle
 10
787.4016
 20
454.7244
 30
0
 40
35.4331
100
AcDbArc
 50
90
 51
180
  0
LINE
  5
127
100
AcDbEntity
  8
DOOR
100
AcDbLine
 10
787.4016
 20
454.7244
 30
0
 11
751.9685
 21
454.7244
 31
0
  0
ARC
  5
128
100
AcDbEntity
  8
DOOR
100
AcDbCircle
 10
787.4016
 20
769.6850
 30
0
 40
35.4331
100
AcDbArc
 50
90
 51
180
  0
LINE
  5
129
100
AcDbEntity
  8
DOOR
100
AcDbLine
 10
787.4016
 20
769.6850
 30
0
 11
751.9685
 21
769.6850
 31
0
  0
ARC
  5
12A
100
AcDbEntity
  8
DOOR
100
AcDbCircle
 10
218.5039
 20
314.9606
 30
0
 40
35.4331
100
AcDbArc
 50
0
 51
90
  0
LINE
  5
12B
100
AcDbEntity
  8
DOOR
100
AcDbLine
 10
218.5039
 20
314.9606
 30
0
 11
218.5039
 21
350.3937
 31
0
  0
ARC
  5
12C
100
AcDbEntity
  8
DOOR
100
AcDbCircle
 10
375.9843
 20
314.9606
 30
0
 40
35.4331
100
AcDbArc
 50
0
 51
90
  0
LINE
  5
12D
100
AcDbEntity
  8
DOOR
100
AcDbLine
 10
375.9843
 20
314.9606
 30
0
 11
375.9843
 21
350.3937
 31
0
  0
ARC
  5
12E
100
AcDbEntity
  8
DOOR
100
AcDbCircle
 10
533.4646
 20
314.9606
 30
0
 40
35.4331
100
AcDbArc
 50
0
 51
90
  0
LINE
  5
12F
100
AcDbEntity
  8
DOOR
100
AcDbLine
 10
533.4646
 20
314.9606
 30
0
 11
533.4646
 21
350.3937
 31
0
  0
ARC
  5
130
100
AcDbEntity
  8
DOOR
100
AcDbCircle
 10
690.9449
 20
314.9606
 30
0
 40
35.4331
100
AcDbArc
 50
0
 51
90
  0
LINE
  5
131
100
AcDbEntity
  8
DOOR
100
AcDbLine
 10
690.9449
 20
314.9606
 30
0
 11
690.9449
 21
350.3937
 31
0
  0
ARC
  5
132
100
AcDbEntity
  8
DOOR
100
AcDbCircle
 10
61.0236
 20
629.9213
 30
0
 40
35.4331
100
AcDbArc
 50
0
 51
90
  0
LINE
  5
133
100
AcDbEntity
  8
DOOR
100
AcDbLine
 10
61.0236
 20
629.9213
 30
0
 11
61.0236
 21
665.3543
 31
0
  0
ARC
  5
134
100
AcDbEntity
  8
DOOR
100
AcDbCircle
 10
218.5039
 20
629.9213
 30
0
 40
35.4331
100
AcDbArc
 50
0
 51
90
  0
LINE
  5
135
100
AcDbEntity
  8
DOOR
100
AcDbLine
 10
218.5039
 20
629.9213
 30
0
 11
218.5039
 21
665.3543
 31
0
  0
ARC
  5
136
100
AcDbEntity
  8
DOOR
100
AcDbCircle
 10
375.9843
 20
629.9213
 30
0
 40
35.4331
100
AcDbArc
 50
0
 51
90
  0
LINE
  5
137
100
AcDbEntity
  8
DOOR
100
AcDbLine
 10
375.9843
 20
629.9213
 30
0
 11
375.9843
 21
665.3543
 31
0
  0
ARC
  5
138
100
AcDbEntity
  8
DOOR
100
AcDbCircle
 10
533.4646
 20
629.9213
 30
0
 40
35.4331
100
AcDbArc
 50
0
 51
90
  0
LINE
  5
139
100
AcDbEntity
  8
DOOR
100
AcDbLine
 10
533.4646
 20
629.9213
 30
0
 11
533.4646
 21
665.3543
 31
0
  0
ARC
  5
13A
100
AcDbEntity
  8
DOOR
100
AcDbCircle
 10
690.9449
 20
629.9213
 30
0
 40
35.4331
100
AcDbArc
 50
0
 51
90
  0
LINE
  5
13B
100
AcDbEntity
  8
DOOR
100
AcDbLine
 10
690.9449
 20
629.9213
 30
0
 11
690.9449
 21
665.3543
 31
0
  0
ARC
  5
13C
100
AcDbEntity
  8
DOOR
100
AcDbCircle
 10
848.4252
 20
629.9213
 30
0
 40
35.4331
100
AcDbArc
 50
0
 51
90
  0
LINE
  5
13D
100
AcDbEntity
  8
DOOR
100
AcDbLine
 10
848.4252
 20
629.9213
 30
0
 11
848.4252
 21
665.3543
 31
0
  0
LINE
  5
13E
100
AcDbEntity
  8
WALL
100
AcDbLine
370
50
 10
-4.4291
 20
0
 30
0
 11
-4.4291
 21
133.8583
 31
0
  0
LINE
  5
13F
100
AcDbEntity
  8
WALL
100
AcDbLine
370
50
 10
4.4291
 20
133.8583
 30
0
 11
4.4291
 21
0
 31
0
  0
LINE
  5
140
100
AcDbEntity
  8
WALL
100
AcDbLine
370
50
 10
-4.4291
 20
181.1024
 30
0
 11
-4.4291
 21
314.9606
 31
0
  0
LINE
  5
141
100
AcDbEntity
  8
WALL
100
AcDbLine
370
50
 10
4.4291
 20
314.9606
 30
0
 11
4.4291
 21
181.1024
 31
0
  0
LINE
  5
142
100
AcDbEntity
  8
WALL
100
AcDbLine
370
50
 10
-4.4291
 20
133.8583
 30
0
 11
4.4291
 21
133.8583
 31
0
  0
LINE
  5
143
100
AcDbEntity
  8
WALL
100
AcDbLine
370
50
 10
-4.4291
 20
181.1024
 30
0
 11
4.4291
 21
181.1024
 31
0
  0
LINE
  5
144
100
AcDbEntity
  8
WALL
100
AcDbLine
370
50
 10
-4.4291
 20
314.9606
 30
0
 11
-4.4291
 21
448.8189
 31
0
  0
LINE
  5
145
100
AcDbEntity
  8
WALL
100
AcDbLine
370
50
 10
4.4291
 20
448.8189
 30
0
 11
4.4291
 21
314.9606
 31
0
  0
LINE
  5
146
100
AcDbEntity
  8
WALL
100
AcDbLine
370
50
 10
-4.4291
 20
496.0630
 30
0
 11
-4.4291
 21
629.9213
 31
0
  0
LINE
  5
147
100
AcDbEntity
  8
WALL
100
AcDbLine
370
50
 10
4.4291
 20
629.9213
 30
0
 11
4.4291
 21
496.0630
 31
0
  0
LINE
  5
148
100
AcDbEntity
  8
WALL
100
AcDbLine
370
50
 10
-4.4291
 20
448.8189
 30
0
 11
4.4291
 21
448.8189
 31
0
  0
LINE
  5
149
100
AcDbEntity
  8
WALL
100
AcDbLine
370
50
 10
-4.4291
 20
496.0630
 30
0
 11
4.4291
 21
496.0630
 31
0
  0
LINE
  5
14A
100
AcDbEntity
  8
WALL
100
AcDbLine
370
50
 10
-4.4291
 20
629.9213
 30
0
 11
-4.4291
 21
763.7795
 31
0
  0
LINE
  5
14B
100
AcDbEntity
  8
WALL
100
AcDbLine
370
50
 10
4.4291
 20
763.7795
 30
0
 11
4.4291
 21
629.9213
 31
0
  0
LINE
  5
14C
100
AcDbEntity
  8
WALL
100
AcDbLine
370
50
 10
-4.4291
 20
811.0236
 30
0
 11
-4.4291
 21
944.8819
 31
0
  0
LINE
  5
14D
100
AcDbEntity
  8
WALL
100
AcDbLine
370
50
 10
4.4291
 20
944.8819
 30
0
 11
4.4291
 21
811.0236
 31
0
  0
LINE
  5
14E
100
AcDbEntity
  8
WALL
100
AcDbLine
370
50
 10
-4.4291
 20
763.7795
 30
0
 11
4.4291
 21
763.7795
 31
0
  0
LINE
  5
14F
100
AcDbEntity
  8
WALL
100
AcDbLine
370
50
 10
-4.4291
 20
811.0236
 30
0
 11
4.4291
 21
811.0236
 31
0
  0
LINE
  5
150
100
AcDbEntity
  8
WALL
100
AcDbLine
370
50
 10
940.4528
 20
0
 30
0
 11
940.4528
 21
133.8583
 31
0
  0
LINE
  5
151
100
AcDbEntity
  8
WALL
100
AcDbLine
370
50
 10
949.3110
 20
133.8583
 30
0
 11
949.3110
 21
0
 31
0
  0
LINE
  5
152
100
AcDbEntity
  8
WALL
100
AcDbLine
370
50
 10
940.4528
 20
181.1024
 30
0
 11
940.4528
 21
314.9606
 31
0
  0
LINE
  5
153
100
AcDbEntity
  8
WALL
100
AcDbLine
370
50
 10
949.3110
 20
314.9606
 30
0
 11
949.3110
 21
181.1024
 31
0
  0
LINE
  5
154
100
AcDbEntity
  8
WALL
100
AcDbLine
370
50
 10
940.4528
 20
133.8583
 30
0
 11
949.3110
 21
133.8583
 31
0
  0
LINE
  5
155
100
AcDbEntity
  8
WALL
100
AcDbLine
370
50
 10
940.4528
 20
181.1024
 30
0
 11
949.3110
 21
181.1024
 31
0
  0
LINE
  5
156
100
AcDbEntity
  8
WALL
100
AcDbLine
370
50
 10
940.4528
 20
314.9606
 30
0
 11
940.4528
 21
448.8189
 31
0
  0
LINE
  5
157
100
AcDbEntity
  8
WALL
100
AcDbLine
370
50
 10
949.3110
 20
448.8189
 30
0
 11
949.3110
 21
314.9606
 31
0
  0
LINE
  5
158
100
AcDbEntity
  8
WALL
100
AcDbLine
370
50
 10
940.4528
 20
496.0630
 30
0
 11
940.4528
 21
629.9213
 31
0
  0
LINE
  5
159
100
AcDbEntity
  8
WALL
100
AcDbLine
370
50
 10
949.3110
 20
629.9213
 30
0
 11
949.3110
 21
496.0630
 31
0
  0
LINE
  5
15A
100
AcDbEntity
  8
WALL
100
AcDbLine
370
50
 10
940.4528
 20
448.8189
 30
0
 11
949.3110
 21
448.8189
 31
0
  0
LINE
  5
15B
100
AcDbEntity
  8
WALL
100
AcDbLine
370
50
 10
940.4528
 20
496.0630
 30
0
 11
949.3110
 21
496.0630
 31
0
  0
LINE
  5
15C
100
AcDbEntity
  8
WALL
100
AcDbLine
370
50
 10
940.4528
 20
629.9213
 30
0
 11
940.4528
 21
763.7795
 31
0
  0
LINE
  5
15D
100
AcDbEntity
  8
WALL
100
AcDbLine
370
50
 10
949.3110
 20
763.7795
 30
0
 11
949.3110
 21
629.9213
 31
0
  0
LINE
  5
15E
100
AcDbEntity
  8
WALL
100
AcDbLine
370
50
 10
940.4528
 20
811.0236
 30
0
 11
940.4528
 21
944.8819
 31
0
  0
LINE
  5
15F
100
AcDbEntity
  8
WALL
100
AcDbLine
370
50
 10
949.3110
 20
944.8819
 30
0
 11
949.3110
 21
811.0236
 31
0
  0
LINE
  5
160
100
AcDbEntity
  8
WALL
100
AcDbLine
370
50
 10
940.4528
 20
763.7795
 30
0
 11
949.3110
 21
763.7795
 31
0
  0
LINE
  5
161
100
AcDbEntity
  8
WALL
100
AcDbLine
370
50
 10
940.4528
 20
811.0236
 30
0
 11
949.3110
 21
811.0236
 31
0
  0
LINE
  5
162
100
AcDbEntity
  8
WALL
100
AcDbLine
370
50
 10
0
 20
-4.4291
 30
0
 11
55.1181
 21
-4.4291
 31
0
  0
LINE
  5
163
100
AcDbEntity
  8
WALL
100
AcDbLine
370
50
 10
55.1181
 20
4.4291
 30
0
 11
0
 21
4.4291
 31
0
  0
LINE
  5
164
100
AcDbEntity
  8
WALL
100
AcDbLine
370
50
 10
102.3622
 20
-4.4291
 30
0
 11
157.4803
 21
-4.4291
 31
0
  0
LINE
  5
165
100
AcDbEntity
  8
WALL
100
AcDbLine
370
50
 10
157.4803
 20
4.4291
 30
0
 11
102.3622
 21
4.4291
 31
0
  0
LINE
  5
166
100
AcDbEntity
  8
WALL
100
AcDbLine
370
50
 10
55.1181
 20
-4.4291
 30
0
 11
55.1181
 21
4.4291
 31
0
  0
LINE
  5
167
100
AcDbEntity
  8
WALL
100
AcDbLine
370
50
 10
102.3622
 20
-4.4291
 30
0
 11
102.3622
 21
4.4291
 31
0
  0
LINE
  5
168
100
AcDbEntity
  8
WALL
100
AcDbLine
370
50
 10
157.4803
 20
-4.4291
 30
0
 11
212.5984
 21
-4.4291
 31
0
  0
LINE
  5
169
100
AcDbEntity
  8
WALL
100
AcDbLine
370
50
 10
212.5984
 20
4.4291
 30
0
 11
157.4803
 21
4.4291
 31
0
  0
LINE
  5
16A
100
AcDbEntity
  8
WALL
100
AcDbLine
370
50
 10
259.8425
 20
-4.4291
 30
0
 11
314.9606
 21
-4.4291
 31
0
  0
LINE
  5
16B
100
AcDbEntity
  8
WALL
100
AcDbLine
370
50
 10
314.9606
 20
4.4291
 30
0
 11
259.8425
 21
4.4291
 31
0
  0
LINE
  5
16C
100
AcDbEntity
  8
WALL
100
AcDbLine
370
50
 10
212.5984
 20
-4.4291
 30
0
 11
212.5984
 21
4.4291
 31
0
  0
LINE
  5
16D
100
AcDbEntity
  8
WALL
100
AcDbLine
370
50
 10
259.8425
 20
-4.4291
 30
0
 11
259.8425
 21
4.4291
 31
0
  0
LINE
  5
16E
100
AcDbEntity
  8
WALL
100
AcDbLine
370
50
 10
314.9606
 20
-4.4291
 30
0
 11
370.0787
 21
-4.4291
 31
0
  0
LINE
  5
16F
100
AcDbEntity
  8
WALL
100
AcDbLine
370
50
 10
370.0787
 20
4.4291
 30
0
 11
314.9606
 21
4.4291
 31
0
  0
LINE
  5
170
100
AcDbEntity
  8
WALL
100
AcDbLine
370
50
 10
417.3228
 20
-4.4291
 30
0
 11
472.4409
 21
-4.4291
 31
0
  0
LINE
  5
171
100
AcDbEntity
  8
WALL
100
AcDbLine
370
50
 10
472.4409
 20
4.4291
 30
0
 11
417.3228
 21
4.4291
 31
0
  0
LINE
  5
172
100
AcDbEntity
  8
WALL
100
AcDbLine
370
50
 10
370.0787
 20
-4.4291
 30
0
 11
370.0787
 21
4.4291
 31
0
  0
LINE
  5
173
100
AcDbEntity
  8
WALL
100
AcDbLine
370
50
 10
417.3228
 20
-4.4291
 30
0
 11
417.3228
 21
4.4291
 31
0
  0
LINE
  5
174
100
AcDbEntity
  8
WALL
100
AcDbLine
370
50
 10
472.4409
 20
-4.4291
 30
0
 11
527.5591
 21
-4.4291
 31
0
  0
LINE
  5
175
100
AcDbEntity
  8
WALL
100
AcDbLine
370
50
 10
527.5591
 20
4.4291
 30
0
 11
472.4409
 21
4.4291
 31
0
  0
LINE
  5
176
100
AcDbEntity
  8
WALL
100
AcDbLine
370
50
 10
574.8031
 20
-4.4291
 30
0
 11
629.9213
 21
-4.4291
 31
0
  0
LINE
  5
177
100
AcDbEntity
  8
WALL
100
AcDbLine
370
50
 10
629.9213
 20
4.4291
 30
0
 11
574.8031
 21
4.4291
 31
0
  0
LINE
  5
178
100
AcDbEntity
  8
WALL
100
AcDbLine
370
50
 10
527.5591
 20
-4.4291
 30
0
 11
527.5591
 21
4.4291
 31
0
  0
LINE
  5
179
100
AcDbEntity
  8
WALL
100
AcDbLine
370
50
 10
574.8031
 20
-4.4291
 30
0
 11
574.8031
 21
4.4291
 31
0
  0
LINE
  5
17A
100
AcDbEntity
  8
WALL
100
AcDbLine
370
50
 10
629.9213
 20
-4.4291
 30
0
 11
685.0394
 21
-4.4291
 31
0
  0
LINE
  5
17B
100
AcDbEntity
  8
WALL
100
AcDbLine
370
50
 10
685.0394
 20
4.4291
 30
0
 11
629.9213
 21
4.4291
 31
0
  0
LINE
  5
17C
100
AcDbEntity
  8
WALL
100
AcDbLine
370
50
 10
732.2835
 20
-4.4291
 30
0
 11
787.4016
 21
-4.4291
 31
0
  0
LINE
  5
17D
100
AcDbEntity
  8
WALL
100
AcDbLine
370
50
 10
787.4016
 20
4.4291
 30
0
 11
732.2835
 21
4.4291
 31
0
  0
LINE
  5
17E
100
AcDbEntity
  8
WALL
100
AcDbLine
370
50
 10
685.0394
 20
-4.4291
 30
0
 11
685.0394
 21
4.4291
 31
0
  0
LINE
  5
17F
100
AcDbEntity
  8
WALL
100
AcDbLine
370
50
 10
732.2835
 20
-4.4291
 30
0
 11
732.2835
 21
4.4291
 31
0
  0
LINE
  5
180
100
AcDbEntity
  8
WALL
100
AcDbLine
370
50
 10
787.4016
 20
-4.4291
 30
0
 11
842.5197
 21
-4.4291
 31
0
  0
LINE
  5
181
100
AcDbEntity
  8
WALL
100
AcDbLine
370
50
 10
842.5197
 20
4.4291
 30
0
 11
787.4016
 21
4.4291
 31
0
  0
LINE
  5
182
100
AcDbEntity
  8
WALL
100
AcDbLine
370
50
 10
889.7638
 20
-4.4291
 30
0
 11
944.8819
 21
-4.4291
 31
0
  0
LINE
  5
183
100
AcDbEntity
  8
WALL
100
AcDbLine
370
50
 10
944.8819
 20
4.4291
 30
0
 11
889.7638
 21
4.4291
 31
0
  0
LINE
  5
184
100
AcDbEntity
  8
WALL
100
AcDbLine
370
50
 10
842.5197
 20
-4.4291
 30
0
 11
842.5197
 21
4.4291
 31
0
  0
LINE
  5
185
100
AcDbEntity
  8
WALL
100
AcDbLine
370
50
 10
889.7638
 20
-4.4291
 30
0
 11
889.7638
 21
4.4291
 31
0
  0
LINE
  5
186
100
AcDbEntity
  8
WALL
100
AcDbLine
370
50
 10
0
 20
940.4528
 30
0
 11
55.1181
 21
940.4528
 31
0
  0
LINE
  5
187
100
AcDbEntity
  8
WALL
100
AcDbLine
370
50
 10
55.1181
 20
949.3110
 30
0
 11
0
 21
949.3110
 31
0
  0
LINE
  5
188
100
AcDbEntity
  8
WALL
100
AcDbLine
370
50
 10
102.3622
 20
940.4528
 30
0
 11
157.4803
 21
940.4528
 31
0
  0
LINE
  5
189
100
AcDbEntity
  8
WALL
100
AcDbLine
370
50
 10
157.4803
 20
949.3110
 30
0
 11
102.3622
 21
949.3110
 31
0
  0
LINE
  5
18A
100
AcDbEntity
  8
WALL
100
AcDbLine
370
50
 10
55.1181
 20
940.4528
 30
0
 11
55.1181
 21
949.3110
 31
0
  0
LINE
  5
18B
100
AcDbEntity
  8
WALL
100
AcDbLine
370
50
 10
102.3622
 20
940.4528
 30
0
 11
102.3622
 21
949.3110
 31
0
  0
LINE
  5
18C
100
AcDbEntity
  8
WALL
100
AcDbLine
370
50
 10
157.4803
 20
940.4528
 30
0
 11
212.5984
 21
940.4528
 31
0
  0
LINE
  5
18D
100
AcDbEntity
  8
WALL
100
AcDbLine
370
50
 10
212.5984
 20
949.3110
 30
0
 11
157.4803
 21
949.3110
 31
0
  0
LINE
  5
18E
100
AcDbEntity
  8
WALL
100
AcDbLine
370
50
 10
259.8425
 20
940.4528
 30
0
 11
314.9606
 21
940.4528
 31
0
  0
LINE
  5
18F
100
AcDbEntity
  8
WALL
100
AcDbLine
370
50
 10
314.9606
 20
949.3110
 30
0
 11
259.8425
 21
949.3110
 31
0
  0
LINE
  5
190
100
AcDbEntity
  8
WALL
100
AcDbLine
370
50
 10
212.5984
 20
940.4528
 30
0
 11
212.5984
 21
949.3110
 31
0
  0
LINE
  5
191
100
AcDbEntity
  8
WALL
100
AcDbLine
370
50
 10
259.8425
 20
940.4528
 30
0
 11
259.8425
 21
949.3110
 31
0
  0
LINE
  5
192
100
AcDbEntity
  8
WALL
100
AcDbLine
370
50
 10
314.9606
 20
940.4528
 30
0
 11
370.0787
 21
940.4528
 31
0
  0
LINE
  5
193
100
AcDbEntity
  8
WALL
100
AcDbLine
370
50
 10
370.0787
 20
949.3110
 30
0
 11
314.9606
 21
949.3110
 31
0
  0
LINE
  5
194
100
AcDbEntity
  8
WALL
100
AcDbLine
370
50
 10
417.3228
 20
940.4528
 30
0
 11
472.4409
 21
940.4528
 31
0
  0
LINE
  5
195
100
AcDbEntity
  8
WALL
100
AcDbLine
370
50
 10
472.4409
 20
949.3110
 30
0
 11
417.3228
 21
949.3110
 31
0
  0
LINE
  5
196
100
AcDbEntity
  8
WALL
100
AcDbLine
370
50
 10
370.0787
 20
940.4528
 30
0
 11
370.0787
 21
949.3110
 31
0
  0
LINE
  5
197
100
AcDbEntity
  8
WALL
100
AcDbLine
370
50
 10
417.3228
 20
940.4528
 30
0
 11
417.3228
 21
949.3110
 31
0
  0
LINE
  5
198
100
AcDbEntity
  8
WALL
100
AcDbLine
370
50
 10
472.4409
 20
940.4528
 30
0
 11
527.5591
 21
940.4528
 31
0
  0
LINE
  5
199
100
AcDbEntity
  8
WALL
100
AcDbLine
370
50
 10
527.5591
 20
949.3110
 30
0
 11
472.4409
 21
949.3110
 31
0
  0
LINE
  5
19A
100
AcDbEntity
  8
WALL
100
AcDbLine
370
50
 10
574.8031
 20
940.4528
 30
0
 11
629.9213
 21
940.4528
 31
0
  0
LINE
  5
19B
100
AcDbEntity
  8
WALL
100
AcDbLine
370
50
 10
629.9213
 20
949.3110
 30
0
 11
574.8031
 21
949.3110
 31
0
  0
LINE
  5
19C
100
AcDbEntity
  8
WALL
100
AcDbLine
370
50
 10
527.5591
 20
940.4528
 30
0
 11
527.5591
 21
949.3110
 31
0
  0
LINE
  5
19D
100
AcDbEntity
  8
WALL
100
AcDbLine
370
50
 10
574.8031
 20
940.4528
 30
0
 11
574.8031
 21
949.3110
 31
0
  0
LINE
  5
19E
100
AcDbEntity
  8
WALL
100
AcDbLine
370
50
 10
629.9213
 20
940.4528
 30
0
 11
685.0394
 21
940.4528
 31
0
  0
LINE
  5
19F
100
AcDbEntity
  8
WALL
100
AcDbLine
370
50
 10
685.0394
 20
949.3110
 30
0
 11
629.9213
 21
949.3110
 31
0
  0
LINE
  5
1A0
100
AcDbEntity
  8
WALL
100
AcDbLine
370
50
 10
732.2835
 20
940.4528
 30
0
 11
787.4016
 21
940.4528
 31
0
  0
LINE
  5
1A1
100
AcDbEntity
  8
WALL
100
AcDbLine
370
50
 10
787.4016
 20
949.3110
 30
0
 11
732.2835
 21
949.3110
 31
0
  0
LINE
  5
1A2
100
AcDbEntity
  8
WALL
100
AcDbLine
370
50
 10
685.0394
 20
940.4528
 30
0
 11
685.0394
 21
949.3110
 31
0
  0
LINE
  5
1A3
100
AcDbEntity
  8
WALL
100
AcDbLine
370
50
 10
732.2835
 20
940.4528
 30
0
 11
732.2835
 21
949.3110
 31
0
  0
LINE
  5
1A4
100
AcDbEntity
  8
WALL
100
AcDbLine
370
50
 10
787.4016
 20
940.4528
 30
0
 11
842.5197
 21
940.4528
 31
0
  0
LINE
  5
1A5
100
AcDbEntity
  8
WALL
100
AcDbLine
370
50
 10
842.5197
 20
949.3110
 30
0
 11
787.4016
 21
949.3110
 31
0
  0
LINE
  5
1A6
100
AcDbEntity
  8
WALL
100
AcDbLine
370
50
 10
889.7638
 20
940.4528
 30
0
 11
944.8819
 21
940.4528
 31
0
  0
LINE
  5
1A7
100
AcDbEntity
  8
WALL
100
AcDbLine
370
50
 10
944.8819
 20
949.3110
 30
0
 11
889.7638
 21
949.3110
 31
0
  0
LINE
  5
1A8
100
AcDbEntity
  8
WALL
100
AcDbLine
370
50
 10
842.5197
 20
940.4528
 30
0
 11
842.5197
 21
949.3110
 31
0
  0
LINE
  5
1A9
100
AcDbEntity
  8
WALL
100
AcDbLine
370
50
 10
889.7638
 20
940.4528
 30
0
 11
889.7638
 21
949.3110
 31
0
  0
LINE
  5
1AA
100
AcDbEntity
  8
WALL
100
AcDbLine
370
50
 10
154.5276
 20
0
 30
0
 11
154.5276
 21
139.7638
 31
0
  0
LINE
  5
1AB
100
AcDbEntity
  8
WALL
100
AcDbLine
370
50
 10
160.4331
 20
139.7638
 30
0
 11
160.4331
 21
0
 31
0
  0
LINE
  5
1AC
100
AcDbEntity
  8
WALL
100
AcDbLine
370
50
 10
154.5276
 20
175.1969
 30
0
 11
154.5276
 21
314.9606
 31
0
  0
LINE
  5
1AD
100
AcDbEntity
  8
WALL
100
AcDbLine
370
50
 10
160.4331
 20
314.9606
 30
0
 11
160.4331
 21
175.1969
 31
0
  0
LINE
  5
1AE
100
AcDbEntity
  8
WALL
100
AcDbLine
370
50
 10
154.5276
 20
139.7638
 30
0
 11
160.4331
 21
139.7638
 31
0
  0
LINE
  5
1AF
100
AcDbEntity
  8
WALL
100
AcDbLine
370
50
 10
154.5276
 20
175.1969
 30
0
 11
160.4331
 21
175.1969
 31
0
  0
LINE
  5
1B0
100
AcDbEntity
  8
WALL
100
AcDbLine
370
50
 10
154.5276
 20
314.9606
 30
0
 11
154.5276
 21
454.7244
 31
0
  0
LINE
  5
1B1
100
AcDbEntity
  8
WALL
100
AcDbLine
370
50
 10
160.4331
 20
454.7244
 30
0
 11
160.4331
 21
314.9606
 31
0
  0
LINE
  5
1B2
100
AcDbEntity
  8
WALL
100
AcDbLine
370
50
 10
154.5276
 20
490.1575
 30
0
 11
154.5276
 21
629.9213
 31
0
  0
LINE
  5
1B3
100
AcDbEntity
  8
WALL
100
AcDbLine
370
50
 10
160.4331
 20
629.9213
 30
0
 11
160.4331
 21
490.1575
 31
0
  0
LINE
  5
1B4
100
AcDbEntity
  8
WALL
100
AcDbLine
370
50
 10
154.5276
 20
454.7244
 30
0
 11
160.4331
 21
454.7244
 31
0
  0
LINE
  5
1B5
100
AcDbEntity
  8
WALL
100
AcDbLine
370
50
 10
154.5276
 20
490.1575
 30
0
 11
160.4331
 21
490.1575
 31
0
  0
LINE
  5
1B6
100
AcDbEntity
  8
WALL
100
AcDbLine
370
50
 10
154.5276
 20
629.9213
 30
0
 11
154.5276
 21
769.6850
 31
0
  0
LINE
  5
1B7
100
AcDbEntity
  8
WALL
100
AcDbLine
370
50
 10
160.4331
 20
769.6850
 30
0
 11
160.4331
 21
629.9213
 31
0
  0
LINE
  5
1B8
100
AcDbEntity
  8
WALL
100
AcDbLine
370
50
 10
154.5276
 20
805.1181
 30
0
 11
154.5276
 21
944.8819
 31
0
  0
LINE
  5
1B9
100
AcDbEntity
  8
WALL
100
AcDbLine
370
50
 10
160.4331
 20
944.8819
 30
0
 11
160.4331
 21
805.1181
 31
0
  0
LINE
  5
1BA
100
AcDbEntity
  8
WALL
100
AcDbLine
370
50
 10
154.5276
 20
769.6850
 30
0
 11
160.4331
 21
769.6850
 31
0
  0
LINE
  5
1BB
100
AcDbEntity
  8
WALL
100
AcDbLine
370
50
 10
154.5276
 20
805.1181
 30
0
 11
160.4331
 21
805.1181
 31
0
  0
LINE
  5
1BC
100
AcDbEntity
  8
WALL
100
AcDbLine
370
50
 10
312.0079
 20
0
 30
0
 11
312.0079
 21
139.7638
 31
0
  0
LINE
  5
1BD
100
AcDbEntity
  8
WALL
100
AcDbLine
370
50
 10
317.9134
 20
139.7638
 30
0
 11
317.9134
 21
0
 31
0
  0
LINE
  5
1BE
100
AcDbEntity
  8
WALL
100
AcDbLine
370
50
 10
312.0079
 20
175.1969
 30
0
 11
312.0079
 21
314.9606
 31
0
  0
LINE
  5
1BF
100
AcDbEntity
  8
WALL
100
AcDbLine
370
50
 10
317.9134
 20
314.9606
 30
0
 11
317.9134
 21
175.1969
 31
0
  0
LINE
  5
1C0
100
AcDbEntity
  8
WALL
100
AcDbLine
370
50
 10
312.0079
 20
139.7638
 30
0
 11
317.9134
 21
139.7638
 31
0
  0
LINE
  5
1C1
100
AcDbEntity
  8
WALL
100
AcDbLine
370
50
 10
312.0079
 20
175.1969
 30
0
 11
317.9134
 21
175.1969
 31
0
  0
LINE
  5
1C2
100
AcDbEntity
  8
WALL
100
AcDbLine
370
50
 10
312.0079
 20
314.9606
 30
0
 11
312.0079
 21
454.7244
 31
0
  0
LINE
  5
1C3
100
AcDbEntity
  8
WALL
100
AcDbLine
370
50
 10
317.9134
 20
454.7244
 30
0
 11
317.9134
 21
314.9606
 31
0
  0
LINE
  5
1C4
100
AcDbEntity
  8
WALL
100
AcDbLine
370
50
 10
312.0079
 20
490.1575
 30
0
 11
312.0079
 21
629.9213
 31
0
  0
LINE
  5
1C5
100
AcDbEntity
  8
WALL
100
AcDbLine
370
50
 10
317.9134
 20
629.9213
 30
0
 11
317.9134
 21
490.1575
 31
0
  0
LINE
  5
1C6
100
AcDbEntity
  8
WALL
100
AcDbLine
370
50
 10
312.0079
 20
454.7244
 30
0
 11
317.9134
 21
454.7244
 31
0
  0
LINE
  5
1C7
100
AcDbEntity
  8
WALL
100
AcDbLine
370
50
 10
312.0079
 20
490.1575
 30
0
 11
317.9134
 21
490.1575
 31
0
  0
LINE
  5
1C8
100
AcDbEntity
  8
WALL
100
AcDbLine
370
50
 10
312.0079
 20
629.9213
 30
0
 11
312.0079
 21
769.6850
 31
0
  0
LINE
  5
1C9
100
AcDbEntity
  8
WALL
100
AcDbLine
370
50
 10
317.9134
 20
769.6850
 30
0
 11
317.9134
 21
629.9213
 31
0
  0
LINE
  5
1CA
100
AcDbEntity
  8
WALL
100
AcDbLine
370
50
 10
312.0079
 20
805.1181
 30
0
 11
312.0079
 21
944.8819
 31
0
  0
LINE
  5
1CB
100
AcDbEntity
  8
WALL
100
AcDbLine
370
50
 10
317.9134
 20
944.8819
 30
0
 11
317.9134
 21
805.1181
 31
0
  0
LINE
  5
1CC
100
AcDbEntity
  8
WALL
100
AcDbLine
370
50
 10
312.0079
 20
769.6850
 30
0
 11
317.9134
 21
769.6850
 31
0
  0
LINE
  5
1CD
100
AcDbEntity
  8
WALL
100
AcDbLine
370
50
 10
312.0079
 20
805.1181
 30
0
 11
317.9134
 21
805.1181
 31
0
  0
LINE
  5
1CE
100
AcDbEntity
  8
WALL
100
AcDbLine
370
50
 10
469.4882
 20
0
 30
0
 11
469.4882
 21
314.9606
 31
0
  0
LINE
  5
1CF
100
AcDbEntity
  8
WALL
100
AcDbLine
370
50
 10
475.3937
 20
314.9606
 30
0
 11
475.3937
 21
0
 31
0
  0
LINE
  5
1D0
100
AcDbEntity
  8
WALL
100
AcDbLine
370
50
 10
469.4882
 20
314.9606
 30
0
 11
469.4882
 21
629.9213
 31
0
  0
LINE
  5
1D1
100
AcDbEntity
  8
WALL
100
AcDbLine
370
50
 10
475.3937
 20
629.9213
 30
0
 11
475.3937
 21
314.9606
 31
0
  0
LINE
  5
1D2
100
AcDbEntity
  8
WALL
100
AcDbLine
370
50
 10
469.4882
 20
629.9213
 30
0
 11
469.4882
 21
944.8819
 31
0
  0
LINE
  5
1D3
100
AcDbEntity
  8
WALL
100
AcDbLine
370
50
 10
475.3937
 20
944.8819
 30
0
 11
475.3937
 21
629.9213
 31
0
  0
LINE
  5
1D4
100
AcDbEntity
  8
WALL
100
AcDbLine
370
50
 10
626.9685
 20
0
 30
0
 11
626.9685
 21
139.7638
 31
0
  0
LINE
  5
1D5
100
AcDbEntity
  8
WALL
100
AcDbLine
370
50
 10
632.8740
 20
139.7638
 30
0
 11
632.8740
 21
0
 31
0
  0
LINE
  5
1D6
100
AcDbEntity
  8
WALL
100
AcDbLine
370
50
 10
626.9685
 20
175.1969
 30
0
 11
626.9685
 21
314.9606
 31
0
  0
LINE
  5
1D7
100
AcDbEntity
  8
WALL
100
AcDbLine
370
50
 10
632.8740
 20
314.9606
 30
0
 11
632.8740
 21
175.1969
 31
0
  0
LINE
  5
1D8
100
AcDbEntity
  8
WALL
100
AcDbLine
370
50
 10
626.9685
 20
139.7638
 30
0
 11
632.8740
 21
139.7638
 31
0
  0
LINE
  5
1D9
100
AcDbEntity
  8
WALL
100
AcDbLine
370
50
 10
626.9685
 20
175.1969
 30
0
 11
632.8740
 21
175.1969
 31
0
  0
LINE
  5
1DA
100
AcDbEntity
  8
WALL
100
AcDbLine
370
50
 10
626.9685
 20
314.9606
 30
0
 11
626.9685
 21
454.7244
 31
0
  0
LINE
  5
1DB
100
AcDbEntity
  8
WALL
100
AcDbLine
370
50
 10
632.8740
 20
454.7244
 30
0
 11
632.8740
 21
314.9606
 31
0
  0
LINE
  5
1DC
100
AcDbEntity
  8
WALL
100
AcDbLine
370
50
 10
626.9685
 20
490.1575
 30
0
 11
626.9685
 21
629.9213
 31
0
  0
LINE
  5
1DD
100
AcDbEntity
  8
WALL
100
AcDbLine
370
50
 10
632.8740
 20
629.9213
 30
0
 11
632.8740
 21
490.1575
 31
0
  0
LINE
  5
1DE
100
AcDbEntity
  8
WALL
100
AcDbLine
370
50
 10
626.9685
 20
454.7244
 30
0
 11
632.8740
 21
454.7244
 31
0
  0
LINE
  5
1DF
100
AcDbEntity
  8
WALL
100
AcDbLine
370
50
 10
626.9685
 20
490.1575
 30
0
 11
632.8740
 21
490.1575
 31
0
  0
LINE
  5
1E0
100
AcDbEntity
  8
WALL
100
AcDbLine
370
50
 10
626.9685
 20
629.9213
 30
0
 11
626.9685
 21
769.6850
 31
0
  0
LINE
  5
1E1
100
AcDbEntity
  8
WALL
100
AcDbLine
370
50
 10
632.8740
 20
769.6850
 30
0
 11
632.8740
 21
629.9213
 31
0
  0
LINE
  5
1E2
100
AcDbEntity
  8
WALL
100
AcDbLine
370
50
 10
626.9685
 20
805.1181
 30
0
 11
626.9685
 21
944.8819
 31
0
  0
LINE
  5
1E3
100
AcDbEntity
  8
WALL
100
AcDbLine
370
50
 10
632.8740
 20
944.8819
 30
0
 11
632.8740
 21
805.1181
 31
0
  0
LINE
  5
1E4
100
AcDbEntity
  8
WALL
100
AcDbLine
370
50
 10
626.9685
 20
769.6850
 30
0
 11
632.8740
 21
769.6850
 31
0
  0
LINE
  5
1E5
100
AcDbEntity
  8
WALL
100
AcDbLine
370
50
 10
626.9685
 20
805.1181
 30
0
 11
632.8740
 21
805.1181
 31
0
  0
LINE
  5
1E6
100
AcDbEntity
  8
WALL
100
AcDbLine
370
50
 10
784.4488
 20
0
 30
0
 11
784.4488
 21
139.7638
 31
0
  0
LINE
  5
1E7
100
AcDbEntity
  8
WALL
100
AcDbLine
370
50
 10
790.3543
 20
139.7638
 30
0
 11
790.3543
 21
0
 31
0
  0
LINE
  5
1E8
100
AcDbEntity
  8
WALL
100
AcDbLine
370
50
 10
784.4488
 20
175.1969
 30
0
 11
784.4488
 21
314.9606
 31
0
  0
LINE
  5
1E9
100
AcDbEntity
  8
WALL
100
AcDbLine
370
50
 10
790.3543
 20
314.9606
 30
0
 11
790.3543
 21
175.1969
 31
0
  0
LINE
  5
1EA
100
AcDbEntity
  8
WALL
100
AcDbLine
370
50
 10
784.4488
 20
139.7638
 30
0
 11
790.3543
 21
139.7638
 31
0
  0
LINE
  5
1EB
100
AcDbEntity
  8
WALL
100
AcDbLine
370
50
 10
784.4488
 20
175.1969
 30
0
 11
790.3543
 21
175.1969
 31
0
  0
LINE
  5
1EC
100
AcDbEntity
  8
WALL
100
AcDbLine
370
50
 10
784.4488
 20
314.9606
 30
0
 11
784.4488
 21
454.7244
 31
0
  0
LINE
  5
1ED
100
AcDbEntity
  8
WALL
100
AcDbLine
370
50
 10
790.3543
 20
454.7244
 30
0
 11
790.3543
 21
314.9606
 31
0
  0
LINE
  5
1EE
100
AcDbEntity
  8
WALL
100
AcDbLine
370
50
 10
784.4488
 20
490.1575
 30
0
 11
784.4488
 21
629.9213
 31
0
  0
LINE
  5
1EF
100
AcDbEntity
  8
WALL
100
AcDbLine
370
50
 10
790.3543
 20
629.9213
 30
0
 11
790.3543
 21
490.1575
 31
0
  0
LINE
  5
1F0
100
AcDbEntity
  8
WALL
100
AcDbLine
370
50
 10
784.4488
 20
454.7244
 30
0
 11
790.3543
 21
454.7244
 31
0
  0
LINE
  5
1F1
100
AcDbEntity
  8
WALL
100
AcDbLine
370
50
 10
784.4488
 20
490.1575
 30
0
 11
790.3543
 21
490.1575
 31
0
  0
LINE
  5
1F2
100
AcDbEntity
  8
WALL
100
AcDbLine
370
50
 10
784.4488
 20
629.9213
 30
0
 11
784.4488
 21
769.6850
 31
0
  0
LINE
  5
1F3
100
AcDbEntity
  8
WALL
100
AcDbLine
370
50
 10
790.3543
 20
769.6850
 30
0
 11
790.3543
 21
629.9213
 31
0
  0
LINE
  5
1F4
100
AcDbEntity
  8
WALL
100
AcDbLine
370
50
 10
784.4488
 20
805.1181
 30
0
 11
784.4488
 21
944.8819
 31
0
  0
LINE
  5
1F5
100
AcDbEntity
  8
WALL
100
AcDbLine
370
50
 10
790.3543
 20
944.8819
 30
0
 11
790.3543
 21
805.1181
 31
0
  0
LINE
  5
1F6
100
AcDbEntity
  8
WALL
100
AcDbLine
370
50
 10
784.4488
 20
769.6850
 30
0
 11
790.3543
 21
769.6850
 31
0
  0
LINE
  5
1F7
100
AcDbEntity
  8
WALL
100
AcDbLine
370
50
 10
784.4488
 20
805.1181
 30
0
 11
790.3543
 21
805.1181
 31
0
  0
LINE
  5
1F8
100
AcDbEntity
  8
WALL
100
AcDbLine
370
50
 10
0
 20
312.0079
 30
0
 11
157.4803
 21
312.0079
 31
0
  0
LINE
  5
1F9
100
AcDbEntity
  8
WALL
100
AcDbLine
370
50
 10
157.4803
 20
317.9134
 30
0
 11
0
 21
317.9134
 31
0
  0
LINE
  5
1FA
100
AcDbEntity
  8
WALL
100
AcDbLine
370
50
 10
157.4803
 20
312.0079
 30
0
 11
218.5039
 21
312.0079
 31
0
  0
LINE
  5
1FB
100
AcDbEntity
  8
WALL
100
AcDbLine
370
50
 10
218.5039
 20
317.9134
 30
0
 11
157.4803
 21
317.9134
 31
0
  0
LINE
  5
1FC
100
AcDbEntity
  8
WALL
100
AcDbLine
370
50
 10
253.9370
 20
312.0079
 30
0
 11
314.9606
 21
312.0079
 31
0
  0
LINE
  5
1FD
100
AcDbEntity
  8
WALL
100
AcDbLine
370
50
 10
314.9606
 20
317.9134
 30
0
 11
253.9370
 21
317.9134
 31
0
  0
LINE
  5
1FE
100
AcDbEntity
  8
WALL
100
AcDbLine
370
50
 10
218.5039
 20
312.0079
 30
0
 11
218.5039
 21
317.9134
 31
0
  0
LINE
  5
1FF
100
AcDbEntity
  8
WALL
100
AcDbLine
370
50
 10
253.9370
 20
312.0079
 30
0
 11
253.9370
 21
317.9134
 31
0
  0
LINE
  5
200
100
AcDbEntity
  8
WALL
100
AcDbLine
370
50
 10
314.9606
 20
312.0079
 30
0
 11
375.9843
 21
312.0079
 31
0
  0
LINE
  5
201
100
AcDbEntity
  8
WALL
100
AcDbLine
370
50
 10
375.9843
 20
317.9134
 30
0
 11
314.9606
 21
317.9134
 31
0
  0
LINE
  5
202
100
AcDbEntity
  8
WALL
100
AcDbLine
370
50
 10
411.4173
 20
312.0079
 30
0
 11
472.4409
 21
312.0079
 31
0
  0
LINE
  5
203
100
AcDbEntity
  8
WALL
100
AcDbLine
370
50
 10
472.4409
 20
317.9134
 30
0
 11
411.4173
 21
317.9134
 31
0
  0
LINE
  5
204
100
AcDbEntity
  8
WALL
100
AcDbLine
370
50
 10
375.9843
 20
312.0079
 30
0
 11
375.9843
 21
317.9134
 31
0
  0
LINE
  5
205
100
AcDbEntity
  8
WALL
100
AcDbLine
370
50
 10
411.4173
 20
312.0079
 30
0
 11
411.4173
 21
317.9134
 31
0
  0
LINE
  5
206
100
AcDbEntity
  8
WALL
100
AcDbLine
370
50
 10
472.4409
 20
312.0079
 30
0
 11
533.4646
 21
312.0079
 31
0
  0
LINE
  5
207
100
AcDbEntity
  8
WALL
100
AcDbLine
370
50
 10
533.4646
 20
317.9134
 30
0
 11
472.4409
 21
317.9134
 31
0
  0
LINE
  5
208
100
AcDbEntity
  8
WALL
100
AcDbLine
370
50
 10
568.8976
 20
312.0079
 30
0
 11
629.9213
 21
312.0079
 31
0
  0
LINE
  5
209
100
AcDbEntity
  8
WALL
100
AcDbLine
370
50
 10
629.9213
 20
317.9134
 30
0
 11
568.8976
 21
317.9134
 31
0
  0
LINE
  5
20A
100
AcDbEntity
  8
WALL
100
AcDbLine
370
50
 10
533.4646
 20
312.0079
 30
0
 11
533.4646
 21
317.9134
 31
0
  0
LINE
  5
20B
100
AcDbEntity
  8
WALL
100
AcDbLine
370
50
 10
568.8976
 20
312.0079
 30
0
 11
568.8976
 21
317.9134
 31
0
  0
LINE
  5
20C
100
AcDbEntity
  8
WALL
100
AcDbLine
370
50
 10
629.9213
 20
312.0079
 30
0
 11
690.9449
 21
312.0079
 31
0
  0
LINE
  5
20D
100
AcDbEntity
  8
WALL
100
AcDbLine
370
50
 10
690.9449
 20
317.9134
 30
0
 11
629.9213
 21
317.9134
 31
0
  0
LINE
  5
20E
100
AcDbEntity
  8
WALL
100
AcDbLine
370
50
 10
726.3780
 20
312.0079
 30
0
 11
787.4016
 21
312.0079
 31
0
  0
LINE
  5
20F
100
AcDbEntity
  8
WALL
100
AcDbLine
370
50
 10
787.4016
 20
317.9134
 30
0
 11
726.3780
 21
317.9134
 31
0
  0
LINE
  5
210
100
AcDbEntity
  8
WALL
100
AcDbLine
370
50
 10
690.9449
 20
312.0079
 30
0
 11
690.9449
 21
317.9134
 31
0
  0
LINE
  5
211
100
AcDbEntity
  8
WALL
100
AcDbLine
370
50
 10
726.3780
 20
312.0079
 30
0
 11
726.3780
 21
317.9134
 31
0
  0
LINE
  5
212
100
AcDbEntity
  8
WALL
100
AcDbLine
370
50
 10
787.4016
 20
312.0079
 30
0
 11
944.8819
 21
312.0079
 31
0
  0
LINE
  5
213
100
AcDbEntity
  8
WALL
100
AcDbLine
370
50
 10
944.8819
 20
317.9134
 30
0
 11
787.4016
 21
317.9134
 31
0
  0
LINE
  5
214
100
AcDbEntity
  8
WALL
100
AcDbLine
370
50
 10
0
 20
626.9685
 30
0
 11
61.0236
 21
626.9685
 31
0
  0
LINE
  5
215
100
AcDbEntity
  8
WALL
100
AcDbLine
370
50
 10
61.0236
 20
632.8740
 30
0
 11
0
 21
632.8740
 31
0
  0
LINE
  5
216
100
AcDbEntity
  8
WALL
100
AcDbLine
370
50
 10
96.4567
 20
626.9685
 30
0
 11
157.4803
 21
626.9685
 31
0
  0
LINE
  5
217
100
AcDbEntity
  8
WALL
100
AcDbLine
370
50
 10
157.4803
 20
632.8740
 30
0
 11
96.4567
 21
632.8740
 31
0
  0
LINE
  5
218
100
AcDbEntity
  8
WALL
100
AcDbLine
370
50
 10
61.0236
 20
626.9685
 30
0
 11
61.0236
 21
632.8740
 31
0
  0
LINE
  5
219
100
AcDbEntity
  8
WALL
100
AcDbLine
370
50
 10
96.4567
 20
626.9685
 30
0
 11
96.4567
 21
632.8740
 31
0
  0
LINE
  5
21A
100
AcDbEntity
  8
WALL
100
AcDbLine
370
50
 10
157.4803
 20
626.9685
 30
0
 11
218.5039
 21
626.9685
 31
0
  0
LINE
  5
21B
100
AcDbEntity
  8
WALL
100
AcDbLine
370
50
 10
218.5039
 20
632.8740
 30
0
 11
157.4803
 21
632.8740
 31
0
  0
LINE
  5
21C
100
AcDbEntity
  8
WALL
100
AcDbLine
370
50
 10
253.9370
 20
626.9685
 30
0
 11
314.9606
 21
626.9685
 31
0
  0
LINE
  5
21D
100
AcDbEntity
  8
WALL
100
AcDbLine
370
50
 10
314.9606
 20
632.8740
 30
0
 11
253.9370
 21
632.8740
 31
0
  0
LINE
  5
21E
100
AcDbEntity
  8
WALL
100
AcDbLine
370
50
 10
218.5039
 20
626.9685
 30
0
 11
218.5039
 21
632.8740
 31
0
  0
LINE
  5
21F
100
AcDbEntity
  8
WALL
100
AcDbLine
370
50
 10
253.9370
 20
626.9685
 30
0
 11
253.9370
 21
632.8740
 31
0
  0
LINE
  5
220
100
AcDbEntity
  8
WALL
100
AcDbLine
370
50
 10
314.9606
 20
626.9685
 30
0
 11
375.9843
 21
626.9685
 31
0
  0
LINE
  5
221
100
AcDbEntity
  8
WALL
100
AcDbLine
370
50
 10
375.9843
 20
632.8740
 30
0
 11
314.9606
 21
632.8740
 31
0
  0
LINE
  5
222
100
AcDbEntity
  8
WALL
100
AcDbLine
370
50
 10
411.4173
 20
626.9685
 30
0
 11
472.4409
 21
626.9685
 31
0
  0
LINE
  5
223
100
AcDbEntity
  8
WALL
100
AcDbLine
370
50
 10
472.4409
 20
632.8740
 30
0
 11
411.4173
 21
632.8740
 31
0
  0
LINE
  5
224
100
AcDbEntity
  8
WALL
100
AcDbLine
370
50
 10
375.9843
 20
626.9685
 30
0
 11
375.9843
 21
632.8740
 31
0
  0
LINE
  5
225
100
AcDbEntity
  8
WALL
100
AcDbLine
370
50
 10
411.4173
 20
626.9685
 30
0
 11
411.4173
 21
632.8740
 31
0
  0
LINE
  5
226
100
AcDbEntity
  8
WALL
100
AcDbLine
370
50
 10
472.4409
 20
626.9685
 30
0
 11
533.4646
 21
626.9685
 31
0
  0
LINE
  5
227
100
AcDbEntity
  8
WALL
100
AcDbLine
370
50
 10
533.4646
 20
632.8740
 30
0
 11
472.4409
 21
632.8740
 31
0
  0
LINE
  5
228
100
AcDbEntity
  8
WALL
100
AcDbLine
370
50
 10
568.8976
 20
626.9685
 30
0
 11
629.9213
 21
626.9685
 31
0
  0
LINE
  5
229
100
AcDbEntity
  8
WALL
100
AcDbLine
370
50
 10
629.9213
 20
632.8740
 30
0
 11
568.8976
 21
632.8740
 31
0
  0
LINE
  5
22A
100
AcDbEntity
  8
WALL
100
AcDbLine
370
50
 10
533.4646
 20
626.9685
 30
0
 11
533.4646
 21
632.8740
 31
0
  0
LINE
  5
22B
100
AcDbEntity
  8
WALL
100
AcDbLine
370
50
 10
568.8976
 20
626.9685
 30
0
 11
568.8976
 21
632.8740
 31
0
  0
LINE
  5
22C
100
AcDbEntity
  8
WALL
100
AcDbLine
370
50
 10
629.9213
 20
626.9685
 30
0
 11
690.9449
 21
626.9685
 31
0
  0
LINE
  5
22D
100
AcDbEntity
  8
WALL
100
AcDbLine
370
50
 10
690.9449
 20
632.8740
 30
0
 11
629.9213
 21
632.8740
 31
0
  0
LINE
  5
22E
100
AcDbEntity
  8
WALL
100
AcDbLine
370
50
 10
726.3780
 20
626.9685
 30
0
 11
787.4016
 21
626.9685
 31
0
  0
LINE
  5
22F
100
AcDbEntity
  8
WALL
100
AcDbLine
370
50
 10
787.4016
 20
632.8740
 30
0
 11
726.3780
 21
632.8740
 31
0
  0
LINE
  5
230
100
AcDbEntity
  8
WALL
100
AcDbLine
370
50
 10
690.9449
 20
626.9685
 30
0
 11
690.9449
 21
632.8740
 31
0
  0
LINE
  5
231
100
AcDbEntity
  8
WALL
100
AcDbLine
370
50
 10
726.3780
 20
626.9685
 30
0
 11
726.3780
 21
632.8740
 31
0
  0
LINE
  5
232
100
AcDbEntity
  8
WALL
100
AcDbLine
370
50
 10
787.4016
 20
626.9685
 30
0
 11
848.4252
 21
626.9685
 31
0
  0
LINE
  5
233
100
AcDbEntity
  8
WALL
100
AcDbLine
370
50
 10
848.4252
 20
632.8740
 30
0
 11
787.4016
 21
632.8740
 31
0
  0
LINE
  5
234
100
AcDbEntity
  8
WALL
100
AcDbLine
370
50
 10
883.8583
 20
626.9685
 30
0
 11
944.8819
 21
626.9685
 31
0
  0
LINE
  5
235
100
AcDbEntity
  8
WALL
100
AcDbLine
370
50
 10
944.8819
 20
632.8740
 30
0
 11
883.8583
 21
632.8740
 31
0
  0
LINE
  5
236
100
AcDbEntity
  8
WALL
100
AcDbLine
370
50
 10
848.4252
 20
626.9685
 30
0
 11
848.4252
 21
632.8740
 31
0
  0
LINE
  5
237
100
AcDbEntity
  8
WALL
100
AcDbLine
370
50
 10
883.8583
 20
626.9685
 30
0
 11
883.8583
 21
632.8740
 31
0
  0
LWPOLYLINE
  5
238
100
AcDbEntity
  8
COLUMN
100
AcDbPolyline
 90
4
 70
1
 10
-4.5276
 20
-4.5276
 10
4.5276
 20
-4.5276
 10
4.5276
 20
4.5276
 10
-4.5276
 20
4.5276
  0
LWPOLYLINE
  5
239
100
AcDbEntity
  8
COLUMN
100
AcDbPolyline
 90
4
 70
1
 10
-4.5276
 20
310.4331
 10
4.5276
 20
310.4331
 10
4.5276
 20
319.4882
 10
-4.5276
 20
319.4882
  0
LWPOLYLINE
  5
23A
100
AcDbEntity
  8
COLUMN
100
AcDbPolyline
 90
4
 70
1
 10
-4.5276
 20
625.3937
 10
4.5276
 20
625.3937
 10
4.5276
 20
634.4488
 10
-4.5276
 20
634.4488
  0
LWPOLYLINE
  5
23B
100
AcDbEntity
  8
COLUMN
100
AcDbPolyline
 90
4
 70
1
 10
-4.5276
 20
940.3543
 10
4.5276
 20
940.3543
 10
4.5276
 20
949.4094
 10
-4.5276
 20
949.4094
  0
LWPOLYLINE
  5
23C
100
AcDbEntity
  8
COLUMN
100
AcDbPolyline
 90
4
 70
1
 10
152.9528
 20
-4.5276
 10
162.0079
 20
-4.5276
 10
162.0079
 20
4.5276
 10
152.9528
 20
4.5276
  0
LWPOLYLINE
  5
23D
100
AcDbEntity
  8
COLUMN
100
AcDbPolyline
 90
4
 70
1
 10
152.9528
 20
310.4331
 10
162.0079
 20
310.4331
 10
162.0079
 20
319.4882
 10
152.9528
 20
319.4882
  0
LWPOLYLINE
  5
23E
100
AcDbEntity
  8
COLUMN
100
AcDbPolyline
 90
4
 70
1
 10
152.9528
 20
625.3937
 10
162.0079
 20
625.3937
 10
162.0079
 20
634.4488
 10
152.9528
 20
634.4488
  0
LWPOLYLINE
  5
23F
100
AcDbEntity
  8
COLUMN
100
AcDbPolyline
 90
4
 70
1
 10
152.9528
 20
940.3543
 10
162.0079
 20
940.3543
 10
162.0079
 20
949.4094
 10
152.9528
 20
949.4094
  0
LWPOLYLINE
  5
240
100
AcDbEntity
  8
COLUMN
100
AcDbPolyline
 90
4
 70
1
 10
310.4331
 20
-4.5276
 10
319.4882
 20
-4.5276
 10
319.4882
 20
4.5276
 10
310.4331
 20
4.5276
  0
LWPOLYLINE
  5
241
100
AcDbEntity
  8
COLUMN
100
AcDbPolyline
 90
4
 70
1
 10
310.4331
 20
310.4331
 10
319.4882
 20
310.4331
 10
319.4882
 20
319.4882
 10
310.4331
 20
319.4882
  0
LWPOLYLINE
  5
242
100
AcDbEntity
  8
COLUMN
100
AcDbPolyline
 90
4
 70
1
 10
310.4331
 20
625.3937
 10
319.4882
 20
625.3937
 10
319.4882
 20
634.4488
 10
310.4331
 20
634.4488
  0
LWPOLYLINE
  5
243
100
AcDbEntity
  8
COLUMN
100
AcDbPolyline
 90
4
 70
1
 10
310.4331
 20
940.3543
 10
319.4882
 20
940.3543
 10
319.4882
 20
949.4094
 10
310.4331
 20
949.4094
  0
LWPOLYLINE
  5
244
100
AcDbEntity
  8
COLUMN
100
AcDbPolyline
 90
4
 70
1
 10
467.9134
 20
-4.5276
 10
476.9685
 20
-4.5276
 10
476.9685
 20
4.5276
 10
467.9134
 20
4.5276
  0
LWPOLYLINE
  5
245
100
AcDbEntity
  8
COLUMN
100
AcDbPolyline
 90
4
 70
1
 10
467.9134
 20
310.4331
 10
476.9685
 20
310.4331
 10
476.9685
 20
319.4882
 10
467.9134
 20
319.4882
  0
LWPOLYLINE
  5
246
100
AcDbEntity
  8
COLUMN
100
AcDbPolyline
 90
4
 70
1
 10
467.9134
 20
625.3937
 10
476.9685
 20
625.3937
 10
476.9685
 20
634.4488
 10
467.9134
 20
634.4488
  0
LWPOLYLINE
  5
247
100
AcDbEntity
  8
COLUMN
100
AcDbPolyline
 90
4
 70
1
 10
467.9134
 20
940.3543
 10
476.9685
 20
940.3543
 10
476.9685
 20
949.4094
 10
467.9134
 20
949.4094
  0
LWPOLYLINE
  5
248
100
AcDbEntity
  8
COLUMN
100
AcDbPolyline
 90
4
 70
1
 10
625.3937
 20
-4.5276
 10
634.4488
 20
-4.5276
 10
634.4488
 20
4.5276
 10
625.3937
 20
4.5276
  0
LWPOLYLINE
  5
249
100
AcDbEntity
  8
COLUMN
100
AcDbPolyline
 90
4
 70
1
 10
625.3937
 20
310.4331
 10
634.4488
 20
310.4331
 10
634.4488
 20
319.4882
 10
625.3937
 20
319.4882
  0
LWPOLYLINE
  5
24A
100
AcDbEntity
  8
COLUMN
100
AcDbPolyline
 90
4
 70
1
 10
625.3937
 20
625.3937
 10
634.4488
 20
625.3937
 10
634.4488
 20
634.4488
 10
625.3937
 20
634.4488
  0
LWPOLYLINE
  5
24B
100
AcDbEntity
  8
COLUMN
100
AcDbPolyline
 90
4
 70
1
 10
625.3937
 20
940.3543
 10
634.4488
 20
940.3543
 10
634.4488
 20
949.4094
 10
625.3937
 20
949.4094
  0
LWPOLYLINE
  5
24C
100
AcDbEntity
  8
COLUMN
100
AcDbPolyline
 90
4
 70
1
 10
782.8740
 20
-4.5276
 10
791.9291
 20
-4.5276
 10
791.9291
 20
4.5276
 10
782.8740
 20
4.5276
  0
LWPOLYLINE
  5
24D
100
AcDbEntity
  8
COLUMN
100
AcDbPolyline
 90
4
 70
1
 10
782.8740
 20
310.4331
 10
791.9291
 20
310.4331
 10
791.9291
 20
319.4882
 10
782.8740
 20
319.4882
  0
LWPOLYLINE
  5
24E
100
AcDbEntity
  8
COLUMN
100
AcDbPolyline
 90
4
 70
1
 10
782.8740
 20
625.3937
 10
791.9291
 20
625.3937
 10
791.9291
 20
634.4488
 10
782.8740
 20
634.4488
  0
LWPOLYLINE
  5
24F
100
AcDbEntity
  8
COLUMN
100
AcDbPolyline
 90
4
 70
1
 10
782.8740
 20
940.3543
 10
791.9291
 20
940.3543
 10
791.9291
 20
949.4094
 10
782.8740
 20
949.4094
  0
LWPOLYLINE
  5
250
100
AcDbEntity
  8
COLUMN
100
AcDbPolyline
 90
4
 70
1
 10
940.3543
 20
-4.5276
 10
949.4094
 20
-4.5276
 10
949.4094
 20
4.5276
 10
940.3543
 20
4.5276
  0
LWPOLYLINE
  5
251
100
AcDbEntity
  8
COLUMN
100
AcDbPolyline
 90
4
 70
1
 10
940.3543
 20
310.4331
 10
949.4094
 20
310.4331
 10
949.4094
 20
319.4882
 10
940.3543
 20
319.4882
  0
LWPOLYLINE
  5
252
100
AcDbEntity
  8
COLUMN
100
AcDbPolyline
 90
4
 70
1
 10
940.3543
 20
625.3937
 10
949.4094
 20
625.3937
 10
949.4094
 20
634.4488
 10
940.3543
 20
634.4488
  0
LWPOLYLINE
  5
253
100
AcDbEntity
  8
COLUMN
100
AcDbPolyline
 90
4
 70
1
 10
940.3543
 20
940.3543
 10
949.4094
 20
940.3543
 10
949.4094
 20
949.4094
 10
940.3543
 20
949.4094
  0
TEXT
  5
254
100
AcDbEntity
  8
TEXT
100
AcDbText
 10
59.7933
 20
158.2185
 30
0
 40
9.8425
  1
LOUNGE
100
AcDbText
  0
TEXT
  5
255
100
AcDbEntity
  8
TEXT
100
AcDbText
 10
216.5354
 20
158.2185
 30
0
 40
9.8425
  1
DINING
100
AcDbText
  0
TEXT
  5
256
100
AcDbEntity
  8
TEXT
100
AcDbText
 10
374.0157
 20
158.2185
 30
0
 40
9.8425
  1
KITCHEN
100
AcDbText
  0
TEXT
  5
257
100
AcDbEntity
  8
TEXT
100
AcDbText
 10
531.4961
 20
158.2185
 30
0
 40
9.8425
  1
KITCHEN
100
AcDbText
  0
TEXT
  5
258
100
AcDbEntity
  8
TEXT
100
AcDbText
 10
688.9764
 20
158.2185
 30
0
 40
9.8425
  1
DINING
100
AcDbText
  0
TEXT
  5
259
100
AcDbEntity
  8
TEXT
100
AcDbText
 10
845.7185
 20
158.2185
 30
0
 40
9.8425
  1
LOUNGE
100
AcDbText
  0
TEXT
  5
25A
100
AcDbEntity
  8
TEXT
100
AcDbText
 10
59.7933
 20
472.4409
 30
0
 40
9.8425
  1
STORE
100
AcDbText
  0
TEXT
  5
25B
100
AcDbEntity
  8
TEXT
100
AcDbText
 10
216.5354
 20
472.4409
 30
0
 40
9.8425
  1
STAIR HALL
100
AcDbText
  0
TEXT
  5
25C
100
AcDbEntity
  8
TEXT
100
AcDbText
 10
374.0157
 20
472.4409
 30
0
 40
9.8425
  1
DRESSING
100
AcDbText
  0
LWPOLYLINE
  5
25D
100
AcDbEntity
  8
SANITARY
100
AcDbPolyline
 90
4
 70
1
 10
333.6614
 20
591.5354
 10
349.4094
 20
591.5354
 10
349.4094
 20
615.1575
 10
333.6614
 20
615.1575
  0
TEXT
  5
25E
100
AcDbEntity
  8
TEXT
100
AcDbText
 10
531.4961
 20
472.4409
 30
0
 40
9.8425
  1
DRESSING
100
AcDbText
  0
LWPOLYLINE
  5
25F
100
AcDbEntity
  8
SANITARY
100
AcDbPolyline
 90
4
 70
1
 10
491.1417
 20
591.5354
 10
506.8898
 20
591.5354
 10
506.8898
 20
615.1575
 10
491.1417
 20
615.1575
  0
TEXT
  5
260
100
AcDbEntity
  8
TEXT
100
AcDbText
 10
688.9764
 20
472.4409
 30
0
 40
9.8425
  1
STAIR HALL
100
AcDbText
  0
TEXT
  5
261
100
AcDbEntity
  8
TEXT
100
AcDbText
 10
845.7185
 20
472.4409
 30
0
 40
9.8425
  1
STORE
100
AcDbText
  0
TEXT
  5
262
100
AcDbEntity
  8
TEXT
100
AcDbText
 10
59.7933
 20
786.6634
 30
0
 40
9.8425
  1
BEDROOM
100
AcDbText
  0
TEXT
  5
263
100
AcDbEntity
  8
TEXT
100
AcDbText
 10
216.5354
 20
786.6634
 30
0
 40
9.8425
  1
BEDROOM
100
AcDbText
  0
TEXT
  5
264
100
AcDbEntity
  8
TEXT
100
AcDbText
 10
374.0157
 20
786.6634
 30
0
 40
9.8425
  1
MASTER BEDROOM
100
AcDbText
  0
TEXT
  5
265
100
AcDbEntity
  8
TEXT
100
AcDbText
 10
531.4961
 20
786.6634
 30
0
 40
9.8425
  1
MASTER BEDROOM
100
AcDbText
  0
TEXT
  5
266
100
AcDbEntity
  8
TEXT
100
AcDbText
 10
688.9764
 20
786.6634
 30
0
 40
9.8425
  1
BEDROOM
100
AcDbText
  0
TEXT
  5
267
100
AcDbEntity
  8
TEXT
100
AcDbText
 10
845.7185
 20
786.6634
 30
0
 40
9.8425
  1
BEDROOM
100
AcDbText
  0
DIMENSION
  5
268
100
AcDbEntity
  8
DIM
100
AcDbDimension
  2
*D
 10
0
 20
-70.8661
 30
0
 11
472.4409
 21
-61.0236
 31
0
 70
33
  1
78'-8 7/8"
 42
944.8819
100
AcDbAlignedDimension
 13
0
 23
0
 33
0
 14
944.8819
 24
0
 34
0
  0
DIMENSION
  5
269
100
AcDbEntity
  8
DIM
100
AcDbDimension
  2
*D
 10
-70.8661
 20
0
 30
0
 11
-61.0236
 21
472.4409
 31
0
 70
33
  1
78'-8 7/8"
 42
944.8819
100
AcDbAlignedDimension
 13
0
 23
0
 33
0
 14
0
 24
944.8819
 34
0
  0
DIMENSION
  5
26A
100
AcDbEntity
  8
DIM
100
AcDbDimension
  2
*D
 10
0
 20
992.1260
 30
0
 11
78.7402
 21
1001.9685
 31
0
 70
33
  1
13'-1 1/2"
 42
157.4803
100
AcDbAlignedDimension
 13
0
 23
944.8819
 33
0
 14
157.4803
 24
944.8819
 34
0
  0
DIMENSION
  5
26B
100
AcDbEntity
  8
DIM
100
AcDbDimension
  2
*D
 10
157.4803
 20
992.1260
 30
0
 11
236.2205
 21
1001.9685
 31
0
 70
33
  1
13'-1 1/2"
 42
157.4803
100
AcDbAlignedDimension
 13
157.4803
 23
944.8819
 33
0
 14
314.9606
 24
944.8819
 34
0
  0
DIMENSION
  5
26C
100
AcDbEntity
  8
DIM
100
AcDbDimension
  2
*D
 10
314.9606
 20
992.1260
 30
0
 11
393.7008
 21
1001.9685
 31
0
 70
33
  1
13'-1 1/2"
 42
157.4803
100
AcDbAlignedDimension
 13
314.9606
 23
944.8819
 33
0
 14
472.4409
 24
944.8819
 34
0
  0
DIMENSION
  5
26D
100
AcDbEntity
  8
DIM
100
AcDbDimension
  2
*D
 10
472.4409
 20
992.1260
 30
0
 11
551.1811
 21
1001.9685
 31
0
 70
33
  1
13'-1 1/2"
 42
157.4803
100
AcDbAlignedDimension
 13
472.4409
 23
944.8819
 33
0
 14
629.9213
 24
944.8819
 34
0
  0
DIMENSION
  5
26E
100
AcDbEntity
  8
DIM
100
AcDbDimension
  2
*D
 10
629.9213
 20
992.1260
 30
0
 11
708.6614
 21
1001.9685
 31
0
 70
33
  1
13'-1 1/2"
 42
157.4803
100
AcDbAlignedDimension
 13
629.9213
 23
944.8819
 33
0
 14
787.4016
 24
944.8819
 34
0
  0
DIMENSION
  5
26F
100
AcDbEntity
  8
DIM
100
AcDbDimension
  2
*D
 10
787.4016
 20
992.1260
 30
0
 11
866.1417
 21
1001.9685
 31
0
 70
33
  1
13'-1 1/2"
 42
157.4803
100
AcDbAlignedDimension
 13
787.4016
 23
944.8819
 33
0
 14
944.8819
 24
944.8819
 34
0
  0
DIMENSION
  5
270
100
AcDbEntity
  8
DIM
100
AcDbDimension
  2
*D
 10
992.1260
 20
0
 30
0
 11
1001.9685
 21
157.4803
 31
0
 70
33
  1
26'-3"
 42
314.9606
100
AcDbAlignedDimension
 13
944.8819
 23
0
 33
0
 14
944.8819
 24
314.9606
 34
0
  0
DIMENSION
  5
271
100
AcDbEntity
  8
DIM
100
AcDbDimension
  2
*D
 10
992.1260
 20
314.9606
 30
0
 11
1001.9685
 21
472.4409
 31
0
 70
33
  1
26'-3"
 42
314.9606
100
AcDbAlignedDimension
 13
944.8819
 23
314.9606
 33
0
 14
944.8819
 24
629.9213
 34
0
  0
DIMENSION
  5
272
100
AcDbEntity
  8
DIM
100
AcDbDimension
  2
*D
 10
992.1260
 20
629.9213
 30
0
 11
1001.9685
 21
787.4016
 31
0
 70
33
  1
26'-3"
 42
314.9606
100
AcDbAlignedDimension
 13
944.8819
 23
629.9213
 33
0
 14
944.8819
 24
944.8819
 34
0
  0
TEXT
  5
273
100
AcDbEntity
  8
TEXT
100
AcDbText
 10
0
 20
-125.9843
 30
0
 40
17.7165
  1
GROUND FLOOR PLAN
100
AcDbText
  0
TEXT
  5
274
100
AcDbEntity
  8
TEXT
100
AcDbText
 10
1047.2441
 20
472.4409
 30
0
 40
11.8110
  1
+1'-5 3/4"
100
AcDbText
  0
TEXT
  5
275
100
AcDbEntity
  8
TEXT
100
AcDbText
 10
0
 20
-165.3543
 30
0
 40
9.8425
  1
EACH FLAT OCCUPIES 271 SQUARE METRES ONLY.
100
AcDbText
  0
TEXT
  5
276
100
AcDbEntity
  8
TEXT
100
AcDbText
 10
0
 20
-157.4803
 30
0
 40
11.8110
  1
SCALE: 1/8" = 1'-0"
100
AcDbText
  0
LWPOLYLINE
  5
277
100
AcDbEntity
  8
WIND
100
AcDbPolyline
 90
4
 70
1
 10
1414.9606
 20
133.8583
 10
1419.6850
 20
133.8583
 10
1419.6850
 20
181.1024
 10
1414.9606
 20
181.1024
  0
LWPOLYLINE
  5
278
100
AcDbEntity
  8
WIND
100
AcDbPolyline
 90
4
 70
1
 10
1414.9606
 20
448.8189
 10
1419.6850
 20
448.8189
 10
1419.6850
 20
496.0630
 10
1414.9606
 20
496.0630
  0
LWPOLYLINE
  5
279
100
AcDbEntity
  8
WIND
100
AcDbPolyline
 90
4
 70
1
 10
1414.9606
 20
763.7795
 10
1419.6850
 20
763.7795
 10
1419.6850
 20
811.0236
 10
1414.9606
 20
811.0236
  0
LWPOLYLINE
  5
27A
100
AcDbEntity
  8
WIND
100
AcDbPolyline
 90
4
 70
1
 10
2359.8425
 20
133.8583
 10
2364.5669
 20
133.8583
 10
2364.5669
 20
181.1024
 10
2359.8425
 20
181.1024
  0
LWPOLYLINE
  5
27B
100
AcDbEntity
  8
WIND
100
AcDbPolyline
 90
4
 70
1
 10
2359.8425
 20
448.8189
 10
2364.5669
 20
448.8189
 10
2364.5669
 20
496.0630
 10
2359.8425
 20
496.0630
  0
LWPOLYLINE
  5
27C
100
AcDbEntity
  8
WIND
100
AcDbPolyline
 90
4
 70
1
 10
2359.8425
 20
763.7795
 10
2364.5669
 20
763.7795
 10
2364.5669
 20
811.0236
 10
2359.8425
 20
811.0236
  0
LWPOLYLINE
  5
27D
100
AcDbEntity
  8
WIND
100
AcDbPolyline
 90
4
 70
1
 10
1472.4409
 20
-2.3622
 10
1519.6850
 20
-2.3622
 10
1519.6850
 20
2.3622
 10
1472.4409
 20
2.3622
  0
LWPOLYLINE
  5
27E
100
AcDbEntity
  8
WIND
100
AcDbPolyline
 90
4
 70
1
 10
1629.9213
 20
-2.3622
 10
1677.1654
 20
-2.3622
 10
1677.1654
 20
2.3622
 10
1629.9213
 20
2.3622
  0
LWPOLYLINE
  5
27F
100
AcDbEntity
  8
WIND
100
AcDbPolyline
 90
4
 70
1
 10
1787.4016
 20
-2.3622
 10
1834.6457
 20
-2.3622
 10
1834.6457
 20
2.3622
 10
1787.4016
 20
2.3622
  0
LWPOLYLINE
  5
280
100
AcDbEntity
  8
WIND
100
AcDbPolyline
 90
4
 70
1
 10
1944.8819
 20
-2.3622
 10
1992.1260
 20
-2.3622
 10
1992.1260
 20
2.3622
 10
1944.8819
 20
2.3622
  0
LWPOLYLINE
  5
281
100
AcDbEntity
  8
WIND
100
AcDbPolyline
 90
4
 70
1
 10
2102.3622
 20
-2.3622
 10
2149.6063
 20
-2.3622
 10
2149.6063
 20
2.3622
 10
2102.3622
 20
2.3622
  0
LWPOLYLINE
  5
282
100
AcDbEntity
  8
WIND
100
AcDbPolyline
 90
4
 70
1
 10
2259.8425
 20
-2.3622
 10
2307.0866
 20
-2.3622
 10
2307.0866
 20
2.3622
 10
2259.8425
 20
2.3622
  0
LWPOLYLINE
  5
283
100
AcDbEntity
  8
WIND
100
AcDbPolyline
 90
4
 70
1
 10
1472.4409
 20
942.5197
 10
1519.6850
 20
942.5197
 10
1519.6850
 20
947.2441
 10
1472.4409
 20
947.2441
  0
LWPOLYLINE
  5
284
100
AcDbEntity
  8
WIND
100
AcDbPolyline
 90
4
 70
1
 10
1629.9213
 20
942.5197
 10
1677.1654
 20
942.5197
 10
1677.1654
 20
947.2441
 10
1629.9213
 20
947.2441
  0
LWPOLYLINE
  5
285
100
AcDbEntity
  8
WIND
100
AcDbPolyline
 90
4
 70
1
 10
1787.4016
 20
942.5197
 10
1834.6457
 20
942.5197
 10
1834.6457
 20
947.2441
 10
1787.4016
 20
947.2441
  0
LWPOLYLINE
  5
286
100
AcDbEntity
  8
WIND
100
AcDbPolyline
 90
4
 70
1
 10
1944.8819
 20
942.5197
 10
1992.1260
 20
942.5197
 10
1992.1260
 20
947.2441
 10
1944.8819
 20
947.2441
  0
LWPOLYLINE
  5
287
100
AcDbEntity
  8
WIND
100
AcDbPolyline
 90
4
 70
1
 10
2102.3622
 20
942.5197
 10
2149.6063
 20
942.5197
 10
2149.6063
 20
947.2441
 10
2102.3622
 20
947.2441
  0
LWPOLYLINE
  5
288
100
AcDbEntity
  8
WIND
100
AcDbPolyline
 90
4
 70
1
 10
2259.8425
 20
942.5197
 10
2307.0866
 20
942.5197
 10
2307.0866
 20
947.2441
 10
2259.8425
 20
947.2441
  0
ARC
  5
289
100
AcDbEntity
  8
DOOR
100
AcDbCircle
 10
1574.8031
 20
139.7638
 30
0
 40
35.4331
100
AcDbArc
 50
90
 51
180
  0
LINE
  5
28A
100
AcDbEntity
  8
DOOR
100
AcDbLine
 10
1574.8031
 20
139.7638
 30
0
 11
1539.3701
 21
139.7638
 31
0
  0
ARC
  5
28B
100
AcDbEntity
  8
DOOR
100
AcDbCircle
 10
1574.8031
 20
454.7244
 30
0
 40
35.4331
100
AcDbArc
 50
90
 51
180
  0
LINE
  5
28C
100
AcDbEntity
  8
DOOR
100
AcDbLine
 10
1574.8031
 20
454.7244
 30
0
 11
1539.3701
 21
454.7244
 31
0
  0
ARC
  5
28D
100
AcDbEntity
  8
DOOR
100
AcDbCircle
 10
1574.8031
 20
769.6850
 30
0
 40
35.4331
100
AcDbArc
 50
90
 51
180
  0
LINE
  5
28E
100
AcDbEntity
  8
DOOR
100
AcDbLine
 10
1574.8031
 20
769.6850
 30
0
 11
1539.3701
 21
769.6850
 31
0
  0
ARC
  5
28F
100
AcDbEntity
  8
DOOR
100
AcDbCircle
 10
1732.2835
 20
139.7638
 30
0
 40
35.4331
100
AcDbArc
 50
90
 51
180
  0
LINE
  5
290
100
AcDbEntity
  8
DOOR
100
AcDbLine
 10
1732.2835
 20
139.7638
 30
0
 11
1696.8504
 21
139.7638
 31
0
  0
ARC
  5
291
100
AcDbEntity
  8
DOOR
100
AcDbCircle
 10
1732.2835
 20
454.7244
 30
0
 40
35.4331
100
AcDbArc
 50
90
 51
180
  0
LINE
  5
292
100
AcDbEntity
  8
DOOR
100
AcDbLine
 10
1732.2835
 20
454.7244
 30
0
 11
1696.8504
 21
454.7244
 31
0
  0
ARC
  5
293
100
AcDbEntity
  8
DOOR
100
AcDbCircle
 10
1732.2835
 20
769.6850
 30
0
 40
35.4331
100
AcDbArc
 50
90
 51
180
  0
LINE
  5
294
100
AcDbEntity
  8
DOOR
100
AcDbLine
 10
1732.2835
 20
769.6850
 30
0
 11
1696.8504
 21
769.6850
 31
0
  0
ARC
  5
295
100
AcDbEntity
  8
DOOR
100
AcDbCircle
 10
2047.2441
 20
139.7638
 30
0
 40
35.4331
100
AcDbArc
 50
90
 51
180
  0
LINE
  5
296
100
AcDbEntity
  8
DOOR
100
AcDbLine
 10
2047.2441
 20
139.7638
 30
0
 11
2011.8110
 21
139.7638
 31
0
  0
ARC
  5
297
100
AcDbEntity
  8
DOOR
100
AcDbCircle
 10
2047.2441
 20
454.7244
 30
0
 40
35.4331
100
AcDbArc
 50
90
 51
180
  0
LINE
  5
298
100
AcDbEntity
  8
DOOR
100
AcDbLine
 10
2047.2441
 20
454.7244
 30
0
 11
2011.8110
 21
454.7244
 31
0
  0
ARC
  5
299
100
AcDbEntity
  8
DOOR
100
AcDbCircle
 10
2047.2441
 20
769.6850
 30
0
 40
35.4331
100
AcDbArc
 50
90
 51
180
  0
LINE
  5
29A
100
AcDbEntity
  8
DOOR
100
AcDbLine
 10
2047.2441
 20
769.6850
 30
0
 11
2011.8110
 21
769.6850
 31
0
  0
ARC
  5
29B
100
AcDbEntity
  8
DOOR
100
AcDbCircle
 10
2204.7244
 20
139.7638
 30
0
 40
35.4331
100
AcDbArc
 50
90
 51
180
  0
LINE
  5
29C
100
AcDbEntity
  8
DOOR
100
AcDbLine
 10
2204.7244
 20
139.7638
 30
0
 11
2169.2913
 21
139.7638
 31
0
  0
ARC
  5
29D
100
AcDbEntity
  8
DOOR
100
AcDbCircle
 10
2204.7244
 20
454.7244
 30
0
 40
35.4331
100
AcDbArc
 50
90
 51
180
  0
LINE
  5
29E
100
AcDbEntity
  8
DOOR
100
AcDbLine
 10
2204.7244
 20
454.7244
 30
0
 11
2169.2913
 21
454.7244
 31
0
  0
ARC
  5
29F
100
AcDbEntity
  8
DOOR
100
AcDbCircle
 10
2204.7244
 20
769.6850
 30
0
 40
35.4331
100
AcDbArc
 50
90
 51
180
  0
LINE
  5
2A0
100
AcDbEntity
  8
DOOR
100
AcDbLine
 10
2204.7244
 20
769.6850
 30
0
 11
2169.2913
 21
769.6850
 31
0
  0
ARC
  5
2A1
100
AcDbEntity
  8
DOOR
100
AcDbCircle
 10
1635.8268
 20
314.9606
 30
0
 40
35.4331
100
AcDbArc
 50
0
 51
90
  0
LINE
  5
2A2
100
AcDbEntity
  8
DOOR
100
AcDbLine
 10
1635.8268
 20
314.9606
 30
0
 11
1635.8268
 21
350.3937
 31
0
  0
ARC
  5
2A3
100
AcDbEntity
  8
DOOR
100
AcDbCircle
 10
1793.3071
 20
314.9606
 30
0
 40
35.4331
100
AcDbArc
 50
0
 51
90
  0
LINE
  5
2A4
100
AcDbEntity
  8
DOOR
100
AcDbLine
 10
1793.3071
 20
314.9606
 30
0
 11
1793.3071
 21
350.3937
 31
0
  0
ARC
  5
2A5
100
AcDbEntity
  8
DOOR
100
AcDbCircle
 10
1950.7874
 20
314.9606
 30
0
 40
35.4331
100
AcDbArc
 50
0
 51
90
  0
LINE
  5
2A6
100
AcDbEntity
  8
DOOR
100
AcDbLine
 10
1950.7874
 20
314.9606
 30
0
 11
1950.7874
 21
350.3937
 31
0
  0
ARC
  5
2A7
100
AcDbEntity
  8
DOOR
100
AcDbCircle
 10
2108.2677
 20
314.9606
 30
0
 40
35.4331
100
AcDbArc
 50
0
 51
90
  0
LINE
  5
2A8
100
AcDbEntity
  8
DOOR
100
AcDbLine
 10
2108.2677
 20
314.9606
 30
0
 11
2108.2677
 21
350.3937
 31
0
  0
ARC
  5
2A9
100
AcDbEntity
  8
DOOR
100
AcDbCircle
 10
1478.3465
 20
629.9213
 30
0
 40
35.4331
100
AcDbArc
 50
0
 51
90
  0
LINE
  5
2AA
100
AcDbEntity
  8
DOOR
100
AcDbLine
 10
1478.3465
 20
629.9213
 30
0
 11
1478.3465
 21
665.3543
 31
0
  0
ARC
  5
2AB
100
AcDbEntity
  8
DOOR
100
AcDbCircle
 10
1635.8268
 20
629.9213
 30
0
 40
35.4331
100
AcDbArc
 50
0
 51
90
  0
LINE
  5
2AC
100
AcDbEntity
  8
DOOR
100
AcDbLine
 10
1635.8268
 20
629.9213
 30
0
 11
1635.8268
 21
665.3543
 31
0
  0
ARC
  5
2AD
100
AcDbEntity
  8
DOOR
100
AcDbCircle
 10
1793.3071
 20
629.9213
 30
0
 40
35.4331
100
AcDbArc
 50
0
 51
90
  0
LINE
  5
2AE
100
AcDbEntity
  8
DOOR
100
AcDbLine
 10
1793.3071
 20
629.9213
 30
0
 11
1793.3071
 21
665.3543
 31
0
  0
ARC
  5
2AF
100
AcDbEntity
  8
DOOR
100
AcDbCircle
 10
1950.7874
 20
629.9213
 30
0
 40
35.4331
100
AcDbArc
 50
0
 51
90
  0
LINE
  5
2B0
100
AcDbEntity
  8
DOOR
100
AcDbLine
 10
1950.7874
 20
629.9213
 30
0
 11
1950.7874
 21
665.3543
 31
0
  0
ARC
  5
2B1
100
AcDbEntity
  8
DOOR
100
AcDbCircle
 10
2108.2677
 20
629.9213
 30
0
 40
35.4331
100
AcDbArc
 50
0
 51
90
  0
LINE
  5
2B2
100
AcDbEntity
  8
DOOR
100
AcDbLine
 10
2108.2677
 20
629.9213
 30
0
 11
2108.2677
 21
665.3543
 31
0
  0
ARC
  5
2B3
100
AcDbEntity
  8
DOOR
100
AcDbCircle
 10
2265.7480
 20
629.9213
 30
0
 40
35.4331
100
AcDbArc
 50
0
 51
90
  0
LINE
  5
2B4
100
AcDbEntity
  8
DOOR
100
AcDbLine
 10
2265.7480
 20
629.9213
 30
0
 11
2265.7480
 21
665.3543
 31
0
  0
LINE
  5
2B5
100
AcDbEntity
  8
WALL
100
AcDbLine
370
50
 10
1412.8937
 20
0
 30
0
 11
1412.8937
 21
133.8583
 31
0
  0
LINE
  5
2B6
100
AcDbEntity
  8
WALL
100
AcDbLine
370
50
 10
1421.7520
 20
133.8583
 30
0
 11
1421.7520
 21
0
 31
0
  0
LINE
  5
2B7
100
AcDbEntity
  8
WALL
100
AcDbLine
370
50
 10
1412.8937
 20
181.1024
 30
0
 11
1412.8937
 21
314.9606
 31
0
  0
LINE
  5
2B8
100
AcDbEntity
  8
WALL
100
AcDbLine
370
50
 10
1421.7520
 20
314.9606
 30
0
 11
1421.7520
 21
181.1024
 31
0
  0
LINE
  5
2B9
100
AcDbEntity
  8
WALL
100
AcDbLine
370
50
 10
1412.8937
 20
133.8583
 30
0
 11
1421.7520
 21
133.8583
 31
0
  0
LINE
  5
2BA
100
AcDbEntity
  8
WALL
100
AcDbLine
370
50
 10
1412.8937
 20
181.1024
 30
0
 11
1421.7520
 21
181.1024
 31
0
  0
LINE
  5
2BB
100
AcDbEntity
  8
WALL
100
AcDbLine
370
50
 10
1412.8937
 20
314.9606
 30
0
 11
1412.8937
 21
448.8189
 31
0
  0
LINE
  5
2BC
100
AcDbEntity
  8
WALL
100
AcDbLine
370
50
 10
1421.7520
 20
448.8189
 30
0
 11
1421.7520
 21
314.9606
 31
0
  0
LINE
  5
2BD
100
AcDbEntity
  8
WALL
100
AcDbLine
370
50
 10
1412.8937
 20
496.0630
 30
0
 11
1412.8937
 21
629.9213
 31
0
  0
LINE
  5
2BE
100
AcDbEntity
  8
WALL
100
AcDbLine
370
50
 10
1421.7520
 20
629.9213
 30
0
 11
1421.7520
 21
496.0630
 31
0
  0
LINE
  5
2BF
100
AcDbEntity
  8
WALL
100
AcDbLine
370
50
 10
1412.8937
 20
448.8189
 30
0
 11
1421.7520
 21
448.8189
 31
0
  0
LINE
  5
2C0
100
AcDbEntity
  8
WALL
100
AcDbLine
370
50
 10
1412.8937
 20
496.0630
 30
0
 11
1421.7520
 21
496.0630
 31
0
  0
LINE
  5
2C1
100
AcDbEntity
  8
WALL
100
AcDbLine
370
50
 10
1412.8937
 20
629.9213
 30
0
 11
1412.8937
 21
763.7795
 31
0
  0
LINE
  5
2C2
100
AcDbEntity
  8
WALL
100
AcDbLine
370
50
 10
1421.7520
 20
763.7795
 30
0
 11
1421.7520
 21
629.9213
 31
0
  0
LINE
  5
2C3
100
AcDbEntity
  8
WALL
100
AcDbLine
370
50
 10
1412.8937
 20
811.0236
 30
0
 11
1412.8937
 21
944.8819
 31
0
  0
LINE
  5
2C4
100
AcDbEntity
  8
WALL
100
AcDbLine
370
50
 10
1421.7520
 20
944.8819
 30
0
 11
1421.7520
 21
811.0236
 31
0
  0
LINE
  5
2C5
100
AcDbEntity
  8
WALL
100
AcDbLine
370
50
 10
1412.8937
 20
763.7795
 30
0
 11
1421.7520
 21
763.7795
 31
0
  0
LINE
  5
2C6
100
AcDbEntity
  8
WALL
100
AcDbLine
370
50
 10
1412.8937
 20
811.0236
 30
0
 11
1421.7520
 21
811.0236
 31
0
  0
LINE
  5
2C7
100
AcDbEntity
  8
WALL
100
AcDbLine
370
50
 10
2357.7756
 20
0
 30
0
 11
2357.7756
 21
133.8583
 31
0
  0
LINE
  5
2C8
100
AcDbEntity
  8
WALL
100
AcDbLine
370
50
 10
2366.6339
 20
133.8583
 30
0
 11
2366.6339
 21
0
 31
0
  0
LINE
  5
2C9
100
AcDbEntity
  8
WALL
100
AcDbLine
370
50
 10
2357.7756
 20
181.1024
 30
0
 11
2357.7756
 21
314.9606
 31
0
  0
LINE
  5
2CA
100
AcDbEntity
  8
WALL
100
AcDbLine
370
50
 10
2366.6339
 20
314.9606
 30
0
 11
2366.6339
 21
181.1024
 31
0
  0
LINE
  5
2CB
100
AcDbEntity
  8
WALL
100
AcDbLine
370
50
 10
2357.7756
 20
133.8583
 30
0
 11
2366.6339
 21
133.8583
 31
0
  0
LINE
  5
2CC
100
AcDbEntity
  8
WALL
100
AcDbLine
370
50
 10
2357.7756
 20
181.1024
 30
0
 11
2366.6339
 21
181.1024
 31
0
  0
LINE
  5
2CD
100
AcDbEntity
  8
WALL
100
AcDbLine
370
50
 10
2357.7756
 20
314.9606
 30
0
 11
2357.7756
 21
448.8189
 31
0
  0
LINE
  5
2CE
100
AcDbEntity
  8
WALL
100
AcDbLine
370
50
 10
2366.6339
 20
448.8189
 30
0
 11
2366.6339
 21
314.9606
 31
0
  0
LINE
  5
2CF
100
AcDbEntity
  8
WALL
100
AcDbLine
370
50
 10
2357.7756
 20
496.0630
 30
0
 11
2357.7756
 21
629.9213
 31
0
  0
LINE
  5
2D0
100
AcDbEntity
  8
WALL
100
AcDbLine
370
50
 10
2366.6339
 20
629.9213
 30
0
 11
2366.6339
 21
496.0630
 31
0
  0
LINE
  5
2D1
100
AcDbEntity
  8
WALL
100
AcDbLine
370
50
 10
2357.7756
 20
448.8189
 30
0
 11
2366.6339
 21
448.8189
 31
0
  0
LINE
  5
2D2
100
AcDbEntity
  8
WALL
100
AcDbLine
370
50
 10
2357.7756
 20
496.0630
 30
0
 11
2366.6339
 21
496.0630
 31
0
  0
LINE
  5
2D3
100
AcDbEntity
  8
WALL
100
AcDbLine
370
50
 10
2357.7756
 20
629.9213
 30
0
 11
2357.7756
 21
763.7795
 31
0
  0
LINE
  5
2D4
100
AcDbEntity
  8
WALL
100
AcDbLine
370
50
 10
2366.6339
 20
763.7795
 30
0
 11
2366.6339
 21
629.9213
 31
0
  0
LINE
  5
2D5
100
AcDbEntity
  8
WALL
100
AcDbLine
370
50
 10
2357.7756
 20
811.0236
 30
0
 11
2357.7756
 21
944.8819
 31
0
  0
LINE
  5
2D6
100
AcDbEntity
  8
WALL
100
AcDbLine
370
50
 10
2366.6339
 20
944.8819
 30
0
 11
2366.6339
 21
811.0236
 31
0
  0
LINE
  5
2D7
100
AcDbEntity
  8
WALL
100
AcDbLine
370
50
 10
2357.7756
 20
763.7795
 30
0
 11
2366.6339
 21
763.7795
 31
0
  0
LINE
  5
2D8
100
AcDbEntity
  8
WALL
100
AcDbLine
370
50
 10
2357.7756
 20
811.0236
 30
0
 11
2366.6339
 21
811.0236
 31
0
  0
LINE
  5
2D9
100
AcDbEntity
  8
WALL
100
AcDbLine
370
50
 10
1417.3228
 20
-4.4291
 30
0
 11
1472.4409
 21
-4.4291
 31
0
  0
LINE
  5
2DA
100
AcDbEntity
  8
WALL
100
AcDbLine
370
50
 10
1472.4409
 20
4.4291
 30
0
 11
1417.3228
 21
4.4291
 31
0
  0
LINE
  5
2DB
100
AcDbEntity
  8
WALL
100
AcDbLine
370
50
 10
1519.6850
 20
-4.4291
 30
0
 11
1574.8031
 21
-4.4291
 31
0
  0
LINE
  5
2DC
100
AcDbEntity
  8
WALL
100
AcDbLine
370
50
 10
1574.8031
 20
4.4291
 30
0
 11
1519.6850
 21
4.4291
 31
0
  0
LINE
  5
2DD
100
AcDbEntity
  8
WALL
100
AcDbLine
370
50
 10
1472.4409
 20
-4.4291
 30
0
 11
1472.4409
 21
4.4291
 31
0
  0
LINE
  5
2DE
100
AcDbEntity
  8
WALL
100
AcDbLine
370
50
 10
1519.6850
 20
-4.4291
 30
0
 11
1519.6850
 21
4.4291
 31
0
  0
LINE
  5
2DF
100
AcDbEntity
  8
WALL
100
AcDbLine
370
50
 10
1574.8031
 20
-4.4291
 30
0
 11
1629.9213
 21
-4.4291
 31
0
  0
LINE
  5
2E0
100
AcDbEntity
  8
WALL
100
AcDbLine
370
50
 10
1629.9213
 20
4.4291
 30
0
 11
1574.8031
 21
4.4291
 31
0
  0
LINE
  5
2E1
100
AcDbEntity
  8
WALL
100
AcDbLine
370
50
 10
1677.1654
 20
-4.4291
 30
0
 11
1732.2835
 21
-4.4291
 31
0
  0
LINE
  5
2E2
100
AcDbEntity
  8
WALL
100
AcDbLine
370
50
 10
1732.2835
 20
4.4291
 30
0
 11
1677.1654
 21
4.4291
 31
0
  0
LINE
  5
2E3
100
AcDbEntity
  8
WALL
100
AcDbLine
370
50
 10
1629.9213
 20
-4.4291
 30
0
 11
1629.9213
 21
4.4291
 31
0
  0
LINE
  5
2E4
100
AcDbEntity
  8
WALL
100
AcDbLine
370
50
 10
1677.1654
 20
-4.4291
 30
0
 11
1677.1654
 21
4.4291
 31
0
  0
LINE
  5
2E5
100
AcDbEntity
  8
WALL
100
AcDbLine
370
50
 10
1732.2835
 20
-4.4291
 30
0
 11
1787.4016
 21
-4.4291
 31
0
  0
LINE
  5
2E6
100
AcDbEntity
  8
WALL
100
AcDbLine
370
50
 10
1787.4016
 20
4.4291
 30
0
 11
1732.2835
 21
4.4291
 31
0
  0
LINE
  5
2E7
100
AcDbEntity
  8
WALL
100
AcDbLine
370
50
 10
1834.6457
 20
-4.4291
 30
0
 11
1889.7638
 21
-4.4291
 31
0
  0
LINE
  5
2E8
100
AcDbEntity
  8
WALL
100
AcDbLine
370
50
 10
1889.7638
 20
4.4291
 30
0
 11
1834.6457
 21
4.4291
 31
0
  0
LINE
  5
2E9
100
AcDbEntity
  8
WALL
100
AcDbLine
370
50
 10
1787.4016
 20
-4.4291
 30
0
 11
1787.4016
 21
4.4291
 31
0
  0
LINE
  5
2EA
100
AcDbEntity
  8
WALL
100
AcDbLine
370
50
 10
1834.6457
 20
-4.4291
 30
0
 11
1834.6457
 21
4.4291
 31
0
  0
LINE
  5
2EB
100
AcDbEntity
  8
WALL
100
AcDbLine
370
50
 10
1889.7638
 20
-4.4291
 30
0
 11
1944.8819
 21
-4.4291
 31
0
  0
LINE
  5
2EC
100
AcDbEntity
  8
WALL
100
AcDbLine
370
50
 10
1944.8819
 20
4.4291
 30
0
 11
1889.7638
 21
4.4291
 31
0
  0
LINE
  5
2ED
100
AcDbEntity
  8
WALL
100
AcDbLine
370
50
 10
1992.1260
 20
-4.4291
 30
0
 11
2047.2441
 21
-4.4291
 31
0
  0
LINE
  5
2EE
100
AcDbEntity
  8
WALL
100
AcDbLine
370
50
 10
2047.2441
 20
4.4291
 30
0
 11
1992.1260
 21
4.4291
 31
0
  0
LINE
  5
2EF
100
AcDbEntity
  8
WALL
100
AcDbLine
370
50
 10
1944.8819
 20
-4.4291
 30
0
 11
1944.8819
 21
4.4291
 31
0
  0
LINE
  5
2F0
100
AcDbEntity
  8
WALL
100
AcDbLine
370
50
 10
1992.1260
 20
-4.4291
 30
0
 11
1992.1260
 21
4.4291
 31
0
  0
LINE
  5
2F1
100
AcDbEntity
  8
WALL
100
AcDbLine
370
50
 10
2047.2441
 20
-4.4291
 30
0
 11
2102.3622
 21
-4.4291
 31
0
  0
LINE
  5
2F2
100
AcDbEntity
  8
WALL
100
AcDbLine
370
50
 10
2102.3622
 20
4.4291
 30
0
 11
2047.2441
 21
4.4291
 31
0
  0
LINE
  5
2F3
100
AcDbEntity
  8
WALL
100
AcDbLine
370
50
 10
2149.6063
 20
-4.4291
 30
0
 11
2204.7244
 21
-4.4291
 31
0
  0
LINE
  5
2F4
100
AcDbEntity
  8
WALL
100
AcDbLine
370
50
 10
2204.7244
 20
4.4291
 30
0
 11
2149.6063
 21
4.4291
 31
0
  0
LINE
  5
2F5
100
AcDbEntity
  8
WALL
100
AcDbLine
370
50
 10
2102.3622
 20
-4.4291
 30
0
 11
2102.3622
 21
4.4291
 31
0
  0
LINE
  5
2F6
100
AcDbEntity
  8
WALL
100
AcDbLine
370
50
 10
2149.6063
 20
-4.4291
 30
0
 11
2149.6063
 21
4.4291
 31
0
  0
LINE
  5
2F7
100
AcDbEntity
  8
WALL
100
AcDbLine
370
50
 10
2204.7244
 20
-4.4291
 30
0
 11
2259.8425
 21
-4.4291
 31
0
  0
LINE
  5
2F8
100
AcDbEntity
  8
WALL
100
AcDbLine
370
50
 10
2259.8425
 20
4.4291
 30
0
 11
2204.7244
 21
4.4291
 31
0
  0
LINE
  5
2F9
100
AcDbEntity
  8
WALL
100
AcDbLine
370
50
 10
2307.0866
 20
-4.4291
 30
0
 11
2362.2047
 21
-4.4291
 31
0
  0
LINE
  5
2FA
100
AcDbEntity
  8
WALL
100
AcDbLine
370
50
 10
2362.2047
 20
4.4291
 30
0
 11
2307.0866
 21
4.4291
 31
0
  0
LINE
  5
2FB
100
AcDbEntity
  8
WALL
100
AcDbLine
370
50
 10
2259.8425
 20
-4.4291
 30
0
 11
2259.8425
 21
4.4291
 31
0
  0
LINE
  5
2FC
100
AcDbEntity
  8
WALL
100
AcDbLine
370
50
 10
2307.0866
 20
-4.4291
 30
0
 11
2307.0866
 21
4.4291
 31
0
  0
LINE
  5
2FD
100
AcDbEntity
  8
WALL
100
AcDbLine
370
50
 10
1417.3228
 20
940.4528
 30
0
 11
1472.4409
 21
940.4528
 31
0
  0
LINE
  5
2FE
100
AcDbEntity
  8
WALL
100
AcDbLine
370
50
 10
1472.4409
 20
949.3110
 30
0
 11
1417.3228
 21
949.3110
 31
0
  0
LINE
  5
2FF
100
AcDbEntity
  8
WALL
100
AcDbLine
370
50
 10
1519.6850
 20
940.4528
 30
0
 11
1574.8031
 21
940.4528
 31
0
  0
LINE
  5
300
100
AcDbEntity
  8
WALL
100
AcDbLine
370
50
 10
1574.8031
 20
949.3110
 30
0
 11
1519.6850
 21
949.3110
 31
0
  0
LINE
  5
301
100
AcDbEntity
  8
WALL
100
AcDbLine
370
50
 10
1472.4409
 20
940.4528
 30
0
 11
1472.4409
 21
949.3110
 31
0
  0
LINE
  5
302
100
AcDbEntity
  8
WALL
100
AcDbLine
370
50
 10
1519.6850
 20
940.4528
 30
0
 11
1519.6850
 21
949.3110
 31
0
  0
LINE
  5
303
100
AcDbEntity
  8
WALL
100
AcDbLine
370
50
 10
1574.8031
 20
940.4528
 30
0
 11
1629.9213
 21
940.4528
 31
0
  0
LINE
  5
304
100
AcDbEntity
  8
WALL
100
AcDbLine
370
50
 10
1629.9213
 20
949.3110
 30
0
 11
1574.8031
 21
949.3110
 31
0
  0
LINE
  5
305
100
AcDbEntity
  8
WALL
100
AcDbLine
370
50
 10
1677.1654
 20
940.4528
 30
0
 11
1732.2835
 21
940.4528
 31
0
  0
LINE
  5
306
100
AcDbEntity
  8
WALL
100
AcDbLine
370
50
 10
1732.2835
 20
949.3110
 30
0
 11
1677.1654
 21
949.3110
 31
0
  0
LINE
  5
307
100
AcDbEntity
  8
WALL
100
AcDbLine
370
50
 10
1629.9213
 20
940.4528
 30
0
 11
1629.9213
 21
949.3110
 31
0
  0
LINE
  5
308
100
AcDbEntity
  8
WALL
100
AcDbLine
370
50
 10
1677.1654
 20
940.4528
 30
0
 11
1677.1654
 21
949.3110
 31
0
  0
LINE
  5
309
100
AcDbEntity
  8
WALL
100
AcDbLine
370
50
 10
1732.2835
 20
940.4528
 30
0
 11
1787.4016
 21
940.4528
 31
0
  0
LINE
  5
30A
100
AcDbEntity
  8
WALL
100
AcDbLine
370
50
 10
1787.4016
 20
949.3110
 30
0
 11
1732.2835
 21
949.3110
 31
0
  0
LINE
  5
30B
100
AcDbEntity
  8
WALL
100
AcDbLine
370
50
 10
1834.6457
 20
940.4528
 30
0
 11
1889.7638
 21
940.4528
 31
0
  0
LINE
  5
30C
100
AcDbEntity
  8
WALL
100
AcDbLine
370
50
 10
1889.7638
 20
949.3110
 30
0
 11
1834.6457
 21
949.3110
 31
0
  0
LINE
  5
30D
100
AcDbEntity
  8
WALL
100
AcDbLine
370
50
 10
1787.4016
 20
940.4528
 30
0
 11
1787.4016
 21
949.3110
 31
0
  0
LINE
  5
30E
100
AcDbEntity
  8
WALL
100
AcDbLine
370
50
 10
1834.6457
 20
940.4528
 30
0
 11
1834.6457
 21
949.3110
 31
0
  0
LINE
  5
30F
100
AcDbEntity
  8
WALL
100
AcDbLine
370
50
 10
1889.7638
 20
940.4528
 30
0
 11
1944.8819
 21
940.4528
 31
0
  0
LINE
  5
310
100
AcDbEntity
  8
WALL
100
AcDbLine
370
50
 10
1944.8819
 20
949.3110
 30
0
 11
1889.7638
 21
949.3110
 31
0
  0
LINE
  5
311
100
AcDbEntity
  8
WALL
100
AcDbLine
370
50
 10
1992.1260
 20
940.4528
 30
0
 11
2047.2441
 21
940.4528
 31
0
  0
LINE
  5
312
100
AcDbEntity
  8
WALL
100
AcDbLine
370
50
 10
2047.2441
 20
949.3110
 30
0
 11
1992.1260
 21
949.3110
 31
0
  0
LINE
  5
313
100
AcDbEntity
  8
WALL
100
AcDbLine
370
50
 10
1944.8819
 20
940.4528
 30
0
 11
1944.8819
 21
949.3110
 31
0
  0
LINE
  5
314
100
AcDbEntity
  8
WALL
100
AcDbLine
370
50
 10
1992.1260
 20
940.4528
 30
0
 11
1992.1260
 21
949.3110
 31
0
  0
LINE
  5
315
100
AcDbEntity
  8
WALL
100
AcDbLine
370
50
 10
2047.2441
 20
940.4528
 30
0
 11
2102.3622
 21
940.4528
 31
0
  0
LINE
  5
316
100
AcDbEntity
  8
WALL
100
AcDbLine
370
50
 10
2102.3622
 20
949.3110
 30
0
 11
2047.2441
 21
949.3110
 31
0
  0
LINE
  5
317
100
AcDbEntity
  8
WALL
100
AcDbLine
370
50
 10
2149.6063
 20
940.4528
 30
0
 11
2204.7244
 21
940.4528
 31
0
  0
LINE
  5
318
100
AcDbEntity
  8
WALL
100
AcDbLine
370
50
 10
2204.7244
 20
949.3110
 30
0
 11
2149.6063
 21
949.3110
 31
0
  0
LINE
  5
319
100
AcDbEntity
  8
WALL
100
AcDbLine
370
50
 10
2102.3622
 20
940.4528
 30
0
 11
2102.3622
 21
949.3110
 31
0
  0
LINE
  5
31A
100
AcDbEntity
  8
WALL
100
AcDbLine
370
50
 10
2149.6063
 20
940.4528
 30
0
 11
2149.6063
 21
949.3110
 31
0
  0
LINE
  5
31B
100
AcDbEntity
  8
WALL
100
AcDbLine
370
50
 10
2204.7244
 20
940.4528
 30
0
 11
2259.8425
 21
940.4528
 31
0
  0
LINE
  5
31C
100
AcDbEntity
  8
WALL
100
AcDbLine
370
50
 10
2259.8425
 20
949.3110
 30
0
 11
2204.7244
 21
949.3110
 31
0
  0
LINE
  5
31D
100
AcDbEntity
  8
WALL
100
AcDbLine
370
50
 10
2307.0866
 20
940.4528
 30
0
 11
2362.2047
 21
940.4528
 31
0
  0
LINE
  5
31E
100
AcDbEntity
  8
WALL
100
AcDbLine
370
50
 10
2362.2047
 20
949.3110
 30
0
 11
2307.0866
 21
949.3110
 31
0
  0
LINE
  5
31F
100
AcDbEntity
  8
WALL
100
AcDbLine
370
50
 10
2259.8425
 20
940.4528
 30
0
 11
2259.8425
 21
949.3110
 31
0
  0
LINE
  5
320
100
AcDbEntity
  8
WALL
100
AcDbLine
370
50
 10
2307.0866
 20
940.4528
 30
0
 11
2307.0866
 21
949.3110
 31
0
  0
LINE
  5
321
100
AcDbEntity
  8
WALL
100
AcDbLine
370
50
 10
1571.8504
 20
0
 30
0
 11
1571.8504
 21
139.7638
 31
0
  0
LINE
  5
322
100
AcDbEntity
  8
WALL
100
AcDbLine
370
50
 10
1577.7559
 20
139.7638
 30
0
 11
1577.7559
 21
0
 31
0
  0
LINE
  5
323
100
AcDbEntity
  8
WALL
100
AcDbLine
370
50
 10
1571.8504
 20
175.1969
 30
0
 11
1571.8504
 21
314.9606
 31
0
  0
LINE
  5
324
100
AcDbEntity
  8
WALL
100
AcDbLine
370
50
 10
1577.7559
 20
314.9606
 30
0
 11
1577.7559
 21
175.1969
 31
0
  0
LINE
  5
325
100
AcDbEntity
  8
WALL
100
AcDbLine
370
50
 10
1571.8504
 20
139.7638
 30
0
 11
1577.7559
 21
139.7638
 31
0
  0
LINE
  5
326
100
AcDbEntity
  8
WALL
100
AcDbLine
370
50
 10
1571.8504
 20
175.1969
 30
0
 11
1577.7559
 21
175.1969
 31
0
  0
LINE
  5
327
100
AcDbEntity
  8
WALL
100
AcDbLine
370
50
 10
1571.8504
 20
314.9606
 30
0
 11
1571.8504
 21
454.7244
 31
0
  0
LINE
  5
328
100
AcDbEntity
  8
WALL
100
AcDbLine
370
50
 10
1577.7559
 20
454.7244
 30
0
 11
1577.7559
 21
314.9606
 31
0
  0
LINE
  5
329
100
AcDbEntity
  8
WALL
100
AcDbLine
370
50
 10
1571.8504
 20
490.1575
 30
0
 11
1571.8504
 21
629.9213
 31
0
  0
LINE
  5
32A
100
AcDbEntity
  8
WALL
100
AcDbLine
370
50
 10
1577.7559
 20
629.9213
 30
0
 11
1577.7559
 21
490.1575
 31
0
  0
LINE
  5
32B
100
AcDbEntity
  8
WALL
100
AcDbLine
370
50
 10
1571.8504
 20
454.7244
 30
0
 11
1577.7559
 21
454.7244
 31
0
  0
LINE
  5
32C
100
AcDbEntity
  8
WALL
100
AcDbLine
370
50
 10
1571.8504
 20
490.1575
 30
0
 11
1577.7559
 21
490.1575
 31
0
  0
LINE
  5
32D
100
AcDbEntity
  8
WALL
100
AcDbLine
370
50
 10
1571.8504
 20
629.9213
 30
0
 11
1571.8504
 21
769.6850
 31
0
  0
LINE
  5
32E
100
AcDbEntity
  8
WALL
100
AcDbLine
370
50
 10
1577.7559
 20
769.6850
 30
0
 11
1577.7559
 21
629.9213
 31
0
  0
LINE
  5
32F
100
AcDbEntity
  8
WALL
100
AcDbLine
370
50
 10
1571.8504
 20
805.1181
 30
0
 11
1571.8504
 21
944.8819
 31
0
  0
LINE
  5
330
100
AcDbEntity
  8
WALL
100
AcDbLine
370
50
 10
1577.7559
 20
944.8819
 30
0
 11
1577.7559
 21
805.1181
 31
0
  0
LINE
  5
331
100
AcDbEntity
  8
WALL
100
AcDbLine
370
50
 10
1571.8504
 20
769.6850
 30
0
 11
1577.7559
 21
769.6850
 31
0
  0
LINE
  5
332
100
AcDbEntity
  8
WALL
100
AcDbLine
370
50
 10
1571.8504
 20
805.1181
 30
0
 11
1577.7559
 21
805.1181
 31
0
  0
LINE
  5
333
100
AcDbEntity
  8
WALL
100
AcDbLine
370
50
 10
1729.3307
 20
0
 30
0
 11
1729.3307
 21
139.7638
 31
0
  0
LINE
  5
334
100
AcDbEntity
  8
WALL
100
AcDbLine
370
50
 10
1735.2362
 20
139.7638
 30
0
 11
1735.2362
 21
0
 31
0
  0
LINE
  5
335
100
AcDbEntity
  8
WALL
100
AcDbLine
370
50
 10
1729.3307
 20
175.1969
 30
0
 11
1729.3307
 21
314.9606
 31
0
  0
LINE
  5
336
100
AcDbEntity
  8
WALL
100
AcDbLine
370
50
 10
1735.2362
 20
314.9606
 30
0
 11
1735.2362
 21
175.1969
 31
0
  0
LINE
  5
337
100
AcDbEntity
  8
WALL
100
AcDbLine
370
50
 10
1729.3307
 20
139.7638
 30
0
 11
1735.2362
 21
139.7638
 31
0
  0
LINE
  5
338
100
AcDbEntity
  8
WALL
100
AcDbLine
370
50
 10
1729.3307
 20
175.1969
 30
0
 11
1735.2362
 21
175.1969
 31
0
  0
LINE
  5
339
100
AcDbEntity
  8
WALL
100
AcDbLine
370
50
 10
1729.3307
 20
314.9606
 30
0
 11
1729.3307
 21
454.7244
 31
0
  0
LINE
  5
33A
100
AcDbEntity
  8
WALL
100
AcDbLine
370
50
 10
1735.2362
 20
454.7244
 30
0
 11
1735.2362
 21
314.9606
 31
0
  0
LINE
  5
33B
100
AcDbEntity
  8
WALL
100
AcDbLine
370
50
 10
1729.3307
 20
490.1575
 30
0
 11
1729.3307
 21
629.9213
 31
0
  0
LINE
  5
33C
100
AcDbEntity
  8
WALL
100
AcDbLine
370
50
 10
1735.2362
 20
629.9213
 30
0
 11
1735.2362
 21
490.1575
 31
0
  0
LINE
  5
33D
100
AcDbEntity
  8
WALL
100
AcDbLine
370
50
 10
1729.3307
 20
454.7244
 30
0
 11
1735.2362
 21
454.7244
 31
0
  0
LINE
  5
33E
100
AcDbEntity
  8
WALL
100
AcDbLine
370
50
 10
1729.3307
 20
490.1575
 30
0
 11
1735.2362
 21
490.1575
 31
0
  0
LINE
  5
33F
100
AcDbEntity
  8
WALL
100
AcDbLine
370
50
 10
1729.3307
 20
629.9213
 30
0
 11
1729.3307
 21
769.6850
 31
0
  0
LINE
  5
340
100
AcDbEntity
  8
WALL
100
AcDbLine
370
50
 10
1735.2362
 20
769.6850
 30
0
 11
1735.2362
 21
629.9213
 31
0
  0
LINE
  5
341
100
AcDbEntity
  8
WALL
100
AcDbLine
370
50
 10
1729.3307
 20
805.1181
 30
0
 11
1729.3307
 21
944.8819
 31
0
  0
LINE
  5
342
100
AcDbEntity
  8
WALL
100
AcDbLine
370
50
 10
1735.2362
 20
944.8819
 30
0
 11
1735.2362
 21
805.1181
 31
0
  0
LINE
  5
343
100
AcDbEntity
  8
WALL
100
AcDbLine
370
50
 10
1729.3307
 20
769.6850
 30
0
 11
1735.2362
 21
769.6850
 31
0
  0
LINE
  5
344
100
AcDbEntity
  8
WALL
100
AcDbLine
370
50
 10
1729.3307
 20
805.1181
 30
0
 11
1735.2362
 21
805.1181
 31
0
  0
LINE
  5
345
100
AcDbEntity
  8
WALL
100
AcDbLine
370
50
 10
1886.8110
 20
0
 30
0
 11
1886.8110
 21
314.9606
 31
0
  0
LINE
  5
346
100
AcDbEntity
  8
WALL
100
AcDbLine
370
50
 10
1892.7165
 20
314.9606
 30
0
 11
1892.7165
 21
0
 31
0
  0
LINE
  5
347
100
AcDbEntity
  8
WALL
100
AcDbLine
370
50
 10
1886.8110
 20
314.9606
 30
0
 11
1886.8110
 21
629.9213
 31
0
  0
LINE
  5
348
100
AcDbEntity
  8
WALL
100
AcDbLine
370
50
 10
1892.7165
 20
629.9213
 30
0
 11
1892.7165
 21
314.9606
 31
0
  0
LINE
  5
349
100
AcDbEntity
  8
WALL
100
AcDbLine
370
50
 10
1886.8110
 20
629.9213
 30
0
 11
1886.8110
 21
944.8819
 31
0
  0
LINE
  5
34A
100
AcDbEntity
  8
WALL
100
AcDbLine
370
50
 10
1892.7165
 20
944.8819
 30
0
 11
1892.7165
 21
629.9213
 31
0
  0
LINE
  5
34B
100
AcDbEntity
  8
WALL
100
AcDbLine
370
50
 10
2044.2913
 20
0
 30
0
 11
2044.2913
 21
139.7638
 31
0
  0
LINE
  5
34C
100
AcDbEntity
  8
WALL
100
AcDbLine
370
50
 10
2050.1969
 20
139.7638
 30
0
 11
2050.1969
 21
0
 31
0
  0
LINE
  5
34D
100
AcDbEntity
  8
WALL
100
AcDbLine
370
50
 10
2044.2913
 20
175.1969
 30
0
 11
2044.2913
 21
314.9606
 31
0
  0
LINE
  5
34E
100
AcDbEntity
  8
WALL
100
AcDbLine
370
50
 10
2050.1969
 20
314.9606
 30
0
 11
2050.1969
 21
175.1969
 31
0
  0
LINE
  5
34F
100
AcDbEntity
  8
WALL
100
AcDbLine
370
50
 10
2044.2913
 20
139.7638
 30
0
 11
2050.1969
 21
139.7638
 31
0
  0
LINE
  5
350
100
AcDbEntity
  8
WALL
100
AcDbLine
370
50
 10
2044.2913
 20
175.1969
 30
0
 11
2050.1969
 21
175.1969
 31
0
  0
LINE
  5
351
100
AcDbEntity
  8
WALL
100
AcDbLine
370
50
 10
2044.2913
 20
314.9606
 30
0
 11
2044.2913
 21
454.7244
 31
0
  0
LINE
  5
352
100
AcDbEntity
  8
WALL
100
AcDbLine
370
50
 10
2050.1969
 20
454.7244
 30
0
 11
2050.1969
 21
314.9606
 31
0
  0
LINE
  5
353
100
AcDbEntity
  8
WALL
100
AcDbLine
370
50
 10
2044.2913
 20
490.1575
 30
0
 11
2044.2913
 21
629.9213
 31
0
  0
LINE
  5
354
100
AcDbEntity
  8
WALL
100
AcDbLine
370
50
 10
2050.1969
 20
629.9213
 30
0
 11
2050.1969
 21
490.1575
 31
0
  0
LINE
  5
355
100
AcDbEntity
  8
WALL
100
AcDbLine
370
50
 10
2044.2913
 20
454.7244
 30
0
 11
2050.1969
 21
454.7244
 31
0
  0
LINE
  5
356
100
AcDbEntity
  8
WALL
100
AcDbLine
370
50
 10
2044.2913
 20
490.1575
 30
0
 11
2050.1969
 21
490.1575
 31
0
  0
LINE
  5
357
100
AcDbEntity
  8
WALL
100
AcDbLine
370
50
 10
2044.2913
 20
629.9213
 30
0
 11
2044.2913
 21
769.6850
 31
0
  0
LINE
  5
358
100
AcDbEntity
  8
WALL
100
AcDbLine
370
50
 10
2050.1969
 20
769.6850
 30
0
 11
2050.1969
 21
629.9213
 31
0
  0
LINE
  5
359
100
AcDbEntity
  8
WALL
100
AcDbLine
370
50
 10
2044.2913
 20
805.1181
 30
0
 11
2044.2913
 21
944.8819
 31
0
  0
LINE
  5
35A
100
AcDbEntity
  8
WALL
100
AcDbLine
370
50
 10
2050.1969
 20
944.8819
 30
0
 11
2050.1969
 21
805.1181
 31
0
  0
LINE
  5
35B
100
AcDbEntity
  8
WALL
100
AcDbLine
370
50
 10
2044.2913
 20
769.6850
 30
0
 11
2050.1969
 21
769.6850
 31
0
  0
LINE
  5
35C
100
AcDbEntity
  8
WALL
100
AcDbLine
370
50
 10
2044.2913
 20
805.1181
 30
0
 11
2050.1969
 21
805.1181
 31
0
  0
LINE
  5
35D
100
AcDbEntity
  8
WALL
100
AcDbLine
370
50
 10
2201.7717
 20
0
 30
0
 11
2201.7717
 21
139.7638
 31
0
  0
LINE
  5
35E
100
AcDbEntity
  8
WALL
100
AcDbLine
370
50
 10
2207.6772
 20
139.7638
 30
0
 11
2207.6772
 21
0
 31
0
  0
LINE
  5
35F
100
AcDbEntity
  8
WALL
100
AcDbLine
370
50
 10
2201.7717
 20
175.1969
 30
0
 11
2201.7717
 21
314.9606
 31
0
  0
LINE
  5
360
100
AcDbEntity
  8
WALL
100
AcDbLine
370
50
 10
2207.6772
 20
314.9606
 30
0
 11
2207.6772
 21
175.1969
 31
0
  0
LINE
  5
361
100
AcDbEntity
  8
WALL
100
AcDbLine
370
50
 10
2201.7717
 20
139.7638
 30
0
 11
2207.6772
 21
139.7638
 31
0
  0
LINE
  5
362
100
AcDbEntity
  8
WALL
100
AcDbLine
370
50
 10
2201.7717
 20
175.1969
 30
0
 11
2207.6772
 21
175.1969
 31
0
  0
LINE
  5
363
100
AcDbEntity
  8
WALL
100
AcDbLine
370
50
 10
2201.7717
 20
314.9606
 30
0
 11
2201.7717
 21
454.7244
 31
0
  0
LINE
  5
364
100
AcDbEntity
  8
WALL
100
AcDbLine
370
50
 10
2207.6772
 20
454.7244
 30
0
 11
2207.6772
 21
314.9606
 31
0
  0
LINE
  5
365
100
AcDbEntity
  8
WALL
100
AcDbLine
370
50
 10
2201.7717
 20
490.1575
 30
0
 11
2201.7717
 21
629.9213
 31
0
  0
LINE
  5
366
100
AcDbEntity
  8
WALL
100
AcDbLine
370
50
 10
2207.6772
 20
629.9213
 30
0
 11
2207.6772
 21
490.1575
 31
0
  0
LINE
  5
367
100
AcDbEntity
  8
WALL
100
AcDbLine
370
50
 10
2201.7717
 20
454.7244
 30
0
 11
2207.6772
 21
454.7244
 31
0
  0
LINE
  5
368
100
AcDbEntity
  8
WALL
100
AcDbLine
370
50
 10
2201.7717
 20
490.1575
 30
0
 11
2207.6772
 21
490.1575
 31
0
  0
LINE
  5
369
100
AcDbEntity
  8
WALL
100
AcDbLine
370
50
 10
2201.7717
 20
629.9213
 30
0
 11
2201.7717
 21
769.6850
 31
0
  0
LINE
  5
36A
100
AcDbEntity
  8
WALL
100
AcDbLine
370
50
 10
2207.6772
 20
769.6850
 30
0
 11
2207.6772
 21
629.9213
 31
0
  0
LINE
  5
36B
100
AcDbEntity
  8
WALL
100
AcDbLine
370
50
 10
2201.7717
 20
805.1181
 30
0
 11
2201.7717
 21
944.8819
 31
0
  0
LINE
  5
36C
100
AcDbEntity
  8
WALL
100
AcDbLine
370
50
 10
2207.6772
 20
944.8819
 30
0
 11
2207.6772
 21
805.1181
 31
0
  0
LINE
  5
36D
100
AcDbEntity
  8
WALL
100
AcDbLine
370
50
 10
2201.7717
 20
769.6850
 30
0
 11
2207.6772
 21
769.6850
 31
0
  0
LINE
  5
36E
100
AcDbEntity
  8
WALL
100
AcDbLine
370
50
 10
2201.7717
 20
805.1181
 30
0
 11
2207.6772
 21
805.1181
 31
0
  0
LINE
  5
36F
100
AcDbEntity
  8
WALL
100
AcDbLine
370
50
 10
1417.3228
 20
312.0079
 30
0
 11
1574.8031
 21
312.0079
 31
0
  0
LINE
  5
370
100
AcDbEntity
  8
WALL
100
AcDbLine
370
50
 10
1574.8031
 20
317.9134
 30
0
 11
1417.3228
 21
317.9134
 31
0
  0
LINE
  5
371
100
AcDbEntity
  8
WALL
100
AcDbLine
370
50
 10
1574.8031
 20
312.0079
 30
0
 11
1635.8268
 21
312.0079
 31
0
  0
LINE
  5
372
100
AcDbEntity
  8
WALL
100
AcDbLine
370
50
 10
1635.8268
 20
317.9134
 30
0
 11
1574.8031
 21
317.9134
 31
0
  0
LINE
  5
373
100
AcDbEntity
  8
WALL
100
AcDbLine
370
50
 10
1671.2598
 20
312.0079
 30
0
 11
1732.2835
 21
312.0079
 31
0
  0
LINE
  5
374
100
AcDbEntity
  8
WALL
100
AcDbLine
370
50
 10
1732.2835
 20
317.9134
 30
0
 11
1671.2598
 21
317.9134
 31
0
  0
LINE
  5
375
100
AcDbEntity
  8
WALL
100
AcDbLine
370
50
 10
1635.8268
 20
312.0079
 30
0
 11
1635.8268
 21
317.9134
 31
0
  0
LINE
  5
376
100
AcDbEntity
  8
WALL
100
AcDbLine
370
50
 10
1671.2598
 20
312.0079
 30
0
 11
1671.2598
 21
317.9134
 31
0
  0
LINE
  5
377
100
AcDbEntity
  8
WALL
100
AcDbLine
370
50
 10
1732.2835
 20
312.0079
 30
0
 11
1793.3071
 21
312.0079
 31
0
  0
LINE
  5
378
100
AcDbEntity
  8
WALL
100
AcDbLine
370
50
 10
1793.3071
 20
317.9134
 30
0
 11
1732.2835
 21
317.9134
 31
0
  0
LINE
  5
379
100
AcDbEntity
  8
WALL
100
AcDbLine
370
50
 10
1828.7402
 20
312.0079
 30
0
 11
1889.7638
 21
312.0079
 31
0
  0
LINE
  5
37A
100
AcDbEntity
  8
WALL
100
AcDbLine
370
50
 10
1889.7638
 20
317.9134
 30
0
 11
1828.7402
 21
317.9134
 31
0
  0
LINE
  5
37B
100
AcDbEntity
  8
WALL
100
AcDbLine
370
50
 10
1793.3071
 20
312.0079
 30
0
 11
1793.3071
 21
317.9134
 31
0
  0
LINE
  5
37C
100
AcDbEntity
  8
WALL
100
AcDbLine
370
50
 10
1828.7402
 20
312.0079
 30
0
 11
1828.7402
 21
317.9134
 31
0
  0
LINE
  5
37D
100
AcDbEntity
  8
WALL
100
AcDbLine
370
50
 10
1889.7638
 20
312.0079
 30
0
 11
1950.7874
 21
312.0079
 31
0
  0
LINE
  5
37E
100
AcDbEntity
  8
WALL
100
AcDbLine
370
50
 10
1950.7874
 20
317.9134
 30
0
 11
1889.7638
 21
317.9134
 31
0
  0
LINE
  5
37F
100
AcDbEntity
  8
WALL
100
AcDbLine
370
50
 10
1986.2205
 20
312.0079
 30
0
 11
2047.2441
 21
312.0079
 31
0
  0
LINE
  5
380
100
AcDbEntity
  8
WALL
100
AcDbLine
370
50
 10
2047.2441
 20
317.9134
 30
0
 11
1986.2205
 21
317.9134
 31
0
  0
LINE
  5
381
100
AcDbEntity
  8
WALL
100
AcDbLine
370
50
 10
1950.7874
 20
312.0079
 30
0
 11
1950.7874
 21
317.9134
 31
0
  0
LINE
  5
382
100
AcDbEntity
  8
WALL
100
AcDbLine
370
50
 10
1986.2205
 20
312.0079
 30
0
 11
1986.2205
 21
317.9134
 31
0
  0
LINE
  5
383
100
AcDbEntity
  8
WALL
100
AcDbLine
370
50
 10
2047.2441
 20
312.0079
 30
0
 11
2108.2677
 21
312.0079
 31
0
  0
LINE
  5
384
100
AcDbEntity
  8
WALL
100
AcDbLine
370
50
 10
2108.2677
 20
317.9134
 30
0
 11
2047.2441
 21
317.9134
 31
0
  0
LINE
  5
385
100
AcDbEntity
  8
WALL
100
AcDbLine
370
50
 10
2143.7008
 20
312.0079
 30
0
 11
2204.7244
 21
312.0079
 31
0
  0
LINE
  5
386
100
AcDbEntity
  8
WALL
100
AcDbLine
370
50
 10
2204.7244
 20
317.9134
 30
0
 11
2143.7008
 21
317.9134
 31
0
  0
LINE
  5
387
100
AcDbEntity
  8
WALL
100
AcDbLine
370
50
 10
2108.2677
 20
312.0079
 30
0
 11
2108.2677
 21
317.9134
 31
0
  0
LINE
  5
388
100
AcDbEntity
  8
WALL
100
AcDbLine
370
50
 10
2143.7008
 20
312.0079
 30
0
 11
2143.7008
 21
317.9134
 31
0
  0
LINE
  5
389
100
AcDbEntity
  8
WALL
100
AcDbLine
370
50
 10
2204.7244
 20
312.0079
 30
0
 11
2362.2047
 21
312.0079
 31
0
  0
LINE
  5
38A
100
AcDbEntity
  8
WALL
100
AcDbLine
370
50
 10
2362.2047
 20
317.9134
 30
0
 11
2204.7244
 21
317.9134
 31
0
  0
LINE
  5
38B
100
AcDbEntity
  8
WALL
100
AcDbLine
370
50
 10
1417.3228
 20
626.9685
 30
0
 11
1478.3465
 21
626.9685
 31
0
  0
LINE
  5
38C
100
AcDbEntity
  8
WALL
100
AcDbLine
370
50
 10
1478.3465
 20
632.8740
 30
0
 11
1417.3228
 21
632.8740
 31
0
  0
LINE
  5
38D
100
AcDbEntity
  8
WALL
100
AcDbLine
370
50
 10
1513.7795
 20
626.9685
 30
0
 11
1574.8031
 21
626.9685
 31
0
  0
LINE
  5
38E
100
AcDbEntity
  8
WALL
100
AcDbLine
370
50
 10
1574.8031
 20
632.8740
 30
0
 11
1513.7795
 21
632.8740
 31
0
  0
LINE
  5
38F
100
AcDbEntity
  8
WALL
100
AcDbLine
370
50
 10
1478.3465
 20
626.9685
 30
0
 11
1478.3465
 21
632.8740
 31
0
  0
LINE
  5
390
100
AcDbEntity
  8
WALL
100
AcDbLine
370
50
 10
1513.7795
 20
626.9685
 30
0
 11
1513.7795
 21
632.8740
 31
0
  0
LINE
  5
391
100
AcDbEntity
  8
WALL
100
AcDbLine
370
50
 10
1574.8031
 20
626.9685
 30
0
 11
1635.8268
 21
626.9685
 31
0
  0
LINE
  5
392
100
AcDbEntity
  8
WALL
100
AcDbLine
370
50
 10
1635.8268
 20
632.8740
 30
0
 11
1574.8031
 21
632.8740
 31
0
  0
LINE
  5
393
100
AcDbEntity
  8
WALL
100
AcDbLine
370
50
 10
1671.2598
 20
626.9685
 30
0
 11
1732.2835
 21
626.9685
 31
0
  0
LINE
  5
394
100
AcDbEntity
  8
WALL
100
AcDbLine
370
50
 10
1732.2835
 20
632.8740
 30
0
 11
1671.2598
 21
632.8740
 31
0
  0
LINE
  5
395
100
AcDbEntity
  8
WALL
100
AcDbLine
370
50
 10
1635.8268
 20
626.9685
 30
0
 11
1635.8268
 21
632.8740
 31
0
  0
LINE
  5
396
100
AcDbEntity
  8
WALL
100
AcDbLine
370
50
 10
1671.2598
 20
626.9685
 30
0
 11
1671.2598
 21
632.8740
 31
0
  0
LINE
  5
397
100
AcDbEntity
  8
WALL
100
AcDbLine
370
50
 10
1732.2835
 20
626.9685
 30
0
 11
1793.3071
 21
626.9685
 31
0
  0
LINE
  5
398
100
AcDbEntity
  8
WALL
100
AcDbLine
370
50
 10
1793.3071
 20
632.8740
 30
0
 11
1732.2835
 21
632.8740
 31
0
  0
LINE
  5
399
100
AcDbEntity
  8
WALL
100
AcDbLine
370
50
 10
1828.7402
 20
626.9685
 30
0
 11
1889.7638
 21
626.9685
 31
0
  0
LINE
  5
39A
100
AcDbEntity
  8
WALL
100
AcDbLine
370
50
 10
1889.7638
 20
632.8740
 30
0
 11
1828.7402
 21
632.8740
 31
0
  0
LINE
  5
39B
100
AcDbEntity
  8
WALL
100
AcDbLine
370
50
 10
1793.3071
 20
626.9685
 30
0
 11
1793.3071
 21
632.8740
 31
0
  0
LINE
  5
39C
100
AcDbEntity
  8
WALL
100
AcDbLine
370
50
 10
1828.7402
 20
626.9685
 30
0
 11
1828.7402
 21
632.8740
 31
0
  0
LINE
  5
39D
100
AcDbEntity
  8
WALL
100
AcDbLine
370
50
 10
1889.7638
 20
626.9685
 30
0
 11
1950.7874
 21
626.9685
 31
0
  0
LINE
  5
39E
100
AcDbEntity
  8
WALL
100
AcDbLine
370
50
 10
1950.7874
 20
632.8740
 30
0
 11
1889.7638
 21
632.8740
 31
0
  0
LINE
  5
39F
100
AcDbEntity
  8
WALL
100
AcDbLine
370
50
 10
1986.2205
 20
626.9685
 30
0
 11
2047.2441
 21
626.9685
 31
0
  0
LINE
  5
3A0
100
AcDbEntity
  8
WALL
100
AcDbLine
370
50
 10
2047.2441
 20
632.8740
 30
0
 11
1986.2205
 21
632.8740
 31
0
  0
LINE
  5
3A1
100
AcDbEntity
  8
WALL
100
AcDbLine
370
50
 10
1950.7874
 20
626.9685
 30
0
 11
1950.7874
 21
632.8740
 31
0
  0
LINE
  5
3A2
100
AcDbEntity
  8
WALL
100
AcDbLine
370
50
 10
1986.2205
 20
626.9685
 30
0
 11
1986.2205
 21
632.8740
 31
0
  0
LINE
  5
3A3
100
AcDbEntity
  8
WALL
100
AcDbLine
370
50
 10
2047.2441
 20
626.9685
 30
0
 11
2108.2677
 21
626.9685
 31
0
  0
LINE
  5
3A4
100
AcDbEntity
  8
WALL
100
AcDbLine
370
50
 10
2108.2677
 20
632.8740
 30
0
 11
2047.2441
 21
632.8740
 31
0
  0
LINE
  5
3A5
100
AcDbEntity
  8
WALL
100
AcDbLine
370
50
 10
2143.7008
 20
626.9685
 30
0
 11
2204.7244
 21
626.9685
 31
0
  0
LINE
  5
3A6
100
AcDbEntity
  8
WALL
100
AcDbLine
370
50
 10
2204.7244
 20
632.8740
 30
0
 11
2143.7008
 21
632.8740
 31
0
  0
LINE
  5
3A7
100
AcDbEntity
  8
WALL
100
AcDbLine
370
50
 10
2108.2677
 20
626.9685
 30
0
 11
2108.2677
 21
632.8740
 31
0
  0
LINE
  5
3A8
100
AcDbEntity
  8
WALL
100
AcDbLine
370
50
 10
2143.7008
 20
626.9685
 30
0
 11
2143.7008
 21
632.8740
 31
0
  0
LINE
  5
3A9
100
AcDbEntity
  8
WALL
100
AcDbLine
370
50
 10
2204.7244
 20
626.9685
 30
0
 11
2265.7480
 21
626.9685
 31
0
  0
LINE
  5
3AA
100
AcDbEntity
  8
WALL
100
AcDbLine
370
50
 10
2265.7480
 20
632.8740
 30
0
 11
2204.7244
 21
632.8740
 31
0
  0
LINE
  5
3AB
100
AcDbEntity
  8
WALL
100
AcDbLine
370
50
 10
2301.1811
 20
626.9685
 30
0
 11
2362.2047
 21
626.9685
 31
0
  0
LINE
  5
3AC
100
AcDbEntity
  8
WALL
100
AcDbLine
370
50
 10
2362.2047
 20
632.8740
 30
0
 11
2301.1811
 21
632.8740
 31
0
  0
LINE
  5
3AD
100
AcDbEntity
  8
WALL
100
AcDbLine
370
50
 10
2265.7480
 20
626.9685
 30
0
 11
2265.7480
 21
632.8740
 31
0
  0
LINE
  5
3AE
100
AcDbEntity
  8
WALL
100
AcDbLine
370
50
 10
2301.1811
 20
626.9685
 30
0
 11
2301.1811
 21
632.8740
 31
0
  0
LWPOLYLINE
  5
3AF
100
AcDbEntity
  8
COLUMN
100
AcDbPolyline
 90
4
 70
1
 10
1412.7953
 20
-4.5276
 10
1421.8504
 20
-4.5276
 10
1421.8504
 20
4.5276
 10
1412.7953
 20
4.5276
  0
LWPOLYLINE
  5
3B0
100
AcDbEntity
  8
COLUMN
100
AcDbPolyline
 90
4
 70
1
 10
1412.7953
 20
310.4331
 10
1421.8504
 20
310.4331
 10
1421.8504
 20
319.4882
 10
1412.7953
 20
319.4882
  0
LWPOLYLINE
  5
3B1
100
AcDbEntity
  8
COLUMN
100
AcDbPolyline
 90
4
 70
1
 10
1412.7953
 20
625.3937
 10
1421.8504
 20
625.3937
 10
1421.8504
 20
634.4488
 10
1412.7953
 20
634.4488
  0
LWPOLYLINE
  5
3B2
100
AcDbEntity
  8
COLUMN
100
AcDbPolyline
 90
4
 70
1
 10
1412.7953
 20
940.3543
 10
1421.8504
 20
940.3543
 10
1421.8504
 20
949.4094
 10
1412.7953
 20
949.4094
  0
LWPOLYLINE
  5
3B3
100
AcDbEntity
  8
COLUMN
100
AcDbPolyline
 90
4
 70
1
 10
1570.2756
 20
-4.5276
 10
1579.3307
 20
-4.5276
 10
1579.3307
 20
4.5276
 10
1570.2756
 20
4.5276
  0
LWPOLYLINE
  5
3B4
100
AcDbEntity
  8
COLUMN
100
AcDbPolyline
 90
4
 70
1
 10
1570.2756
 20
310.4331
 10
1579.3307
 20
310.4331
 10
1579.3307
 20
319.4882
 10
1570.2756
 20
319.4882
  0
LWPOLYLINE
  5
3B5
100
AcDbEntity
  8
COLUMN
100
AcDbPolyline
 90
4
 70
1
 10
1570.2756
 20
625.3937
 10
1579.3307
 20
625.3937
 10
1579.3307
 20
634.4488
 10
1570.2756
 20
634.4488
  0
LWPOLYLINE
  5
3B6
100
AcDbEntity
  8
COLUMN
100
AcDbPolyline
 90
4
 70
1
 10
1570.2756
 20
940.3543
 10
1579.3307
 20
940.3543
 10
1579.3307
 20
949.4094
 10
1570.2756
 20
949.4094
  0
LWPOLYLINE
  5
3B7
100
AcDbEntity
  8
COLUMN
100
AcDbPolyline
 90
4
 70
1
 10
1727.7559
 20
-4.5276
 10
1736.8110
 20
-4.5276
 10
1736.8110
 20
4.5276
 10
1727.7559
 20
4.5276
  0
LWPOLYLINE
  5
3B8
100
AcDbEntity
  8
COLUMN
100
AcDbPolyline
 90
4
 70
1
 10
1727.7559
 20
310.4331
 10
1736.8110
 20
310.4331
 10
1736.8110
 20
319.4882
 10
1727.7559
 20
319.4882
  0
LWPOLYLINE
  5
3B9
100
AcDbEntity
  8
COLUMN
100
AcDbPolyline
 90
4
 70
1
 10
1727.7559
 20
625.3937
 10
1736.8110
 20
625.3937
 10
1736.8110
 20
634.4488
 10
1727.7559
 20
634.4488
  0
LWPOLYLINE
  5
3BA
100
AcDbEntity
  8
COLUMN
100
AcDbPolyline
 90
4
 70
1
 10
1727.7559
 20
940.3543
 10
1736.8110
 20
940.3543
 10
1736.8110
 20
949.4094
 10
1727.7559
 20
949.4094
  0
LWPOLYLINE
  5
3BB
100
AcDbEntity
  8
COLUMN
100
AcDbPolyline
 90
4
 70
1
 10
1885.2362
 20
-4.5276
 10
1894.2913
 20
-4.5276
 10
1894.2913
 20
4.5276
 10
1885.2362
 20
4.5276
  0
LWPOLYLINE
  5
3BC
100
AcDbEntity
  8
COLUMN
100
AcDbPolyline
 90
4
 70
1
 10
1885.2362
 20
310.4331
 10
1894.2913
 20
310.4331
 10
1894.2913
 20
319.4882
 10
1885.2362
 20
319.4882
  0
LWPOLYLINE
  5
3BD
100
AcDbEntity
  8
COLUMN
100
AcDbPolyline
 90
4
 70
1
 10
1885.2362
 20
625.3937
 10
1894.2913
 20
625.3937
 10
1894.2913
 20
634.4488
 10
1885.2362
 20
634.4488
  0
LWPOLYLINE
  5
3BE
100
AcDbEntity
  8
COLUMN
100
AcDbPolyline
 90
4
 70
1
 10
1885.2362
 20
940.3543
 10
1894.2913
 20
940.3543
 10
1894.2913
 20
949.4094
 10
1885.2362
 20
949.4094
  0
LWPOLYLINE
  5
3BF
100
AcDbEntity
  8
COLUMN
100
AcDbPolyline
 90
4
 70
1
 10
2042.7165
 20
-4.5276
 10
2051.7717
 20
-4.5276
 10
2051.7717
 20
4.5276
 10
2042.7165
 20
4.5276
  0
LWPOLYLINE
  5
3C0
100
AcDbEntity
  8
COLUMN
100
AcDbPolyline
 90
4
 70
1
 10
2042.7165
 20
310.4331
 10
2051.7717
 20
310.4331
 10
2051.7717
 20
319.4882
 10
2042.7165
 20
319.4882
  0
LWPOLYLINE
  5
3C1
100
AcDbEntity
  8
COLUMN
100
AcDbPolyline
 90
4
 70
1
 10
2042.7165
 20
625.3937
 10
2051.7717
 20
625.3937
 10
2051.7717
 20
634.4488
 10
2042.7165
 20
634.4488
  0
LWPOLYLINE
  5
3C2
100
AcDbEntity
  8
COLUMN
100
AcDbPolyline
 90
4
 70
1
 10
2042.7165
 20
940.3543
 10
2051.7717
 20
940.3543
 10
2051.7717
 20
949.4094
 10
2042.7165
 20
949.4094
  0
LWPOLYLINE
  5
3C3
100
AcDbEntity
  8
COLUMN
100
AcDbPolyline
 90
4
 70
1
 10
2200.1969
 20
-4.5276
 10
2209.2520
 20
-4.5276
 10
2209.2520
 20
4.5276
 10
2200.1969
 20
4.5276
  0
LWPOLYLINE
  5
3C4
100
AcDbEntity
  8
COLUMN
100
AcDbPolyline
 90
4
 70
1
 10
2200.1969
 20
310.4331
 10
2209.2520
 20
310.4331
 10
2209.2520
 20
319.4882
 10
2200.1969
 20
319.4882
  0
LWPOLYLINE
  5
3C5
100
AcDbEntity
  8
COLUMN
100
AcDbPolyline
 90
4
 70
1
 10
2200.1969
 20
625.3937
 10
2209.2520
 20
625.3937
 10
2209.2520
 20
634.4488
 10
2200.1969
 20
634.4488
  0
LWPOLYLINE
  5
3C6
100
AcDbEntity
  8
COLUMN
100
AcDbPolyline
 90
4
 70
1
 10
2200.1969
 20
940.3543
 10
2209.2520
 20
940.3543
 10
2209.2520
 20
949.4094
 10
2200.1969
 20
949.4094
  0
LWPOLYLINE
  5
3C7
100
AcDbEntity
  8
COLUMN
100
AcDbPolyline
 90
4
 70
1
 10
2357.6772
 20
-4.5276
 10
2366.7323
 20
-4.5276
 10
2366.7323
 20
4.5276
 10
2357.6772
 20
4.5276
  0
LWPOLYLINE
  5
3C8
100
AcDbEntity
  8
COLUMN
100
AcDbPolyline
 90
4
 70
1
 10
2357.6772
 20
310.4331
 10
2366.7323
 20
310.4331
 10
2366.7323
 20
319.4882
 10
2357.6772
 20
319.4882
  0
LWPOLYLINE
  5
3C9
100
AcDbEntity
  8
COLUMN
100
AcDbPolyline
 90
4
 70
1
 10
2357.6772
 20
625.3937
 10
2366.7323
 20
625.3937
 10
2366.7323
 20
634.4488
 10
2357.6772
 20
634.4488
  0
LWPOLYLINE
  5
3CA
100
AcDbEntity
  8
COLUMN
100
AcDbPolyline
 90
4
 70
1
 10
2357.6772
 20
940.3543
 10
2366.7323
 20
940.3543
 10
2366.7323
 20
949.4094
 10
2357.6772
 20
949.4094
  0
TEXT
  5
3CB
100
AcDbEntity
  8
TEXT
100
AcDbText
 10
1477.1161
 20
158.2185
 30
0
 40
9.8425
  1
LOUNGE
100
AcDbText
  0
TEXT
  5
3CC
100
AcDbEntity
  8
TEXT
100
AcDbText
 10
1633.8583
 20
158.2185
 30
0
 40
9.8425
  1
DINING
100
AcDbText
  0
TEXT
  5
3CD
100
AcDbEntity
  8
TEXT
100
AcDbText
 10
1791.3386
 20
158.2185
 30
0
 40
9.8425
  1
KITCHEN
100
AcDbText
  0
TEXT
  5
3CE
100
AcDbEntity
  8
TEXT
100
AcDbText
 10
1948.8189
 20
158.2185
 30
0
 40
9.8425
  1
KITCHEN
100
AcDbText
  0
TEXT
  5
3CF
100
AcDbEntity
  8
TEXT
100
AcDbText
 10
2106.2992
 20
158.2185
 30
0
 40
9.8425
  1
DINING
100
AcDbText
  0
TEXT
  5
3D0
100
AcDbEntity
  8
TEXT
100
AcDbText
 10
2263.0413
 20
158.2185
 30
0
 40
9.8425
  1
LOUNGE
100
AcDbText
  0
TEXT
  5
3D1
100
AcDbEntity
  8
TEXT
100
AcDbText
 10
1477.1161
 20
472.4409
 30
0
 40
9.8425
  1
STORE
100
AcDbText
  0
TEXT
  5
3D2
100
AcDbEntity
  8
TEXT
100
AcDbText
 10
1633.8583
 20
472.4409
 30
0
 40
9.8425
  1
STAIR HALL
100
AcDbText
  0
TEXT
  5
3D3
100
AcDbEntity
  8
TEXT
100
AcDbText
 10
1791.3386
 20
472.4409
 30
0
 40
9.8425
  1
DRESSING
100
AcDbText
  0
LWPOLYLINE
  5
3D4
100
AcDbEntity
  8
SANITARY
100
AcDbPolyline
 90
4
 70
1
 10
1750.9843
 20
591.5354
 10
1766.7323
 20
591.5354
 10
1766.7323
 20
615.1575
 10
1750.9843
 20
615.1575
  0
TEXT
  5
3D5
100
AcDbEntity
  8
TEXT
100
AcDbText
 10
1948.8189
 20
472.4409
 30
0
 40
9.8425
  1
DRESSING
100
AcDbText
  0
LWPOLYLINE
  5
3D6
100
AcDbEntity
  8
SANITARY
100
AcDbPolyline
 90
4
 70
1
 10
1908.4646
 20
591.5354
 10
1924.2126
 20
591.5354
 10
1924.2126
 20
615.1575
 10
1908.4646
 20
615.1575
  0
TEXT
  5
3D7
100
AcDbEntity
  8
TEXT
100
AcDbText
 10
2106.2992
 20
472.4409
 30
0
 40
9.8425
  1
STAIR HALL
100
AcDbText
  0
TEXT
  5
3D8
100
AcDbEntity
  8
TEXT
100
AcDbText
 10
2263.0413
 20
472.4409
 30
0
 40
9.8425
  1
STORE
100
AcDbText
  0
TEXT
  5
3D9
100
AcDbEntity
  8
TEXT
100
AcDbText
 10
1477.1161
 20
786.6634
 30
0
 40
9.8425
  1
BEDROOM
100
AcDbText
  0
TEXT
  5
3DA
100
AcDbEntity
  8
TEXT
100
AcDbText
 10
1633.8583
 20
786.6634
 30
0
 40
9.8425
  1
BEDROOM
100
AcDbText
  0
TEXT
  5
3DB
100
AcDbEntity
  8
TEXT
100
AcDbText
 10
1791.3386
 20
786.6634
 30
0
 40
9.8425
  1
MASTER BEDROOM
100
AcDbText
  0
TEXT
  5
3DC
100
AcDbEntity
  8
TEXT
100
AcDbText
 10
1948.8189
 20
786.6634
 30
0
 40
9.8425
  1
MASTER BEDROOM
100
AcDbText
  0
TEXT
  5
3DD
100
AcDbEntity
  8
TEXT
100
AcDbText
 10
2106.2992
 20
786.6634
 30
0
 40
9.8425
  1
BEDROOM
100
AcDbText
  0
TEXT
  5
3DE
100
AcDbEntity
  8
TEXT
100
AcDbText
 10
2263.0413
 20
786.6634
 30
0
 40
9.8425
  1
BEDROOM
100
AcDbText
  0
DIMENSION
  5
3DF
100
AcDbEntity
  8
DIM
100
AcDbDimension
  2
*D
 10
1417.3228
 20
-70.8661
 30
0
 11
1889.7638
 21
-61.0236
 31
0
 70
33
  1
78'-8 7/8"
 42
944.8819
100
AcDbAlignedDimension
 13
1417.3228
 23
0
 33
0
 14
2362.2047
 24
0
 34
0
  0
DIMENSION
  5
3E0
100
AcDbEntity
  8
DIM
100
AcDbDimension
  2
*D
 10
1346.4567
 20
0
 30
0
 11
1356.2992
 21
472.4409
 31
0
 70
33
  1
78'-8 7/8"
 42
944.8819
100
AcDbAlignedDimension
 13
1417.3228
 23
0
 33
0
 14
1417.3228
 24
944.8819
 34
0
  0
DIMENSION
  5
3E1
100
AcDbEntity
  8
DIM
100
AcDbDimension
  2
*D
 10
1417.3228
 20
992.1260
 30
0
 11
1496.0630
 21
1001.9685
 31
0
 70
33
  1
13'-1 1/2"
 42
157.4803
100
AcDbAlignedDimension
 13
1417.3228
 23
944.8819
 33
0
 14
1574.8031
 24
944.8819
 34
0
  0
DIMENSION
  5
3E2
100
AcDbEntity
  8
DIM
100
AcDbDimension
  2
*D
 10
1574.8031
 20
992.1260
 30
0
 11
1653.5433
 21
1001.9685
 31
0
 70
33
  1
13'-1 1/2"
 42
157.4803
100
AcDbAlignedDimension
 13
1574.8031
 23
944.8819
 33
0
 14
1732.2835
 24
944.8819
 34
0
  0
DIMENSION
  5
3E3
100
AcDbEntity
  8
DIM
100
AcDbDimension
  2
*D
 10
1732.2835
 20
992.1260
 30
0
 11
1811.0236
 21
1001.9685
 31
0
 70
33
  1
13'-1 1/2"
 42
157.4803
100
AcDbAlignedDimension
 13
1732.2835
 23
944.8819
 33
0
 14
1889.7638
 24
944.8819
 34
0
  0
DIMENSION
  5
3E4
100
AcDbEntity
  8
DIM
100
AcDbDimension
  2
*D
 10
1889.7638
 20
992.1260
 30
0
 11
1968.5039
 21
1001.9685
 31
0
 70
33
  1
13'-1 1/2"
 42
157.4803
100
AcDbAlignedDimension
 13
1889.7638
 23
944.8819
 33
0
 14
2047.2441
 24
944.8819
 34
0
  0
DIMENSION
  5
3E5
100
AcDbEntity
  8
DIM
100
AcDbDimension
  2
*D
 10
2047.2441
 20
992.1260
 30
0
 11
2125.9843
 21
1001.9685
 31
0
 70
33
  1
13'-1 1/2"
 42
157.4803
100
AcDbAlignedDimension
 13
2047.2441
 23
944.8819
 33
0
 14
2204.7244
 24
944.8819
 34
0
  0
DIMENSION
  5
3E6
100
AcDbEntity
  8
DIM
100
AcDbDimension
  2
*D
 10
2204.7244
 20
992.1260
 30
0
 11
2283.4646
 21
1001.9685
 31
0
 70
33
  1
13'-1 1/2"
 42
157.4803
100
AcDbAlignedDimension
 13
2204.7244
 23
944.8819
 33
0
 14
2362.2047
 24
944.8819
 34
0
  0
DIMENSION
  5
3E7
100
AcDbEntity
  8
DIM
100
AcDbDimension
  2
*D
 10
2409.4488
 20
0
 30
0
 11
2419.2913
 21
157.4803
 31
0
 70
33
  1
26'-3"
 42
314.9606
100
AcDbAlignedDimension
 13
2362.2047
 23
0
 33
0
 14
2362.2047
 24
314.9606
 34
0
  0
DIMENSION
  5
3E8
100
AcDbEntity
  8
DIM
100
AcDbDimension
  2
*D
 10
2409.4488
 20
314.9606
 30
0
 11
2419.2913
 21
472.4409
 31
0
 70
33
  1
26'-3"
 42
314.9606
100
AcDbAlignedDimension
 13
2362.2047
 23
314.9606
 33
0
 14
2362.2047
 24
629.9213
 34
0
  0
DIMENSION
  5
3E9
100
AcDbEntity
  8
DIM
100
AcDbDimension
  2
*D
 10
2409.4488
 20
629.9213
 30
0
 11
2419.2913
 21
787.4016
 31
0
 70
33
  1
26'-3"
 42
314.9606
100
AcDbAlignedDimension
 13
2362.2047
 23
629.9213
 33
0
 14
2362.2047
 24
944.8819
 34
0
  0
TEXT
  5
3EA
100
AcDbEntity
  8
TEXT
100
AcDbText
 10
1417.3228
 20
-125.9843
 30
0
 40
17.7165
  1
FIRST FLOOR PLAN
100
AcDbText
  0
TEXT
  5
3EB
100
AcDbEntity
  8
TEXT
100
AcDbText
 10
2464.5669
 20
472.4409
 30
0
 40
11.8110
  1
+11'-3 7/8"
100
AcDbText
  0
TEXT
  5
3EC
100
AcDbEntity
  8
TEXT
100
AcDbText
 10
1417.3228
 20
-165.3543
 30
0
 40
9.8425
  1
EACH FLAT OCCUPIES 271 SQUARE METRES ONLY.
100
AcDbText
  0
TEXT
  5
3ED
100
AcDbEntity
  8
TEXT
100
AcDbText
 10
1417.3228
 20
-157.4803
 30
0
 40
11.8110
  1
SCALE: 1/8" = 1'-0"
100
AcDbText
  0
LWPOLYLINE
  5
3EE
100
AcDbEntity
  8
WIND
100
AcDbPolyline
 90
4
 70
1
 10
2832.2835
 20
133.8583
 10
2837.0079
 20
133.8583
 10
2837.0079
 20
181.1024
 10
2832.2835
 20
181.1024
  0
LWPOLYLINE
  5
3EF
100
AcDbEntity
  8
WIND
100
AcDbPolyline
 90
4
 70
1
 10
2832.2835
 20
448.8189
 10
2837.0079
 20
448.8189
 10
2837.0079
 20
496.0630
 10
2832.2835
 20
496.0630
  0
LWPOLYLINE
  5
3F0
100
AcDbEntity
  8
WIND
100
AcDbPolyline
 90
4
 70
1
 10
2832.2835
 20
763.7795
 10
2837.0079
 20
763.7795
 10
2837.0079
 20
811.0236
 10
2832.2835
 20
811.0236
  0
LWPOLYLINE
  5
3F1
100
AcDbEntity
  8
WIND
100
AcDbPolyline
 90
4
 70
1
 10
3777.1654
 20
133.8583
 10
3781.8898
 20
133.8583
 10
3781.8898
 20
181.1024
 10
3777.1654
 20
181.1024
  0
LWPOLYLINE
  5
3F2
100
AcDbEntity
  8
WIND
100
AcDbPolyline
 90
4
 70
1
 10
3777.1654
 20
448.8189
 10
3781.8898
 20
448.8189
 10
3781.8898
 20
496.0630
 10
3777.1654
 20
496.0630
  0
LWPOLYLINE
  5
3F3
100
AcDbEntity
  8
WIND
100
AcDbPolyline
 90
4
 70
1
 10
3777.1654
 20
763.7795
 10
3781.8898
 20
763.7795
 10
3781.8898
 20
811.0236
 10
3777.1654
 20
811.0236
  0
LWPOLYLINE
  5
3F4
100
AcDbEntity
  8
WIND
100
AcDbPolyline
 90
4
 70
1
 10
2889.7638
 20
-2.3622
 10
2937.0079
 20
-2.3622
 10
2937.0079
 20
2.3622
 10
2889.7638
 20
2.3622
  0
LWPOLYLINE
  5
3F5
100
AcDbEntity
  8
WIND
100
AcDbPolyline
 90
4
 70
1
 10
3047.2441
 20
-2.3622
 10
3094.4882
 20
-2.3622
 10
3094.4882
 20
2.3622
 10
3047.2441
 20
2.3622
  0
LWPOLYLINE
  5
3F6
100
AcDbEntity
  8
WIND
100
AcDbPolyline
 90
4
 70
1
 10
3204.7244
 20
-2.3622
 10
3251.9685
 20
-2.3622
 10
3251.9685
 20
2.3622
 10
3204.7244
 20
2.3622
  0
LWPOLYLINE
  5
3F7
100
AcDbEntity
  8
WIND
100
AcDbPolyline
 90
4
 70
1
 10
3362.2047
 20
-2.3622
 10
3409.4488
 20
-2.3622
 10
3409.4488
 20
2.3622
 10
3362.2047
 20
2.3622
  0
LWPOLYLINE
  5
3F8
100
AcDbEntity
  8
WIND
100
AcDbPolyline
 90
4
 70
1
 10
3519.6850
 20
-2.3622
 10
3566.9291
 20
-2.3622
 10
3566.9291
 20
2.3622
 10
3519.6850
 20
2.3622
  0
LWPOLYLINE
  5
3F9
100
AcDbEntity
  8
WIND
100
AcDbPolyline
 90
4
 70
1
 10
3677.1654
 20
-2.3622
 10
3724.4094
 20
-2.3622
 10
3724.4094
 20
2.3622
 10
3677.1654
 20
2.3622
  0
LWPOLYLINE
  5
3FA
100
AcDbEntity
  8
WIND
100
AcDbPolyline
 90
4
 70
1
 10
2889.7638
 20
942.5197
 10
2937.0079
 20
942.5197
 10
2937.0079
 20
947.2441
 10
2889.7638
 20
947.2441
  0
LWPOLYLINE
  5
3FB
100
AcDbEntity
  8
WIND
100
AcDbPolyline
 90
4
 70
1
 10
3047.2441
 20
942.5197
 10
3094.4882
 20
942.5197
 10
3094.4882
 20
947.2441
 10
3047.2441
 20
947.2441
  0
LWPOLYLINE
  5
3FC
100
AcDbEntity
  8
WIND
100
AcDbPolyline
 90
4
 70
1
 10
3204.7244
 20
942.5197
 10
3251.9685
 20
942.5197
 10
3251.9685
 20
947.2441
 10
3204.7244
 20
947.2441
  0
LWPOLYLINE
  5
3FD
100
AcDbEntity
  8
WIND
100
AcDbPolyline
 90
4
 70
1
 10
3362.2047
 20
942.5197
 10
3409.4488
 20
942.5197
 10
3409.4488
 20
947.2441
 10
3362.2047
 20
947.2441
  0
LWPOLYLINE
  5
3FE
100
AcDbEntity
  8
WIND
100
AcDbPolyline
 90
4
 70
1
 10
3519.6850
 20
942.5197
 10
3566.9291
 20
942.5197
 10
3566.9291
 20
947.2441
 10
3519.6850
 20
947.2441
  0
LWPOLYLINE
  5
3FF
100
AcDbEntity
  8
WIND
100
AcDbPolyline
 90
4
 70
1
 10
3677.1654
 20
942.5197
 10
3724.4094
 20
942.5197
 10
3724.4094
 20
947.2441
 10
3677.1654
 20
947.2441
  0
ARC
  5
400
100
AcDbEntity
  8
DOOR
100
AcDbCircle
 10
2992.1260
 20
139.7638
 30
0
 40
35.4331
100
AcDbArc
 50
90
 51
180
  0
LINE
  5
401
100
AcDbEntity
  8
DOOR
100
AcDbLine
 10
2992.1260
 20
139.7638
 30
0
 11
2956.6929
 21
139.7638
 31
0
  0
ARC
  5
402
100
AcDbEntity
  8
DOOR
100
AcDbCircle
 10
2992.1260
 20
454.7244
 30
0
 40
35.4331
100
AcDbArc
 50
90
 51
180
  0
LINE
  5
403
100
AcDbEntity
  8
DOOR
100
AcDbLine
 10
2992.1260
 20
454.7244
 30
0
 11
2956.6929
 21
454.7244
 31
0
  0
ARC
  5
404
100
AcDbEntity
  8
DOOR
100
AcDbCircle
 10
2992.1260
 20
769.6850
 30
0
 40
35.4331
100
AcDbArc
 50
90
 51
180
  0
LINE
  5
405
100
AcDbEntity
  8
DOOR
100
AcDbLine
 10
2992.1260
 20
769.6850
 30
0
 11
2956.6929
 21
769.6850
 31
0
  0
ARC
  5
406
100
AcDbEntity
  8
DOOR
100
AcDbCircle
 10
3149.6063
 20
139.7638
 30
0
 40
35.4331
100
AcDbArc
 50
90
 51
180
  0
LINE
  5
407
100
AcDbEntity
  8
DOOR
100
AcDbLine
 10
3149.6063
 20
139.7638
 30
0
 11
3114.1732
 21
139.7638
 31
0
  0
ARC
  5
408
100
AcDbEntity
  8
DOOR
100
AcDbCircle
 10
3149.6063
 20
454.7244
 30
0
 40
35.4331
100
AcDbArc
 50
90
 51
180
  0
LINE
  5
409
100
AcDbEntity
  8
DOOR
100
AcDbLine
 10
3149.6063
 20
454.7244
 30
0
 11
3114.1732
 21
454.7244
 31
0
  0
ARC
  5
40A
100
AcDbEntity
  8
DOOR
100
AcDbCircle
 10
3149.6063
 20
769.6850
 30
0
 40
35.4331
100
AcDbArc
 50
90
 51
180
  0
LINE
  5
40B
100
AcDbEntity
  8
DOOR
100
AcDbLine
 10
3149.6063
 20
769.6850
 30
0
 11
3114.1732
 21
769.6850
 31
0
  0
ARC
  5
40C
100
AcDbEntity
  8
DOOR
100
AcDbCircle
 10
3464.5669
 20
139.7638
 30
0
 40
35.4331
100
AcDbArc
 50
90
 51
180
  0
LINE
  5
40D
100
AcDbEntity
  8
DOOR
100
AcDbLine
 10
3464.5669
 20
139.7638
 30
0
 11
3429.1339
 21
139.7638
 31
0
  0
ARC
  5
40E
100
AcDbEntity
  8
DOOR
100
AcDbCircle
 10
3464.5669
 20
454.7244
 30
0
 40
35.4331
100
AcDbArc
 50
90
 51
180
  0
LINE
  5
40F
100
AcDbEntity
  8
DOOR
100
AcDbLine
 10
3464.5669
 20
454.7244
 30
0
 11
3429.1339
 21
454.7244
 31
0
  0
ARC
  5
410
100
AcDbEntity
  8
DOOR
100
AcDbCircle
 10
3464.5669
 20
769.6850
 30
0
 40
35.4331
100
AcDbArc
 50
90
 51
180
  0
LINE
  5
411
100
AcDbEntity
  8
DOOR
100
AcDbLine
 10
3464.5669
 20
769.6850
 30
0
 11
3429.1339
 21
769.6850
 31
0
  0
ARC
  5
412
100
AcDbEntity
  8
DOOR
100
AcDbCircle
 10
3622.0472
 20
139.7638
 30
0
 40
35.4331
100
AcDbArc
 50
90
 51
180
  0
LINE
  5
413
100
AcDbEntity
  8
DOOR
100
AcDbLine
 10
3622.0472
 20
139.7638
 30
0
 11
3586.6142
 21
139.7638
 31
0
  0
ARC
  5
414
100
AcDbEntity
  8
DOOR
100
AcDbCircle
 10
3622.0472
 20
454.7244
 30
0
 40
35.4331
100
AcDbArc
 50
90
 51
180
  0
LINE
  5
415
100
AcDbEntity
  8
DOOR
100
AcDbLine
 10
3622.0472
 20
454.7244
 30
0
 11
3586.6142
 21
454.7244
 31
0
  0
ARC
  5
416
100
AcDbEntity
  8
DOOR
100
AcDbCircle
 10
3622.0472
 20
769.6850
 30
0
 40
35.4331
100
AcDbArc
 50
90
 51
180
  0
LINE
  5
417
100
AcDbEntity
  8
DOOR
100
AcDbLine
 10
3622.0472
 20
769.6850
 30
0
 11
3586.6142
 21
769.6850
 31
0
  0
ARC
  5
418
100
AcDbEntity
  8
DOOR
100
AcDbCircle
 10
3053.1496
 20
314.9606
 30
0
 40
35.4331
100
AcDbArc
 50
0
 51
90
  0
LINE
  5
419
100
AcDbEntity
  8
DOOR
100
AcDbLine
 10
3053.1496
 20
314.9606
 30
0
 11
3053.1496
 21
350.3937
 31
0
  0
ARC
  5
41A
100
AcDbEntity
  8
DOOR
100
AcDbCircle
 10
3210.6299
 20
314.9606
 30
0
 40
35.4331
100
AcDbArc
 50
0
 51
90
  0
LINE
  5
41B
100
AcDbEntity
  8
DOOR
100
AcDbLine
 10
3210.6299
 20
314.9606
 30
0
 11
3210.6299
 21
350.3937
 31
0
  0
ARC
  5
41C
100
AcDbEntity
  8
DOOR
100
AcDbCircle
 10
3368.1102
 20
314.9606
 30
0
 40
35.4331
100
AcDbArc
 50
0
 51
90
  0
LINE
  5
41D
100
AcDbEntity
  8
DOOR
100
AcDbLine
 10
3368.1102
 20
314.9606
 30
0
 11
3368.1102
 21
350.3937
 31
0
  0
ARC
  5
41E
100
AcDbEntity
  8
DOOR
100
AcDbCircle
 10
3525.5906
 20
314.9606
 30
0
 40
35.4331
100
AcDbArc
 50
0
 51
90
  0
LINE
  5
41F
100
AcDbEntity
  8
DOOR
100
AcDbLine
 10
3525.5906
 20
314.9606
 30
0
 11
3525.5906
 21
350.3937
 31
0
  0
ARC
  5
420
100
AcDbEntity
  8
DOOR
100
AcDbCircle
 10
2895.6693
 20
629.9213
 30
0
 40
35.4331
100
AcDbArc
 50
0
 51
90
  0
LINE
  5
421
100
AcDbEntity
  8
DOOR
100
AcDbLine
 10
2895.6693
 20
629.9213
 30
0
 11
2895.6693
 21
665.3543
 31
0
  0
ARC
  5
422
100
AcDbEntity
  8
DOOR
100
AcDbCircle
 10
3053.1496
 20
629.9213
 30
0
 40
35.4331
100
AcDbArc
 50
0
 51
90
  0
LINE
  5
423
100
AcDbEntity
  8
DOOR
100
AcDbLine
 10
3053.1496
 20
629.9213
 30
0
 11
3053.1496
 21
665.3543
 31
0
  0
ARC
  5
424
100
AcDbEntity
  8
DOOR
100
AcDbCircle
 10
3210.6299
 20
629.9213
 30
0
 40
35.4331
100
AcDbArc
 50
0
 51
90
  0
LINE
  5
425
100
AcDbEntity
  8
DOOR
100
AcDbLine
 10
3210.6299
 20
629.9213
 30
0
 11
3210.6299
 21
665.3543
 31
0
  0
ARC
  5
426
100
AcDbEntity
  8
DOOR
100
AcDbCircle
 10
3368.1102
 20
629.9213
 30
0
 40
35.4331
100
AcDbArc
 50
0
 51
90
  0
LINE
  5
427
100
AcDbEntity
  8
DOOR
100
AcDbLine
 10
3368.1102
 20
629.9213
 30
0
 11
3368.1102
 21
665.3543
 31
0
  0
ARC
  5
428
100
AcDbEntity
  8
DOOR
100
AcDbCircle
 10
3525.5906
 20
629.9213
 30
0
 40
35.4331
100
AcDbArc
 50
0
 51
90
  0
LINE
  5
429
100
AcDbEntity
  8
DOOR
100
AcDbLine
 10
3525.5906
 20
629.9213
 30
0
 11
3525.5906
 21
665.3543
 31
0
  0
ARC
  5
42A
100
AcDbEntity
  8
DOOR
100
AcDbCircle
 10
3683.0709
 20
629.9213
 30
0
 40
35.4331
100
AcDbArc
 50
0
 51
90
  0
LINE
  5
42B
100
AcDbEntity
  8
DOOR
100
AcDbLine
 10
3683.0709
 20
629.9213
 30
0
 11
3683.0709
 21
665.3543
 31
0
  0
LINE
  5
42C
100
AcDbEntity
  8
WALL
100
AcDbLine
370
50
 10
2830.2165
 20
0
 30
0
 11
2830.2165
 21
133.8583
 31
0
  0
LINE
  5
42D
100
AcDbEntity
  8
WALL
100
AcDbLine
370
50
 10
2839.0748
 20
133.8583
 30
0
 11
2839.0748
 21
0
 31
0
  0
LINE
  5
42E
100
AcDbEntity
  8
WALL
100
AcDbLine
370
50
 10
2830.2165
 20
181.1024
 30
0
 11
2830.2165
 21
314.9606
 31
0
  0
LINE
  5
42F
100
AcDbEntity
  8
WALL
100
AcDbLine
370
50
 10
2839.0748
 20
314.9606
 30
0
 11
2839.0748
 21
181.1024
 31
0
  0
LINE
  5
430
100
AcDbEntity
  8
WALL
100
AcDbLine
370
50
 10
2830.2165
 20
133.8583
 30
0
 11
2839.0748
 21
133.8583
 31
0
  0
LINE
  5
431
100
AcDbEntity
  8
WALL
100
AcDbLine
370
50
 10
2830.2165
 20
181.1024
 30
0
 11
2839.0748
 21
181.1024
 31
0
  0
LINE
  5
432
100
AcDbEntity
  8
WALL
100
AcDbLine
370
50
 10
2830.2165
 20
314.9606
 30
0
 11
2830.2165
 21
448.8189
 31
0
  0
LINE
  5
433
100
AcDbEntity
  8
WALL
100
AcDbLine
370
50
 10
2839.0748
 20
448.8189
 30
0
 11
2839.0748
 21
314.9606
 31
0
  0
LINE
  5
434
100
AcDbEntity
  8
WALL
100
AcDbLine
370
50
 10
2830.2165
 20
496.0630
 30
0
 11
2830.2165
 21
629.9213
 31
0
  0
LINE
  5
435
100
AcDbEntity
  8
WALL
100
AcDbLine
370
50
 10
2839.0748
 20
629.9213
 30
0
 11
2839.0748
 21
496.0630
 31
0
  0
LINE
  5
436
100
AcDbEntity
  8
WALL
100
AcDbLine
370
50
 10
2830.2165
 20
448.8189
 30
0
 11
2839.0748
 21
448.8189
 31
0
  0
LINE
  5
437
100
AcDbEntity
  8
WALL
100
AcDbLine
370
50
 10
2830.2165
 20
496.0630
 30
0
 11
2839.0748
 21
496.0630
 31
0
  0
LINE
  5
438
100
AcDbEntity
  8
WALL
100
AcDbLine
370
50
 10
2830.2165
 20
629.9213
 30
0
 11
2830.2165
 21
763.7795
 31
0
  0
LINE
  5
439
100
AcDbEntity
  8
WALL
100
AcDbLine
370
50
 10
2839.0748
 20
763.7795
 30
0
 11
2839.0748
 21
629.9213
 31
0
  0
LINE
  5
43A
100
AcDbEntity
  8
WALL
100
AcDbLine
370
50
 10
2830.2165
 20
811.0236
 30
0
 11
2830.2165
 21
944.8819
 31
0
  0
LINE
  5
43B
100
AcDbEntity
  8
WALL
100
AcDbLine
370
50
 10
2839.0748
 20
944.8819
 30
0
 11
2839.0748
 21
811.0236
 31
0
  0
LINE
  5
43C
100
AcDbEntity
  8
WALL
100
AcDbLine
370
50
 10
2830.2165
 20
763.7795
 30
0
 11
2839.0748
 21
763.7795
 31
0
  0
LINE
  5
43D
100
AcDbEntity
  8
WALL
100
AcDbLine
370
50
 10
2830.2165
 20
811.0236
 30
0
 11
2839.0748
 21
811.0236
 31
0
  0
LINE
  5
43E
100
AcDbEntity
  8
WALL
100
AcDbLine
370
50
 10
3775.0984
 20
0
 30
0
 11
3775.0984
 21
133.8583
 31
0
  0
LINE
  5
43F
100
AcDbEntity
  8
WALL
100
AcDbLine
370
50
 10
3783.9567
 20
133.8583
 30
0
 11
3783.9567
 21
0
 31
0
  0
LINE
  5
440
100
AcDbEntity
  8
WALL
100
AcDbLine
370
50
 10
3775.0984
 20
181.1024
 30
0
 11
3775.0984
 21
314.9606
 31
0
  0
LINE
  5
441
100
AcDbEntity
  8
WALL
100
AcDbLine
370
50
 10
3783.9567
 20
314.9606
 30
0
 11
3783.9567
 21
181.1024
 31
0
  0
LINE
  5
442
100
AcDbEntity
  8
WALL
100
AcDbLine
370
50
 10
3775.0984
 20
133.8583
 30
0
 11
3783.9567
 21
133.8583
 31
0
  0
LINE
  5
443
100
AcDbEntity
  8
WALL
100
AcDbLine
370
50
 10
3775.0984
 20
181.1024
 30
0
 11
3783.9567
 21
181.1024
 31
0
  0
LINE
  5
444
100
AcDbEntity
  8
WALL
100
AcDbLine
370
50
 10
3775.0984
 20
314.9606
 30
0
 11
3775.0984
 21
448.8189
 31
0
  0
LINE
  5
445
100
AcDbEntity
  8
WALL
100
AcDbLine
370
50
 10
3783.9567
 20
448.8189
 30
0
 11
3783.9567
 21
314.9606
 31
0
  0
LINE
  5
446
100
AcDbEntity
  8
WALL
100
AcDbLine
370
50
 10
3775.0984
 20
496.0630
 30
0
 11
3775.0984
 21
629.9213
 31
0
  0
LINE
  5
447
100
AcDbEntity
  8
WALL
100
AcDbLine
370
50
 10
3783.9567
 20
629.9213
 30
0
 11
3783.9567
 21
496.0630
 31
0
  0
LINE
  5
448
100
AcDbEntity
  8
WALL
100
AcDbLine
370
50
 10
3775.0984
 20
448.8189
 30
0
 11
3783.9567
 21
448.8189
 31
0
  0
LINE
  5
449
100
AcDbEntity
  8
WALL
100
AcDbLine
370
50
 10
3775.0984
 20
496.0630
 30
0
 11
3783.9567
 21
496.0630
 31
0
  0
LINE
  5
44A
100
AcDbEntity
  8
WALL
100
AcDbLine
370
50
 10
3775.0984
 20
629.9213
 30
0
 11
3775.0984
 21
763.7795
 31
0
  0
LINE
  5
44B
100
AcDbEntity
  8
WALL
100
AcDbLine
370
50
 10
3783.9567
 20
763.7795
 30
0
 11
3783.9567
 21
629.9213
 31
0
  0
LINE
  5
44C
100
AcDbEntity
  8
WALL
100
AcDbLine
370
50
 10
3775.0984
 20
811.0236
 30
0
 11
3775.0984
 21
944.8819
 31
0
  0
LINE
  5
44D
100
AcDbEntity
  8
WALL
100
AcDbLine
370
50
 10
3783.9567
 20
944.8819
 30
0
 11
3783.9567
 21
811.0236
 31
0
  0
LINE
  5
44E
100
AcDbEntity
  8
WALL
100
AcDbLine
370
50
 10
3775.0984
 20
763.7795
 30
0
 11
3783.9567
 21
763.7795
 31
0
  0
LINE
  5
44F
100
AcDbEntity
  8
WALL
100
AcDbLine
370
50
 10
3775.0984
 20
811.0236
 30
0
 11
3783.9567
 21
811.0236
 31
0
  0
LINE
  5
450
100
AcDbEntity
  8
WALL
100
AcDbLine
370
50
 10
2834.6457
 20
-4.4291
 30
0
 11
2889.7638
 21
-4.4291
 31
0
  0
LINE
  5
451
100
AcDbEntity
  8
WALL
100
AcDbLine
370
50
 10
2889.7638
 20
4.4291
 30
0
 11
2834.6457
 21
4.4291
 31
0
  0
LINE
  5
452
100
AcDbEntity
  8
WALL
100
AcDbLine
370
50
 10
2937.0079
 20
-4.4291
 30
0
 11
2992.1260
 21
-4.4291
 31
0
  0
LINE
  5
453
100
AcDbEntity
  8
WALL
100
AcDbLine
370
50
 10
2992.1260
 20
4.4291
 30
0
 11
2937.0079
 21
4.4291
 31
0
  0
LINE
  5
454
100
AcDbEntity
  8
WALL
100
AcDbLine
370
50
 10
2889.7638
 20
-4.4291
 30
0
 11
2889.7638
 21
4.4291
 31
0
  0
LINE
  5
455
100
AcDbEntity
  8
WALL
100
AcDbLine
370
50
 10
2937.0079
 20
-4.4291
 30
0
 11
2937.0079
 21
4.4291
 31
0
  0
LINE
  5
456
100
AcDbEntity
  8
WALL
100
AcDbLine
370
50
 10
2992.1260
 20
-4.4291
 30
0
 11
3047.2441
 21
-4.4291
 31
0
  0
LINE
  5
457
100
AcDbEntity
  8
WALL
100
AcDbLine
370
50
 10
3047.2441
 20
4.4291
 30
0
 11
2992.1260
 21
4.4291
 31
0
  0
LINE
  5
458
100
AcDbEntity
  8
WALL
100
AcDbLine
370
50
 10
3094.4882
 20
-4.4291
 30
0
 11
3149.6063
 21
-4.4291
 31
0
  0
LINE
  5
459
100
AcDbEntity
  8
WALL
100
AcDbLine
370
50
 10
3149.6063
 20
4.4291
 30
0
 11
3094.4882
 21
4.4291
 31
0
  0
LINE
  5
45A
100
AcDbEntity
  8
WALL
100
AcDbLine
370
50
 10
3047.2441
 20
-4.4291
 30
0
 11
3047.2441
 21
4.4291
 31
0
  0
LINE
  5
45B
100
AcDbEntity
  8
WALL
100
AcDbLine
370
50
 10
3094.4882
 20
-4.4291
 30
0
 11
3094.4882
 21
4.4291
 31
0
  0
LINE
  5
45C
100
AcDbEntity
  8
WALL
100
AcDbLine
370
50
 10
3149.6063
 20
-4.4291
 30
0
 11
3204.7244
 21
-4.4291
 31
0
  0
LINE
  5
45D
100
AcDbEntity
  8
WALL
100
AcDbLine
370
50
 10
3204.7244
 20
4.4291
 30
0
 11
3149.6063
 21
4.4291
 31
0
  0
LINE
  5
45E
100
AcDbEntity
  8
WALL
100
AcDbLine
370
50
 10
3251.9685
 20
-4.4291
 30
0
 11
3307.0866
 21
-4.4291
 31
0
  0
LINE
  5
45F
100
AcDbEntity
  8
WALL
100
AcDbLine
370
50
 10
3307.0866
 20
4.4291
 30
0
 11
3251.9685
 21
4.4291
 31
0
  0
LINE
  5
460
100
AcDbEntity
  8
WALL
100
AcDbLine
370
50
 10
3204.7244
 20
-4.4291
 30
0
 11
3204.7244
 21
4.4291
 31
0
  0
LINE
  5
461
100
AcDbEntity
  8
WALL
100
AcDbLine
370
50
 10
3251.9685
 20
-4.4291
 30
0
 11
3251.9685
 21
4.4291
 31
0
  0
LINE
  5
462
100
AcDbEntity
  8
WALL
100
AcDbLine
370
50
 10
3307.0866
 20
-4.4291
 30
0
 11
3362.2047
 21
-4.4291
 31
0
  0
LINE
  5
463
100
AcDbEntity
  8
WALL
100
AcDbLine
370
50
 10
3362.2047
 20
4.4291
 30
0
 11
3307.0866
 21
4.4291
 31
0
  0
LINE
  5
464
100
AcDbEntity
  8
WALL
100
AcDbLine
370
50
 10
3409.4488
 20
-4.4291
 30
0
 11
3464.5669
 21
-4.4291
 31
0
  0
LINE
  5
465
100
AcDbEntity
  8
WALL
100
AcDbLine
370
50
 10
3464.5669
 20
4.4291
 30
0
 11
3409.4488
 21
4.4291
 31
0
  0
LINE
  5
466
100
AcDbEntity
  8
WALL
100
AcDbLine
370
50
 10
3362.2047
 20
-4.4291
 30
0
 11
3362.2047
 21
4.4291
 31
0
  0
LINE
  5
467
100
AcDbEntity
  8
WALL
100
AcDbLine
370
50
 10
3409.4488
 20
-4.4291
 30
0
 11
3409.4488
 21
4.4291
 31
0
  0
LINE
  5
468
100
AcDbEntity
  8
WALL
100
AcDbLine
370
50
 10
3464.5669
 20
-4.4291
 30
0
 11
3519.6850
 21
-4.4291
 31
0
  0
LINE
  5
469
100
AcDbEntity
  8
WALL
100
AcDbLine
370
50
 10
3519.6850
 20
4.4291
 30
0
 11
3464.5669
 21
4.4291
 31
0
  0
LINE
  5
46A
100
AcDbEntity
  8
WALL
100
AcDbLine
370
50
 10
3566.9291
 20
-4.4291
 30
0
 11
3622.0472
 21
-4.4291
 31
0
  0
LINE
  5
46B
100
AcDbEntity
  8
WALL
100
AcDbLine
370
50
 10
3622.0472
 20
4.4291
 30
0
 11
3566.9291
 21
4.4291
 31
0
  0
LINE
  5
46C
100
AcDbEntity
  8
WALL
100
AcDbLine
370
50
 10
3519.6850
 20
-4.4291
 30
0
 11
3519.6850
 21
4.4291
 31
0
  0
LINE
  5
46D
100
AcDbEntity
  8
WALL
100
AcDbLine
370
50
 10
3566.9291
 20
-4.4291
 30
0
 11
3566.9291
 21
4.4291
 31
0
  0
LINE
  5
46E
100
AcDbEntity
  8
WALL
100
AcDbLine
370
50
 10
3622.0472
 20
-4.4291
 30
0
 11
3677.1654
 21
-4.4291
 31
0
  0
LINE
  5
46F
100
AcDbEntity
  8
WALL
100
AcDbLine
370
50
 10
3677.1654
 20
4.4291
 30
0
 11
3622.0472
 21
4.4291
 31
0
  0
LINE
  5
470
100
AcDbEntity
  8
WALL
100
AcDbLine
370
50
 10
3724.4094
 20
-4.4291
 30
0
 11
3779.5276
 21
-4.4291
 31
0
  0
LINE
  5
471
100
AcDbEntity
  8
WALL
100
AcDbLine
370
50
 10
3779.5276
 20
4.4291
 30
0
 11
3724.4094
 21
4.4291
 31
0
  0
LINE
  5
472
100
AcDbEntity
  8
WALL
100
AcDbLine
370
50
 10
3677.1654
 20
-4.4291
 30
0
 11
3677.1654
 21
4.4291
 31
0
  0
LINE
  5
473
100
AcDbEntity
  8
WALL
100
AcDbLine
370
50
 10
3724.4094
 20
-4.4291
 30
0
 11
3724.4094
 21
4.4291
 31
0
  0
LINE
  5
474
100
AcDbEntity
  8
WALL
100
AcDbLine
370
50
 10
2834.6457
 20
940.4528
 30
0
 11
2889.7638
 21
940.4528
 31
0
  0
LINE
  5
475
100
AcDbEntity
  8
WALL
100
AcDbLine
370
50
 10
2889.7638
 20
949.3110
 30
0
 11
2834.6457
 21
949.3110
 31
0
  0
LINE
  5
476
100
AcDbEntity
  8
WALL
100
AcDbLine
370
50
 10
2937.0079
 20
940.4528
 30
0
 11
2992.1260
 21
940.4528
 31
0
  0
LINE
  5
477
100
AcDbEntity
  8
WALL
100
AcDbLine
370
50
 10
2992.1260
 20
949.3110
 30
0
 11
2937.0079
 21
949.3110
 31
0
  0
LINE
  5
478
100
AcDbEntity
  8
WALL
100
AcDbLine
370
50
 10
2889.7638
 20
940.4528
 30
0
 11
2889.7638
 21
949.3110
 31
0
  0
LINE
  5
479
100
AcDbEntity
  8
WALL
100
AcDbLine
370
50
 10
2937.0079
 20
940.4528
 30
0
 11
2937.0079
 21
949.3110
 31
0
  0
LINE
  5
47A
100
AcDbEntity
  8
WALL
100
AcDbLine
370
50
 10
2992.1260
 20
940.4528
 30
0
 11
3047.2441
 21
940.4528
 31
0
  0
LINE
  5
47B
100
AcDbEntity
  8
WALL
100
AcDbLine
370
50
 10
3047.2441
 20
949.3110
 30
0
 11
2992.1260
 21
949.3110
 31
0
  0
LINE
  5
47C
100
AcDbEntity
  8
WALL
100
AcDbLine
370
50
 10
3094.4882
 20
940.4528
 30
0
 11
3149.6063
 21
940.4528
 31
0
  0
LINE
  5
47D
100
AcDbEntity
  8
WALL
100
AcDbLine
370
50
 10
3149.6063
 20
949.3110
 30
0
 11
3094.4882
 21
949.3110
 31
0
  0
LINE
  5
47E
100
AcDbEntity
  8
WALL
100
AcDbLine
370
50
 10
3047.2441
 20
940.4528
 30
0
 11
3047.2441
 21
949.3110
 31
0
  0
LINE
  5
47F
100
AcDbEntity
  8
WALL
100
AcDbLine
370
50
 10
3094.4882
 20
940.4528
 30
0
 11
3094.4882
 21
949.3110
 31
0
  0
LINE
  5
480
100
AcDbEntity
  8
WALL
100
AcDbLine
370
50
 10
3149.6063
 20
940.4528
 30
0
 11
3204.7244
 21
940.4528
 31
0
  0
LINE
  5
481
100
AcDbEntity
  8
WALL
100
AcDbLine
370
50
 10
3204.7244
 20
949.3110
 30
0
 11
3149.6063
 21
949.3110
 31
0
  0
LINE
  5
482
100
AcDbEntity
  8
WALL
100
AcDbLine
370
50
 10
3251.9685
 20
940.4528
 30
0
 11
3307.0866
 21
940.4528
 31
0
  0
LINE
  5
483
100
AcDbEntity
  8
WALL
100
AcDbLine
370
50
 10
3307.0866
 20
949.3110
 30
0
 11
3251.9685
 21
949.3110
 31
0
  0
LINE
  5
484
100
AcDbEntity
  8
WALL
100
AcDbLine
370
50
 10
3204.7244
 20
940.4528
 30
0
 11
3204.7244
 21
949.3110
 31
0
  0
LINE
  5
485
100
AcDbEntity
  8
WALL
100
AcDbLine
370
50
 10
3251.9685
 20
940.4528
 30
0
 11
3251.9685
 21
949.3110
 31
0
  0
LINE
  5
486
100
AcDbEntity
  8
WALL
100
AcDbLine
370
50
 10
3307.0866
 20
940.4528
 30
0
 11
3362.2047
 21
940.4528
 31
0
  0
LINE
  5
487
100
AcDbEntity
  8
WALL
100
AcDbLine
370
50
 10
3362.2047
 20
949.3110
 30
0
 11
3307.0866
 21
949.3110
 31
0
  0
LINE
  5
488
100
AcDbEntity
  8
WALL
100
AcDbLine
370
50
 10
3409.4488
 20
940.4528
 30
0
 11
3464.5669
 21
940.4528
 31
0
  0
LINE
  5
489
100
AcDbEntity
  8
WALL
100
AcDbLine
370
50
 10
3464.5669
 20
949.3110
 30
0
 11
3409.4488
 21
949.3110
 31
0
  0
LINE
  5
48A
100
AcDbEntity
  8
WALL
100
AcDbLine
370
50
 10
3362.2047
 20
940.4528
 30
0
 11
3362.2047
 21
949.3110
 31
0
  0
LINE
  5
48B
100
AcDbEntity
  8
WALL
100
AcDbLine
370
50
 10
3409.4488
 20
940.4528
 30
0
 11
3409.4488
 21
949.3110
 31
0
  0
LINE
  5
48C
100
AcDbEntity
  8
WALL
100
AcDbLine
370
50
 10
3464.5669
 20
940.4528
 30
0
 11
3519.6850
 21
940.4528
 31
0
  0
LINE
  5
48D
100
AcDbEntity
  8
WALL
100
AcDbLine
370
50
 10
3519.6850
 20
949.3110
 30
0
 11
3464.5669
 21
949.3110
 31
0
  0
LINE
  5
48E
100
AcDbEntity
  8
WALL
100
AcDbLine
370
50
 10
3566.9291
 20
940.4528
 30
0
 11
3622.0472
 21
940.4528
 31
0
  0
LINE
  5
48F
100
AcDbEntity
  8
WALL
100
AcDbLine
370
50
 10
3622.0472
 20
949.3110
 30
0
 11
3566.9291
 21
949.3110
 31
0
  0
LINE
  5
490
100
AcDbEntity
  8
WALL
100
AcDbLine
370
50
 10
3519.6850
 20
940.4528
 30
0
 11
3519.6850
 21
949.3110
 31
0
  0
LINE
  5
491
100
AcDbEntity
  8
WALL
100
AcDbLine
370
50
 10
3566.9291
 20
940.4528
 30
0
 11
3566.9291
 21
949.3110
 31
0
  0
LINE
  5
492
100
AcDbEntity
  8
WALL
100
AcDbLine
370
50
 10
3622.0472
 20
940.4528
 30
0
 11
3677.1654
 21
940.4528
 31
0
  0
LINE
  5
493
100
AcDbEntity
  8
WALL
100
AcDbLine
370
50
 10
3677.1654
 20
949.3110
 30
0
 11
3622.0472
 21
949.3110
 31
0
  0
LINE
  5
494
100
AcDbEntity
  8
WALL
100
AcDbLine
370
50
 10
3724.4094
 20
940.4528
 30
0
 11
3779.5276
 21
940.4528
 31
0
  0
LINE
  5
495
100
AcDbEntity
  8
WALL
100
AcDbLine
370
50
 10
3779.5276
 20
949.3110
 30
0
 11
3724.4094
 21
949.3110
 31
0
  0
LINE
  5
496
100
AcDbEntity
  8
WALL
100
AcDbLine
370
50
 10
3677.1654
 20
940.4528
 30
0
 11
3677.1654
 21
949.3110
 31
0
  0
LINE
  5
497
100
AcDbEntity
  8
WALL
100
AcDbLine
370
50
 10
3724.4094
 20
940.4528
 30
0
 11
3724.4094
 21
949.3110
 31
0
  0
LINE
  5
498
100
AcDbEntity
  8
WALL
100
AcDbLine
370
50
 10
2989.1732
 20
0
 30
0
 11
2989.1732
 21
139.7638
 31
0
  0
LINE
  5
499
100
AcDbEntity
  8
WALL
100
AcDbLine
370
50
 10
2995.0787
 20
139.7638
 30
0
 11
2995.0787
 21
0
 31
0
  0
LINE
  5
49A
100
AcDbEntity
  8
WALL
100
AcDbLine
370
50
 10
2989.1732
 20
175.1969
 30
0
 11
2989.1732
 21
314.9606
 31
0
  0
LINE
  5
49B
100
AcDbEntity
  8
WALL
100
AcDbLine
370
50
 10
2995.0787
 20
314.9606
 30
0
 11
2995.0787
 21
175.1969
 31
0
  0
LINE
  5
49C
100
AcDbEntity
  8
WALL
100
AcDbLine
370
50
 10
2989.1732
 20
139.7638
 30
0
 11
2995.0787
 21
139.7638
 31
0
  0
LINE
  5
49D
100
AcDbEntity
  8
WALL
100
AcDbLine
370
50
 10
2989.1732
 20
175.1969
 30
0
 11
2995.0787
 21
175.1969
 31
0
  0
LINE
  5
49E
100
AcDbEntity
  8
WALL
100
AcDbLine
370
50
 10
2989.1732
 20
314.9606
 30
0
 11
2989.1732
 21
454.7244
 31
0
  0
LINE
  5
49F
100
AcDbEntity
  8
WALL
100
AcDbLine
370
50
 10
2995.0787
 20
454.7244
 30
0
 11
2995.0787
 21
314.9606
 31
0
  0
LINE
  5
4A0
100
AcDbEntity
  8
WALL
100
AcDbLine
370
50
 10
2989.1732
 20
490.1575
 30
0
 11
2989.1732
 21
629.9213
 31
0
  0
LINE
  5
4A1
100
AcDbEntity
  8
WALL
100
AcDbLine
370
50
 10
2995.0787
 20
629.9213
 30
0
 11
2995.0787
 21
490.1575
 31
0
  0
LINE
  5
4A2
100
AcDbEntity
  8
WALL
100
AcDbLine
370
50
 10
2989.1732
 20
454.7244
 30
0
 11
2995.0787
 21
454.7244
 31
0
  0
LINE
  5
4A3
100
AcDbEntity
  8
WALL
100
AcDbLine
370
50
 10
2989.1732
 20
490.1575
 30
0
 11
2995.0787
 21
490.1575
 31
0
  0
LINE
  5
4A4
100
AcDbEntity
  8
WALL
100
AcDbLine
370
50
 10
2989.1732
 20
629.9213
 30
0
 11
2989.1732
 21
769.6850
 31
0
  0
LINE
  5
4A5
100
AcDbEntity
  8
WALL
100
AcDbLine
370
50
 10
2995.0787
 20
769.6850
 30
0
 11
2995.0787
 21
629.9213
 31
0
  0
LINE
  5
4A6
100
AcDbEntity
  8
WALL
100
AcDbLine
370
50
 10
2989.1732
 20
805.1181
 30
0
 11
2989.1732
 21
944.8819
 31
0
  0
LINE
  5
4A7
100
AcDbEntity
  8
WALL
100
AcDbLine
370
50
 10
2995.0787
 20
944.8819
 30
0
 11
2995.0787
 21
805.1181
 31
0
  0
LINE
  5
4A8
100
AcDbEntity
  8
WALL
100
AcDbLine
370
50
 10
2989.1732
 20
769.6850
 30
0
 11
2995.0787
 21
769.6850
 31
0
  0
LINE
  5
4A9
100
AcDbEntity
  8
WALL
100
AcDbLine
370
50
 10
2989.1732
 20
805.1181
 30
0
 11
2995.0787
 21
805.1181
 31
0
  0
LINE
  5
4AA
100
AcDbEntity
  8
WALL
100
AcDbLine
370
50
 10
3146.6535
 20
0
 30
0
 11
3146.6535
 21
139.7638
 31
0
  0
LINE
  5
4AB
100
AcDbEntity
  8
WALL
100
AcDbLine
370
50
 10
3152.5591
 20
139.7638
 30
0
 11
3152.5591
 21
0
 31
0
  0
LINE
  5
4AC
100
AcDbEntity
  8
WALL
100
AcDbLine
370
50
 10
3146.6535
 20
175.1969
 30
0
 11
3146.6535
 21
314.9606
 31
0
  0
LINE
  5
4AD
100
AcDbEntity
  8
WALL
100
AcDbLine
370
50
 10
3152.5591
 20
314.9606
 30
0
 11
3152.5591
 21
175.1969
 31
0
  0
LINE
  5
4AE
100
AcDbEntity
  8
WALL
100
AcDbLine
370
50
 10
3146.6535
 20
139.7638
 30
0
 11
3152.5591
 21
139.7638
 31
0
  0
LINE
  5
4AF
100
AcDbEntity
  8
WALL
100
AcDbLine
370
50
 10
3146.6535
 20
175.1969
 30
0
 11
3152.5591
 21
175.1969
 31
0
  0
LINE
  5
4B0
100
AcDbEntity
  8
WALL
100
AcDbLine
370
50
 10
3146.6535
 20
314.9606
 30
0
 11
3146.6535
 21
454.7244
 31
0
  0
LINE
  5
4B1
100
AcDbEntity
  8
WALL
100
AcDbLine
370
50
 10
3152.5591
 20
454.7244
 30
0
 11
3152.5591
 21
314.9606
 31
0
  0
LINE
  5
4B2
100
AcDbEntity
  8
WALL
100
AcDbLine
370
50
 10
3146.6535
 20
490.1575
 30
0
 11
3146.6535
 21
629.9213
 31
0
  0
LINE
  5
4B3
100
AcDbEntity
  8
WALL
100
AcDbLine
370
50
 10
3152.5591
 20
629.9213
 30
0
 11
3152.5591
 21
490.1575
 31
0
  0
LINE
  5
4B4
100
AcDbEntity
  8
WALL
100
AcDbLine
370
50
 10
3146.6535
 20
454.7244
 30
0
 11
3152.5591
 21
454.7244
 31
0
  0
LINE
  5
4B5
100
AcDbEntity
  8
WALL
100
AcDbLine
370
50
 10
3146.6535
 20
490.1575
 30
0
 11
3152.5591
 21
490.1575
 31
0
  0
LINE
  5
4B6
100
AcDbEntity
  8
WALL
100
AcDbLine
370
50
 10
3146.6535
 20
629.9213
 30
0
 11
3146.6535
 21
769.6850
 31
0
  0
LINE
  5
4B7
100
AcDbEntity
  8
WALL
100
AcDbLine
370
50
 10
3152.5591
 20
769.6850
 30
0
 11
3152.5591
 21
629.9213
 31
0
  0
LINE
  5
4B8
100
AcDbEntity
  8
WALL
100
AcDbLine
370
50
 10
3146.6535
 20
805.1181
 30
0
 11
3146.6535
 21
944.8819
 31
0
  0
LINE
  5
4B9
100
AcDbEntity
  8
WALL
100
AcDbLine
370
50
 10
3152.5591
 20
944.8819
 30
0
 11
3152.5591
 21
805.1181
 31
0
  0
LINE
  5
4BA
100
AcDbEntity
  8
WALL
100
AcDbLine
370
50
 10
3146.6535
 20
769.6850
 30
0
 11
3152.5591
 21
769.6850
 31
0
  0
LINE
  5
4BB
100
AcDbEntity
  8
WALL
100
AcDbLine
370
50
 10
3146.6535
 20
805.1181
 30
0
 11
3152.5591
 21
805.1181
 31
0
  0
LINE
  5
4BC
100
AcDbEntity
  8
WALL
100
AcDbLine
370
50
 10
3304.1339
 20
0
 30
0
 11
3304.1339
 21
314.9606
 31
0
  0
LINE
  5
4BD
100
AcDbEntity
  8
WALL
100
AcDbLine
370
50
 10
3310.0394
 20
314.9606
 30
0
 11
3310.0394
 21
0
 31
0
  0
LINE
  5
4BE
100
AcDbEntity
  8
WALL
100
AcDbLine
370
50
 10
3304.1339
 20
314.9606
 30
0
 11
3304.1339
 21
629.9213
 31
0
  0
LINE
  5
4BF
100
AcDbEntity
  8
WALL
100
AcDbLine
370
50
 10
3310.0394
 20
629.9213
 30
0
 11
3310.0394
 21
314.9606
 31
0
  0
LINE
  5
4C0
100
AcDbEntity
  8
WALL
100
AcDbLine
370
50
 10
3304.1339
 20
629.9213
 30
0
 11
3304.1339
 21
944.8819
 31
0
  0
LINE
  5
4C1
100
AcDbEntity
  8
WALL
100
AcDbLine
370
50
 10
3310.0394
 20
944.8819
 30
0
 11
3310.0394
 21
629.9213
 31
0
  0
LINE
  5
4C2
100
AcDbEntity
  8
WALL
100
AcDbLine
370
50
 10
3461.6142
 20
0
 30
0
 11
3461.6142
 21
139.7638
 31
0
  0
LINE
  5
4C3
100
AcDbEntity
  8
WALL
100
AcDbLine
370
50
 10
3467.5197
 20
139.7638
 30
0
 11
3467.5197
 21
0
 31
0
  0
LINE
  5
4C4
100
AcDbEntity
  8
WALL
100
AcDbLine
370
50
 10
3461.6142
 20
175.1969
 30
0
 11
3461.6142
 21
314.9606
 31
0
  0
LINE
  5
4C5
100
AcDbEntity
  8
WALL
100
AcDbLine
370
50
 10
3467.5197
 20
314.9606
 30
0
 11
3467.5197
 21
175.1969
 31
0
  0
LINE
  5
4C6
100
AcDbEntity
  8
WALL
100
AcDbLine
370
50
 10
3461.6142
 20
139.7638
 30
0
 11
3467.5197
 21
139.7638
 31
0
  0
LINE
  5
4C7
100
AcDbEntity
  8
WALL
100
AcDbLine
370
50
 10
3461.6142
 20
175.1969
 30
0
 11
3467.5197
 21
175.1969
 31
0
  0
LINE
  5
4C8
100
AcDbEntity
  8
WALL
100
AcDbLine
370
50
 10
3461.6142
 20
314.9606
 30
0
 11
3461.6142
 21
454.7244
 31
0
  0
LINE
  5
4C9
100
AcDbEntity
  8
WALL
100
AcDbLine
370
50
 10
3467.5197
 20
454.7244
 30
0
 11
3467.5197
 21
314.9606
 31
0
  0
LINE
  5
4CA
100
AcDbEntity
  8
WALL
100
AcDbLine
370
50
 10
3461.6142
 20
490.1575
 30
0
 11
3461.6142
 21
629.9213
 31
0
  0
LINE
  5
4CB
100
AcDbEntity
  8
WALL
100
AcDbLine
370
50
 10
3467.5197
 20
629.9213
 30
0
 11
3467.5197
 21
490.1575
 31
0
  0
LINE
  5
4CC
100
AcDbEntity
  8
WALL
100
AcDbLine
370
50
 10
3461.6142
 20
454.7244
 30
0
 11
3467.5197
 21
454.7244
 31
0
  0
LINE
  5
4CD
100
AcDbEntity
  8
WALL
100
AcDbLine
370
50
 10
3461.6142
 20
490.1575
 30
0
 11
3467.5197
 21
490.1575
 31
0
  0
LINE
  5
4CE
100
AcDbEntity
  8
WALL
100
AcDbLine
370
50
 10
3461.6142
 20
629.9213
 30
0
 11
3461.6142
 21
769.6850
 31
0
  0
LINE
  5
4CF
100
AcDbEntity
  8
WALL
100
AcDbLine
370
50
 10
3467.5197
 20
769.6850
 30
0
 11
3467.5197
 21
629.9213
 31
0
  0
LINE
  5
4D0
100
AcDbEntity
  8
WALL
100
AcDbLine
370
50
 10
3461.6142
 20
805.1181
 30
0
 11
3461.6142
 21
944.8819
 31
0
  0
LINE
  5
4D1
100
AcDbEntity
  8
WALL
100
AcDbLine
370
50
 10
3467.5197
 20
944.8819
 30
0
 11
3467.5197
 21
805.1181
 31
0
  0
LINE
  5
4D2
100
AcDbEntity
  8
WALL
100
AcDbLine
370
50
 10
3461.6142
 20
769.6850
 30
0
 11
3467.5197
 21
769.6850
 31
0
  0
LINE
  5
4D3
100
AcDbEntity
  8
WALL
100
AcDbLine
370
50
 10
3461.6142
 20
805.1181
 30
0
 11
3467.5197
 21
805.1181
 31
0
  0
LINE
  5
4D4
100
AcDbEntity
  8
WALL
100
AcDbLine
370
50
 10
3619.0945
 20
0
 30
0
 11
3619.0945
 21
139.7638
 31
0
  0
LINE
  5
4D5
100
AcDbEntity
  8
WALL
100
AcDbLine
370
50
 10
3625
 20
139.7638
 30
0
 11
3625
 21
0
 31
0
  0
LINE
  5
4D6
100
AcDbEntity
  8
WALL
100
AcDbLine
370
50
 10
3619.0945
 20
175.1969
 30
0
 11
3619.0945
 21
314.9606
 31
0
  0
LINE
  5
4D7
100
AcDbEntity
  8
WALL
100
AcDbLine
370
50
 10
3625
 20
314.9606
 30
0
 11
3625
 21
175.1969
 31
0
  0
LINE
  5
4D8
100
AcDbEntity
  8
WALL
100
AcDbLine
370
50
 10
3619.0945
 20
139.7638
 30
0
 11
3625
 21
139.7638
 31
0
  0
LINE
  5
4D9
100
AcDbEntity
  8
WALL
100
AcDbLine
370
50
 10
3619.0945
 20
175.1969
 30
0
 11
3625
 21
175.1969
 31
0
  0
LINE
  5
4DA
100
AcDbEntity
  8
WALL
100
AcDbLine
370
50
 10
3619.0945
 20
314.9606
 30
0
 11
3619.0945
 21
454.7244
 31
0
  0
LINE
  5
4DB
100
AcDbEntity
  8
WALL
100
AcDbLine
370
50
 10
3625
 20
454.7244
 30
0
 11
3625
 21
314.9606
 31
0
  0
LINE
  5
4DC
100
AcDbEntity
  8
WALL
100
AcDbLine
370
50
 10
3619.0945
 20
490.1575
 30
0
 11
3619.0945
 21
629.9213
 31
0
  0
LINE
  5
4DD
100
AcDbEntity
  8
WALL
100
AcDbLine
370
50
 10
3625
 20
629.9213
 30
0
 11
3625
 21
490.1575
 31
0
  0
LINE
  5
4DE
100
AcDbEntity
  8
WALL
100
AcDbLine
370
50
 10
3619.0945
 20
454.7244
 30
0
 11
3625
 21
454.7244
 31
0
  0
LINE
  5
4DF
100
AcDbEntity
  8
WALL
100
AcDbLine
370
50
 10
3619.0945
 20
490.1575
 30
0
 11
3625
 21
490.1575
 31
0
  0
LINE
  5
4E0
100
AcDbEntity
  8
WALL
100
AcDbLine
370
50
 10
3619.0945
 20
629.9213
 30
0
 11
3619.0945
 21
769.6850
 31
0
  0
LINE
  5
4E1
100
AcDbEntity
  8
WALL
100
AcDbLine
370
50
 10
3625
 20
769.6850
 30
0
 11
3625
 21
629.9213
 31
0
  0
LINE
  5
4E2
100
AcDbEntity
  8
WALL
100
AcDbLine
370
50
 10
3619.0945
 20
805.1181
 30
0
 11
3619.0945
 21
944.8819
 31
0
  0
LINE
  5
4E3
100
AcDbEntity
  8
WALL
100
AcDbLine
370
50
 10
3625
 20
944.8819
 30
0
 11
3625
 21
805.1181
 31
0
  0
LINE
  5
4E4
100
AcDbEntity
  8
WALL
100
AcDbLine
370
50
 10
3619.0945
 20
769.6850
 30
0
 11
3625
 21
769.6850
 31
0
  0
LINE
  5
4E5
100
AcDbEntity
  8
WALL
100
AcDbLine
370
50
 10
3619.0945
 20
805.1181
 30
0
 11
3625
 21
805.1181
 31
0
  0
LINE
  5
4E6
100
AcDbEntity
  8
WALL
100
AcDbLine
370
50
 10
2834.6457
 20
312.0079
 30
0
 11
2992.1260
 21
312.0079
 31
0
  0
LINE
  5
4E7
100
AcDbEntity
  8
WALL
100
AcDbLine
370
50
 10
2992.1260
 20
317.9134
 30
0
 11
2834.6457
 21
317.9134
 31
0
  0
LINE
  5
4E8
100
AcDbEntity
  8
WALL
100
AcDbLine
370
50
 10
2992.1260
 20
312.0079
 30
0
 11
3053.1496
 21
312.0079
 31
0
  0
LINE
  5
4E9
100
AcDbEntity
  8
WALL
100
AcDbLine
370
50
 10
3053.1496
 20
317.9134
 30
0
 11
2992.1260
 21
317.9134
 31
0
  0
LINE
  5
4EA
100
AcDbEntity
  8
WALL
100
AcDbLine
370
50
 10
3088.5827
 20
312.0079
 30
0
 11
3149.6063
 21
312.0079
 31
0
  0
LINE
  5
4EB
100
AcDbEntity
  8
WALL
100
AcDbLine
370
50
 10
3149.6063
 20
317.9134
 30
0
 11
3088.5827
 21
317.9134
 31
0
  0
LINE
  5
4EC
100
AcDbEntity
  8
WALL
100
AcDbLine
370
50
 10
3053.1496
 20
312.0079
 30
0
 11
3053.1496
 21
317.9134
 31
0
  0
LINE
  5
4ED
100
AcDbEntity
  8
WALL
100
AcDbLine
370
50
 10
3088.5827
 20
312.0079
 30
0
 11
3088.5827
 21
317.9134
 31
0
  0
LINE
  5
4EE
100
AcDbEntity
  8
WALL
100
AcDbLine
370
50
 10
3149.6063
 20
312.0079
 30
0
 11
3210.6299
 21
312.0079
 31
0
  0
LINE
  5
4EF
100
AcDbEntity
  8
WALL
100
AcDbLine
370
50
 10
3210.6299
 20
317.9134
 30
0
 11
3149.6063
 21
317.9134
 31
0
  0
LINE
  5
4F0
100
AcDbEntity
  8
WALL
100
AcDbLine
370
50
 10
3246.0630
 20
312.0079
 30
0
 11
3307.0866
 21
312.0079
 31
0
  0
LINE
  5
4F1
100
AcDbEntity
  8
WALL
100
AcDbLine
370
50
 10
3307.0866
 20
317.9134
 30
0
 11
3246.0630
 21
317.9134
 31
0
  0
LINE
  5
4F2
100
AcDbEntity
  8
WALL
100
AcDbLine
370
50
 10
3210.6299
 20
312.0079
 30
0
 11
3210.6299
 21
317.9134
 31
0
  0
LINE
  5
4F3
100
AcDbEntity
  8
WALL
100
AcDbLine
370
50
 10
3246.0630
 20
312.0079
 30
0
 11
3246.0630
 21
317.9134
 31
0
  0
LINE
  5
4F4
100
AcDbEntity
  8
WALL
100
AcDbLine
370
50
 10
3307.0866
 20
312.0079
 30
0
 11
3368.1102
 21
312.0079
 31
0
  0
LINE
  5
4F5
100
AcDbEntity
  8
WALL
100
AcDbLine
370
50
 10
3368.1102
 20
317.9134
 30
0
 11
3307.0866
 21
317.9134
 31
0
  0
LINE
  5
4F6
100
AcDbEntity
  8
WALL
100
AcDbLine
370
50
 10
3403.5433
 20
312.0079
 30
0
 11
3464.5669
 21
312.0079
 31
0
  0
LINE
  5
4F7
100
AcDbEntity
  8
WALL
100
AcDbLine
370
50
 10
3464.5669
 20
317.9134
 30
0
 11
3403.5433
 21
317.9134
 31
0
  0
LINE
  5
4F8
100
AcDbEntity
  8
WALL
100
AcDbLine
370
50
 10
3368.1102
 20
312.0079
 30
0
 11
3368.1102
 21
317.9134
 31
0
  0
LINE
  5
4F9
100
AcDbEntity
  8
WALL
100
AcDbLine
370
50
 10
3403.5433
 20
312.0079
 30
0
 11
3403.5433
 21
317.9134
 31
0
  0
LINE
  5
4FA
100
AcDbEntity
  8
WALL
100
AcDbLine
370
50
 10
3464.5669
 20
312.0079
 30
0
 11
3525.5906
 21
312.0079
 31
0
  0
LINE
  5
4FB
100
AcDbEntity
  8
WALL
100
AcDbLine
370
50
 10
3525.5906
 20
317.9134
 30
0
 11
3464.5669
 21
317.9134
 31
0
  0
LINE
  5
4FC
100
AcDbEntity
  8
WALL
100
AcDbLine
370
50
 10
3561.0236
 20
312.0079
 30
0
 11
3622.0472
 21
312.0079
 31
0
  0
LINE
  5
4FD
100
AcDbEntity
  8
WALL
100
AcDbLine
370
50
 10
3622.0472
 20
317.9134
 30
0
 11
3561.0236
 21
317.9134
 31
0
  0
LINE
  5
4FE
100
AcDbEntity
  8
WALL
100
AcDbLine
370
50
 10
3525.5906
 20
312.0079
 30
0
 11
3525.5906
 21
317.9134
 31
0
  0
LINE
  5
4FF
100
AcDbEntity
  8
WALL
100
AcDbLine
370
50
 10
3561.0236
 20
312.0079
 30
0
 11
3561.0236
 21
317.9134
 31
0
  0
LINE
  5
500
100
AcDbEntity
  8
WALL
100
AcDbLine
370
50
 10
3622.0472
 20
312.0079
 30
0
 11
3779.5276
 21
312.0079
 31
0
  0
LINE
  5
501
100
AcDbEntity
  8
WALL
100
AcDbLine
370
50
 10
3779.5276
 20
317.9134
 30
0
 11
3622.0472
 21
317.9134
 31
0
  0
LINE
  5
502
100
AcDbEntity
  8
WALL
100
AcDbLine
370
50
 10
2834.6457
 20
626.9685
 30
0
 11
2895.6693
 21
626.9685
 31
0
  0
LINE
  5
503
100
AcDbEntity
  8
WALL
100
AcDbLine
370
50
 10
2895.6693
 20
632.8740
 30
0
 11
2834.6457
 21
632.8740
 31
0
  0
LINE
  5
504
100
AcDbEntity
  8
WALL
100
AcDbLine
370
50
 10
2931.1024
 20
626.9685
 30
0
 11
2992.1260
 21
626.9685
 31
0
  0
LINE
  5
505
100
AcDbEntity
  8
WALL
100
AcDbLine
370
50
 10
2992.1260
 20
632.8740
 30
0
 11
2931.1024
 21
632.8740
 31
0
  0
LINE
  5
506
100
AcDbEntity
  8
WALL
100
AcDbLine
370
50
 10
2895.6693
 20
626.9685
 30
0
 11
2895.6693
 21
632.8740
 31
0
  0
LINE
  5
507
100
AcDbEntity
  8
WALL
100
AcDbLine
370
50
 10
2931.1024
 20
626.9685
 30
0
 11
2931.1024
 21
632.8740
 31
0
  0
LINE
  5
508
100
AcDbEntity
  8
WALL
100
AcDbLine
370
50
 10
2992.1260
 20
626.9685
 30
0
 11
3053.1496
 21
626.9685
 31
0
  0
LINE
  5
509
100
AcDbEntity
  8
WALL
100
AcDbLine
370
50
 10
3053.1496
 20
632.8740
 30
0
 11
2992.1260
 21
632.8740
 31
0
  0
LINE
  5
50A
100
AcDbEntity
  8
WALL
100
AcDbLine
370
50
 10
3088.5827
 20
626.9685
 30
0
 11
3149.6063
 21
626.9685
 31
0
  0
LINE
  5
50B
100
AcDbEntity
  8
WALL
100
AcDbLine
370
50
 10
3149.6063
 20
632.8740
 30
0
 11
3088.5827
 21
632.8740
 31
0
  0
LINE
  5
50C
100
AcDbEntity
  8
WALL
100
AcDbLine
370
50
 10
3053.1496
 20
626.9685
 30
0
 11
3053.1496
 21
632.8740
 31
0
  0
LINE
  5
50D
100
AcDbEntity
  8
WALL
100
AcDbLine
370
50
 10
3088.5827
 20
626.9685
 30
0
 11
3088.5827
 21
632.8740
 31
0
  0
LINE
  5
50E
100
AcDbEntity
  8
WALL
100
AcDbLine
370
50
 10
3149.6063
 20
626.9685
 30
0
 11
3210.6299
 21
626.9685
 31
0
  0
LINE
  5
50F
100
AcDbEntity
  8
WALL
100
AcDbLine
370
50
 10
3210.6299
 20
632.8740
 30
0
 11
3149.6063
 21
632.8740
 31
0
  0
LINE
  5
510
100
AcDbEntity
  8
WALL
100
AcDbLine
370
50
 10
3246.0630
 20
626.9685
 30
0
 11
3307.0866
 21
626.9685
 31
0
  0
LINE
  5
511
100
AcDbEntity
  8
WALL
100
AcDbLine
370
50
 10
3307.0866
 20
632.8740
 30
0
 11
3246.0630
 21
632.8740
 31
0
  0
LINE
  5
512
100
AcDbEntity
  8
WALL
100
AcDbLine
370
50
 10
3210.6299
 20
626.9685
 30
0
 11
3210.6299
 21
632.8740
 31
0
  0
LINE
  5
513
100
AcDbEntity
  8
WALL
100
AcDbLine
370
50
 10
3246.0630
 20
626.9685
 30
0
 11
3246.0630
 21
632.8740
 31
0
  0
LINE
  5
514
100
AcDbEntity
  8
WALL
100
AcDbLine
370
50
 10
3307.0866
 20
626.9685
 30
0
 11
3368.1102
 21
626.9685
 31
0
  0
LINE
  5
515
100
AcDbEntity
  8
WALL
100
AcDbLine
370
50
 10
3368.1102
 20
632.8740
 30
0
 11
3307.0866
 21
632.8740
 31
0
  0
LINE
  5
516
100
AcDbEntity
  8
WALL
100
AcDbLine
370
50
 10
3403.5433
 20
626.9685
 30
0
 11
3464.5669
 21
626.9685
 31
0
  0
LINE
  5
517
100
AcDbEntity
  8
WALL
100
AcDbLine
370
50
 10
3464.5669
 20
632.8740
 30
0
 11
3403.5433
 21
632.8740
 31
0
  0
LINE
  5
518
100
AcDbEntity
  8
WALL
100
AcDbLine
370
50
 10
3368.1102
 20
626.9685
 30
0
 11
3368.1102
 21
632.8740
 31
0
  0
LINE
  5
519
100
AcDbEntity
  8
WALL
100
AcDbLine
370
50
 10
3403.5433
 20
626.9685
 30
0
 11
3403.5433
 21
632.8740
 31
0
  0
LINE
  5
51A
100
AcDbEntity
  8
WALL
100
AcDbLine
370
50
 10
3464.5669
 20
626.9685
 30
0
 11
3525.5906
 21
626.9685
 31
0
  0
LINE
  5
51B
100
AcDbEntity
  8
WALL
100
AcDbLine
370
50
 10
3525.5906
 20
632.8740
 30
0
 11
3464.5669
 21
632.8740
 31
0
  0
LINE
  5
51C
100
AcDbEntity
  8
WALL
100
AcDbLine
370
50
 10
3561.0236
 20
626.9685
 30
0
 11
3622.0472
 21
626.9685
 31
0
  0
LINE
  5
51D
100
AcDbEntity
  8
WALL
100
AcDbLine
370
50
 10
3622.0472
 20
632.8740
 30
0
 11
3561.0236
 21
632.8740
 31
0
  0
LINE
  5
51E
100
AcDbEntity
  8
WALL
100
AcDbLine
370
50
 10
3525.5906
 20
626.9685
 30
0
 11
3525.5906
 21
632.8740
 31
0
  0
LINE
  5
51F
100
AcDbEntity
  8
WALL
100
AcDbLine
370
50
 10
3561.0236
 20
626.9685
 30
0
 11
3561.0236
 21
632.8740
 31
0
  0
LINE
  5
520
100
AcDbEntity
  8
WALL
100
AcDbLine
370
50
 10
3622.0472
 20
626.9685
 30
0
 11
3683.0709
 21
626.9685
 31
0
  0
LINE
  5
521
100
AcDbEntity
  8
WALL
100
AcDbLine
370
50
 10
3683.0709
 20
632.8740
 30
0
 11
3622.0472
 21
632.8740
 31
0
  0
LINE
  5
522
100
AcDbEntity
  8
WALL
100
AcDbLine
370
50
 10
3718.5039
 20
626.9685
 30
0
 11
3779.5276
 21
626.9685
 31
0
  0
LINE
  5
523
100
AcDbEntity
  8
WALL
100
AcDbLine
370
50
 10
3779.5276
 20
632.8740
 30
0
 11
3718.5039
 21
632.8740
 31
0
  0
LINE
  5
524
100
AcDbEntity
  8
WALL
100
AcDbLine
370
50
 10
3683.0709
 20
626.9685
 30
0
 11
3683.0709
 21
632.8740
 31
0
  0
LINE
  5
525
100
AcDbEntity
  8
WALL
100
AcDbLine
370
50
 10
3718.5039
 20
626.9685
 30
0
 11
3718.5039
 21
632.8740
 31
0
  0
LWPOLYLINE
  5
526
100
AcDbEntity
  8
COLUMN
100
AcDbPolyline
 90
4
 70
1
 10
2830.1181
 20
-4.5276
 10
2839.1732
 20
-4.5276
 10
2839.1732
 20
4.5276
 10
2830.1181
 20
4.5276
  0
LWPOLYLINE
  5
527
100
AcDbEntity
  8
COLUMN
100
AcDbPolyline
 90
4
 70
1
 10
2830.1181
 20
310.4331
 10
2839.1732
 20
310.4331
 10
2839.1732
 20
319.4882
 10
2830.1181
 20
319.4882
  0
LWPOLYLINE
  5
528
100
AcDbEntity
  8
COLUMN
100
AcDbPolyline
 90
4
 70
1
 10
2830.1181
 20
625.3937
 10
2839.1732
 20
625.3937
 10
2839.1732
 20
634.4488
 10
2830.1181
 20
634.4488
  0
LWPOLYLINE
  5
529
100
AcDbEntity
  8
COLUMN
100
AcDbPolyline
 90
4
 70
1
 10
2830.1181
 20
940.3543
 10
2839.1732
 20
940.3543
 10
2839.1732
 20
949.4094
 10
2830.1181
 20
949.4094
  0
LWPOLYLINE
  5
52A
100
AcDbEntity
  8
COLUMN
100
AcDbPolyline
 90
4
 70
1
 10
2987.5984
 20
-4.5276
 10
2996.6535
 20
-4.5276
 10
2996.6535
 20
4.5276
 10
2987.5984
 20
4.5276
  0
LWPOLYLINE
  5
52B
100
AcDbEntity
  8
COLUMN
100
AcDbPolyline
 90
4
 70
1
 10
2987.5984
 20
310.4331
 10
2996.6535
 20
310.4331
 10
2996.6535
 20
319.4882
 10
2987.5984
 20
319.4882
  0
LWPOLYLINE
  5
52C
100
AcDbEntity
  8
COLUMN
100
AcDbPolyline
 90
4
 70
1
 10
2987.5984
 20
625.3937
 10
2996.6535
 20
625.3937
 10
2996.6535
 20
634.4488
 10
2987.5984
 20
634.4488
  0
LWPOLYLINE
  5
52D
100
AcDbEntity
  8
COLUMN
100
AcDbPolyline
 90
4
 70
1
 10
2987.5984
 20
940.3543
 10
2996.6535
 20
940.3543
 10
2996.6535
 20
949.4094
 10
2987.5984
 20
949.4094
  0
LWPOLYLINE
  5
52E
100
AcDbEntity
  8
COLUMN
100
AcDbPolyline
 90
4
 70
1
 10
3145.0787
 20
-4.5276
 10
3154.1339
 20
-4.5276
 10
3154.1339
 20
4.5276
 10
3145.0787
 20
4.5276
  0
LWPOLYLINE
  5
52F
100
AcDbEntity
  8
COLUMN
100
AcDbPolyline
 90
4
 70
1
 10
3145.0787
 20
310.4331
 10
3154.1339
 20
310.4331
 10
3154.1339
 20
319.4882
 10
3145.0787
 20
319.4882
  0
LWPOLYLINE
  5
530
100
AcDbEntity
  8
COLUMN
100
AcDbPolyline
 90
4
 70
1
 10
3145.0787
 20
625.3937
 10
3154.1339
 20
625.3937
 10
3154.1339
 20
634.4488
 10
3145.0787
 20
634.4488
  0
LWPOLYLINE
  5
531
100
AcDbEntity
  8
COLUMN
100
AcDbPolyline
 90
4
 70
1
 10
3145.0787
 20
940.3543
 10
3154.1339
 20
940.3543
 10
3154.1339
 20
949.4094
 10
3145.0787
 20
949.4094
  0
LWPOLYLINE
  5
532
100
AcDbEntity
  8
COLUMN
100
AcDbPolyline
 90
4
 70
1
 10
3302.5591
 20
-4.5276
 10
3311.6142
 20
-4.5276
 10
3311.6142
 20
4.5276
 10
3302.5591
 20
4.5276
  0
LWPOLYLINE
  5
533
100
AcDbEntity
  8
COLUMN
100
AcDbPolyline
 90
4
 70
1
 10
3302.5591
 20
310.4331
 10
3311.6142
 20
310.4331
 10
3311.6142
 20
319.4882
 10
3302.5591
 20
319.4882
  0
LWPOLYLINE
  5
534
100
AcDbEntity
  8
COLUMN
100
AcDbPolyline
 90
4
 70
1
 10
3302.5591
 20
625.3937
 10
3311.6142
 20
625.3937
 10
3311.6142
 20
634.4488
 10
3302.5591
 20
634.4488
  0
LWPOLYLINE
  5
535
100
AcDbEntity
  8
COLUMN
100
AcDbPolyline
 90
4
 70
1
 10
3302.5591
 20
940.3543
 10
3311.6142
 20
940.3543
 10
3311.6142
 20
949.4094
 10
3302.5591
 20
949.4094
  0
LWPOLYLINE
  5
536
100
AcDbEntity
  8
COLUMN
100
AcDbPolyline
 90
4
 70
1
 10
3460.0394
 20
-4.5276
 10
3469.0945
 20
-4.5276
 10
3469.0945
 20
4.5276
 10
3460.0394
 20
4.5276
  0
LWPOLYLINE
  5
537
100
AcDbEntity
  8
COLUMN
100
AcDbPolyline
 90
4
 70
1
 10
3460.0394
 20
310.4331
 10
3469.0945
 20
310.4331
 10
3469.0945
 20
319.4882
 10
3460.0394
 20
319.4882
  0
LWPOLYLINE
  5
538
100
AcDbEntity
  8
COLUMN
100
AcDbPolyline
 90
4
 70
1
 10
3460.0394
 20
625.3937
 10
3469.0945
 20
625.3937
 10
3469.0945
 20
634.4488
 10
3460.0394
 20
634.4488
  0
LWPOLYLINE
  5
539
100
AcDbEntity
  8
COLUMN
100
AcDbPolyline
 90
4
 70
1
 10
3460.0394
 20
940.3543
 10
3469.0945
 20
940.3543
 10
3469.0945
 20
949.4094
 10
3460.0394
 20
949.4094
  0
LWPOLYLINE
  5
53A
100
AcDbEntity
  8
COLUMN
100
AcDbPolyline
 90
4
 70
1
 10
3617.5197
 20
-4.5276
 10
3626.5748
 20
-4.5276
 10
3626.5748
 20
4.5276
 10
3617.5197
 20
4.5276
  0
LWPOLYLINE
  5
53B
100
AcDbEntity
  8
COLUMN
100
AcDbPolyline
 90
4
 70
1
 10
3617.5197
 20
310.4331
 10
3626.5748
 20
310.4331
 10
3626.5748
 20
319.4882
 10
3617.5197
 20
319.4882
  0
LWPOLYLINE
  5
53C
100
AcDbEntity
  8
COLUMN
100
AcDbPolyline
 90
4
 70
1
 10
3617.5197
 20
625.3937
 10
3626.5748
 20
625.3937
 10
3626.5748
 20
634.4488
 10
3617.5197
 20
634.4488
  0
LWPOLYLINE
  5
53D
100
AcDbEntity
  8
COLUMN
100
AcDbPolyline
 90
4
 70
1
 10
3617.5197
 20
940.3543
 10
3626.5748
 20
940.3543
 10
3626.5748
 20
949.4094
 10
3617.5197
 20
949.4094
  0
LWPOLYLINE
  5
53E
100
AcDbEntity
  8
COLUMN
100
AcDbPolyline
 90
4
 70
1
 10
3775
 20
-4.5276
 10
3784.0551
 20
-4.5276
 10
3784.0551
 20
4.5276
 10
3775
 20
4.5276
  0
LWPOLYLINE
  5
53F
100
AcDbEntity
  8
COLUMN
100
AcDbPolyline
 90
4
 70
1
 10
3775
 20
310.4331
 10
3784.0551
 20
310.4331
 10
3784.0551
 20
319.4882
 10
3775
 20
319.4882
  0
LWPOLYLINE
  5
540
100
AcDbEntity
  8
COLUMN
100
AcDbPolyline
 90
4
 70
1
 10
3775
 20
625.3937
 10
3784.0551
 20
625.3937
 10
3784.0551
 20
634.4488
 10
3775
 20
634.4488
  0
LWPOLYLINE
  5
541
100
AcDbEntity
  8
COLUMN
100
AcDbPolyline
 90
4
 70
1
 10
3775
 20
940.3543
 10
3784.0551
 20
940.3543
 10
3784.0551
 20
949.4094
 10
3775
 20
949.4094
  0
TEXT
  5
542
100
AcDbEntity
  8
TEXT
100
AcDbText
 10
2894.4390
 20
158.2185
 30
0
 40
9.8425
  1
LOUNGE
100
AcDbText
  0
TEXT
  5
543
100
AcDbEntity
  8
TEXT
100
AcDbText
 10
3051.1811
 20
158.2185
 30
0
 40
9.8425
  1
DINING
100
AcDbText
  0
TEXT
  5
544
100
AcDbEntity
  8
TEXT
100
AcDbText
 10
3208.6614
 20
158.2185
 30
0
 40
9.8425
  1
KITCHEN
100
AcDbText
  0
TEXT
  5
545
100
AcDbEntity
  8
TEXT
100
AcDbText
 10
3366.1417
 20
158.2185
 30
0
 40
9.8425
  1
KITCHEN
100
AcDbText
  0
TEXT
  5
546
100
AcDbEntity
  8
TEXT
100
AcDbText
 10
3523.6220
 20
158.2185
 30
0
 40
9.8425
  1
DINING
100
AcDbText
  0
TEXT
  5
547
100
AcDbEntity
  8
TEXT
100
AcDbText
 10
3680.3642
 20
158.2185
 30
0
 40
9.8425
  1
LOUNGE
100
AcDbText
  0
TEXT
  5
548
100
AcDbEntity
  8
TEXT
100
AcDbText
 10
2894.4390
 20
472.4409
 30
0
 40
9.8425
  1
STORE
100
AcDbText
  0
TEXT
  5
549
100
AcDbEntity
  8
TEXT
100
AcDbText
 10
3051.1811
 20
472.4409
 30
0
 40
9.8425
  1
STAIR HALL
100
AcDbText
  0
TEXT
  5
54A
100
AcDbEntity
  8
TEXT
100
AcDbText
 10
3208.6614
 20
472.4409
 30
0
 40
9.8425
  1
DRESSING
100
AcDbText
  0
LWPOLYLINE
  5
54B
100
AcDbEntity
  8
SANITARY
100
AcDbPolyline
 90
4
 70
1
 10
3168.3071
 20
591.5354
 10
3184.0551
 20
591.5354
 10
3184.0551
 20
615.1575
 10
3168.3071
 20
615.1575
  0
TEXT
  5
54C
100
AcDbEntity
  8
TEXT
100
AcDbText
 10
3366.1417
 20
472.4409
 30
0
 40
9.8425
  1
DRESSING
100
AcDbText
  0
LWPOLYLINE
  5
54D
100
AcDbEntity
  8
SANITARY
100
AcDbPolyline
 90
4
 70
1
 10
3325.7874
 20
591.5354
 10
3341.5354
 20
591.5354
 10
3341.5354
 20
615.1575
 10
3325.7874
 20
615.1575
  0
TEXT
  5
54E
100
AcDbEntity
  8
TEXT
100
AcDbText
 10
3523.6220
 20
472.4409
 30
0
 40
9.8425
  1
STAIR HALL
100
AcDbText
  0
TEXT
  5
54F
100
AcDbEntity
  8
TEXT
100
AcDbText
 10
3680.3642
 20
472.4409
 30
0
 40
9.8425
  1
STORE
100
AcDbText
  0
TEXT
  5
550
100
AcDbEntity
  8
TEXT
100
AcDbText
 10
2894.4390
 20
786.6634
 30
0
 40
9.8425
  1
BEDROOM
100
AcDbText
  0
TEXT
  5
551
100
AcDbEntity
  8
TEXT
100
AcDbText
 10
3051.1811
 20
786.6634
 30
0
 40
9.8425
  1
BEDROOM
100
AcDbText
  0
TEXT
  5
552
100
AcDbEntity
  8
TEXT
100
AcDbText
 10
3208.6614
 20
786.6634
 30
0
 40
9.8425
  1
MASTER BEDROOM
100
AcDbText
  0
TEXT
  5
553
100
AcDbEntity
  8
TEXT
100
AcDbText
 10
3366.1417
 20
786.6634
 30
0
 40
9.8425
  1
MASTER BEDROOM
100
AcDbText
  0
TEXT
  5
554
100
AcDbEntity
  8
TEXT
100
AcDbText
 10
3523.6220
 20
786.6634
 30
0
 40
9.8425
  1
BEDROOM
100
AcDbText
  0
TEXT
  5
555
100
AcDbEntity
  8
TEXT
100
AcDbText
 10
3680.3642
 20
786.6634
 30
0
 40
9.8425
  1
BEDROOM
100
AcDbText
  0
DIMENSION
  5
556
100
AcDbEntity
  8
DIM
100
AcDbDimension
  2
*D
 10
2834.6457
 20
-70.8661
 30
0
 11
3307.0866
 21
-61.0236
 31
0
 70
33
  1
78'-8 7/8"
 42
944.8819
100
AcDbAlignedDimension
 13
2834.6457
 23
0
 33
0
 14
3779.5276
 24
0
 34
0
  0
DIMENSION
  5
557
100
AcDbEntity
  8
DIM
100
AcDbDimension
  2
*D
 10
2763.7795
 20
0
 30
0
 11
2773.6220
 21
472.4409
 31
0
 70
33
  1
78'-8 7/8"
 42
944.8819
100
AcDbAlignedDimension
 13
2834.6457
 23
0
 33
0
 14
2834.6457
 24
944.8819
 34
0
  0
DIMENSION
  5
558
100
AcDbEntity
  8
DIM
100
AcDbDimension
  2
*D
 10
2834.6457
 20
992.1260
 30
0
 11
2913.3858
 21
1001.9685
 31
0
 70
33
  1
13'-1 1/2"
 42
157.4803
100
AcDbAlignedDimension
 13
2834.6457
 23
944.8819
 33
0
 14
2992.1260
 24
944.8819
 34
0
  0
DIMENSION
  5
559
100
AcDbEntity
  8
DIM
100
AcDbDimension
  2
*D
 10
2992.1260
 20
992.1260
 30
0
 11
3070.8661
 21
1001.9685
 31
0
 70
33
  1
13'-1 1/2"
 42
157.4803
100
AcDbAlignedDimension
 13
2992.1260
 23
944.8819
 33
0
 14
3149.6063
 24
944.8819
 34
0
  0
DIMENSION
  5
55A
100
AcDbEntity
  8
DIM
100
AcDbDimension
  2
*D
 10
3149.6063
 20
992.1260
 30
0
 11
3228.3465
 21
1001.9685
 31
0
 70
33
  1
13'-1 1/2"
 42
157.4803
100
AcDbAlignedDimension
 13
3149.6063
 23
944.8819
 33
0
 14
3307.0866
 24
944.8819
 34
0
  0
DIMENSION
  5
55B
100
AcDbEntity
  8
DIM
100
AcDbDimension
  2
*D
 10
3307.0866
 20
992.1260
 30
0
 11
3385.8268
 21
1001.9685
 31
0
 70
33
  1
13'-1 1/2"
 42
157.4803
100
AcDbAlignedDimension
 13
3307.0866
 23
944.8819
 33
0
 14
3464.5669
 24
944.8819
 34
0
  0
DIMENSION
  5
55C
100
AcDbEntity
  8
DIM
100
AcDbDimension
  2
*D
 10
3464.5669
 20
992.1260
 30
0
 11
3543.3071
 21
1001.9685
 31
0
 70
33
  1
13'-1 1/2"
 42
157.4803
100
AcDbAlignedDimension
 13
3464.5669
 23
944.8819
 33
0
 14
3622.0472
 24
944.8819
 34
0
  0
DIMENSION
  5
55D
100
AcDbEntity
  8
DIM
100
AcDbDimension
  2
*D
 10
3622.0472
 20
992.1260
 30
0
 11
3700.7874
 21
1001.9685
 31
0
 70
33
  1
13'-1 1/2"
 42
157.4803
100
AcDbAlignedDimension
 13
3622.0472
 23
944.8819
 33
0
 14
3779.5276
 24
944.8819
 34
0
  0
DIMENSION
  5
55E
100
AcDbEntity
  8
DIM
100
AcDbDimension
  2
*D
 10
3826.7717
 20
0
 30
0
 11
3836.6142
 21
157.4803
 31
0
 70
33
  1
26'-3"
 42
314.9606
100
AcDbAlignedDimension
 13
3779.5276
 23
0
 33
0
 14
3779.5276
 24
314.9606
 34
0
  0
DIMENSION
  5
55F
100
AcDbEntity
  8
DIM
100
AcDbDimension
  2
*D
 10
3826.7717
 20
314.9606
 30
0
 11
3836.6142
 21
472.4409
 31
0
 70
33
  1
26'-3"
 42
314.9606
100
AcDbAlignedDimension
 13
3779.5276
 23
314.9606
 33
0
 14
3779.5276
 24
629.9213
 34
0
  0
DIMENSION
  5
560
100
AcDbEntity
  8
DIM
100
AcDbDimension
  2
*D
 10
3826.7717
 20
629.9213
 30
0
 11
3836.6142
 21
787.4016
 31
0
 70
33
  1
26'-3"
 42
314.9606
100
AcDbAlignedDimension
 13
3779.5276
 23
629.9213
 33
0
 14
3779.5276
 24
944.8819
 34
0
  0
TEXT
  5
561
100
AcDbEntity
  8
TEXT
100
AcDbText
 10
2834.6457
 20
-125.9843
 30
0
 40
17.7165
  1
SECOND FLOOR PLAN
100
AcDbText
  0
TEXT
  5
562
100
AcDbEntity
  8
TEXT
100
AcDbText
 10
3881.8898
 20
472.4409
 30
0
 40
11.8110
  1
+21'-1 7/8"
100
AcDbText
  0
TEXT
  5
563
100
AcDbEntity
  8
TEXT
100
AcDbText
 10
2834.6457
 20
-165.3543
 30
0
 40
9.8425
  1
EACH FLAT OCCUPIES 271 SQUARE METRES ONLY.
100
AcDbText
  0
TEXT
  5
564
100
AcDbEntity
  8
TEXT
100
AcDbText
 10
2834.6457
 20
-157.4803
 30
0
 40
11.8110
  1
SCALE: 1/8" = 1'-0"
100
AcDbText
  0
LWPOLYLINE
  5
565
100
AcDbEntity
  8
WIND
100
AcDbPolyline
 90
4
 70
1
 10
4249.6063
 20
133.8583
 10
4254.3307
 20
133.8583
 10
4254.3307
 20
181.1024
 10
4249.6063
 20
181.1024
  0
LWPOLYLINE
  5
566
100
AcDbEntity
  8
WIND
100
AcDbPolyline
 90
4
 70
1
 10
4249.6063
 20
448.8189
 10
4254.3307
 20
448.8189
 10
4254.3307
 20
496.0630
 10
4249.6063
 20
496.0630
  0
LWPOLYLINE
  5
567
100
AcDbEntity
  8
WIND
100
AcDbPolyline
 90
4
 70
1
 10
4249.6063
 20
763.7795
 10
4254.3307
 20
763.7795
 10
4254.3307
 20
811.0236
 10
4249.6063
 20
811.0236
  0
LWPOLYLINE
  5
568
100
AcDbEntity
  8
WIND
100
AcDbPolyline
 90
4
 70
1
 10
5194.4882
 20
133.8583
 10
5199.2126
 20
133.8583
 10
5199.2126
 20
181.1024
 10
5194.4882
 20
181.1024
  0
LWPOLYLINE
  5
569
100
AcDbEntity
  8
WIND
100
AcDbPolyline
 90
4
 70
1
 10
5194.4882
 20
448.8189
 10
5199.2126
 20
448.8189
 10
5199.2126
 20
496.0630
 10
5194.4882
 20
496.0630
  0
LWPOLYLINE
  5
56A
100
AcDbEntity
  8
WIND
100
AcDbPolyline
 90
4
 70
1
 10
5194.4882
 20
763.7795
 10
5199.2126
 20
763.7795
 10
5199.2126
 20
811.0236
 10
5194.4882
 20
811.0236
  0
LWPOLYLINE
  5
56B
100
AcDbEntity
  8
WIND
100
AcDbPolyline
 90
4
 70
1
 10
4307.0866
 20
-2.3622
 10
4354.3307
 20
-2.3622
 10
4354.3307
 20
2.3622
 10
4307.0866
 20
2.3622
  0
LWPOLYLINE
  5
56C
100
AcDbEntity
  8
WIND
100
AcDbPolyline
 90
4
 70
1
 10
4464.5669
 20
-2.3622
 10
4511.8110
 20
-2.3622
 10
4511.8110
 20
2.3622
 10
4464.5669
 20
2.3622
  0
LWPOLYLINE
  5
56D
100
AcDbEntity
  8
WIND
100
AcDbPolyline
 90
4
 70
1
 10
4622.0472
 20
-2.3622
 10
4669.2913
 20
-2.3622
 10
4669.2913
 20
2.3622
 10
4622.0472
 20
2.3622
  0
LWPOLYLINE
  5
56E
100
AcDbEntity
  8
WIND
100
AcDbPolyline
 90
4
 70
1
 10
4779.5276
 20
-2.3622
 10
4826.7717
 20
-2.3622
 10
4826.7717
 20
2.3622
 10
4779.5276
 20
2.3622
  0
LWPOLYLINE
  5
56F
100
AcDbEntity
  8
WIND
100
AcDbPolyline
 90
4
 70
1
 10
4937.0079
 20
-2.3622
 10
4984.2520
 20
-2.3622
 10
4984.2520
 20
2.3622
 10
4937.0079
 20
2.3622
  0
LWPOLYLINE
  5
570
100
AcDbEntity
  8
WIND
100
AcDbPolyline
 90
4
 70
1
 10
5094.4882
 20
-2.3622
 10
5141.7323
 20
-2.3622
 10
5141.7323
 20
2.3622
 10
5094.4882
 20
2.3622
  0
LWPOLYLINE
  5
571
100
AcDbEntity
  8
WIND
100
AcDbPolyline
 90
4
 70
1
 10
4307.0866
 20
942.5197
 10
4354.3307
 20
942.5197
 10
4354.3307
 20
947.2441
 10
4307.0866
 20
947.2441
  0
LWPOLYLINE
  5
572
100
AcDbEntity
  8
WIND
100
AcDbPolyline
 90
4
 70
1
 10
4464.5669
 20
942.5197
 10
4511.8110
 20
942.5197
 10
4511.8110
 20
947.2441
 10
4464.5669
 20
947.2441
  0
LWPOLYLINE
  5
573
100
AcDbEntity
  8
WIND
100
AcDbPolyline
 90
4
 70
1
 10
4622.0472
 20
942.5197
 10
4669.2913
 20
942.5197
 10
4669.2913
 20
947.2441
 10
4622.0472
 20
947.2441
  0
LWPOLYLINE
  5
574
100
AcDbEntity
  8
WIND
100
AcDbPolyline
 90
4
 70
1
 10
4779.5276
 20
942.5197
 10
4826.7717
 20
942.5197
 10
4826.7717
 20
947.2441
 10
4779.5276
 20
947.2441
  0
LWPOLYLINE
  5
575
100
AcDbEntity
  8
WIND
100
AcDbPolyline
 90
4
 70
1
 10
4937.0079
 20
942.5197
 10
4984.2520
 20
942.5197
 10
4984.2520
 20
947.2441
 10
4937.0079
 20
947.2441
  0
LWPOLYLINE
  5
576
100
AcDbEntity
  8
WIND
100
AcDbPolyline
 90
4
 70
1
 10
5094.4882
 20
942.5197
 10
5141.7323
 20
942.5197
 10
5141.7323
 20
947.2441
 10
5094.4882
 20
947.2441
  0
ARC
  5
577
100
AcDbEntity
  8
DOOR
100
AcDbCircle
 10
4409.4488
 20
139.7638
 30
0
 40
35.4331
100
AcDbArc
 50
90
 51
180
  0
LINE
  5
578
100
AcDbEntity
  8
DOOR
100
AcDbLine
 10
4409.4488
 20
139.7638
 30
0
 11
4374.0157
 21
139.7638
 31
0
  0
ARC
  5
579
100
AcDbEntity
  8
DOOR
100
AcDbCircle
 10
4409.4488
 20
454.7244
 30
0
 40
35.4331
100
AcDbArc
 50
90
 51
180
  0
LINE
  5
57A
100
AcDbEntity
  8
DOOR
100
AcDbLine
 10
4409.4488
 20
454.7244
 30
0
 11
4374.0157
 21
454.7244
 31
0
  0
ARC
  5
57B
100
AcDbEntity
  8
DOOR
100
AcDbCircle
 10
4409.4488
 20
769.6850
 30
0
 40
35.4331
100
AcDbArc
 50
90
 51
180
  0
LINE
  5
57C
100
AcDbEntity
  8
DOOR
100
AcDbLine
 10
4409.4488
 20
769.6850
 30
0
 11
4374.0157
 21
769.6850
 31
0
  0
ARC
  5
57D
100
AcDbEntity
  8
DOOR
100
AcDbCircle
 10
4566.9291
 20
139.7638
 30
0
 40
35.4331
100
AcDbArc
 50
90
 51
180
  0
LINE
  5
57E
100
AcDbEntity
  8
DOOR
100
AcDbLine
 10
4566.9291
 20
139.7638
 30
0
 11
4531.4961
 21
139.7638
 31
0
  0
ARC
  5
57F
100
AcDbEntity
  8
DOOR
100
AcDbCircle
 10
4566.9291
 20
454.7244
 30
0
 40
35.4331
100
AcDbArc
 50
90
 51
180
  0
LINE
  5
580
100
AcDbEntity
  8
DOOR
100
AcDbLine
 10
4566.9291
 20
454.7244
 30
0
 11
4531.4961
 21
454.7244
 31
0
  0
ARC
  5
581
100
AcDbEntity
  8
DOOR
100
AcDbCircle
 10
4566.9291
 20
769.6850
 30
0
 40
35.4331
100
AcDbArc
 50
90
 51
180
  0
LINE
  5
582
100
AcDbEntity
  8
DOOR
100
AcDbLine
 10
4566.9291
 20
769.6850
 30
0
 11
4531.4961
 21
769.6850
 31
0
  0
ARC
  5
583
100
AcDbEntity
  8
DOOR
100
AcDbCircle
 10
4881.8898
 20
139.7638
 30
0
 40
35.4331
100
AcDbArc
 50
90
 51
180
  0
LINE
  5
584
100
AcDbEntity
  8
DOOR
100
AcDbLine
 10
4881.8898
 20
139.7638
 30
0
 11
4846.4567
 21
139.7638
 31
0
  0
ARC
  5
585
100
AcDbEntity
  8
DOOR
100
AcDbCircle
 10
4881.8898
 20
454.7244
 30
0
 40
35.4331
100
AcDbArc
 50
90
 51
180
  0
LINE
  5
586
100
AcDbEntity
  8
DOOR
100
AcDbLine
 10
4881.8898
 20
454.7244
 30
0
 11
4846.4567
 21
454.7244
 31
0
  0
ARC
  5
587
100
AcDbEntity
  8
DOOR
100
AcDbCircle
 10
4881.8898
 20
769.6850
 30
0
 40
35.4331
100
AcDbArc
 50
90
 51
180
  0
LINE
  5
588
100
AcDbEntity
  8
DOOR
100
AcDbLine
 10
4881.8898
 20
769.6850
 30
0
 11
4846.4567
 21
769.6850
 31
0
  0
ARC
  5
589
100
AcDbEntity
  8
DOOR
100
AcDbCircle
 10
5039.3701
 20
139.7638
 30
0
 40
35.4331
100
AcDbArc
 50
90
 51
180
  0
LINE
  5
58A
100
AcDbEntity
  8
DOOR
100
AcDbLine
 10
5039.3701
 20
139.7638
 30
0
 11
5003.9370
 21
139.7638
 31
0
  0
ARC
  5
58B
100
AcDbEntity
  8
DOOR
100
AcDbCircle
 10
5039.3701
 20
454.7244
 30
0
 40
35.4331
100
AcDbArc
 50
90
 51
180
  0
LINE
  5
58C
100
AcDbEntity
  8
DOOR
100
AcDbLine
 10
5039.3701
 20
454.7244
 30
0
 11
5003.9370
 21
454.7244
 31
0
  0
ARC
  5
58D
100
AcDbEntity
  8
DOOR
100
AcDbCircle
 10
5039.3701
 20
769.6850
 30
0
 40
35.4331
100
AcDbArc
 50
90
 51
180
  0
LINE
  5
58E
100
AcDbEntity
  8
DOOR
100
AcDbLine
 10
5039.3701
 20
769.6850
 30
0
 11
5003.9370
 21
769.6850
 31
0
  0
ARC
  5
58F
100
AcDbEntity
  8
DOOR
100
AcDbCircle
 10
4470.4724
 20
314.9606
 30
0
 40
35.4331
100
AcDbArc
 50
0
 51
90
  0
LINE
  5
590
100
AcDbEntity
  8
DOOR
100
AcDbLine
 10
4470.4724
 20
314.9606
 30
0
 11
4470.4724
 21
350.3937
 31
0
  0
ARC
  5
591
100
AcDbEntity
  8
DOOR
100
AcDbCircle
 10
4627.9528
 20
314.9606
 30
0
 40
35.4331
100
AcDbArc
 50
0
 51
90
  0
LINE
  5
592
100
AcDbEntity
  8
DOOR
100
AcDbLine
 10
4627.9528
 20
314.9606
 30
0
 11
4627.9528
 21
350.3937
 31
0
  0
ARC
  5
593
100
AcDbEntity
  8
DOOR
100
AcDbCircle
 10
4785.4331
 20
314.9606
 30
0
 40
35.4331
100
AcDbArc
 50
0
 51
90
  0
LINE
  5
594
100
AcDbEntity
  8
DOOR
100
AcDbLine
 10
4785.4331
 20
314.9606
 30
0
 11
4785.4331
 21
350.3937
 31
0
  0
ARC
  5
595
100
AcDbEntity
  8
DOOR
100
AcDbCircle
 10
4942.9134
 20
314.9606
 30
0
 40
35.4331
100
AcDbArc
 50
0
 51
90
  0
LINE
  5
596
100
AcDbEntity
  8
DOOR
100
AcDbLine
 10
4942.9134
 20
314.9606
 30
0
 11
4942.9134
 21
350.3937
 31
0
  0
ARC
  5
597
100
AcDbEntity
  8
DOOR
100
AcDbCircle
 10
4312.9921
 20
629.9213
 30
0
 40
35.4331
100
AcDbArc
 50
0
 51
90
  0
LINE
  5
598
100
AcDbEntity
  8
DOOR
100
AcDbLine
 10
4312.9921
 20
629.9213
 30
0
 11
4312.9921
 21
665.3543
 31
0
  0
ARC
  5
599
100
AcDbEntity
  8
DOOR
100
AcDbCircle
 10
4470.4724
 20
629.9213
 30
0
 40
35.4331
100
AcDbArc
 50
0
 51
90
  0
LINE
  5
59A
100
AcDbEntity
  8
DOOR
100
AcDbLine
 10
4470.4724
 20
629.9213
 30
0
 11
4470.4724
 21
665.3543
 31
0
  0
ARC
  5
59B
100
AcDbEntity
  8
DOOR
100
AcDbCircle
 10
4627.9528
 20
629.9213
 30
0
 40
35.4331
100
AcDbArc
 50
0
 51
90
  0
LINE
  5
59C
100
AcDbEntity
  8
DOOR
100
AcDbLine
 10
4627.9528
 20
629.9213
 30
0
 11
4627.9528
 21
665.3543
 31
0
  0
ARC
  5
59D
100
AcDbEntity
  8
DOOR
100
AcDbCircle
 10
4785.4331
 20
629.9213
 30
0
 40
35.4331
100
AcDbArc
 50
0
 51
90
  0
LINE
  5
59E
100
AcDbEntity
  8
DOOR
100
AcDbLine
 10
4785.4331
 20
629.9213
 30
0
 11
4785.4331
 21
665.3543
 31
0
  0
ARC
  5
59F
100
AcDbEntity
  8
DOOR
100
AcDbCircle
 10
4942.9134
 20
629.9213
 30
0
 40
35.4331
100
AcDbArc
 50
0
 51
90
  0
LINE
  5
5A0
100
AcDbEntity
  8
DOOR
100
AcDbLine
 10
4942.9134
 20
629.9213
 30
0
 11
4942.9134
 21
665.3543
 31
0
  0
ARC
  5
5A1
100
AcDbEntity
  8
DOOR
100
AcDbCircle
 10
5100.3937
 20
629.9213
 30
0
 40
35.4331
100
AcDbArc
 50
0
 51
90
  0
LINE
  5
5A2
100
AcDbEntity
  8
DOOR
100
AcDbLine
 10
5100.3937
 20
629.9213
 30
0
 11
5100.3937
 21
665.3543
 31
0
  0
LINE
  5
5A3
100
AcDbEntity
  8
WALL
100
AcDbLine
370
50
 10
4247.5394
 20
0
 30
0
 11
4247.5394
 21
133.8583
 31
0
  0
LINE
  5
5A4
100
AcDbEntity
  8
WALL
100
AcDbLine
370
50
 10
4256.3976
 20
133.8583
 30
0
 11
4256.3976
 21
0
 31
0
  0
LINE
  5
5A5
100
AcDbEntity
  8
WALL
100
AcDbLine
370
50
 10
4247.5394
 20
181.1024
 30
0
 11
4247.5394
 21
314.9606
 31
0
  0
LINE
  5
5A6
100
AcDbEntity
  8
WALL
100
AcDbLine
370
50
 10
4256.3976
 20
314.9606
 30
0
 11
4256.3976
 21
181.1024
 31
0
  0
LINE
  5
5A7
100
AcDbEntity
  8
WALL
100
AcDbLine
370
50
 10
4247.5394
 20
133.8583
 30
0
 11
4256.3976
 21
133.8583
 31
0
  0
LINE
  5
5A8
100
AcDbEntity
  8
WALL
100
AcDbLine
370
50
 10
4247.5394
 20
181.1024
 30
0
 11
4256.3976
 21
181.1024
 31
0
  0
LINE
  5
5A9
100
AcDbEntity
  8
WALL
100
AcDbLine
370
50
 10
4247.5394
 20
314.9606
 30
0
 11
4247.5394
 21
448.8189
 31
0
  0
LINE
  5
5AA
100
AcDbEntity
  8
WALL
100
AcDbLine
370
50
 10
4256.3976
 20
448.8189
 30
0
 11
4256.3976
 21
314.9606
 31
0
  0
LINE
  5
5AB
100
AcDbEntity
  8
WALL
100
AcDbLine
370
50
 10
4247.5394
 20
496.0630
 30
0
 11
4247.5394
 21
629.9213
 31
0
  0
LINE
  5
5AC
100
AcDbEntity
  8
WALL
100
AcDbLine
370
50
 10
4256.3976
 20
629.9213
 30
0
 11
4256.3976
 21
496.0630
 31
0
  0
LINE
  5
5AD
100
AcDbEntity
  8
WALL
100
AcDbLine
370
50
 10
4247.5394
 20
448.8189
 30
0
 11
4256.3976
 21
448.8189
 31
0
  0
LINE
  5
5AE
100
AcDbEntity
  8
WALL
100
AcDbLine
370
50
 10
4247.5394
 20
496.0630
 30
0
 11
4256.3976
 21
496.0630
 31
0
  0
LINE
  5
5AF
100
AcDbEntity
  8
WALL
100
AcDbLine
370
50
 10
4247.5394
 20
629.9213
 30
0
 11
4247.5394
 21
763.7795
 31
0
  0
LINE
  5
5B0
100
AcDbEntity
  8
WALL
100
AcDbLine
370
50
 10
4256.3976
 20
763.7795
 30
0
 11
4256.3976
 21
629.9213
 31
0
  0
LINE
  5
5B1
100
AcDbEntity
  8
WALL
100
AcDbLine
370
50
 10
4247.5394
 20
811.0236
 30
0
 11
4247.5394
 21
944.8819
 31
0
  0
LINE
  5
5B2
100
AcDbEntity
  8
WALL
100
AcDbLine
370
50
 10
4256.3976
 20
944.8819
 30
0
 11
4256.3976
 21
811.0236
 31
0
  0
LINE
  5
5B3
100
AcDbEntity
  8
WALL
100
AcDbLine
370
50
 10
4247.5394
 20
763.7795
 30
0
 11
4256.3976
 21
763.7795
 31
0
  0
LINE
  5
5B4
100
AcDbEntity
  8
WALL
100
AcDbLine
370
50
 10
4247.5394
 20
811.0236
 30
0
 11
4256.3976
 21
811.0236
 31
0
  0
LINE
  5
5B5
100
AcDbEntity
  8
WALL
100
AcDbLine
370
50
 10
5192.4213
 20
0
 30
0
 11
5192.4213
 21
133.8583
 31
0
  0
LINE
  5
5B6
100
AcDbEntity
  8
WALL
100
AcDbLine
370
50
 10
5201.2795
 20
133.8583
 30
0
 11
5201.2795
 21
0
 31
0
  0
LINE
  5
5B7
100
AcDbEntity
  8
WALL
100
AcDbLine
370
50
 10
5192.4213
 20
181.1024
 30
0
 11
5192.4213
 21
314.9606
 31
0
  0
LINE
  5
5B8
100
AcDbEntity
  8
WALL
100
AcDbLine
370
50
 10
5201.2795
 20
314.9606
 30
0
 11
5201.2795
 21
181.1024
 31
0
  0
LINE
  5
5B9
100
AcDbEntity
  8
WALL
100
AcDbLine
370
50
 10
5192.4213
 20
133.8583
 30
0
 11
5201.2795
 21
133.8583
 31
0
  0
LINE
  5
5BA
100
AcDbEntity
  8
WALL
100
AcDbLine
370
50
 10
5192.4213
 20
181.1024
 30
0
 11
5201.2795
 21
181.1024
 31
0
  0
LINE
  5
5BB
100
AcDbEntity
  8
WALL
100
AcDbLine
370
50
 10
5192.4213
 20
314.9606
 30
0
 11
5192.4213
 21
448.8189
 31
0
  0
LINE
  5
5BC
100
AcDbEntity
  8
WALL
100
AcDbLine
370
50
 10
5201.2795
 20
448.8189
 30
0
 11
5201.2795
 21
314.9606
 31
0
  0
LINE
  5
5BD
100
AcDbEntity
  8
WALL
100
AcDbLine
370
50
 10
5192.4213
 20
496.0630
 30
0
 11
5192.4213
 21
629.9213
 31
0
  0
LINE
  5
5BE
100
AcDbEntity
  8
WALL
100
AcDbLine
370
50
 10
5201.2795
 20
629.9213
 30
0
 11
5201.2795
 21
496.0630
 31
0
  0
LINE
  5
5BF
100
AcDbEntity
  8
WALL
100
AcDbLine
370
50
 10
5192.4213
 20
448.8189
 30
0
 11
5201.2795
 21
448.8189
 31
0
  0
LINE
  5
5C0
100
AcDbEntity
  8
WALL
100
AcDbLine
370
50
 10
5192.4213
 20
496.0630
 30
0
 11
5201.2795
 21
496.0630
 31
0
  0
LINE
  5
5C1
100
AcDbEntity
  8
WALL
100
AcDbLine
370
50
 10
5192.4213
 20
629.9213
 30
0
 11
5192.4213
 21
763.7795
 31
0
  0
LINE
  5
5C2
100
AcDbEntity
  8
WALL
100
AcDbLine
370
50
 10
5201.2795
 20
763.7795
 30
0
 11
5201.2795
 21
629.9213
 31
0
  0
LINE
  5
5C3
100
AcDbEntity
  8
WALL
100
AcDbLine
370
50
 10
5192.4213
 20
811.0236
 30
0
 11
5192.4213
 21
944.8819
 31
0
  0
LINE
  5
5C4
100
AcDbEntity
  8
WALL
100
AcDbLine
370
50
 10
5201.2795
 20
944.8819
 30
0
 11
5201.2795
 21
811.0236
 31
0
  0
LINE
  5
5C5
100
AcDbEntity
  8
WALL
100
AcDbLine
370
50
 10
5192.4213
 20
763.7795
 30
0
 11
5201.2795
 21
763.7795
 31
0
  0
LINE
  5
5C6
100
AcDbEntity
  8
WALL
100
AcDbLine
370
50
 10
5192.4213
 20
811.0236
 30
0
 11
5201.2795
 21
811.0236
 31
0
  0
LINE
  5
5C7
100
AcDbEntity
  8
WALL
100
AcDbLine
370
50
 10
4251.9685
 20
-4.4291
 30
0
 11
4307.0866
 21
-4.4291
 31
0
  0
LINE
  5
5C8
100
AcDbEntity
  8
WALL
100
AcDbLine
370
50
 10
4307.0866
 20
4.4291
 30
0
 11
4251.9685
 21
4.4291
 31
0
  0
LINE
  5
5C9
100
AcDbEntity
  8
WALL
100
AcDbLine
370
50
 10
4354.3307
 20
-4.4291
 30
0
 11
4409.4488
 21
-4.4291
 31
0
  0
LINE
  5
5CA
100
AcDbEntity
  8
WALL
100
AcDbLine
370
50
 10
4409.4488
 20
4.4291
 30
0
 11
4354.3307
 21
4.4291
 31
0
  0
LINE
  5
5CB
100
AcDbEntity
  8
WALL
100
AcDbLine
370
50
 10
4307.0866
 20
-4.4291
 30
0
 11
4307.0866
 21
4.4291
 31
0
  0
LINE
  5
5CC
100
AcDbEntity
  8
WALL
100
AcDbLine
370
50
 10
4354.3307
 20
-4.4291
 30
0
 11
4354.3307
 21
4.4291
 31
0
  0
LINE
  5
5CD
100
AcDbEntity
  8
WALL
100
AcDbLine
370
50
 10
4409.4488
 20
-4.4291
 30
0
 11
4464.5669
 21
-4.4291
 31
0
  0
LINE
  5
5CE
100
AcDbEntity
  8
WALL
100
AcDbLine
370
50
 10
4464.5669
 20
4.4291
 30
0
 11
4409.4488
 21
4.4291
 31
0
  0
LINE
  5
5CF
100
AcDbEntity
  8
WALL
100
AcDbLine
370
50
 10
4511.8110
 20
-4.4291
 30
0
 11
4566.9291
 21
-4.4291
 31
0
  0
LINE
  5
5D0
100
AcDbEntity
  8
WALL
100
AcDbLine
370
50
 10
4566.9291
 20
4.4291
 30
0
 11
4511.8110
 21
4.4291
 31
0
  0
LINE
  5
5D1
100
AcDbEntity
  8
WALL
100
AcDbLine
370
50
 10
4464.5669
 20
-4.4291
 30
0
 11
4464.5669
 21
4.4291
 31
0
  0
LINE
  5
5D2
100
AcDbEntity
  8
WALL
100
AcDbLine
370
50
 10
4511.8110
 20
-4.4291
 30
0
 11
4511.8110
 21
4.4291
 31
0
  0
LINE
  5
5D3
100
AcDbEntity
  8
WALL
100
AcDbLine
370
50
 10
4566.9291
 20
-4.4291
 30
0
 11
4622.0472
 21
-4.4291
 31
0
  0
LINE
  5
5D4
100
AcDbEntity
  8
WALL
100
AcDbLine
370
50
 10
4622.0472
 20
4.4291
 30
0
 11
4566.9291
 21
4.4291
 31
0
  0
LINE
  5
5D5
100
AcDbEntity
  8
WALL
100
AcDbLine
370
50
 10
4669.2913
 20
-4.4291
 30
0
 11
4724.4094
 21
-4.4291
 31
0
  0
LINE
  5
5D6
100
AcDbEntity
  8
WALL
100
AcDbLine
370
50
 10
4724.4094
 20
4.4291
 30
0
 11
4669.2913
 21
4.4291
 31
0
  0
LINE
  5
5D7
100
AcDbEntity
  8
WALL
100
AcDbLine
370
50
 10
4622.0472
 20
-4.4291
 30
0
 11
4622.0472
 21
4.4291
 31
0
  0
LINE
  5
5D8
100
AcDbEntity
  8
WALL
100
AcDbLine
370
50
 10
4669.2913
 20
-4.4291
 30
0
 11
4669.2913
 21
4.4291
 31
0
  0
LINE
  5
5D9
100
AcDbEntity
  8
WALL
100
AcDbLine
370
50
 10
4724.4094
 20
-4.4291
 30
0
 11
4779.5276
 21
-4.4291
 31
0
  0
LINE
  5
5DA
100
AcDbEntity
  8
WALL
100
AcDbLine
370
50
 10
4779.5276
 20
4.4291
 30
0
 11
4724.4094
 21
4.4291
 31
0
  0
LINE
  5
5DB
100
AcDbEntity
  8
WALL
100
AcDbLine
370
50
 10
4826.7717
 20
-4.4291
 30
0
 11
4881.8898
 21
-4.4291
 31
0
  0
LINE
  5
5DC
100
AcDbEntity
  8
WALL
100
AcDbLine
370
50
 10
4881.8898
 20
4.4291
 30
0
 11
4826.7717
 21
4.4291
 31
0
  0
LINE
  5
5DD
100
AcDbEntity
  8
WALL
100
AcDbLine
370
50
 10
4779.5276
 20
-4.4291
 30
0
 11
4779.5276
 21
4.4291
 31
0
  0
LINE
  5
5DE
100
AcDbEntity
  8
WALL
100
AcDbLine
370
50
 10
4826.7717
 20
-4.4291
 30
0
 11
4826.7717
 21
4.4291
 31
0
  0
LINE
  5
5DF
100
AcDbEntity
  8
WALL
100
AcDbLine
370
50
 10
4881.8898
 20
-4.4291
 30
0
 11
4937.0079
 21
-4.4291
 31
0
  0
LINE
  5
5E0
100
AcDbEntity
  8
WALL
100
AcDbLine
370
50
 10
4937.0079
 20
4.4291
 30
0
 11
4881.8898
 21
4.4291
 31
0
  0
LINE
  5
5E1
100
AcDbEntity
  8
WALL
100
AcDbLine
370
50
 10
4984.2520
 20
-4.4291
 30
0
 11
5039.3701
 21
-4.4291
 31
0
  0
LINE
  5
5E2
100
AcDbEntity
  8
WALL
100
AcDbLine
370
50
 10
5039.3701
 20
4.4291
 30
0
 11
4984.2520
 21
4.4291
 31
0
  0
LINE
  5
5E3
100
AcDbEntity
  8
WALL
100
AcDbLine
370
50
 10
4937.0079
 20
-4.4291
 30
0
 11
4937.0079
 21
4.4291
 31
0
  0
LINE
  5
5E4
100
AcDbEntity
  8
WALL
100
AcDbLine
370
50
 10
4984.2520
 20
-4.4291
 30
0
 11
4984.2520
 21
4.4291
 31
0
  0
LINE
  5
5E5
100
AcDbEntity
  8
WALL
100
AcDbLine
370
50
 10
5039.3701
 20
-4.4291
 30
0
 11
5094.4882
 21
-4.4291
 31
0
  0
LINE
  5
5E6
100
AcDbEntity
  8
WALL
100
AcDbLine
370
50
 10
5094.4882
 20
4.4291
 30
0
 11
5039.3701
 21
4.4291
 31
0
  0
LINE
  5
5E7
100
AcDbEntity
  8
WALL
100
AcDbLine
370
50
 10
5141.7323
 20
-4.4291
 30
0
 11
5196.8504
 21
-4.4291
 31
0
  0
LINE
  5
5E8
100
AcDbEntity
  8
WALL
100
AcDbLine
370
50
 10
5196.8504
 20
4.4291
 30
0
 11
5141.7323
 21
4.4291
 31
0
  0
LINE
  5
5E9
100
AcDbEntity
  8
WALL
100
AcDbLine
370
50
 10
5094.4882
 20
-4.4291
 30
0
 11
5094.4882
 21
4.4291
 31
0
  0
LINE
  5
5EA
100
AcDbEntity
  8
WALL
100
AcDbLine
370
50
 10
5141.7323
 20
-4.4291
 30
0
 11
5141.7323
 21
4.4291
 31
0
  0
LINE
  5
5EB
100
AcDbEntity
  8
WALL
100
AcDbLine
370
50
 10
4251.9685
 20
940.4528
 30
0
 11
4307.0866
 21
940.4528
 31
0
  0
LINE
  5
5EC
100
AcDbEntity
  8
WALL
100
AcDbLine
370
50
 10
4307.0866
 20
949.3110
 30
0
 11
4251.9685
 21
949.3110
 31
0
  0
LINE
  5
5ED
100
AcDbEntity
  8
WALL
100
AcDbLine
370
50
 10
4354.3307
 20
940.4528
 30
0
 11
4409.4488
 21
940.4528
 31
0
  0
LINE
  5
5EE
100
AcDbEntity
  8
WALL
100
AcDbLine
370
50
 10
4409.4488
 20
949.3110
 30
0
 11
4354.3307
 21
949.3110
 31
0
  0
LINE
  5
5EF
100
AcDbEntity
  8
WALL
100
AcDbLine
370
50
 10
4307.0866
 20
940.4528
 30
0
 11
4307.0866
 21
949.3110
 31
0
  0
LINE
  5
5F0
100
AcDbEntity
  8
WALL
100
AcDbLine
370
50
 10
4354.3307
 20
940.4528
 30
0
 11
4354.3307
 21
949.3110
 31
0
  0
LINE
  5
5F1
100
AcDbEntity
  8
WALL
100
AcDbLine
370
50
 10
4409.4488
 20
940.4528
 30
0
 11
4464.5669
 21
940.4528
 31
0
  0
LINE
  5
5F2
100
AcDbEntity
  8
WALL
100
AcDbLine
370
50
 10
4464.5669
 20
949.3110
 30
0
 11
4409.4488
 21
949.3110
 31
0
  0
LINE
  5
5F3
100
AcDbEntity
  8
WALL
100
AcDbLine
370
50
 10
4511.8110
 20
940.4528
 30
0
 11
4566.9291
 21
940.4528
 31
0
  0
LINE
  5
5F4
100
AcDbEntity
  8
WALL
100
AcDbLine
370
50
 10
4566.9291
 20
949.3110
 30
0
 11
4511.8110
 21
949.3110
 31
0
  0
LINE
  5
5F5
100
AcDbEntity
  8
WALL
100
AcDbLine
370
50
 10
4464.5669
 20
940.4528
 30
0
 11
4464.5669
 21
949.3110
 31
0
  0
LINE
  5
5F6
100
AcDbEntity
  8
WALL
100
AcDbLine
370
50
 10
4511.8110
 20
940.4528
 30
0
 11
4511.8110
 21
949.3110
 31
0
  0
LINE
  5
5F7
100
AcDbEntity
  8
WALL
100
AcDbLine
370
50
 10
4566.9291
 20
940.4528
 30
0
 11
4622.0472
 21
940.4528
 31
0
  0
LINE
  5
5F8
100
AcDbEntity
  8
WALL
100
AcDbLine
370
50
 10
4622.0472
 20
949.3110
 30
0
 11
4566.9291
 21
949.3110
 31
0
  0
LINE
  5
5F9
100
AcDbEntity
  8
WALL
100
AcDbLine
370
50
 10
4669.2913
 20
940.4528
 30
0
 11
4724.4094
 21
940.4528
 31
0
  0
LINE
  5
5FA
100
AcDbEntity
  8
WALL
100
AcDbLine
370
50
 10
4724.4094
 20
949.3110
 30
0
 11
4669.2913
 21
949.3110
 31
0
  0
LINE
  5
5FB
100
AcDbEntity
  8
WALL
100
AcDbLine
370
50
 10
4622.0472
 20
940.4528
 30
0
 11
4622.0472
 21
949.3110
 31
0
  0
LINE
  5
5FC
100
AcDbEntity
  8
WALL
100
AcDbLine
370
50
 10
4669.2913
 20
940.4528
 30
0
 11
4669.2913
 21
949.3110
 31
0
  0
LINE
  5
5FD
100
AcDbEntity
  8
WALL
100
AcDbLine
370
50
 10
4724.4094
 20
940.4528
 30
0
 11
4779.5276
 21
940.4528
 31
0
  0
LINE
  5
5FE
100
AcDbEntity
  8
WALL
100
AcDbLine
370
50
 10
4779.5276
 20
949.3110
 30
0
 11
4724.4094
 21
949.3110
 31
0
  0
LINE
  5
5FF
100
AcDbEntity
  8
WALL
100
AcDbLine
370
50
 10
4826.7717
 20
940.4528
 30
0
 11
4881.8898
 21
940.4528
 31
0
  0
LINE
  5
600
100
AcDbEntity
  8
WALL
100
AcDbLine
370
50
 10
4881.8898
 20
949.3110
 30
0
 11
4826.7717
 21
949.3110
 31
0
  0
LINE
  5
601
100
AcDbEntity
  8
WALL
100
AcDbLine
370
50
 10
4779.5276
 20
940.4528
 30
0
 11
4779.5276
 21
949.3110
 31
0
  0
LINE
  5
602
100
AcDbEntity
  8
WALL
100
AcDbLine
370
50
 10
4826.7717
 20
940.4528
 30
0
 11
4826.7717
 21
949.3110
 31
0
  0
LINE
  5
603
100
AcDbEntity
  8
WALL
100
AcDbLine
370
50
 10
4881.8898
 20
940.4528
 30
0
 11
4937.0079
 21
940.4528
 31
0
  0
LINE
  5
604
100
AcDbEntity
  8
WALL
100
AcDbLine
370
50
 10
4937.0079
 20
949.3110
 30
0
 11
4881.8898
 21
949.3110
 31
0
  0
LINE
  5
605
100
AcDbEntity
  8
WALL
100
AcDbLine
370
50
 10
4984.2520
 20
940.4528
 30
0
 11
5039.3701
 21
940.4528
 31
0
  0
LINE
  5
606
100
AcDbEntity
  8
WALL
100
AcDbLine
370
50
 10
5039.3701
 20
949.3110
 30
0
 11
4984.2520
 21
949.3110
 31
0
  0
LINE
  5
607
100
AcDbEntity
  8
WALL
100
AcDbLine
370
50
 10
4937.0079
 20
940.4528
 30
0
 11
4937.0079
 21
949.3110
 31
0
  0
LINE
  5
608
100
AcDbEntity
  8
WALL
100
AcDbLine
370
50
 10
4984.2520
 20
940.4528
 30
0
 11
4984.2520
 21
949.3110
 31
0
  0
LINE
  5
609
100
AcDbEntity
  8
WALL
100
AcDbLine
370
50
 10
5039.3701
 20
940.4528
 30
0
 11
5094.4882
 21
940.4528
 31
0
  0
LINE
  5
60A
100
AcDbEntity
  8
WALL
100
AcDbLine
370
50
 10
5094.4882
 20
949.3110
 30
0
 11
5039.3701
 21
949.3110
 31
0
  0
LINE
  5
60B
100
AcDbEntity
  8
WALL
100
AcDbLine
370
50
 10
5141.7323
 20
940.4528
 30
0
 11
5196.8504
 21
940.4528
 31
0
  0
LINE
  5
60C
100
AcDbEntity
  8
WALL
100
AcDbLine
370
50
 10
5196.8504
 20
949.3110
 30
0
 11
5141.7323
 21
949.3110
 31
0
  0
LINE
  5
60D
100
AcDbEntity
  8
WALL
100
AcDbLine
370
50
 10
5094.4882
 20
940.4528
 30
0
 11
5094.4882
 21
949.3110
 31
0
  0
LINE
  5
60E
100
AcDbEntity
  8
WALL
100
AcDbLine
370
50
 10
5141.7323
 20
940.4528
 30
0
 11
5141.7323
 21
949.3110
 31
0
  0
LINE
  5
60F
100
AcDbEntity
  8
WALL
100
AcDbLine
370
50
 10
4406.4961
 20
0
 30
0
 11
4406.4961
 21
139.7638
 31
0
  0
LINE
  5
610
100
AcDbEntity
  8
WALL
100
AcDbLine
370
50
 10
4412.4016
 20
139.7638
 30
0
 11
4412.4016
 21
0
 31
0
  0
LINE
  5
611
100
AcDbEntity
  8
WALL
100
AcDbLine
370
50
 10
4406.4961
 20
175.1969
 30
0
 11
4406.4961
 21
314.9606
 31
0
  0
LINE
  5
612
100
AcDbEntity
  8
WALL
100
AcDbLine
370
50
 10
4412.4016
 20
314.9606
 30
0
 11
4412.4016
 21
175.1969
 31
0
  0
LINE
  5
613
100
AcDbEntity
  8
WALL
100
AcDbLine
370
50
 10
4406.4961
 20
139.7638
 30
0
 11
4412.4016
 21
139.7638
 31
0
  0
LINE
  5
614
100
AcDbEntity
  8
WALL
100
AcDbLine
370
50
 10
4406.4961
 20
175.1969
 30
0
 11
4412.4016
 21
175.1969
 31
0
  0
LINE
  5
615
100
AcDbEntity
  8
WALL
100
AcDbLine
370
50
 10
4406.4961
 20
314.9606
 30
0
 11
4406.4961
 21
454.7244
 31
0
  0
LINE
  5
616
100
AcDbEntity
  8
WALL
100
AcDbLine
370
50
 10
4412.4016
 20
454.7244
 30
0
 11
4412.4016
 21
314.9606
 31
0
  0
LINE
  5
617
100
AcDbEntity
  8
WALL
100
AcDbLine
370
50
 10
4406.4961
 20
490.1575
 30
0
 11
4406.4961
 21
629.9213
 31
0
  0
LINE
  5
618
100
AcDbEntity
  8
WALL
100
AcDbLine
370
50
 10
4412.4016
 20
629.9213
 30
0
 11
4412.4016
 21
490.1575
 31
0
  0
LINE
  5
619
100
AcDbEntity
  8
WALL
100
AcDbLine
370
50
 10
4406.4961
 20
454.7244
 30
0
 11
4412.4016
 21
454.7244
 31
0
  0
LINE
  5
61A
100
AcDbEntity
  8
WALL
100
AcDbLine
370
50
 10
4406.4961
 20
490.1575
 30
0
 11
4412.4016
 21
490.1575
 31
0
  0
LINE
  5
61B
100
AcDbEntity
  8
WALL
100
AcDbLine
370
50
 10
4406.4961
 20
629.9213
 30
0
 11
4406.4961
 21
769.6850
 31
0
  0
LINE
  5
61C
100
AcDbEntity
  8
WALL
100
AcDbLine
370
50
 10
4412.4016
 20
769.6850
 30
0
 11
4412.4016
 21
629.9213
 31
0
  0
LINE
  5
61D
100
AcDbEntity
  8
WALL
100
AcDbLine
370
50
 10
4406.4961
 20
805.1181
 30
0
 11
4406.4961
 21
944.8819
 31
0
  0
LINE
  5
61E
100
AcDbEntity
  8
WALL
100
AcDbLine
370
50
 10
4412.4016
 20
944.8819
 30
0
 11
4412.4016
 21
805.1181
 31
0
  0
LINE
  5
61F
100
AcDbEntity
  8
WALL
100
AcDbLine
370
50
 10
4406.4961
 20
769.6850
 30
0
 11
4412.4016
 21
769.6850
 31
0
  0
LINE
  5
620
100
AcDbEntity
  8
WALL
100
AcDbLine
370
50
 10
4406.4961
 20
805.1181
 30
0
 11
4412.4016
 21
805.1181
 31
0
  0
LINE
  5
621
100
AcDbEntity
  8
WALL
100
AcDbLine
370
50
 10
4563.9764
 20
0
 30
0
 11
4563.9764
 21
139.7638
 31
0
  0
LINE
  5
622
100
AcDbEntity
  8
WALL
100
AcDbLine
370
50
 10
4569.8819
 20
139.7638
 30
0
 11
4569.8819
 21
0
 31
0
  0
LINE
  5
623
100
AcDbEntity
  8
WALL
100
AcDbLine
370
50
 10
4563.9764
 20
175.1969
 30
0
 11
4563.9764
 21
314.9606
 31
0
  0
LINE
  5
624
100
AcDbEntity
  8
WALL
100
AcDbLine
370
50
 10
4569.8819
 20
314.9606
 30
0
 11
4569.8819
 21
175.1969
 31
0
  0
LINE
  5
625
100
AcDbEntity
  8
WALL
100
AcDbLine
370
50
 10
4563.9764
 20
139.7638
 30
0
 11
4569.8819
 21
139.7638
 31
0
  0
LINE
  5
626
100
AcDbEntity
  8
WALL
100
AcDbLine
370
50
 10
4563.9764
 20
175.1969
 30
0
 11
4569.8819
 21
175.1969
 31
0
  0
LINE
  5
627
100
AcDbEntity
  8
WALL
100
AcDbLine
370
50
 10
4563.9764
 20
314.9606
 30
0
 11
4563.9764
 21
454.7244
 31
0
  0
LINE
  5
628
100
AcDbEntity
  8
WALL
100
AcDbLine
370
50
 10
4569.8819
 20
454.7244
 30
0
 11
4569.8819
 21
314.9606
 31
0
  0
LINE
  5
629
100
AcDbEntity
  8
WALL
100
AcDbLine
370
50
 10
4563.9764
 20
490.1575
 30
0
 11
4563.9764
 21
629.9213
 31
0
  0
LINE
  5
62A
100
AcDbEntity
  8
WALL
100
AcDbLine
370
50
 10
4569.8819
 20
629.9213
 30
0
 11
4569.8819
 21
490.1575
 31
0
  0
LINE
  5
62B
100
AcDbEntity
  8
WALL
100
AcDbLine
370
50
 10
4563.9764
 20
454.7244
 30
0
 11
4569.8819
 21
454.7244
 31
0
  0
LINE
  5
62C
100
AcDbEntity
  8
WALL
100
AcDbLine
370
50
 10
4563.9764
 20
490.1575
 30
0
 11
4569.8819
 21
490.1575
 31
0
  0
LINE
  5
62D
100
AcDbEntity
  8
WALL
100
AcDbLine
370
50
 10
4563.9764
 20
629.9213
 30
0
 11
4563.9764
 21
769.6850
 31
0
  0
LINE
  5
62E
100
AcDbEntity
  8
WALL
100
AcDbLine
370
50
 10
4569.8819
 20
769.6850
 30
0
 11
4569.8819
 21
629.9213
 31
0
  0
LINE
  5
62F
100
AcDbEntity
  8
WALL
100
AcDbLine
370
50
 10
4563.9764
 20
805.1181
 30
0
 11
4563.9764
 21
944.8819
 31
0
  0
LINE
  5
630
100
AcDbEntity
  8
WALL
100
AcDbLine
370
50
 10
4569.8819
 20
944.8819
 30
0
 11
4569.8819
 21
805.1181
 31
0
  0
LINE
  5
631
100
AcDbEntity
  8
WALL
100
AcDbLine
370
50
 10
4563.9764
 20
769.6850
 30
0
 11
4569.8819
 21
769.6850
 31
0
  0
LINE
  5
632
100
AcDbEntity
  8
WALL
100
AcDbLine
370
50
 10
4563.9764
 20
805.1181
 30
0
 11
4569.8819
 21
805.1181
 31
0
  0
LINE
  5
633
100
AcDbEntity
  8
WALL
100
AcDbLine
370
50
 10
4721.4567
 20
0
 30
0
 11
4721.4567
 21
314.9606
 31
0
  0
LINE
  5
634
100
AcDbEntity
  8
WALL
100
AcDbLine
370
50
 10
4727.3622
 20
314.9606
 30
0
 11
4727.3622
 21
0
 31
0
  0
LINE
  5
635
100
AcDbEntity
  8
WALL
100
AcDbLine
370
50
 10
4721.4567
 20
314.9606
 30
0
 11
4721.4567
 21
629.9213
 31
0
  0
LINE
  5
636
100
AcDbEntity
  8
WALL
100
AcDbLine
370
50
 10
4727.3622
 20
629.9213
 30
0
 11
4727.3622
 21
314.9606
 31
0
  0
LINE
  5
637
100
AcDbEntity
  8
WALL
100
AcDbLine
370
50
 10
4721.4567
 20
629.9213
 30
0
 11
4721.4567
 21
944.8819
 31
0
  0
LINE
  5
638
100
AcDbEntity
  8
WALL
100
AcDbLine
370
50
 10
4727.3622
 20
944.8819
 30
0
 11
4727.3622
 21
629.9213
 31
0
  0
LINE
  5
639
100
AcDbEntity
  8
WALL
100
AcDbLine
370
50
 10
4878.9370
 20
0
 30
0
 11
4878.9370
 21
139.7638
 31
0
  0
LINE
  5
63A
100
AcDbEntity
  8
WALL
100
AcDbLine
370
50
 10
4884.8425
 20
139.7638
 30
0
 11
4884.8425
 21
0
 31
0
  0
LINE
  5
63B
100
AcDbEntity
  8
WALL
100
AcDbLine
370
50
 10
4878.9370
 20
175.1969
 30
0
 11
4878.9370
 21
314.9606
 31
0
  0
LINE
  5
63C
100
AcDbEntity
  8
WALL
100
AcDbLine
370
50
 10
4884.8425
 20
314.9606
 30
0
 11
4884.8425
 21
175.1969
 31
0
  0
LINE
  5
63D
100
AcDbEntity
  8
WALL
100
AcDbLine
370
50
 10
4878.9370
 20
139.7638
 30
0
 11
4884.8425
 21
139.7638
 31
0
  0
LINE
  5
63E
100
AcDbEntity
  8
WALL
100
AcDbLine
370
50
 10
4878.9370
 20
175.1969
 30
0
 11
4884.8425
 21
175.1969
 31
0
  0
LINE
  5
63F
100
AcDbEntity
  8
WALL
100
AcDbLine
370
50
 10
4878.9370
 20
314.9606
 30
0
 11
4878.9370
 21
454.7244
 31
0
  0
LINE
  5
640
100
AcDbEntity
  8
WALL
100
AcDbLine
370
50
 10
4884.8425
 20
454.7244
 30
0
 11
4884.8425
 21
314.9606
 31
0
  0
LINE
  5
641
100
AcDbEntity
  8
WALL
100
AcDbLine
370
50
 10
4878.9370
 20
490.1575
 30
0
 11
4878.9370
 21
629.9213
 31
0
  0
LINE
  5
642
100
AcDbEntity
  8
WALL
100
AcDbLine
370
50
 10
4884.8425
 20
629.9213
 30
0
 11
4884.8425
 21
490.1575
 31
0
  0
LINE
  5
643
100
AcDbEntity
  8
WALL
100
AcDbLine
370
50
 10
4878.9370
 20
454.7244
 30
0
 11
4884.8425
 21
454.7244
 31
0
  0
LINE
  5
644
100
AcDbEntity
  8
WALL
100
AcDbLine
370
50
 10
4878.9370
 20
490.1575
 30
0
 11
4884.8425
 21
490.1575
 31
0
  0
LINE
  5
645
100
AcDbEntity
  8
WALL
100
AcDbLine
370
50
 10
4878.9370
 20
629.9213
 30
0
 11
4878.9370
 21
769.6850
 31
0
  0
LINE
  5
646
100
AcDbEntity
  8
WALL
100
AcDbLine
370
50
 10
4884.8425
 20
769.6850
 30
0
 11
4884.8425
 21
629.9213
 31
0
  0
LINE
  5
647
100
AcDbEntity
  8
WALL
100
AcDbLine
370
50
 10
4878.9370
 20
805.1181
 30
0
 11
4878.9370
 21
944.8819
 31
0
  0
LINE
  5
648
100
AcDbEntity
  8
WALL
100
AcDbLine
370
50
 10
4884.8425
 20
944.8819
 30
0
 11
4884.8425
 21
805.1181
 31
0
  0
LINE
  5
649
100
AcDbEntity
  8
WALL
100
AcDbLine
370
50
 10
4878.9370
 20
769.6850
 30
0
 11
4884.8425
 21
769.6850
 31
0
  0
LINE
  5
64A
100
AcDbEntity
  8
WALL
100
AcDbLine
370
50
 10
4878.9370
 20
805.1181
 30
0
 11
4884.8425
 21
805.1181
 31
0
  0
LINE
  5
64B
100
AcDbEntity
  8
WALL
100
AcDbLine
370
50
 10
5036.4173
 20
0
 30
0
 11
5036.4173
 21
139.7638
 31
0
  0
LINE
  5
64C
100
AcDbEntity
  8
WALL
100
AcDbLine
370
50
 10
5042.3228
 20
139.7638
 30
0
 11
5042.3228
 21
0
 31
0
  0
LINE
  5
64D
100
AcDbEntity
  8
WALL
100
AcDbLine
370
50
 10
5036.4173
 20
175.1969
 30
0
 11
5036.4173
 21
314.9606
 31
0
  0
LINE
  5
64E
100
AcDbEntity
  8
WALL
100
AcDbLine
370
50
 10
5042.3228
 20
314.9606
 30
0
 11
5042.3228
 21
175.1969
 31
0
  0
LINE
  5
64F
100
AcDbEntity
  8
WALL
100
AcDbLine
370
50
 10
5036.4173
 20
139.7638
 30
0
 11
5042.3228
 21
139.7638
 31
0
  0
LINE
  5
650
100
AcDbEntity
  8
WALL
100
AcDbLine
370
50
 10
5036.4173
 20
175.1969
 30
0
 11
5042.3228
 21
175.1969
 31
0
  0
LINE
  5
651
100
AcDbEntity
  8
WALL
100
AcDbLine
370
50
 10
5036.4173
 20
314.9606
 30
0
 11
5036.4173
 21
454.7244
 31
0
  0
LINE
  5
652
100
AcDbEntity
  8
WALL
100
AcDbLine
370
50
 10
5042.3228
 20
454.7244
 30
0
 11
5042.3228
 21
314.9606
 31
0
  0
LINE
  5
653
100
AcDbEntity
  8
WALL
100
AcDbLine
370
50
 10
5036.4173
 20
490.1575
 30
0
 11
5036.4173
 21
629.9213
 31
0
  0
LINE
  5
654
100
AcDbEntity
  8
WALL
100
AcDbLine
370
50
 10
5042.3228
 20
629.9213
 30
0
 11
5042.3228
 21
490.1575
 31
0
  0
LINE
  5
655
100
AcDbEntity
  8
WALL
100
AcDbLine
370
50
 10
5036.4173
 20
454.7244
 30
0
 11
5042.3228
 21
454.7244
 31
0
  0
LINE
  5
656
100
AcDbEntity
  8
WALL
100
AcDbLine
370
50
 10
5036.4173
 20
490.1575
 30
0
 11
5042.3228
 21
490.1575
 31
0
  0
LINE
  5
657
100
AcDbEntity
  8
WALL
100
AcDbLine
370
50
 10
5036.4173
 20
629.9213
 30
0
 11
5036.4173
 21
769.6850
 31
0
  0
LINE
  5
658
100
AcDbEntity
  8
WALL
100
AcDbLine
370
50
 10
5042.3228
 20
769.6850
 30
0
 11
5042.3228
 21
629.9213
 31
0
  0
LINE
  5
659
100
AcDbEntity
  8
WALL
100
AcDbLine
370
50
 10
5036.4173
 20
805.1181
 30
0
 11
5036.4173
 21
944.8819
 31
0
  0
LINE
  5
65A
100
AcDbEntity
  8
WALL
100
AcDbLine
370
50
 10
5042.3228
 20
944.8819
 30
0
 11
5042.3228
 21
805.1181
 31
0
  0
LINE
  5
65B
100
AcDbEntity
  8
WALL
100
AcDbLine
370
50
 10
5036.4173
 20
769.6850
 30
0
 11
5042.3228
 21
769.6850
 31
0
  0
LINE
  5
65C
100
AcDbEntity
  8
WALL
100
AcDbLine
370
50
 10
5036.4173
 20
805.1181
 30
0
 11
5042.3228
 21
805.1181
 31
0
  0
LINE
  5
65D
100
AcDbEntity
  8
WALL
100
AcDbLine
370
50
 10
4251.9685
 20
312.0079
 30
0
 11
4409.4488
 21
312.0079
 31
0
  0
LINE
  5
65E
100
AcDbEntity
  8
WALL
100
AcDbLine
370
50
 10
4409.4488
 20
317.9134
 30
0
 11
4251.9685
 21
317.9134
 31
0
  0
LINE
  5
65F
100
AcDbEntity
  8
WALL
100
AcDbLine
370
50
 10
4409.4488
 20
312.0079
 30
0
 11
4470.4724
 21
312.0079
 31
0
  0
LINE
  5
660
100
AcDbEntity
  8
WALL
100
AcDbLine
370
50
 10
4470.4724
 20
317.9134
 30
0
 11
4409.4488
 21
317.9134
 31
0
  0
LINE
  5
661
100
AcDbEntity
  8
WALL
100
AcDbLine
370
50
 10
4505.9055
 20
312.0079
 30
0
 11
4566.9291
 21
312.0079
 31
0
  0
LINE
  5
662
100
AcDbEntity
  8
WALL
100
AcDbLine
370
50
 10
4566.9291
 20
317.9134
 30
0
 11
4505.9055
 21
317.9134
 31
0
  0
LINE
  5
663
100
AcDbEntity
  8
WALL
100
AcDbLine
370
50
 10
4470.4724
 20
312.0079
 30
0
 11
4470.4724
 21
317.9134
 31
0
  0
LINE
  5
664
100
AcDbEntity
  8
WALL
100
AcDbLine
370
50
 10
4505.9055
 20
312.0079
 30
0
 11
4505.9055
 21
317.9134
 31
0
  0
LINE
  5
665
100
AcDbEntity
  8
WALL
100
AcDbLine
370
50
 10
4566.9291
 20
312.0079
 30
0
 11
4627.9528
 21
312.0079
 31
0
  0
LINE
  5
666
100
AcDbEntity
  8
WALL
100
AcDbLine
370
50
 10
4627.9528
 20
317.9134
 30
0
 11
4566.9291
 21
317.9134
 31
0
  0
LINE
  5
667
100
AcDbEntity
  8
WALL
100
AcDbLine
370
50
 10
4663.3858
 20
312.0079
 30
0
 11
4724.4094
 21
312.0079
 31
0
  0
LINE
  5
668
100
AcDbEntity
  8
WALL
100
AcDbLine
370
50
 10
4724.4094
 20
317.9134
 30
0
 11
4663.3858
 21
317.9134
 31
0
  0
LINE
  5
669
100
AcDbEntity
  8
WALL
100
AcDbLine
370
50
 10
4627.9528
 20
312.0079
 30
0
 11
4627.9528
 21
317.9134
 31
0
  0
LINE
  5
66A
100
AcDbEntity
  8
WALL
100
AcDbLine
370
50
 10
4663.3858
 20
312.0079
 30
0
 11
4663.3858
 21
317.9134
 31
0
  0
LINE
  5
66B
100
AcDbEntity
  8
WALL
100
AcDbLine
370
50
 10
4724.4094
 20
312.0079
 30
0
 11
4785.4331
 21
312.0079
 31
0
  0
LINE
  5
66C
100
AcDbEntity
  8
WALL
100
AcDbLine
370
50
 10
4785.4331
 20
317.9134
 30
0
 11
4724.4094
 21
317.9134
 31
0
  0
LINE
  5
66D
100
AcDbEntity
  8
WALL
100
AcDbLine
370
50
 10
4820.8661
 20
312.0079
 30
0
 11
4881.8898
 21
312.0079
 31
0
  0
LINE
  5
66E
100
AcDbEntity
  8
WALL
100
AcDbLine
370
50
 10
4881.8898
 20
317.9134
 30
0
 11
4820.8661
 21
317.9134
 31
0
  0
LINE
  5
66F
100
AcDbEntity
  8
WALL
100
AcDbLine
370
50
 10
4785.4331
 20
312.0079
 30
0
 11
4785.4331
 21
317.9134
 31
0
  0
LINE
  5
670
100
AcDbEntity
  8
WALL
100
AcDbLine
370
50
 10
4820.8661
 20
312.0079
 30
0
 11
4820.8661
 21
317.9134
 31
0
  0
LINE
  5
671
100
AcDbEntity
  8
WALL
100
AcDbLine
370
50
 10
4881.8898
 20
312.0079
 30
0
 11
4942.9134
 21
312.0079
 31
0
  0
LINE
  5
672
100
AcDbEntity
  8
WALL
100
AcDbLine
370
50
 10
4942.9134
 20
317.9134
 30
0
 11
4881.8898
 21
317.9134
 31
0
  0
LINE
  5
673
100
AcDbEntity
  8
WALL
100
AcDbLine
370
50
 10
4978.3465
 20
312.0079
 30
0
 11
5039.3701
 21
312.0079
 31
0
  0
LINE
  5
674
100
AcDbEntity
  8
WALL
100
AcDbLine
370
50
 10
5039.3701
 20
317.9134
 30
0
 11
4978.3465
 21
317.9134
 31
0
  0
LINE
  5
675
100
AcDbEntity
  8
WALL
100
AcDbLine
370
50
 10
4942.9134
 20
312.0079
 30
0
 11
4942.9134
 21
317.9134
 31
0
  0
LINE
  5
676
100
AcDbEntity
  8
WALL
100
AcDbLine
370
50
 10
4978.3465
 20
312.0079
 30
0
 11
4978.3465
 21
317.9134
 31
0
  0
LINE
  5
677
100
AcDbEntity
  8
WALL
100
AcDbLine
370
50
 10
5039.3701
 20
312.0079
 30
0
 11
5196.8504
 21
312.0079
 31
0
  0
LINE
  5
678
100
AcDbEntity
  8
WALL
100
AcDbLine
370
50
 10
5196.8504
 20
317.9134
 30
0
 11
5039.3701
 21
317.9134
 31
0
  0
LINE
  5
679
100
AcDbEntity
  8
WALL
100
AcDbLine
370
50
 10
4251.9685
 20
626.9685
 30
0
 11
4312.9921
 21
626.9685
 31
0
  0
LINE
  5
67A
100
AcDbEntity
  8
WALL
100
AcDbLine
370
50
 10
4312.9921
 20
632.8740
 30
0
 11
4251.9685
 21
632.8740
 31
0
  0
LINE
  5
67B
100
AcDbEntity
  8
WALL
100
AcDbLine
370
50
 10
4348.4252
 20
626.9685
 30
0
 11
4409.4488
 21
626.9685
 31
0
  0
LINE
  5
67C
100
AcDbEntity
  8
WALL
100
AcDbLine
370
50
 10
4409.4488
 20
632.8740
 30
0
 11
4348.4252
 21
632.8740
 31
0
  0
LINE
  5
67D
100
AcDbEntity
  8
WALL
100
AcDbLine
370
50
 10
4312.9921
 20
626.9685
 30
0
 11
4312.9921
 21
632.8740
 31
0
  0
LINE
  5
67E
100
AcDbEntity
  8
WALL
100
AcDbLine
370
50
 10
4348.4252
 20
626.9685
 30
0
 11
4348.4252
 21
632.8740
 31
0
  0
LINE
  5
67F
100
AcDbEntity
  8
WALL
100
AcDbLine
370
50
 10
4409.4488
 20
626.9685
 30
0
 11
4470.4724
 21
626.9685
 31
0
  0
LINE
  5
680
100
AcDbEntity
  8
WALL
100
AcDbLine
370
50
 10
4470.4724
 20
632.8740
 30
0
 11
4409.4488
 21
632.8740
 31
0
  0
LINE
  5
681
100
AcDbEntity
  8
WALL
100
AcDbLine
370
50
 10
4505.9055
 20
626.9685
 30
0
 11
4566.9291
 21
626.9685
 31
0
  0
LINE
  5
682
100
AcDbEntity
  8
WALL
100
AcDbLine
370
50
 10
4566.9291
 20
632.8740
 30
0
 11
4505.9055
 21
632.8740
 31
0
  0
LINE
  5
683
100
AcDbEntity
  8
WALL
100
AcDbLine
370
50
 10
4470.4724
 20
626.9685
 30
0
 11
4470.4724
 21
632.8740
 31
0
  0
LINE
  5
684
100
AcDbEntity
  8
WALL
100
AcDbLine
370
50
 10
4505.9055
 20
626.9685
 30
0
 11
4505.9055
 21
632.8740
 31
0
  0
LINE
  5
685
100
AcDbEntity
  8
WALL
100
AcDbLine
370
50
 10
4566.9291
 20
626.9685
 30
0
 11
4627.9528
 21
626.9685
 31
0
  0
LINE
  5
686
100
AcDbEntity
  8
WALL
100
AcDbLine
370
50
 10
4627.9528
 20
632.8740
 30
0
 11
4566.9291
 21
632.8740
 31
0
  0
LINE
  5
687
100
AcDbEntity
  8
WALL
100
AcDbLine
370
50
 10
4663.3858
 20
626.9685
 30
0
 11
4724.4094
 21
626.9685
 31
0
  0
LINE
  5
688
100
AcDbEntity
  8
WALL
100
AcDbLine
370
50
 10
4724.4094
 20
632.8740
 30
0
 11
4663.3858
 21
632.8740
 31
0
  0
LINE
  5
689
100
AcDbEntity
  8
WALL
100
AcDbLine
370
50
 10
4627.9528
 20
626.9685
 30
0
 11
4627.9528
 21
632.8740
 31
0
  0
LINE
  5
68A
100
AcDbEntity
  8
WALL
100
AcDbLine
370
50
 10
4663.3858
 20
626.9685
 30
0
 11
4663.3858
 21
632.8740
 31
0
  0
LINE
  5
68B
100
AcDbEntity
  8
WALL
100
AcDbLine
370
50
 10
4724.4094
 20
626.9685
 30
0
 11
4785.4331
 21
626.9685
 31
0
  0
LINE
  5
68C
100
AcDbEntity
  8
WALL
100
AcDbLine
370
50
 10
4785.4331
 20
632.8740
 30
0
 11
4724.4094
 21
632.8740
 31
0
  0
LINE
  5
68D
100
AcDbEntity
  8
WALL
100
AcDbLine
370
50
 10
4820.8661
 20
626.9685
 30
0
 11
4881.8898
 21
626.9685
 31
0
  0
LINE
  5
68E
100
AcDbEntity
  8
WALL
100
AcDbLine
370
50
 10
4881.8898
 20
632.8740
 30
0
 11
4820.8661
 21
632.8740
 31
0
  0
LINE
  5
68F
100
AcDbEntity
  8
WALL
100
AcDbLine
370
50
 10
4785.4331
 20
626.9685
 30
0
 11
4785.4331
 21
632.8740
 31
0
  0
LINE
  5
690
100
AcDbEntity
  8
WALL
100
AcDbLine
370
50
 10
4820.8661
 20
626.9685
 30
0
 11
4820.8661
 21
632.8740
 31
0
  0
LINE
  5
691
100
AcDbEntity
  8
WALL
100
AcDbLine
370
50
 10
4881.8898
 20
626.9685
 30
0
 11
4942.9134
 21
626.9685
 31
0
  0
LINE
  5
692
100
AcDbEntity
  8
WALL
100
AcDbLine
370
50
 10
4942.9134
 20
632.8740
 30
0
 11
4881.8898
 21
632.8740
 31
0
  0
LINE
  5
693
100
AcDbEntity
  8
WALL
100
AcDbLine
370
50
 10
4978.3465
 20
626.9685
 30
0
 11
5039.3701
 21
626.9685
 31
0
  0
LINE
  5
694
100
AcDbEntity
  8
WALL
100
AcDbLine
370
50
 10
5039.3701
 20
632.8740
 30
0
 11
4978.3465
 21
632.8740
 31
0
  0
LINE
  5
695
100
AcDbEntity
  8
WALL
100
AcDbLine
370
50
 10
4942.9134
 20
626.9685
 30
0
 11
4942.9134
 21
632.8740
 31
0
  0
LINE
  5
696
100
AcDbEntity
  8
WALL
100
AcDbLine
370
50
 10
4978.3465
 20
626.9685
 30
0
 11
4978.3465
 21
632.8740
 31
0
  0
LINE
  5
697
100
AcDbEntity
  8
WALL
100
AcDbLine
370
50
 10
5039.3701
 20
626.9685
 30
0
 11
5100.3937
 21
626.9685
 31
0
  0
LINE
  5
698
100
AcDbEntity
  8
WALL
100
AcDbLine
370
50
 10
5100.3937
 20
632.8740
 30
0
 11
5039.3701
 21
632.8740
 31
0
  0
LINE
  5
699
100
AcDbEntity
  8
WALL
100
AcDbLine
370
50
 10
5135.8268
 20
626.9685
 30
0
 11
5196.8504
 21
626.9685
 31
0
  0
LINE
  5
69A
100
AcDbEntity
  8
WALL
100
AcDbLine
370
50
 10
5196.8504
 20
632.8740
 30
0
 11
5135.8268
 21
632.8740
 31
0
  0
LINE
  5
69B
100
AcDbEntity
  8
WALL
100
AcDbLine
370
50
 10
5100.3937
 20
626.9685
 30
0
 11
5100.3937
 21
632.8740
 31
0
  0
LINE
  5
69C
100
AcDbEntity
  8
WALL
100
AcDbLine
370
50
 10
5135.8268
 20
626.9685
 30
0
 11
5135.8268
 21
632.8740
 31
0
  0
LWPOLYLINE
  5
69D
100
AcDbEntity
  8
COLUMN
100
AcDbPolyline
 90
4
 70
1
 10
4247.4409
 20
-4.5276
 10
4256.4961
 20
-4.5276
 10
4256.4961
 20
4.5276
 10
4247.4409
 20
4.5276
  0
LWPOLYLINE
  5
69E
100
AcDbEntity
  8
COLUMN
100
AcDbPolyline
 90
4
 70
1
 10
4247.4409
 20
310.4331
 10
4256.4961
 20
310.4331
 10
4256.4961
 20
319.4882
 10
4247.4409
 20
319.4882
  0
LWPOLYLINE
  5
69F
100
AcDbEntity
  8
COLUMN
100
AcDbPolyline
 90
4
 70
1
 10
4247.4409
 20
625.3937
 10
4256.4961
 20
625.3937
 10
4256.4961
 20
634.4488
 10
4247.4409
 20
634.4488
  0
LWPOLYLINE
  5
6A0
100
AcDbEntity
  8
COLUMN
100
AcDbPolyline
 90
4
 70
1
 10
4247.4409
 20
940.3543
 10
4256.4961
 20
940.3543
 10
4256.4961
 20
949.4094
 10
4247.4409
 20
949.4094
  0
LWPOLYLINE
  5
6A1
100
AcDbEntity
  8
COLUMN
100
AcDbPolyline
 90
4
 70
1
 10
4404.9213
 20
-4.5276
 10
4413.9764
 20
-4.5276
 10
4413.9764
 20
4.5276
 10
4404.9213
 20
4.5276
  0
LWPOLYLINE
  5
6A2
100
AcDbEntity
  8
COLUMN
100
AcDbPolyline
 90
4
 70
1
 10
4404.9213
 20
310.4331
 10
4413.9764
 20
310.4331
 10
4413.9764
 20
319.4882
 10
4404.9213
 20
319.4882
  0
LWPOLYLINE
  5
6A3
100
AcDbEntity
  8
COLUMN
100
AcDbPolyline
 90
4
 70
1
 10
4404.9213
 20
625.3937
 10
4413.9764
 20
625.3937
 10
4413.9764
 20
634.4488
 10
4404.9213
 20
634.4488
  0
LWPOLYLINE
  5
6A4
100
AcDbEntity
  8
COLUMN
100
AcDbPolyline
 90
4
 70
1
 10
4404.9213
 20
940.3543
 10
4413.9764
 20
940.3543
 10
4413.9764
 20
949.4094
 10
4404.9213
 20
949.4094
  0
LWPOLYLINE
  5
6A5
100
AcDbEntity
  8
COLUMN
100
AcDbPolyline
 90
4
 70
1
 10
4562.4016
 20
-4.5276
 10
4571.4567
 20
-4.5276
 10
4571.4567
 20
4.5276
 10
4562.4016
 20
4.5276
  0
LWPOLYLINE
  5
6A6
100
AcDbEntity
  8
COLUMN
100
AcDbPolyline
 90
4
 70
1
 10
4562.4016
 20
310.4331
 10
4571.4567
 20
310.4331
 10
4571.4567
 20
319.4882
 10
4562.4016
 20
319.4882
  0
LWPOLYLINE
  5
6A7
100
AcDbEntity
  8
COLUMN
100
AcDbPolyline
 90
4
 70
1
 10
4562.4016
 20
625.3937
 10
4571.4567
 20
625.3937
 10
4571.4567
 20
634.4488
 10
4562.4016
 20
634.4488
  0
LWPOLYLINE
  5
6A8
100
AcDbEntity
  8
COLUMN
100
AcDbPolyline
 90
4
 70
1
 10
4562.4016
 20
940.3543
 10
4571.4567
 20
940.3543
 10
4571.4567
 20
949.4094
 10
4562.4016
 20
949.4094
  0
LWPOLYLINE
  5
6A9
100
AcDbEntity
  8
COLUMN
100
AcDbPolyline
 90
4
 70
1
 10
4719.8819
 20
-4.5276
 10
4728.9370
 20
-4.5276
 10
4728.9370
 20
4.5276
 10
4719.8819
 20
4.5276
  0
LWPOLYLINE
  5
6AA
100
AcDbEntity
  8
COLUMN
100
AcDbPolyline
 90
4
 70
1
 10
4719.8819
 20
310.4331
 10
4728.9370
 20
310.4331
 10
4728.9370
 20
319.4882
 10
4719.8819
 20
319.4882
  0
LWPOLYLINE
  5
6AB
100
AcDbEntity
  8
COLUMN
100
AcDbPolyline
 90
4
 70
1
 10
4719.8819
 20
625.3937
 10
4728.9370
 20
625.3937
 10
4728.9370
 20
634.4488
 10
4719.8819
 20
634.4488
  0
LWPOLYLINE
  5
6AC
100
AcDbEntity
  8
COLUMN
100
AcDbPolyline
 90
4
 70
1
 10
4719.8819
 20
940.3543
 10
4728.9370
 20
940.3543
 10
4728.9370
 20
949.4094
 10
4719.8819
 20
949.4094
  0
LWPOLYLINE
  5
6AD
100
AcDbEntity
  8
COLUMN
100
AcDbPolyline
 90
4
 70
1
 10
4877.3622
 20
-4.5276
 10
4886.4173
 20
-4.5276
 10
4886.4173
 20
4.5276
 10
4877.3622
 20
4.5276
  0
LWPOLYLINE
  5
6AE
100
AcDbEntity
  8
COLUMN
100
AcDbPolyline
 90
4
 70
1
 10
4877.3622
 20
310.4331
 10
4886.4173
 20
310.4331
 10
4886.4173
 20
319.4882
 10
4877.3622
 20
319.4882
  0
LWPOLYLINE
  5
6AF
100
AcDbEntity
  8
COLUMN
100
AcDbPolyline
 90
4
 70
1
 10
4877.3622
 20
625.3937
 10
4886.4173
 20
625.3937
 10
4886.4173
 20
634.4488
 10
4877.3622
 20
634.4488
  0
LWPOLYLINE
  5
6B0
100
AcDbEntity
  8
COLUMN
100
AcDbPolyline
 90
4
 70
1
 10
4877.3622
 20
940.3543
 10
4886.4173
 20
940.3543
 10
4886.4173
 20
949.4094
 10
4877.3622
 20
949.4094
  0
LWPOLYLINE
  5
6B1
100
AcDbEntity
  8
COLUMN
100
AcDbPolyline
 90
4
 70
1
 10
5034.8425
 20
-4.5276
 10
5043.8976
 20
-4.5276
 10
5043.8976
 20
4.5276
 10
5034.8425
 20
4.5276
  0
LWPOLYLINE
  5
6B2
100
AcDbEntity
  8
COLUMN
100
AcDbPolyline
 90
4
 70
1
 10
5034.8425
 20
310.4331
 10
5043.8976
 20
310.4331
 10
5043.8976
 20
319.4882
 10
5034.8425
 20
319.4882
  0
LWPOLYLINE
  5
6B3
100
AcDbEntity
  8
COLUMN
100
AcDbPolyline
 90
4
 70
1
 10
5034.8425
 20
625.3937
 10
5043.8976
 20
625.3937
 10
5043.8976
 20
634.4488
 10
5034.8425
 20
634.4488
  0
LWPOLYLINE
  5
6B4
100
AcDbEntity
  8
COLUMN
100
AcDbPolyline
 90
4
 70
1
 10
5034.8425
 20
940.3543
 10
5043.8976
 20
940.3543
 10
5043.8976
 20
949.4094
 10
5034.8425
 20
949.4094
  0
LWPOLYLINE
  5
6B5
100
AcDbEntity
  8
COLUMN
100
AcDbPolyline
 90
4
 70
1
 10
5192.3228
 20
-4.5276
 10
5201.3780
 20
-4.5276
 10
5201.3780
 20
4.5276
 10
5192.3228
 20
4.5276
  0
LWPOLYLINE
  5
6B6
100
AcDbEntity
  8
COLUMN
100
AcDbPolyline
 90
4
 70
1
 10
5192.3228
 20
310.4331
 10
5201.3780
 20
310.4331
 10
5201.3780
 20
319.4882
 10
5192.3228
 20
319.4882
  0
LWPOLYLINE
  5
6B7
100
AcDbEntity
  8
COLUMN
100
AcDbPolyline
 90
4
 70
1
 10
5192.3228
 20
625.3937
 10
5201.3780
 20
625.3937
 10
5201.3780
 20
634.4488
 10
5192.3228
 20
634.4488
  0
LWPOLYLINE
  5
6B8
100
AcDbEntity
  8
COLUMN
100
AcDbPolyline
 90
4
 70
1
 10
5192.3228
 20
940.3543
 10
5201.3780
 20
940.3543
 10
5201.3780
 20
949.4094
 10
5192.3228
 20
949.4094
  0
TEXT
  5
6B9
100
AcDbEntity
  8
TEXT
100
AcDbText
 10
4311.7618
 20
158.2185
 30
0
 40
9.8425
  1
LOUNGE
100
AcDbText
  0
TEXT
  5
6BA
100
AcDbEntity
  8
TEXT
100
AcDbText
 10
4468.5039
 20
158.2185
 30
0
 40
9.8425
  1
DINING
100
AcDbText
  0
TEXT
  5
6BB
100
AcDbEntity
  8
TEXT
100
AcDbText
 10
4625.9843
 20
158.2185
 30
0
 40
9.8425
  1
KITCHEN
100
AcDbText
  0
TEXT
  5
6BC
100
AcDbEntity
  8
TEXT
100
AcDbText
 10
4783.4646
 20
158.2185
 30
0
 40
9.8425
  1
KITCHEN
100
AcDbText
  0
TEXT
  5
6BD
100
AcDbEntity
  8
TEXT
100
AcDbText
 10
4940.9449
 20
158.2185
 30
0
 40
9.8425
  1
DINING
100
AcDbText
  0
TEXT
  5
6BE
100
AcDbEntity
  8
TEXT
100
AcDbText
 10
5097.6870
 20
158.2185
 30
0
 40
9.8425
  1
LOUNGE
100
AcDbText
  0
TEXT
  5
6BF
100
AcDbEntity
  8
TEXT
100
AcDbText
 10
4311.7618
 20
472.4409
 30
0
 40
9.8425
  1
STORE
100
AcDbText
  0
TEXT
  5
6C0
100
AcDbEntity
  8
TEXT
100
AcDbText
 10
4468.5039
 20
472.4409
 30
0
 40
9.8425
  1
STAIR HALL
100
AcDbText
  0
TEXT
  5
6C1
100
AcDbEntity
  8
TEXT
100
AcDbText
 10
4625.9843
 20
472.4409
 30
0
 40
9.8425
  1
DRESSING
100
AcDbText
  0
LWPOLYLINE
  5
6C2
100
AcDbEntity
  8
SANITARY
100
AcDbPolyline
 90
4
 70
1
 10
4585.6299
 20
591.5354
 10
4601.3780
 20
591.5354
 10
4601.3780
 20
615.1575
 10
4585.6299
 20
615.1575
  0
TEXT
  5
6C3
100
AcDbEntity
  8
TEXT
100
AcDbText
 10
4783.4646
 20
472.4409
 30
0
 40
9.8425
  1
DRESSING
100
AcDbText
  0
LWPOLYLINE
  5
6C4
100
AcDbEntity
  8
SANITARY
100
AcDbPolyline
 90
4
 70
1
 10
4743.1102
 20
591.5354
 10
4758.8583
 20
591.5354
 10
4758.8583
 20
615.1575
 10
4743.1102
 20
615.1575
  0
TEXT
  5
6C5
100
AcDbEntity
  8
TEXT
100
AcDbText
 10
4940.9449
 20
472.4409
 30
0
 40
9.8425
  1
STAIR HALL
100
AcDbText
  0
TEXT
  5
6C6
100
AcDbEntity
  8
TEXT
100
AcDbText
 10
5097.6870
 20
472.4409
 30
0
 40
9.8425
  1
STORE
100
AcDbText
  0
TEXT
  5
6C7
100
AcDbEntity
  8
TEXT
100
AcDbText
 10
4311.7618
 20
786.6634
 30
0
 40
9.8425
  1
BEDROOM
100
AcDbText
  0
TEXT
  5
6C8
100
AcDbEntity
  8
TEXT
100
AcDbText
 10
4468.5039
 20
786.6634
 30
0
 40
9.8425
  1
BEDROOM
100
AcDbText
  0
TEXT
  5
6C9
100
AcDbEntity
  8
TEXT
100
AcDbText
 10
4625.9843
 20
786.6634
 30
0
 40
9.8425
  1
MASTER BEDROOM
100
AcDbText
  0
TEXT
  5
6CA
100
AcDbEntity
  8
TEXT
100
AcDbText
 10
4783.4646
 20
786.6634
 30
0
 40
9.8425
  1
MASTER BEDROOM
100
AcDbText
  0
TEXT
  5
6CB
100
AcDbEntity
  8
TEXT
100
AcDbText
 10
4940.9449
 20
786.6634
 30
0
 40
9.8425
  1
BEDROOM
100
AcDbText
  0
TEXT
  5
6CC
100
AcDbEntity
  8
TEXT
100
AcDbText
 10
5097.6870
 20
786.6634
 30
0
 40
9.8425
  1
BEDROOM
100
AcDbText
  0
DIMENSION
  5
6CD
100
AcDbEntity
  8
DIM
100
AcDbDimension
  2
*D
 10
4251.9685
 20
-70.8661
 30
0
 11
4724.4094
 21
-61.0236
 31
0
 70
33
  1
78'-8 7/8"
 42
944.8819
100
AcDbAlignedDimension
 13
4251.9685
 23
0
 33
0
 14
5196.8504
 24
0
 34
0
  0
DIMENSION
  5
6CE
100
AcDbEntity
  8
DIM
100
AcDbDimension
  2
*D
 10
4181.1024
 20
0
 30
0
 11
4190.9449
 21
472.4409
 31
0
 70
33
  1
78'-8 7/8"
 42
944.8819
100
AcDbAlignedDimension
 13
4251.9685
 23
0
 33
0
 14
4251.9685
 24
944.8819
 34
0
  0
DIMENSION
  5
6CF
100
AcDbEntity
  8
DIM
100
AcDbDimension
  2
*D
 10
4251.9685
 20
992.1260
 30
0
 11
4330.7087
 21
1001.9685
 31
0
 70
33
  1
13'-1 1/2"
 42
157.4803
100
AcDbAlignedDimension
 13
4251.9685
 23
944.8819
 33
0
 14
4409.4488
 24
944.8819
 34
0
  0
DIMENSION
  5
6D0
100
AcDbEntity
  8
DIM
100
AcDbDimension
  2
*D
 10
4409.4488
 20
992.1260
 30
0
 11
4488.1890
 21
1001.9685
 31
0
 70
33
  1
13'-1 1/2"
 42
157.4803
100
AcDbAlignedDimension
 13
4409.4488
 23
944.8819
 33
0
 14
4566.9291
 24
944.8819
 34
0
  0
DIMENSION
  5
6D1
100
AcDbEntity
  8
DIM
100
AcDbDimension
  2
*D
 10
4566.9291
 20
992.1260
 30
0
 11
4645.6693
 21
1001.9685
 31
0
 70
33
  1
13'-1 1/2"
 42
157.4803
100
AcDbAlignedDimension
 13
4566.9291
 23
944.8819
 33
0
 14
4724.4094
 24
944.8819
 34
0
  0
DIMENSION
  5
6D2
100
AcDbEntity
  8
DIM
100
AcDbDimension
  2
*D
 10
4724.4094
 20
992.1260
 30
0
 11
4803.1496
 21
1001.9685
 31
0
 70
33
  1
13'-1 1/2"
 42
157.4803
100
AcDbAlignedDimension
 13
4724.4094
 23
944.8819
 33
0
 14
4881.8898
 24
944.8819
 34
0
  0
DIMENSION
  5
6D3
100
AcDbEntity
  8
DIM
100
AcDbDimension
  2
*D
 10
4881.8898
 20
992.1260
 30
0
 11
4960.6299
 21
1001.9685
 31
0
 70
33
  1
13'-1 1/2"
 42
157.4803
100
AcDbAlignedDimension
 13
4881.8898
 23
944.8819
 33
0
 14
5039.3701
 24
944.8819
 34
0
  0
DIMENSION
  5
6D4
100
AcDbEntity
  8
DIM
100
AcDbDimension
  2
*D
 10
5039.3701
 20
992.1260
 30
0
 11
5118.1102
 21
1001.9685
 31
0
 70
33
  1
13'-1 1/2"
 42
157.4803
100
AcDbAlignedDimension
 13
5039.3701
 23
944.8819
 33
0
 14
5196.8504
 24
944.8819
 34
0
  0
DIMENSION
  5
6D5
100
AcDbEntity
  8
DIM
100
AcDbDimension
  2
*D
 10
5244.0945
 20
0
 30
0
 11
5253.9370
 21
157.4803
 31
0
 70
33
  1
26'-3"
 42
314.9606
100
AcDbAlignedDimension
 13
5196.8504
 23
0
 33
0
 14
5196.8504
 24
314.9606
 34
0
  0
DIMENSION
  5
6D6
100
AcDbEntity
  8
DIM
100
AcDbDimension
  2
*D
 10
5244.0945
 20
314.9606
 30
0
 11
5253.9370
 21
472.4409
 31
0
 70
33
  1
26'-3"
 42
314.9606
100
AcDbAlignedDimension
 13
5196.8504
 23
314.9606
 33
0
 14
5196.8504
 24
629.9213
 34
0
  0
DIMENSION
  5
6D7
100
AcDbEntity
  8
DIM
100
AcDbDimension
  2
*D
 10
5244.0945
 20
629.9213
 30
0
 11
5253.9370
 21
787.4016
 31
0
 70
33
  1
26'-3"
 42
314.9606
100
AcDbAlignedDimension
 13
5196.8504
 23
629.9213
 33
0
 14
5196.8504
 24
944.8819
 34
0
  0
TEXT
  5
6D8
100
AcDbEntity
  8
TEXT
100
AcDbText
 10
4251.9685
 20
-125.9843
 30
0
 40
17.7165
  1
THIRD FLOOR PLAN
100
AcDbText
  0
TEXT
  5
6D9
100
AcDbEntity
  8
TEXT
100
AcDbText
 10
5299.2126
 20
472.4409
 30
0
 40
11.8110
  1
+31'-0"
100
AcDbText
  0
TEXT
  5
6DA
100
AcDbEntity
  8
TEXT
100
AcDbText
 10
4251.9685
 20
-165.3543
 30
0
 40
9.8425
  1
EACH FLAT OCCUPIES 271 SQUARE METRES ONLY.
100
AcDbText
  0
TEXT
  5
6DB
100
AcDbEntity
  8
TEXT
100
AcDbText
 10
4251.9685
 20
-157.4803
 30
0
 40
11.8110
  1
SCALE: 1/8" = 1'-0"
100
AcDbText
  0
LINE
  5
6DC
100
AcDbEntity
  8
WALL
100
AcDbLine
370
50
 10
5669.2913
 20
0
 30
0
 11
6614.1732
 21
0
 31
0
  0
LINE
  5
6DD
100
AcDbEntity
  8
WALL
100
AcDbLine
370
50
 10
6614.1732
 20
0
 30
0
 11
6614.1732
 21
519.6850
 31
0
  0
LINE
  5
6DE
100
AcDbEntity
  8
WALL
100
AcDbLine
370
50
 10
6614.1732
 20
519.6850
 30
0
 11
5669.2913
 21
519.6850
 31
0
  0
LINE
  5
6DF
100
AcDbEntity
  8
WALL
100
AcDbLine
370
50
 10
5669.2913
 20
519.6850
 30
0
 11
5669.2913
 21
0
 31
0
  0
LINE
  5
6E0
100
AcDbEntity
  8
WALL
100
AcDbLine
 10
5669.2913
 20
0
 30
0
 11
6614.1732
 21
0
 31
0
  0
TEXT
  5
6E1
100
AcDbEntity
  8
TEXT
100
AcDbText
 10
6649.6063
 20
0
 30
0
 40
9.8425
  1
+1'-5 3/4" GROUND FLOOR LEVEL
100
AcDbText
  0
LWPOLYLINE
  5
6E2
100
AcDbEntity
  8
WIND
100
AcDbPolyline
 90
4
 70
1
 10
5881.8898
 20
35.4331
 10
5929.1339
 20
35.4331
 10
5929.1339
 20
82.6772
 10
5881.8898
 20
82.6772
  0
LWPOLYLINE
  5
6E3
100
AcDbEntity
  8
WIND
100
AcDbPolyline
 90
4
 70
1
 10
6118.1102
 20
35.4331
 10
6165.3543
 20
35.4331
 10
6165.3543
 20
82.6772
 10
6118.1102
 20
82.6772
  0
LWPOLYLINE
  5
6E4
100
AcDbEntity
  8
WIND
100
AcDbPolyline
 90
4
 70
1
 10
6354.3307
 20
35.4331
 10
6401.5748
 20
35.4331
 10
6401.5748
 20
82.6772
 10
6354.3307
 20
82.6772
  0
LINE
  5
6E5
100
AcDbEntity
  8
WALL
100
AcDbLine
 10
5669.2913
 20
118.1102
 30
0
 11
6614.1732
 21
118.1102
 31
0
  0
TEXT
  5
6E6
100
AcDbEntity
  8
TEXT
100
AcDbText
 10
6649.6063
 20
118.1102
 30
0
 40
9.8425
  1
+11'-3 7/8" FIRST FLOOR SLAB
100
AcDbText
  0
LWPOLYLINE
  5
6E7
100
AcDbEntity
  8
WIND
100
AcDbPolyline
 90
4
 70
1
 10
5881.8898
 20
153.5433
 10
5929.1339
 20
153.5433
 10
5929.1339
 20
200.7874
 10
5881.8898
 20
200.7874
  0
LWPOLYLINE
  5
6E8
100
AcDbEntity
  8
WIND
100
AcDbPolyline
 90
4
 70
1
 10
6118.1102
 20
153.5433
 10
6165.3543
 20
153.5433
 10
6165.3543
 20
200.7874
 10
6118.1102
 20
200.7874
  0
LWPOLYLINE
  5
6E9
100
AcDbEntity
  8
WIND
100
AcDbPolyline
 90
4
 70
1
 10
6354.3307
 20
153.5433
 10
6401.5748
 20
153.5433
 10
6401.5748
 20
200.7874
 10
6354.3307
 20
200.7874
  0
LINE
  5
6EA
100
AcDbEntity
  8
WALL
100
AcDbLine
 10
5669.2913
 20
236.2205
 30
0
 11
6614.1732
 21
236.2205
 31
0
  0
TEXT
  5
6EB
100
AcDbEntity
  8
TEXT
100
AcDbText
 10
6649.6063
 20
236.2205
 30
0
 40
9.8425
  1
+21'-1 7/8" SECOND FLOOR SLAB
100
AcDbText
  0
LWPOLYLINE
  5
6EC
100
AcDbEntity
  8
WIND
100
AcDbPolyline
 90
4
 70
1
 10
5881.8898
 20
271.6535
 10
5929.1339
 20
271.6535
 10
5929.1339
 20
318.8976
 10
5881.8898
 20
318.8976
  0
LWPOLYLINE
  5
6ED
100
AcDbEntity
  8
WIND
100
AcDbPolyline
 90
4
 70
1
 10
6118.1102
 20
271.6535
 10
6165.3543
 20
271.6535
 10
6165.3543
 20
318.8976
 10
6118.1102
 20
318.8976
  0
LWPOLYLINE
  5
6EE
100
AcDbEntity
  8
WIND
100
AcDbPolyline
 90
4
 70
1
 10
6354.3307
 20
271.6535
 10
6401.5748
 20
271.6535
 10
6401.5748
 20
318.8976
 10
6354.3307
 20
318.8976
  0
LINE
  5
6EF
100
AcDbEntity
  8
WALL
100
AcDbLine
 10
5669.2913
 20
354.3307
 30
0
 11
6614.1732
 21
354.3307
 31
0
  0
TEXT
  5
6F0
100
AcDbEntity
  8
TEXT
100
AcDbText
 10
6649.6063
 20
354.3307
 30
0
 40
9.8425
  1
+31'-0" THIRD FLOOR SLAB
100
AcDbText
  0
LWPOLYLINE
  5
6F1
100
AcDbEntity
  8
WIND
100
AcDbPolyline
 90
4
 70
1
 10
5881.8898
 20
389.7638
 10
5929.1339
 20
389.7638
 10
5929.1339
 20
437.0079
 10
5881.8898
 20
437.0079
  0
LWPOLYLINE
  5
6F2
100
AcDbEntity
  8
WIND
100
AcDbPolyline
 90
4
 70
1
 10
6118.1102
 20
389.7638
 10
6165.3543
 20
389.7638
 10
6165.3543
 20
437.0079
 10
6118.1102
 20
437.0079
  0
LWPOLYLINE
  5
6F3
100
AcDbEntity
  8
WIND
100
AcDbPolyline
 90
4
 70
1
 10
6354.3307
 20
389.7638
 10
6401.5748
 20
389.7638
 10
6401.5748
 20
437.0079
 10
6354.3307
 20
437.0079
  0
LINE
  5
6F4
100
AcDbEntity
  8
WALL
100
AcDbLine
 10
5669.2913
 20
472.4409
 30
0
 11
6614.1732
 21
472.4409
 31
0
  0
TEXT
  5
6F5
100
AcDbEntity
  8
TEXT
100
AcDbText
 10
6649.6063
 20
472.4409
 30
0
 40
9.8425
  1
+40'-10 1/8" ROOF LEVEL
100
AcDbText
  0
TEXT
  5
6F6
100
AcDbEntity
  8
TEXT
100
AcDbText
 10
5669.2913
 20
-125.9843
 30
0
 40
17.7165
  1
NORTH ELEVATION
100
AcDbText
  0
TEXT
  5
6F7
100
AcDbEntity
  8
TEXT
100
AcDbText
 10
5669.2913
 20
-157.4803
 30
0
 40
11.8110
  1
SCALE: 1/8" = 1'-0"
100
AcDbText
  0
LINE
  5
6F8
100
AcDbEntity
  8
WALL
100
AcDbLine
370
50
 10
7086.6142
 20
0
 30
0
 11
8031.4961
 21
0
 31
0
  0
LINE
  5
6F9
100
AcDbEntity
  8
WALL
100
AcDbLine
370
50
 10
8031.4961
 20
0
 30
0
 11
8031.4961
 21
519.6850
 31
0
  0
LINE
  5
6FA
100
AcDbEntity
  8
WALL
100
AcDbLine
370
50
 10
8031.4961
 20
519.6850
 30
0
 11
7086.6142
 21
519.6850
 31
0
  0
LINE
  5
6FB
100
AcDbEntity
  8
WALL
100
AcDbLine
370
50
 10
7086.6142
 20
519.6850
 30
0
 11
7086.6142
 21
0
 31
0
  0
LINE
  5
6FC
100
AcDbEntity
  8
WALL
100
AcDbLine
370
50
 10
7086.6142
 20
0
 30
0
 11
8031.4961
 21
0
 31
0
  0
LINE
  5
6FD
100
AcDbEntity
  8
WALL
100
AcDbLine
370
50
 10
7086.6142
 20
5.9055
 30
0
 11
8031.4961
 21
5.9055
 31
0
  0
TEXT
  5
6FE
100
AcDbEntity
  8
TEXT
100
AcDbText
 10
8066.9291
 20
0
 30
0
 40
9.8425
  1
+1'-5 3/4" GROUND FLOOR LEVEL
100
AcDbText
  0
LINE
  5
6FF
100
AcDbEntity
  8
WALL
100
AcDbLine
370
50
 10
7086.6142
 20
118.1102
 30
0
 11
8031.4961
 21
118.1102
 31
0
  0
LINE
  5
700
100
AcDbEntity
  8
WALL
100
AcDbLine
370
50
 10
7086.6142
 20
124.0157
 30
0
 11
8031.4961
 21
124.0157
 31
0
  0
TEXT
  5
701
100
AcDbEntity
  8
TEXT
100
AcDbText
 10
8066.9291
 20
118.1102
 30
0
 40
9.8425
  1
+11'-3 7/8" FIRST FLOOR SLAB
100
AcDbText
  0
LINE
  5
702
100
AcDbEntity
  8
WALL
100
AcDbLine
370
50
 10
7086.6142
 20
236.2205
 30
0
 11
8031.4961
 21
236.2205
 31
0
  0
LINE
  5
703
100
AcDbEntity
  8
WALL
100
AcDbLine
370
50
 10
7086.6142
 20
242.1260
 30
0
 11
8031.4961
 21
242.1260
 31
0
  0
TEXT
  5
704
100
AcDbEntity
  8
TEXT
100
AcDbText
 10
8066.9291
 20
236.2205
 30
0
 40
9.8425
  1
+21'-1 7/8" SECOND FLOOR SLAB
100
AcDbText
  0
LINE
  5
705
100
AcDbEntity
  8
WALL
100
AcDbLine
370
50
 10
7086.6142
 20
354.3307
 30
0
 11
8031.4961
 21
354.3307
 31
0
  0
LINE
  5
706
100
AcDbEntity
  8
WALL
100
AcDbLine
370
50
 10
7086.6142
 20
360.2362
 30
0
 11
8031.4961
 21
360.2362
 31
0
  0
TEXT
  5
707
100
AcDbEntity
  8
TEXT
100
AcDbText
 10
8066.9291
 20
354.3307
 30
0
 40
9.8425
  1
+31'-0" THIRD FLOOR SLAB
100
AcDbText
  0
LINE
  5
708
100
AcDbEntity
  8
WALL
100
AcDbLine
370
50
 10
7086.6142
 20
472.4409
 30
0
 11
8031.4961
 21
472.4409
 31
0
  0
LINE
  5
709
100
AcDbEntity
  8
WALL
100
AcDbLine
370
50
 10
7086.6142
 20
478.3465
 30
0
 11
8031.4961
 21
478.3465
 31
0
  0
TEXT
  5
70A
100
AcDbEntity
  8
TEXT
100
AcDbText
 10
8066.9291
 20
472.4409
 30
0
 40
9.8425
  1
+40'-10 1/8" ROOF LEVEL
100
AcDbText
  0
TEXT
  5
70B
100
AcDbEntity
  8
TEXT
100
AcDbText
 10
7125.9843
 20
59.0551
 30
0
 40
8.6614
  1
19 NOS RISERS OF 158MM EACH AND TREADS OF 275MM
100
AcDbText
  0
TEXT
  5
70C
100
AcDbEntity
  8
TEXT
100
AcDbText
 10
7086.6142
 20
-125.9843
 30
0
 40
17.7165
  1
SECTION A-A
100
AcDbText
  0
TEXT
  5
70D
100
AcDbEntity
  8
TEXT
100
AcDbText
 10
7086.6142
 20
-157.4803
 30
0
 40
11.8110
  1
SCALE: 1/8" = 1'-0"
100
AcDbText
  0
ENDSEC
  0
EOF
