  0
SECTION
  2
HEADER
  9
$ACADVER
  1
AC1015
  9
$INSUNITS
 70
4
  9
$MEASUREMENT
 70
1
  9
$HANDSEED
  5
FFFF
  0
ENDSEC
  0
SECTION
  2
TABLES
  0
TABLE
  2
LTYPE
  5
870
100
AcDbSymbolTable
 70
1
  0
LTYPE
  5
871
330
870
100
AcDbSymbolTableRecord
100
AcDbLinetypeTableRecord
  2
CONTINUOUS
 70
0
  3
Solid line
 72
65
 73
0
 40
0
  0
ENDTAB
  0
TABLE
  2
LAYER
  5
872
100
AcDbSymbolTable
 70
8
  0
LAYER
  5
873
330
872
100
AcDbSymbolTableRecord
100
AcDbLayerTableRecord
  2
0
 70
0
 62
1
  6
CONTINUOUS
  0
LAYER
  5
874
330
872
100
AcDbSymbolTableRecord
100
AcDbLayerTableRecord
  2
WIND
 70
0
 62
2
  6
CONTINUOUS
  0
LAYER
  5
875
330
872
100
AcDbSymbolTableRecord
100
AcDbLayerTableRecord
  2
DOOR
 70
0
 62
3
  6
CONTINUOUS
  0
LAYER
  5
876
330
872
100
AcDbSymbolTableRecord
100
AcDbLayerTableRecord
  2
WALL
 70
0
 62
4
  6
CONTINUOUS
  0
LAYER
  5
877
330
872
100
AcDbSymbolTableRecord
100
AcDbLayerTableRecord
  2
COLUMN
 70
0
 62
5
  6
CONTINUOUS
  0
LAYER
  5
878
330
872
100
AcDbSymbolTableRecord
100
AcDbLayerTableRecord
  2
TEXT
 70
0
 62
6
  6
CONTINUOUS
  0
LAYER
  5
879
330
872
100
AcDbSymbolTableRecord
100
AcDbLayerTableRecord
  2
SANITARY
 70
0
 62
7
  6
CONTINUOUS
  0
LAYER
  5
87A
330
872
100
AcDbSymbolTableRecord
100
AcDbLayerTableRecord
  2
DIM
 70
0
 62
1
  6
CONTINUOUS
  0
ENDTAB
  0
TABLE
  2
BLOCK_RECORD
  5
87B
100
AcDbSymbolTable
 70
2
  0
BLOCK_RECORD
  5
87C
330
87B
100
AcDbSymbolTableRecord
100
AcDbBlockTableRecord
  2
*Model_Space
  0
BLOCK_RECORD
  5
87D
330
87B
100
AcDbSymbolTableRecord
100
AcDbBlockTableRecord
  2
*Paper_Space
  0
ENDTAB
  0
ENDSEC
  0
SECTION
  2
BLOCKS
  0
ENDSEC
  0
SECTION
  2
ENTITIES
  0
LWPOLYLINE
  5
100
100
AcDbEntity
  8
WIND
100
AcDbPolyline
 90
4
 70
1
 10
-60
 20
3400
 10
60
 20
3400
 10
60
 20
4600
 10
-60
 20
4600
  0
LWPOLYLINE
  5
101
100
AcDbEntity
  8
WIND
100
AcDbPolyline
 90
4
 70
1
 10
-60
 20
11400
 10
60
 20
11400
 10
60
 20
12600
 10
-60
 20
12600
  0
LWPOLYLINE
  5
102
100
AcDbEntity
  8
WIND
100
AcDbPolyline
 90
4
 70
1
 10
-60
 20
19400
 10
60
 20
19400
 10
60
 20
20600
 10
-60
 20
20600
  0
LWPOLYLINE
  5
103
100
AcDbEntity
  8
WIND
100
AcDbPolyline
 90
4
 70
1
 10
23940
 20
3400
 10
24060
 20
3400
 10
24060
 20
4600
 10
23940
 20
4600
  0
LWPOLYLINE
  5
104
100
AcDbEntity
  8
WIND
100
AcDbPolyline
 90
4
 70
1
 10
23940
 20
11400
 10
24060
 20
11400
 10
24060
 20
12600
 10
23940
 20
12600
  0
LWPOLYLINE
  5
105
100
AcDbEntity
  8
WIND
100
AcDbPolyline
 90
4
 70
1
 10
23940
 20
19400
 10
24060
 20
19400
 10
24060
 20
20600
 10
23940
 20
20600
  0
LWPOLYLINE
  5
106
100
AcDbEntity
  8
WIND
100
AcDbPolyline
 90
4
 70
1
 10
1400
 20
-60
 10
2600
 20
-60
 10
2600
 20
60
 10
1400
 20
60
  0
LWPOLYLINE
  5
107
100
AcDbEntity
  8
WIND
100
AcDbPolyline
 90
4
 70
1
 10
5400
 20
-60
 10
6600
 20
-60
 10
6600
 20
60
 10
5400
 20
60
  0
LWPOLYLINE
  5
108
100
AcDbEntity
  8
WIND
100
AcDbPolyline
 90
4
 70
1
 10
9400
 20
-60
 10
10600
 20
-60
 10
10600
 20
60
 10
9400
 20
60
  0
LWPOLYLINE
  5
109
100
AcDbEntity
  8
WIND
100
AcDbPolyline
 90
4
 70
1
 10
13400
 20
-60
 10
14600
 20
-60
 10
14600
 20
60
 10
13400
 20
60
  0
LWPOLYLINE
  5
10A
100
AcDbEntity
  8
WIND
100
AcDbPolyline
 90
4
 70
1
 10
17400
 20
-60
 10
18600
 20
-60
 10
18600
 20
60
 10
17400
 20
60
  0
LWPOLYLINE
  5
10B
100
AcDbEntity
  8
WIND
100
AcDbPolyline
 90
4
 70
1
 10
21400
 20
-60
 10
22600
 20
-60
 10
22600
 20
60
 10
21400
 20
60
  0
LWPOLYLINE
  5
10C
100
AcDbEntity
  8
WIND
100
AcDbPolyline
 90
4
 70
1
 10
1400
 20
23940
 10
2600
 20
23940
 10
2600
 20
24060
 10
1400
 20
24060
  0
LWPOLYLINE
  5
10D
100
AcDbEntity
  8
WIND
100
AcDbPolyline
 90
4
 70
1
 10
5400
 20
23940
 10
6600
 20
23940
 10
6600
 20
24060
 10
5400
 20
24060
  0
LWPOLYLINE
  5
10E
100
AcDbEntity
  8
WIND
100
AcDbPolyline
 90
4
 70
1
 10
9400
 20
23940
 10
10600
 20
23940
 10
10600
 20
24060
 10
9400
 20
24060
  0
LWPOLYLINE
  5
10F
100
AcDbEntity
  8
WIND
100
AcDbPolyline
 90
4
 70
1
 10
13400
 20
23940
 10
14600
 20
23940
 10
14600
 20
24060
 10
13400
 20
24060
  0
LWPOLYLINE
  5
110
100
AcDbEntity
  8
WIND
100
AcDbPolyline
 90
4
 70
1
 10
17400
 20
23940
 10
18600
 20
23940
 10
18600
 20
24060
 10
17400
 20
24060
  0
LWPOLYLINE
  5
111
100
AcDbEntity
  8
WIND
100
AcDbPolyline
 90
4
 70
1
 10
21400
 20
23940
 10
22600
 20
23940
 10
22600
 20
24060
 10
21400
 20
24060
  0
ARC
  5
112
100
AcDbEntity
  8
DOOR
100
AcDbCircle
 10
4000
 20
3550
 30
0
 40
900
100
AcDbArc
 50
90
 51
180
  0
LINE
  5
113
100
AcDbEntity
  8
DOOR
100
AcDbLine
 10
4000
 20
3550
 30
0
 11
3100
 21
3550
 31
0
  0
ARC
  5
114
100
AcDbEntity
  8
DOOR
100
AcDbCircle
 10
4000
 20
11550
 30
0
 40
900
100
AcDbArc
 50
90
 51
180
  0
LINE
  5
115
100
AcDbEntity
  8
DOOR
100
AcDbLine
 10
4000
 20
11550
 30
0
 11
3100
 21
11550
 31
0
  0
ARC
  5
116
100
AcDbEntity
  8
DOOR
100
AcDbCircle
 10
4000
 20
19550
 30
0
 40
900
100
AcDbArc
 50
90
 51
180
  0
LINE
  5
117
100
AcDbEntity
  8
DOOR
100
AcDbLine
 10
4000
 20
19550
 30
0
 11
3100
 21
19550
 31
0
  0
ARC
  5
118
100
AcDbEntity
  8
DOOR
100
AcDbCircle
 10
8000
 20
3550
 30
0
 40
900
100
AcDbArc
 50
90
 51
180
  0
LINE
  5
119
100
AcDbEntity
  8
DOOR
100
AcDbLine
 10
8000
 20
3550
 30
0
 11
7100
 21
3550
 31
0
  0
ARC
  5
11A
100
AcDbEntity
  8
DOOR
100
AcDbCircle
 10
8000
 20
11550
 30
0
 40
900
100
AcDbArc
 50
90
 51
180
  0
LINE
  5
11B
100
AcDbEntity
  8
DOOR
100
AcDbLine
 10
8000
 20
11550
 30
0
 11
7100
 21
11550
 31
0
  0
ARC
  5
11C
100
AcDbEntity
  8
DOOR
100
AcDbCircle
 10
8000
 20
19550
 30
0
 40
900
100
AcDbArc
 50
90
 51
180
  0
LINE
  5
11D
100
AcDbEntity
  8
DOOR
100
AcDbLine
 10
8000
 20
19550
 30
0
 11
7100
 21
19550
 31
0
  0
ARC
  5
11E
100
AcDbEntity
  8
DOOR
100
AcDbCircle
 10
16000
 20
3550
 30
0
 40
900
100
AcDbArc
 50
90
 51
180
  0
LINE
  5
11F
100
AcDbEntity
  8
DOOR
100
AcDbLine
 10
16000
 20
3550
 30
0
 11
15100
 21
3550
 31
0
  0
ARC
  5
120
100
AcDbEntity
  8
DOOR
100
AcDbCircle
 10
16000
 20
11550
 30
0
 40
900
100
AcDbArc
 50
90
 51
180
  0
LINE
  5
121
100
AcDbEntity
  8
DOOR
100
AcDbLine
 10
16000
 20
11550
 30
0
 11
15100
 21
11550
 31
0
  0
ARC
  5
122
100
AcDbEntity
  8
DOOR
100
AcDbCircle
 10
16000
 20
19550
 30
0
 40
900
100
AcDbArc
 50
90
 51
180
  0
LINE
  5
123
100
AcDbEntity
  8
DOOR
100
AcDbLine
 10
16000
 20
19550
 30
0
 11
15100
 21
19550
 31
0
  0
ARC
  5
124
100
AcDbEntity
  8
DOOR
100
AcDbCircle
 10
20000
 20
3550
 30
0
 40
900
100
AcDbArc
 50
90
 51
180
  0
LINE
  5
125
100
AcDbEntity
  8
DOOR
100
AcDbLine
 10
20000
 20
3550
 30
0
 11
19100
 21
3550
 31
0
  0
ARC
  5
126
100
AcDbEntity
  8
DOOR
100
AcDbCircle
 10
20000
 20
11550
 30
0
 40
900
100
AcDbArc
 50
90
 51
180
  0
LINE
  5
127
100
AcDbEntity
  8
DOOR
100
AcDbLine
 10
20000
 20
11550
 30
0
 11
19100
 21
11550
 31
0
  0
ARC
  5
128
100
AcDbEntity
  8
DOOR
100
AcDbCircle
 10
20000
 20
19550
 30
0
 40
900
100
AcDbArc
 50
90
 51
180
  0
LINE
  5
129
100
AcDbEntity
  8
DOOR
100
AcDbLine
 10
20000
 20
19550
 30
0
 11
19100
 21
19550
 31
0
  0
ARC
  5
12A
100
AcDbEntity
  8
DOOR
100
AcDbCircle
 10
5550
 20
8000
 30
0
 40
900
100
AcDbArc
 50
0
 51
90
  0
LINE
  5
12B
100
AcDbEntity
  8
DOOR
100
AcDbLine
 10
5550
 20
8000
 30
0
 11
5550
 21
8900
 31
0
  0
ARC
  5
12C
100
AcDbEntity
  8
DOOR
100
AcDbCircle
 10
9550
 20
8000
 30
0
 40
900
100
AcDbArc
 50
0
 51
90
  0
LINE
  5
12D
100
AcDbEntity
  8
DOOR
100
AcDbLine
 10
9550
 20
8000
 30
0
 11
9550
 21
8900
 31
0
  0
ARC
  5
12E
100
AcDbEntity
  8
DOOR
100
AcDbCircle
 10
13550
 20
8000
 30
0
 40
900
100
AcDbArc
 50
0
 51
90
  0
LINE
  5
12F
100
AcDbEntity
  8
DOOR
100
AcDbLine
 10
13550
 20
8000
 30
0
 11
13550
 21
8900
 31
0
  0
ARC
  5
130
100
AcDbEntity
  8
DOOR
100
AcDbCircle
 10
17550
 20
8000
 30
0
 40
900
100
AcDbArc
 50
0
 51
90
  0
LINE
  5
131
100
AcDbEntity
  8
DOOR
100
AcDbLine
 10
17550
 20
8000
 30
0
 11
17550
 21
8900
 31
0
  0
ARC
  5
132
100
AcDbEntity
  8
DOOR
100
AcDbCircle
 10
1550
 20
16000
 30
0
 40
900
100
AcDbArc
 50
0
 51
90
  0
LINE
  5
133
100
AcDbEntity
  8
DOOR
100
AcDbLine
 10
1550
 20
16000
 30
0
 11
1550
 21
16900
 31
0
  0
ARC
  5
134
100
AcDbEntity
  8
DOOR
100
AcDbCircle
 10
5550
 20
16000
 30
0
 40
900
100
AcDbArc
 50
0
 51
90
  0
LINE
  5
135
100
AcDbEntity
  8
DOOR
100
AcDbLine
 10
5550
 20
16000
 30
0
 11
5550
 21
16900
 31
0
  0
ARC
  5
136
100
AcDbEntity
  8
DOOR
100
AcDbCircle
 10
9550
 20
16000
 30
0
 40
900
100
AcDbArc
 50
0
 51
90
  0
LINE
  5
137
100
AcDbEntity
  8
DOOR
100
AcDbLine
 10
9550
 20
16000
 30
0
 11
9550
 21
16900
 31
0
  0
ARC
  5
138
100
AcDbEntity
  8
DOOR
100
AcDbCircle
 10
13550
 20
16000
 30
0
 40
900
100
AcDbArc
 50
0
 51
90
  0
LINE
  5
139
100
AcDbEntity
  8
DOOR
100
AcDbLine
 10
13550
 20
16000
 30
0
 11
13550
 21
16900
 31
0
  0
ARC
  5
13A
100
AcDbEntity
  8
DOOR
100
AcDbCircle
 10
17550
 20
16000
 30
0
 40
900
100
AcDbArc
 50
0
 51
90
  0
LINE
  5
13B
100
AcDbEntity
  8
DOOR
100
AcDbLine
 10
17550
 20
16000
 30
0
 11
17550
 21
16900
 31
0
  0
ARC
  5
13C
100
AcDbEntity
  8
DOOR
100
AcDbCircle
 10
21550
 20
16000
 30
0
 40
900
100
AcDbArc
 50
0
 51
90
  0
LINE
  5
13D
100
AcDbEntity
  8
DOOR
100
AcDbLine
 10
21550
 20
16000
 30
0
 11
21550
 21
16900
 31
0
  0
LINE
  5
13E
100
AcDbEntity
  8
WALL
100
AcDbLine
370
50
 10
-112.5000
 20
0
 30
0
 11
-112.5000
 21
2693.3814
 31
0
  0
LINE
  5
13F
100
AcDbEntity
  8
WALL
100
AcDbLine
370
50
 10
-112.5000
 20
2688.3814
 30
0
 11
-112.5000
 21
3400
 31
0
  0
LINE
  5
140
100
AcDbEntity
  8
WALL
100
AcDbLine
370
50
 10
112.5000
 20
1906.8789
 30
0
 11
112.5000
 21
0
 31
0
  0
LINE
  5
141
100
AcDbEntity
  8
WALL
100
AcDbLine
370
50
 10
112.5000
 20
3400
 30
0
 11
112.5000
 21
1903.8789
 31
0
  0
LINE
  5
142
100
AcDbEntity
  8
WALL
100
AcDbLine
370
50
 10
-112.5000
 20
4600
 30
0
 11
-112.5000
 21
7293.3814
 31
0
  0
LINE
  5
143
100
AcDbEntity
  8
WALL
100
AcDbLine
370
50
 10
-112.5000
 20
7288.3814
 30
0
 11
-112.5000
 21
8000
 31
0
  0
LINE
  5
144
100
AcDbEntity
  8
WALL
100
AcDbLine
370
50
 10
112.5000
 20
6506.8789
 30
0
 11
112.5000
 21
4600
 31
0
  0
LINE
  5
145
100
AcDbEntity
  8
WALL
100
AcDbLine
370
50
 10
112.5000
 20
8000
 30
0
 11
112.5000
 21
6503.8789
 31
0
  0
LINE
  5
146
100
AcDbEntity
  8
WALL
100
AcDbLine
370
50
 10
-112.5000
 20
3400
 30
0
 11
112.5000
 21
3400
 31
0
  0
LINE
  5
147
100
AcDbEntity
  8
WALL
100
AcDbLine
370
50
 10
-112.5000
 20
4600
 30
0
 11
112.5000
 21
4600
 31
0
  0
LINE
  5
148
100
AcDbEntity
  8
WALL
100
AcDbLine
370
50
 10
-112.5000
 20
8000
 30
0
 11
-112.5000
 21
10888.1507
 31
0
  0
LINE
  5
149
100
AcDbEntity
  8
WALL
100
AcDbLine
370
50
 10
-112.5000
 20
10887.1507
 30
0
 11
-112.5000
 21
11400
 31
0
  0
LINE
  5
14A
100
AcDbEntity
  8
WALL
100
AcDbLine
370
50
 10
112.5000
 20
10538.5271
 30
0
 11
112.5000
 21
8000
 31
0
  0
LINE
  5
14B
100
AcDbEntity
  8
WALL
100
AcDbLine
370
50
 10
112.5000
 20
11400
 30
0
 11
112.5000
 21
10535.5271
 31
0
  0
LINE
  5
14C
100
AcDbEntity
  8
WALL
100
AcDbLine
370
50
 10
-112.5000
 20
12600
 30
0
 11
-112.5000
 21
15488.1507
 31
0
  0
LINE
  5
14D
100
AcDbEntity
  8
WALL
100
AcDbLine
370
50
 10
-112.5000
 20
15487.1507
 30
0
 11
-112.5000
 21
16000
 31
0
  0
LINE
  5
14E
100
AcDbEntity
  8
WALL
100
AcDbLine
370
50
 10
112.5000
 20
15138.5271
 30
0
 11
112.5000
 21
12600
 31
0
  0
LINE
  5
14F
100
AcDbEntity
  8
WALL
100
AcDbLine
370
50
 10
112.5000
 20
16000
 30
0
 11
112.5000
 21
15135.5271
 31
0
  0
LINE
  5
150
100
AcDbEntity
  8
WALL
100
AcDbLine
370
50
 10
-112.5000
 20
11400
 30
0
 11
112.5000
 21
11400
 31
0
  0
LINE
  5
151
100
AcDbEntity
  8
WALL
100
AcDbLine
370
50
 10
-112.5000
 20
12600
 30
0
 11
112.5000
 21
12600
 31
0
  0
LINE
  5
152
100
AcDbEntity
  8
WALL
100
AcDbLine
370
50
 10
-112.5000
 20
16000
 30
0
 11
-112.5000
 21
17713.3865
 31
0
  0
LINE
  5
153
100
AcDbEntity
  8
WALL
100
AcDbLine
370
50
 10
-112.5000
 20
17709.3865
 30
0
 11
-112.5000
 21
19400
 31
0
  0
LINE
  5
154
100
AcDbEntity
  8
WALL
100
AcDbLine
370
50
 10
112.5000
 20
18959.3342
 30
0
 11
112.5000
 21
16000
 31
0
  0
LINE
  5
155
100
AcDbEntity
  8
WALL
100
AcDbLine
370
50
 10
112.5000
 20
19400
 30
0
 11
112.5000
 21
18958.3342
 31
0
  0
LINE
  5
156
100
AcDbEntity
  8
WALL
100
AcDbLine
370
50
 10
-112.5000
 20
20600
 30
0
 11
-112.5000
 21
22313.3865
 31
0
  0
LINE
  5
157
100
AcDbEntity
  8
WALL
100
AcDbLine
370
50
 10
-112.5000
 20
22309.3865
 30
0
 11
-112.5000
 21
24000
 31
0
  0
LINE
  5
158
100
AcDbEntity
  8
WALL
100
AcDbLine
370
50
 10
112.5000
 20
23559.3342
 30
0
 11
112.5000
 21
20600
 31
0
  0
LINE
  5
159
100
AcDbEntity
  8
WALL
100
AcDbLine
370
50
 10
112.5000
 20
24000
 30
0
 11
112.5000
 21
23558.3342
 31
0
  0
LINE
  5
15A
100
AcDbEntity
  8
WALL
100
AcDbLine
370
50
 10
-112.5000
 20
19400
 30
0
 11
112.5000
 21
19400
 31
0
  0
LINE
  5
15B
100
AcDbEntity
  8
WALL
100
AcDbLine
370
50
 10
-112.5000
 20
20600
 30
0
 11
112.5000
 21
20600
 31
0
  0
LINE
  5
15C
100
AcDbEntity
  8
WALL
100
AcDbLine
370
50
 10
23887.5000
 20
0
 30
0
 11
23887.5000
 21
2429.4563
 31
0
  0
LINE
  5
15D
100
AcDbEntity
  8
WALL
100
AcDbLine
370
50
 10
23887.5000
 20
2426.4563
 30
0
 11
23887.5000
 21
3400
 31
0
  0
LINE
  5
15E
100
AcDbEntity
  8
WALL
100
AcDbLine
370
50
 10
24112.5000
 20
2936.4379
 30
0
 11
24112.5000
 21
0
 31
0
  0
LINE
  5
15F
100
AcDbEntity
  8
WALL
100
AcDbLine
370
50
 10
24112.5000
 20
3400
 30
0
 11
24112.5000
 21
2932.4379
 31
0
  0
LINE
  5
160
100
AcDbEntity
  8
WALL
100
AcDbLine
370
50
 10
23887.5000
 20
4600
 30
0
 11
23887.5000
 21
7029.4563
 31
0
  0
LINE
  5
161
100
AcDbEntity
  8
WALL
100
AcDbLine
370
50
 10
23887.5000
 20
7026.4563
 30
0
 11
23887.5000
 21
8000
 31
0
  0
LINE
  5
162
100
AcDbEntity
  8
WALL
100
AcDbLine
370
50
 10
24112.5000
 20
7536.4379
 30
0
 11
24112.5000
 21
4600
 31
0
  0
LINE
  5
163
100
AcDbEntity
  8
WALL
100
AcDbLine
370
50
 10
24112.5000
 20
8000
 30
0
 11
24112.5000
 21
7532.4379
 31
0
  0
LINE
  5
164
100
AcDbEntity
  8
WALL
100
AcDbLine
370
50
 10
23887.5000
 20
3400
 30
0
 11
24112.5000
 21
3400
 31
0
  0
LINE
  5
165
100
AcDbEntity
  8
WALL
100
AcDbLine
370
50
 10
23887.5000
 20
4600
 30
0
 11
24112.5000
 21
4600
 31
0
  0
LINE
  5
166
100
AcDbEntity
  8
WALL
100
AcDbLine
370
50
 10
23887.5000
 20
8000
 30
0
 11
23887.5000
 21
10044.0396
 31
0
  0
LINE
  5
167
100
AcDbEntity
  8
WALL
100
AcDbLine
370
50
 10
23887.5000
 20
10041.0396
 30
0
 11
23887.5000
 21
11400
 31
0
  0
LINE
  5
168
100
AcDbEntity
  8
WALL
100
AcDbLine
370
50
 10
24112.5000
 20
10600.3089
 30
0
 11
24112.5000
 21
8000
 31
0
  0
LINE
  5
169
100
AcDbEntity
  8
WALL
100
AcDbLine
370
50
 10
24112.5000
 20
11400
 30
0
 11
24112.5000
 21
10596.3089
 31
0
  0
LINE
  5
16A
100
AcDbEntity
  8
WALL
100
AcDbLine
370
50
 10
23887.5000
 20
12600
 30
0
 11
23887.5000
 21
14644.0396
 31
0
  0
LINE
  5
16B
100
AcDbEntity
  8
WALL
100
AcDbLine
370
50
 10
23887.5000
 20
14641.0396
 30
0
 11
23887.5000
 21
16000
 31
0
  0
LINE
  5
16C
100
AcDbEntity
  8
WALL
100
AcDbLine
370
50
 10
24112.5000
 20
15200.3089
 30
0
 11
24112.5000
 21
12600
 31
0
  0
LINE
  5
16D
100
AcDbEntity
  8
WALL
100
AcDbLine
370
50
 10
24112.5000
 20
16000
 30
0
 11
24112.5000
 21
15196.3089
 31
0
  0
LINE
  5
16E
100
AcDbEntity
  8
WALL
100
AcDbLine
370
50
 10
23887.5000
 20
11400
 30
0
 11
24112.5000
 21
11400
 31
0
  0
LINE
  5
16F
100
AcDbEntity
  8
WALL
100
AcDbLine
370
50
 10
23887.5000
 20
12600
 30
0
 11
24112.5000
 21
12600
 31
0
  0
LINE
  5
170
100
AcDbEntity
  8
WALL
100
AcDbLine
370
50
 10
23887.5000
 20
16000
 30
0
 11
23887.5000
 21
18980.7923
 31
0
  0
LINE
  5
171
100
AcDbEntity
  8
WALL
100
AcDbLine
370
50
 10
23887.5000
 20
18977.7923
 30
0
 11
23887.5000
 21
19400
 31
0
  0
LINE
  5
172
100
AcDbEntity
  8
WALL
100
AcDbLine
370
50
 10
24112.5000
 20
17821.3721
 30
0
 11
24112.5000
 21
16000
 31
0
  0
LINE
  5
173
100
AcDbEntity
  8
WALL
100
AcDbLine
370
50
 10
24112.5000
 20
19400
 30
0
 11
24112.5000
 21
17820.3721
 31
0
  0
LINE
  5
174
100
AcDbEntity
  8
WALL
100
AcDbLine
370
50
 10
23887.5000
 20
20600
 30
0
 11
23887.5000
 21
23580.7923
 31
0
  0
LINE
  5
175
100
AcDbEntity
  8
WALL
100
AcDbLine
370
50
 10
23887.5000
 20
23577.7923
 30
0
 11
23887.5000
 21
24000
 31
0
  0
LINE
  5
176
100
AcDbEntity
  8
WALL
100
AcDbLine
370
50
 10
24112.5000
 20
22421.3721
 30
0
 11
24112.5000
 21
20600
 31
0
  0
LINE
  5
177
100
AcDbEntity
  8
WALL
100
AcDbLine
370
50
 10
24112.5000
 20
24000
 30
0
 11
24112.5000
 21
22420.3721
 31
0
  0
LINE
  5
178
100
AcDbEntity
  8
WALL
100
AcDbLine
370
50
 10
23887.5000
 20
19400
 30
0
 11
24112.5000
 21
19400
 31
0
  0
LINE
  5
179
100
AcDbEntity
  8
WALL
100
AcDbLine
370
50
 10
23887.5000
 20
20600
 30
0
 11
24112.5000
 21
20600
 31
0
  0
LINE
  5
17A
100
AcDbEntity
  8
WALL
100
AcDbLine
370
50
 10
0
 20
-112.5000
 30
0
 11
1400
 21
-112.5000
 31
0
  0
LINE
  5
17B
100
AcDbEntity
  8
WALL
100
AcDbLine
370
50
 10
1400
 20
112.5000
 30
0
 11
0
 21
112.5000
 31
0
  0
LINE
  5
17C
100
AcDbEntity
  8
WALL
100
AcDbLine
370
50
 10
2600
 20
-112.5000
 30
0
 11
4000
 21
-112.5000
 31
0
  0
LINE
  5
17D
100
AcDbEntity
  8
WALL
100
AcDbLine
370
50
 10
4000
 20
112.5000
 30
0
 11
2600
 21
112.5000
 31
0
  0
LINE
  5
17E
100
AcDbEntity
  8
WALL
100
AcDbLine
370
50
 10
1400
 20
-112.5000
 30
0
 11
1400
 21
112.5000
 31
0
  0
LINE
  5
17F
100
AcDbEntity
  8
WALL
100
AcDbLine
370
50
 10
2600
 20
-112.5000
 30
0
 11
2600
 21
112.5000
 31
0
  0
LINE
  5
180
100
AcDbEntity
  8
WALL
100
AcDbLine
370
50
 10
4000
 20
-112.5000
 30
0
 11
5400
 21
-112.5000
 31
0
  0
LINE
  5
181
100
AcDbEntity
  8
WALL
100
AcDbLine
370
50
 10
5400
 20
112.5000
 30
0
 11
4000
 21
112.5000
 31
0
  0
LINE
  5
182
100
AcDbEntity
  8
WALL
100
AcDbLine
370
50
 10
6600
 20
-112.5000
 30
0
 11
8000
 21
-112.5000
 31
0
  0
LINE
  5
183
100
AcDbEntity
  8
WALL
100
AcDbLine
370
50
 10
8000
 20
112.5000
 30
0
 11
6600
 21
112.5000
 31
0
  0
LINE
  5
184
100
AcDbEntity
  8
WALL
100
AcDbLine
370
50
 10
5400
 20
-112.5000
 30
0
 11
5400
 21
112.5000
 31
0
  0
LINE
  5
185
100
AcDbEntity
  8
WALL
100
AcDbLine
370
50
 10
6600
 20
-112.5000
 30
0
 11
6600
 21
112.5000
 31
0
  0
LINE
  5
186
100
AcDbEntity
  8
WALL
100
AcDbLine
370
50
 10
8000
 20
-112.5000
 30
0
 11
9400
 21
-112.5000
 31
0
  0
LINE
  5
187
100
AcDbEntity
  8
WALL
100
AcDbLine
370
50
 10
9400
 20
112.5000
 30
0
 11
8000
 21
112.5000
 31
0
  0
LINE
  5
188
100
AcDbEntity
  8
WALL
100
AcDbLine
370
50
 10
10600
 20
-112.5000
 30
0
 11
12000
 21
-112.5000
 31
0
  0
LINE
  5
189
100
AcDbEntity
  8
WALL
100
AcDbLine
370
50
 10
12000
 20
112.5000
 30
0
 11
10600
 21
112.5000
 31
0
  0
LINE
  5
18A
100
AcDbEntity
  8
WALL
100
AcDbLine
370
50
 10
9400
 20
-112.5000
 30
0
 11
9400
 21
112.5000
 31
0
  0
LINE
  5
18B
100
AcDbEntity
  8
WALL
100
AcDbLine
370
50
 10
10600
 20
-112.5000
 30
0
 11
10600
 21
112.5000
 31
0
  0
LINE
  5
18C
100
AcDbEntity
  8
WALL
100
AcDbLine
370
50
 10
12000
 20
-112.5000
 30
0
 11
13400
 21
-112.5000
 31
0
  0
LINE
  5
18D
100
AcDbEntity
  8
WALL
100
AcDbLine
370
50
 10
13400
 20
112.5000
 30
0
 11
12000
 21
112.5000
 31
0
  0
LINE
  5
18E
100
AcDbEntity
  8
WALL
100
AcDbLine
370
50
 10
14600
 20
-112.5000
 30
0
 11
16000
 21
-112.5000
 31
0
  0
LINE
  5
18F
100
AcDbEntity
  8
WALL
100
AcDbLine
370
50
 10
16000
 20
112.5000
 30
0
 11
14600
 21
112.5000
 31
0
  0
LINE
  5
190
100
AcDbEntity
  8
WALL
100
AcDbLine
370
50
 10
13400
 20
-112.5000
 30
0
 11
13400
 21
112.5000
 31
0
  0
LINE
  5
191
100
AcDbEntity
  8
WALL
100
AcDbLine
370
50
 10
14600
 20
-112.5000
 30
0
 11
14600
 21
112.5000
 31
0
  0
LINE
  5
192
100
AcDbEntity
  8
WALL
100
AcDbLine
370
50
 10
16000
 20
-112.5000
 30
0
 11
17400
 21
-112.5000
 31
0
  0
LINE
  5
193
100
AcDbEntity
  8
WALL
100
AcDbLine
370
50
 10
17400
 20
112.5000
 30
0
 11
16000
 21
112.5000
 31
0
  0
LINE
  5
194
100
AcDbEntity
  8
WALL
100
AcDbLine
370
50
 10
18600
 20
-112.5000
 30
0
 11
20000
 21
-112.5000
 31
0
  0
LINE
  5
195
100
AcDbEntity
  8
WALL
100
AcDbLine
370
50
 10
20000
 20
112.5000
 30
0
 11
18600
 21
112.5000
 31
0
  0
LINE
  5
196
100
AcDbEntity
  8
WALL
100
AcDbLine
370
50
 10
17400
 20
-112.5000
 30
0
 11
17400
 21
112.5000
 31
0
  0
LINE
  5
197
100
AcDbEntity
  8
WALL
100
AcDbLine
370
50
 10
18600
 20
-112.5000
 30
0
 11
18600
 21
112.5000
 31
0
  0
LINE
  5
198
100
AcDbEntity
  8
WALL
100
AcDbLine
370
50
 10
20000
 20
-112.5000
 30
0
 11
21400
 21
-112.5000
 31
0
  0
LINE
  5
199
100
AcDbEntity
  8
WALL
100
AcDbLine
370
50
 10
21400
 20
112.5000
 30
0
 11
20000
 21
112.5000
 31
0
  0
LINE
  5
19A
100
AcDbEntity
  8
WALL
100
AcDbLine
370
50
 10
22600
 20
-112.5000
 30
0
 11
24000
 21
-112.5000
 31
0
  0
LINE
  5
19B
100
AcDbEntity
  8
WALL
100
AcDbLine
370
50
 10
24000
 20
112.5000
 30
0
 11
22600
 21
112.5000
 31
0
  0
LINE
  5
19C
100
AcDbEntity
  8
WALL
100
AcDbLine
370
50
 10
21400
 20
-112.5000
 30
0
 11
21400
 21
112.5000
 31
0
  0
LINE
  5
19D
100
AcDbEntity
  8
WALL
100
AcDbLine
370
50
 10
22600
 20
-112.5000
 30
0
 11
22600
 21
112.5000
 31
0
  0
LINE
  5
19E
100
AcDbEntity
  8
WALL
100
AcDbLine
370
50
 10
0
 20
23887.5000
 30
0
 11
1400
 21
23887.5000
 31
0
  0
LINE
  5
19F
100
AcDbEntity
  8
WALL
100
AcDbLine
370
50
 10
1400
 20
24112.5000
 30
0
 11
0
 21
24112.5000
 31
0
  0
LINE
  5
1A0
100
AcDbEntity
  8
WALL
100
AcDbLine
370
50
 10
2600
 20
23887.5000
 30
0
 11
4000
 21
23887.5000
 31
0
  0
LINE
  5
1A1
100
AcDbEntity
  8
WALL
100
AcDbLine
370
50
 10
4000
 20
24112.5000
 30
0
 11
2600
 21
24112.5000
 31
0
  0
LINE
  5
1A2
100
AcDbEntity
  8
WALL
100
AcDbLine
370
50
 10
1400
 20
23887.5000
 30
0
 11
1400
 21
24112.5000
 31
0
  0
LINE
  5
1A3
100
AcDbEntity
  8
WALL
100
AcDbLine
370
50
 10
2600
 20
23887.5000
 30
0
 11
2600
 21
24112.5000
 31
0
  0
LINE
  5
1A4
100
AcDbEntity
  8
WALL
100
AcDbLine
370
50
 10
4000
 20
23887.5000
 30
0
 11
5400
 21
23887.5000
 31
0
  0
LINE
  5
1A5
100
AcDbEntity
  8
WALL
100
AcDbLine
370
50
 10
5400
 20
24112.5000
 30
0
 11
4000
 21
24112.5000
 31
0
  0
LINE
  5
1A6
100
AcDbEntity
  8
WALL
100
AcDbLine
370
50
 10
6600
 20
23887.5000
 30
0
 11
8000
 21
23887.5000
 31
0
  0
LINE
  5
1A7
100
AcDbEntity
  8
WALL
100
AcDbLine
370
50
 10
8000
 20
24112.5000
 30
0
 11
6600
 21
24112.5000
 31
0
  0
LINE
  5
1A8
100
AcDbEntity
  8
WALL
100
AcDbLine
370
50
 10
5400
 20
23887.5000
 30
0
 11
5400
 21
24112.5000
 31
0
  0
LINE
  5
1A9
100
AcDbEntity
  8
WALL
100
AcDbLine
370
50
 10
6600
 20
23887.5000
 30
0
 11
6600
 21
24112.5000
 31
0
  0
LINE
  5
1AA
100
AcDbEntity
  8
WALL
100
AcDbLine
370
50
 10
8000
 20
23887.5000
 30
0
 11
9400
 21
23887.5000
 31
0
  0
LINE
  5
1AB
100
AcDbEntity
  8
WALL
100
AcDbLine
370
50
 10
9400
 20
24112.5000
 30
0
 11
8000
 21
24112.5000
 31
0
  0
LINE
  5
1AC
100
AcDbEntity
  8
WALL
100
AcDbLine
370
50
 10
10600
 20
23887.5000
 30
0
 11
12000
 21
23887.5000
 31
0
  0
LINE
  5
1AD
100
AcDbEntity
  8
WALL
100
AcDbLine
370
50
 10
12000
 20
24112.5000
 30
0
 11
10600
 21
24112.5000
 31
0
  0
LINE
  5
1AE
100
AcDbEntity
  8
WALL
100
AcDbLine
370
50
 10
9400
 20
23887.5000
 30
0
 11
9400
 21
24112.5000
 31
0
  0
LINE
  5
1AF
100
AcDbEntity
  8
WALL
100
AcDbLine
370
50
 10
10600
 20
23887.5000
 30
0
 11
10600
 21
24112.5000
 31
0
  0
LINE
  5
1B0
100
AcDbEntity
  8
WALL
100
AcDbLine
370
50
 10
12000
 20
23887.5000
 30
0
 11
13400
 21
23887.5000
 31
0
  0
LINE
  5
1B1
100
AcDbEntity
  8
WALL
100
AcDbLine
370
50
 10
13400
 20
24112.5000
 30
0
 11
12000
 21
24112.5000
 31
0
  0
LINE
  5
1B2
100
AcDbEntity
  8
WALL
100
AcDbLine
370
50
 10
14600
 20
23887.5000
 30
0
 11
16000
 21
23887.5000
 31
0
  0
LINE
  5
1B3
100
AcDbEntity
  8
WALL
100
AcDbLine
370
50
 10
16000
 20
24112.5000
 30
0
 11
14600
 21
24112.5000
 31
0
  0
LINE
  5
1B4
100
AcDbEntity
  8
WALL
100
AcDbLine
370
50
 10
13400
 20
23887.5000
 30
0
 11
13400
 21
24112.5000
 31
0
  0
LINE
  5
1B5
100
AcDbEntity
  8
WALL
100
AcDbLine
370
50
 10
14600
 20
23887.5000
 30
0
 11
14600
 21
24112.5000
 31
0
  0
LINE
  5
1B6
100
AcDbEntity
  8
WALL
100
AcDbLine
370
50
 10
16000
 20
23887.5000
 30
0
 11
17400
 21
23887.5000
 31
0
  0
LINE
  5
1B7
100
AcDbEntity
  8
WALL
100
AcDbLine
370
50
 10
17400
 20
24112.5000
 30
0
 11
16000
 21
24112.5000
 31
0
  0
LINE
  5
1B8
100
AcDbEntity
  8
WALL
100
AcDbLine
370
50
 10
18600
 20
23887.5000
 30
0
 11
20000
 21
23887.5000
 31
0
  0
LINE
  5
1B9
100
AcDbEntity
  8
WALL
100
AcDbLine
370
50
 10
20000
 20
24112.5000
 30
0
 11
18600
 21
24112.5000
 31
0
  0
LINE
  5
1BA
100
AcDbEntity
  8
WALL
100
AcDbLine
370
50
 10
17400
 20
23887.5000
 30
0
 11
17400
 21
24112.5000
 31
0
  0
LINE
  5
1BB
100
AcDbEntity
  8
WALL
100
AcDbLine
370
50
 10
18600
 20
23887.5000
 30
0
 11
18600
 21
24112.5000
 31
0
  0
LINE
  5
1BC
100
AcDbEntity
  8
WALL
100
AcDbLine
370
50
 10
20000
 20
23887.5000
 30
0
 11
21400
 21
23887.5000
 31
0
  0
LINE
  5
1BD
100
AcDbEntity
  8
WALL
100
AcDbLine
370
50
 10
21400
 20
24112.5000
 30
0
 11
20000
 21
24112.5000
 31
0
  0
LINE
  5
1BE
100
AcDbEntity
  8
WALL
100
AcDbLine
370
50
 10
22600
 20
23887.5000
 30
0
 11
24000
 21
23887.5000
 31
0
  0
LINE
  5
1BF
100
AcDbEntity
  8
WALL
100
AcDbLine
370
50
 10
24000
 20
24112.5000
 30
0
 11
22600
 21
24112.5000
 31
0
  0
LINE
  5
1C0
100
AcDbEntity
  8
WALL
100
AcDbLine
370
50
 10
21400
 20
23887.5000
 30
0
 11
21400
 21
24112.5000
 31
0
  0
LINE
  5
1C1
100
AcDbEntity
  8
WALL
100
AcDbLine
370
50
 10
22600
 20
23887.5000
 30
0
 11
22600
 21
24112.5000
 31
0
  0
LINE
  5
1C2
100
AcDbEntity
  8
WALL
100
AcDbLine
370
50
 10
3925
 20
0
 30
0
 11
3925
 21
1601.0883
 31
0
  0
LINE
  5
1C3
100
AcDbEntity
  8
WALL
100
AcDbLine
370
50
 10
3925
 20
1597.0883
 30
0
 11
3925
 21
3550
 31
0
  0
LINE
  5
1C4
100
AcDbEntity
  8
WALL
100
AcDbLine
370
50
 10
4075
 20
2640.5629
 30
0
 11
4075
 21
0
 31
0
  0
LINE
  5
1C5
100
AcDbEntity
  8
WALL
100
AcDbLine
370
50
 10
4075
 20
3550
 30
0
 11
4075
 21
2638.5629
 31
0
  0
LINE
  5
1C6
100
AcDbEntity
  8
WALL
100
AcDbLine
370
50
 10
3925
 20
4450
 30
0
 11
3925
 21
6051.0883
 31
0
  0
LINE
  5
1C7
100
AcDbEntity
  8
WALL
100
AcDbLine
370
50
 10
3925
 20
6047.0883
 30
0
 11
3925
 21
8000
 31
0
  0
LINE
  5
1C8
100
AcDbEntity
  8
WALL
100
AcDbLine
370
50
 10
4075
 20
7090.5629
 30
0
 11
4075
 21
4450
 31
0
  0
LINE
  5
1C9
100
AcDbEntity
  8
WALL
100
AcDbLine
370
50
 10
4075
 20
8000
 30
0
 11
4075
 21
7088.5629
 31
0
  0
LINE
  5
1CA
100
AcDbEntity
  8
WALL
100
AcDbLine
370
50
 10
3925
 20
3550
 30
0
 11
4075
 21
3550
 31
0
  0
LINE
  5
1CB
100
AcDbEntity
  8
WALL
100
AcDbLine
370
50
 10
3925
 20
4450
 30
0
 11
4075
 21
4450
 31
0
  0
LINE
  5
1CC
100
AcDbEntity
  8
WALL
100
AcDbLine
370
50
 10
3925
 20
8000
 30
0
 11
3925
 21
10739.0166
 31
0
  0
LINE
  5
1CD
100
AcDbEntity
  8
WALL
100
AcDbLine
370
50
 10
3925
 20
10735.0166
 30
0
 11
3925
 21
11550
 31
0
  0
LINE
  5
1CE
100
AcDbEntity
  8
WALL
100
AcDbLine
370
50
 10
4075
 20
9761.9690
 30
0
 11
4075
 21
8000
 31
0
  0
LINE
  5
1CF
100
AcDbEntity
  8
WALL
100
AcDbLine
370
50
 10
4075
 20
11550
 30
0
 11
4075
 21
9757.9690
 31
0
  0
LINE
  5
1D0
100
AcDbEntity
  8
WALL
100
AcDbLine
370
50
 10
3925
 20
12450
 30
0
 11
3925
 21
15189.0166
 31
0
  0
LINE
  5
1D1
100
AcDbEntity
  8
WALL
100
AcDbLine
370
50
 10
3925
 20
15185.0166
 30
0
 11
3925
 21
16000
 31
0
  0
LINE
  5
1D2
100
AcDbEntity
  8
WALL
100
AcDbLine
370
50
 10
4075
 20
14211.9690
 30
0
 11
4075
 21
12450
 31
0
  0
LINE
  5
1D3
100
AcDbEntity
  8
WALL
100
AcDbLine
370
50
 10
4075
 20
16000
 30
0
 11
4075
 21
14207.9690
 31
0
  0
LINE
  5
1D4
100
AcDbEntity
  8
WALL
100
AcDbLine
370
50
 10
3925
 20
11550
 30
0
 11
4075
 21
11550
 31
0
  0
LINE
  5
1D5
100
AcDbEntity
  8
WALL
100
AcDbLine
370
50
 10
3925
 20
12450
 30
0
 11
4075
 21
12450
 31
0
  0
LINE
  5
1D6
100
AcDbEntity
  8
WALL
100
AcDbLine
370
50
 10
3925
 20
16000
 30
0
 11
3925
 21
18856.7220
 31
0
  0
LINE
  5
1D7
100
AcDbEntity
  8
WALL
100
AcDbLine
370
50
 10
3925
 20
18851.7220
 30
0
 11
3925
 21
19550
 31
0
  0
LINE
  5
1D8
100
AcDbEntity
  8
WALL
100
AcDbLine
370
50
 10
4075
 20
18906.0453
 30
0
 11
4075
 21
16000
 31
0
  0
LINE
  5
1D9
100
AcDbEntity
  8
WALL
100
AcDbLine
370
50
 10
4075
 20
19550
 30
0
 11
4075
 21
18901.0453
 31
0
  0
LINE
  5
1DA
100
AcDbEntity
  8
WALL
100
AcDbLine
370
50
 10
3925
 20
20450
 30
0
 11
3925
 21
23306.7220
 31
0
  0
LINE
  5
1DB
100
AcDbEntity
  8
WALL
100
AcDbLine
370
50
 10
3925
 20
23301.7220
 30
0
 11
3925
 21
24000
 31
0
  0
LINE
  5
1DC
100
AcDbEntity
  8
WALL
100
AcDbLine
370
50
 10
4075
 20
23356.0453
 30
0
 11
4075
 21
20450
 31
0
  0
LINE
  5
1DD
100
AcDbEntity
  8
WALL
100
AcDbLine
370
50
 10
4075
 20
24000
 30
0
 11
4075
 21
23351.0453
 31
0
  0
LINE
  5
1DE
100
AcDbEntity
  8
WALL
100
AcDbLine
370
50
 10
3925
 20
19550
 30
0
 11
4075
 21
19550
 31
0
  0
LINE
  5
1DF
100
AcDbEntity
  8
WALL
100
AcDbLine
370
50
 10
3925
 20
20450
 30
0
 11
4075
 21
20450
 31
0
  0
LINE
  5
1E0
100
AcDbEntity
  8
WALL
100
AcDbLine
370
50
 10
7925
 20
0
 30
0
 11
7925
 21
2632.5960
 31
0
  0
LINE
  5
1E1
100
AcDbEntity
  8
WALL
100
AcDbLine
370
50
 10
7925
 20
2631.5960
 30
0
 11
7925
 21
3550
 31
0
  0
LINE
  5
1E2
100
AcDbEntity
  8
WALL
100
AcDbLine
370
50
 10
8075
 20
2995.0329
 30
0
 11
8075
 21
0
 31
0
  0
LINE
  5
1E3
100
AcDbEntity
  8
WALL
100
AcDbLine
370
50
 10
8075
 20
3550
 30
0
 11
8075
 21
2990.0329
 31
0
  0
LINE
  5
1E4
100
AcDbEntity
  8
WALL
100
AcDbLine
370
50
 10
7925
 20
4450
 30
0
 11
7925
 21
7082.5960
 31
0
  0
LINE
  5
1E5
100
AcDbEntity
  8
WALL
100
AcDbLine
370
50
 10
7925
 20
7081.5960
 30
0
 11
7925
 21
8000
 31
0
  0
LINE
  5
1E6
100
AcDbEntity
  8
WALL
100
AcDbLine
370
50
 10
8075
 20
7445.0329
 30
0
 11
8075
 21
4450
 31
0
  0
LINE
  5
1E7
100
AcDbEntity
  8
WALL
100
AcDbLine
370
50
 10
8075
 20
8000
 30
0
 11
8075
 21
7440.0329
 31
0
  0
LINE
  5
1E8
100
AcDbEntity
  8
WALL
100
AcDbLine
370
50
 10
7925
 20
3550
 30
0
 11
8075
 21
3550
 31
0
  0
LINE
  5
1E9
100
AcDbEntity
  8
WALL
100
AcDbLine
370
50
 10
7925
 20
4450
 30
0
 11
8075
 21
4450
 31
0
  0
LINE
  5
1EA
100
AcDbEntity
  8
WALL
100
AcDbLine
370
50
 10
7925
 20
8000
 30
0
 11
7925
 21
9773.9810
 31
0
  0
LINE
  5
1EB
100
AcDbEntity
  8
WALL
100
AcDbLine
370
50
 10
7925
 20
9772.9810
 30
0
 11
7925
 21
11550
 31
0
  0
LINE
  5
1EC
100
AcDbEntity
  8
WALL
100
AcDbLine
370
50
 10
8075
 20
10362.6939
 30
0
 11
8075
 21
8000
 31
0
  0
LINE
  5
1ED
100
AcDbEntity
  8
WALL
100
AcDbLine
370
50
 10
8075
 20
11550
 30
0
 11
8075
 21
10360.6939
 31
0
  0
LINE
  5
1EE
100
AcDbEntity
  8
WALL
100
AcDbLine
370
50
 10
7925
 20
12450
 30
0
 11
7925
 21
14223.9810
 31
0
  0
LINE
  5
1EF
100
AcDbEntity
  8
WALL
100
AcDbLine
370
50
 10
7925
 20
14222.9810
 30
0
 11
7925
 21
16000
 31
0
  0
LINE
  5
1F0
100
AcDbEntity
  8
WALL
100
AcDbLine
370
50
 10
8075
 20
14812.6939
 30
0
 11
8075
 21
12450
 31
0
  0
LINE
  5
1F1
100
AcDbEntity
  8
WALL
100
AcDbLine
370
50
 10
8075
 20
16000
 30
0
 11
8075
 21
14810.6939
 31
0
  0
LINE
  5
1F2
100
AcDbEntity
  8
WALL
100
AcDbLine
370
50
 10
7925
 20
11550
 30
0
 11
8075
 21
11550
 31
0
  0
LINE
  5
1F3
100
AcDbEntity
  8
WALL
100
AcDbLine
370
50
 10
7925
 20
12450
 30
0
 11
8075
 21
12450
 31
0
  0
LINE
  5
1F4
100
AcDbEntity
  8
WALL
100
AcDbLine
370
50
 10
7925
 20
16000
 30
0
 11
7925
 21
18910.2515
 31
0
  0
LINE
  5
1F5
100
AcDbEntity
  8
WALL
100
AcDbLine
370
50
 10
7925
 20
18905.2515
 30
0
 11
7925
 21
19550
 31
0
  0
LINE
  5
1F6
100
AcDbEntity
  8
WALL
100
AcDbLine
370
50
 10
8075
 20
18120.7689
 30
0
 11
8075
 21
16000
 31
0
  0
LINE
  5
1F7
100
AcDbEntity
  8
WALL
100
AcDbLine
370
50
 10
8075
 20
19550
 30
0
 11
8075
 21
18119.7689
 31
0
  0
LINE
  5
1F8
100
AcDbEntity
  8
WALL
100
AcDbLine
370
50
 10
7925
 20
20450
 30
0
 11
7925
 21
23360.2515
 31
0
  0
LINE
  5
1F9
100
AcDbEntity
  8
WALL
100
AcDbLine
370
50
 10
7925
 20
23355.2515
 30
0
 11
7925
 21
24000
 31
0
  0
LINE
  5
1FA
100
AcDbEntity
  8
WALL
100
AcDbLine
370
50
 10
8075
 20
22570.7689
 30
0
 11
8075
 21
20450
 31
0
  0
LINE
  5
1FB
100
AcDbEntity
  8
WALL
100
AcDbLine
370
50
 10
8075
 20
24000
 30
0
 11
8075
 21
22569.7689
 31
0
  0
LINE
  5
1FC
100
AcDbEntity
  8
WALL
100
AcDbLine
370
50
 10
7925
 20
19550
 30
0
 11
8075
 21
19550
 31
0
  0
LINE
  5
1FD
100
AcDbEntity
  8
WALL
100
AcDbLine
370
50
 10
7925
 20
20450
 30
0
 11
8075
 21
20450
 31
0
  0
LINE
  5
1FE
100
AcDbEntity
  8
WALL
100
AcDbLine
370
50
 10
11925
 20
0
 30
0
 11
11925
 21
2995.9761
 31
0
  0
LINE
  5
1FF
100
AcDbEntity
  8
WALL
100
AcDbLine
370
50
 10
11925
 20
2990.9761
 30
0
 11
11925
 21
5391.6468
 31
0
  0
LINE
  5
200
100
AcDbEntity
  8
WALL
100
AcDbLine
370
50
 10
11925
 20
5392.6468
 30
0
 11
11925
 21
8000
 31
0
  0
LINE
  5
201
100
AcDbEntity
  8
WALL
100
AcDbLine
370
50
 10
12075
 20
2467.5709
 30
0
 11
12075
 21
0
 31
0
  0
LINE
  5
202
100
AcDbEntity
  8
WALL
100
AcDbLine
370
50
 10
12075
 20
5452.8575
 30
0
 11
12075
 21
2465.5709
 31
0
  0
LINE
  5
203
100
AcDbEntity
  8
WALL
100
AcDbLine
370
50
 10
12075
 20
8000
 30
0
 11
12075
 21
5456.8575
 31
0
  0
LINE
  5
204
100
AcDbEntity
  8
WALL
100
AcDbLine
370
50
 10
11925
 20
8000
 30
0
 11
11925
 21
10352.6782
 31
0
  0
LINE
  5
205
100
AcDbEntity
  8
WALL
100
AcDbLine
370
50
 10
11925
 20
10347.6782
 30
0
 11
11925
 21
12425.4121
 31
0
  0
LINE
  5
206
100
AcDbEntity
  8
WALL
100
AcDbLine
370
50
 10
11925
 20
12427.4121
 30
0
 11
11925
 21
15404.3922
 31
0
  0
LINE
  5
207
100
AcDbEntity
  8
WALL
100
AcDbLine
370
50
 10
11925
 20
15399.3922
 30
0
 11
11925
 21
16000
 31
0
  0
LINE
  5
208
100
AcDbEntity
  8
WALL
100
AcDbLine
370
50
 10
12075
 20
10978.4467
 30
0
 11
12075
 21
8000
 31
0
  0
LINE
  5
209
100
AcDbEntity
  8
WALL
100
AcDbLine
370
50
 10
12075
 20
13060.0530
 30
0
 11
12075
 21
10974.4467
 31
0
  0
LINE
  5
20A
100
AcDbEntity
  8
WALL
100
AcDbLine
370
50
 10
12075
 20
16000
 30
0
 11
12075
 21
13064.0530
 31
0
  0
LINE
  5
20B
100
AcDbEntity
  8
WALL
100
AcDbLine
370
50
 10
11925
 20
16000
 30
0
 11
11925
 21
18131.8622
 31
0
  0
LINE
  5
20C
100
AcDbEntity
  8
WALL
100
AcDbLine
370
50
 10
11925
 20
18126.8622
 30
0
 11
11925
 21
21113.0151
 31
0
  0
LINE
  5
20D
100
AcDbEntity
  8
WALL
100
AcDbLine
370
50
 10
11925
 20
21115.0151
 30
0
 11
11925
 21
24000
 31
0
  0
LINE
  5
20E
100
AcDbEntity
  8
WALL
100
AcDbLine
370
50
 10
12075
 20
18030.7040
 30
0
 11
12075
 21
16000
 31
0
  0
LINE
  5
20F
100
AcDbEntity
  8
WALL
100
AcDbLine
370
50
 10
12075
 20
20419.5305
 30
0
 11
12075
 21
18025.7040
 31
0
  0
LINE
  5
210
100
AcDbEntity
  8
WALL
100
AcDbLine
370
50
 10
12075
 20
23420.1075
 30
0
 11
12075
 21
20423.5305
 31
0
  0
LINE
  5
211
100
AcDbEntity
  8
WALL
100
AcDbLine
370
50
 10
12075
 20
24000
 30
0
 11
12075
 21
23417.1075
 31
0
  0
LINE
  5
212
100
AcDbEntity
  8
WALL
100
AcDbLine
370
50
 10
15925
 20
0
 30
0
 11
15925
 21
2476.8678
 31
0
  0
LINE
  5
213
100
AcDbEntity
  8
WALL
100
AcDbLine
370
50
 10
15925
 20
2472.8678
 30
0
 11
15925
 21
3550
 31
0
  0
LINE
  5
214
100
AcDbEntity
  8
WALL
100
AcDbLine
370
50
 10
16075
 20
1630.6690
 30
0
 11
16075
 21
0
 31
0
  0
LINE
  5
215
100
AcDbEntity
  8
WALL
100
AcDbLine
370
50
 10
16075
 20
3550
 30
0
 11
16075
 21
1628.6690
 31
0
  0
LINE
  5
216
100
AcDbEntity
  8
WALL
100
AcDbLine
370
50
 10
15925
 20
4450
 30
0
 11
15925
 21
6926.8678
 31
0
  0
LINE
  5
217
100
AcDbEntity
  8
WALL
100
AcDbLine
370
50
 10
15925
 20
6922.8678
 30
0
 11
15925
 21
8000
 31
0
  0
LINE
  5
218
100
AcDbEntity
  8
WALL
100
AcDbLine
370
50
 10
16075
 20
6080.6690
 30
0
 11
16075
 21
4450
 31
0
  0
LINE
  5
219
100
AcDbEntity
  8
WALL
100
AcDbLine
370
50
 10
16075
 20
8000
 30
0
 11
16075
 21
6078.6690
 31
0
  0
LINE
  5
21A
100
AcDbEntity
  8
WALL
100
AcDbLine
370
50
 10
15925
 20
3550
 30
0
 11
16075
 21
3550
 31
0
  0
LINE
  5
21B
100
AcDbEntity
  8
WALL
100
AcDbLine
370
50
 10
15925
 20
4450
 30
0
 11
16075
 21
4450
 31
0
  0
LINE
  5
21C
100
AcDbEntity
  8
WALL
100
AcDbLine
370
50
 10
15925
 20
8000
 30
0
 11
15925
 21
10976.3356
 31
0
  0
LINE
  5
21D
100
AcDbEntity
  8
WALL
100
AcDbLine
370
50
 10
15925
 20
10974.3356
 30
0
 11
15925
 21
11550
 31
0
  0
LINE
  5
21E
100
AcDbEntity
  8
WALL
100
AcDbLine
370
50
 10
16075
 20
10722.0518
 30
0
 11
16075
 21
8000
 31
0
  0
LINE
  5
21F
100
AcDbEntity
  8
WALL
100
AcDbLine
370
50
 10
16075
 20
11550
 30
0
 11
16075
 21
10719.0518
 31
0
  0
LINE
  5
220
100
AcDbEntity
  8
WALL
100
AcDbLine
370
50
 10
15925
 20
12450
 30
0
 11
15925
 21
15426.3356
 31
0
  0
LINE
  5
221
100
AcDbEntity
  8
WALL
100
AcDbLine
370
50
 10
15925
 20
15424.3356
 30
0
 11
15925
 21
16000
 31
0
  0
LINE
  5
222
100
AcDbEntity
  8
WALL
100
AcDbLine
370
50
 10
16075
 20
15172.0518
 30
0
 11
16075
 21
12450
 31
0
  0
LINE
  5
223
100
AcDbEntity
  8
WALL
100
AcDbLine
370
50
 10
16075
 20
16000
 30
0
 11
16075
 21
15169.0518
 31
0
  0
LINE
  5
224
100
AcDbEntity
  8
WALL
100
AcDbLine
370
50
 10
15925
 20
11550
 30
0
 11
16075
 21
11550
 31
0
  0
LINE
  5
225
100
AcDbEntity
  8
WALL
100
AcDbLine
370
50
 10
15925
 20
12450
 30
0
 11
16075
 21
12450
 31
0
  0
LINE
  5
226
100
AcDbEntity
  8
WALL
100
AcDbLine
370
50
 10
15925
 20
16000
 30
0
 11
15925
 21
18019.2678
 31
0
  0
LINE
  5
227
100
AcDbEntity
  8
WALL
100
AcDbLine
370
50
 10
15925
 20
18014.2678
 30
0
 11
15925
 21
19550
 31
0
  0
LINE
  5
228
100
AcDbEntity
  8
WALL
100
AcDbLine
370
50
 10
16075
 20
18869.1104
 30
0
 11
16075
 21
16000
 31
0
  0
LINE
  5
229
100
AcDbEntity
  8
WALL
100
AcDbLine
370
50
 10
16075
 20
19550
 30
0
 11
16075
 21
18868.1104
 31
0
  0
LINE
  5
22A
100
AcDbEntity
  8
WALL
100
AcDbLine
370
50
 10
15925
 20
20450
 30
0
 11
15925
 21
22469.2678
 31
0
  0
LINE
  5
22B
100
AcDbEntity
  8
WALL
100
AcDbLine
370
50
 10
15925
 20
22464.2678
 30
0
 11
15925
 21
24000
 31
0
  0
LINE
  5
22C
100
AcDbEntity
  8
WALL
100
AcDbLine
370
50
 10
16075
 20
23319.1104
 30
0
 11
16075
 21
20450
 31
0
  0
LINE
  5
22D
100
AcDbEntity
  8
WALL
100
AcDbLine
370
50
 10
16075
 20
24000
 30
0
 11
16075
 21
23318.1104
 31
0
  0
LINE
  5
22E
100
AcDbEntity
  8
WALL
100
AcDbLine
370
50
 10
15925
 20
19550
 30
0
 11
16075
 21
19550
 31
0
  0
LINE
  5
22F
100
AcDbEntity
  8
WALL
100
AcDbLine
370
50
 10
15925
 20
20450
 30
0
 11
16075
 21
20450
 31
0
  0
LINE
  5
230
100
AcDbEntity
  8
WALL
100
AcDbLine
370
50
 10
19925
 20
0
 30
0
 11
19925
 21
1618.5028
 31
0
  0
LINE
  5
231
100
AcDbEntity
  8
WALL
100
AcDbLine
370
50
 10
19925
 20
1613.5028
 30
0
 11
19925
 21
3550
 31
0
  0
LINE
  5
232
100
AcDbEntity
  8
WALL
100
AcDbLine
370
50
 10
20075
 20
2651.8263
 30
0
 11
20075
 21
0
 31
0
  0
LINE
  5
233
100
AcDbEntity
  8
WALL
100
AcDbLine
370
50
 10
20075
 20
3550
 30
0
 11
20075
 21
2648.8263
 31
0
  0
LINE
  5
234
100
AcDbEntity
  8
WALL
100
AcDbLine
370
50
 10
19925
 20
4450
 30
0
 11
19925
 21
6068.5028
 31
0
  0
LINE
  5
235
100
AcDbEntity
  8
WALL
100
AcDbLine
370
50
 10
19925
 20
6063.5028
 30
0
 11
19925
 21
8000
 31
0
  0
LINE
  5
236
100
AcDbEntity
  8
WALL
100
AcDbLine
370
50
 10
20075
 20
7101.8263
 30
0
 11
20075
 21
4450
 31
0
  0
LINE
  5
237
100
AcDbEntity
  8
WALL
100
AcDbLine
370
50
 10
20075
 20
8000
 30
0
 11
20075
 21
7098.8263
 31
0
  0
LINE
  5
238
100
AcDbEntity
  8
WALL
100
AcDbLine
370
50
 10
19925
 20
3550
 30
0
 11
20075
 21
3550
 31
0
  0
LINE
  5
239
100
AcDbEntity
  8
WALL
100
AcDbLine
370
50
 10
19925
 20
4450
 30
0
 11
20075
 21
4450
 31
0
  0
LINE
  5
23A
100
AcDbEntity
  8
WALL
100
AcDbLine
370
50
 10
19925
 20
8000
 30
0
 11
19925
 21
10729.0907
 31
0
  0
LINE
  5
23B
100
AcDbEntity
  8
WALL
100
AcDbLine
370
50
 10
19925
 20
10726.0907
 30
0
 11
19925
 21
11550
 31
0
  0
LINE
  5
23C
100
AcDbEntity
  8
WALL
100
AcDbLine
370
50
 10
20075
 20
9744.7586
 30
0
 11
20075
 21
8000
 31
0
  0
LINE
  5
23D
100
AcDbEntity
  8
WALL
100
AcDbLine
370
50
 10
20075
 20
11550
 30
0
 11
20075
 21
9741.7586
 31
0
  0
LINE
  5
23E
100
AcDbEntity
  8
WALL
100
AcDbLine
370
50
 10
19925
 20
12450
 30
0
 11
19925
 21
15179.0907
 31
0
  0
LINE
  5
23F
100
AcDbEntity
  8
WALL
100
AcDbLine
370
50
 10
19925
 20
15176.0907
 30
0
 11
19925
 21
16000
 31
0
  0
LINE
  5
240
100
AcDbEntity
  8
WALL
100
AcDbLine
370
50
 10
20075
 20
14194.7586
 30
0
 11
20075
 21
12450
 31
0
  0
LINE
  5
241
100
AcDbEntity
  8
WALL
100
AcDbLine
370
50
 10
20075
 20
16000
 30
0
 11
20075
 21
14191.7586
 31
0
  0
LINE
  5
242
100
AcDbEntity
  8
WALL
100
AcDbLine
370
50
 10
19925
 20
11550
 30
0
 11
20075
 21
11550
 31
0
  0
LINE
  5
243
100
AcDbEntity
  8
WALL
100
AcDbLine
370
50
 10
19925
 20
12450
 30
0
 11
20075
 21
12450
 31
0
  0
LINE
  5
244
100
AcDbEntity
  8
WALL
100
AcDbLine
370
50
 10
19925
 20
16000
 30
0
 11
19925
 21
18864.0775
 31
0
  0
LINE
  5
245
100
AcDbEntity
  8
WALL
100
AcDbLine
370
50
 10
19925
 20
18859.0775
 30
0
 11
19925
 21
19550
 31
0
  0
LINE
  5
246
100
AcDbEntity
  8
WALL
100
AcDbLine
370
50
 10
20075
 20
18899.8674
 30
0
 11
20075
 21
16000
 31
0
  0
LINE
  5
247
100
AcDbEntity
  8
WALL
100
AcDbLine
370
50
 10
20075
 20
19550
 30
0
 11
20075
 21
18898.8674
 31
0
  0
LINE
  5
248
100
AcDbEntity
  8
WALL
100
AcDbLine
370
50
 10
19925
 20
20450
 30
0
 11
19925
 21
23314.0775
 31
0
  0
LINE
  5
249
100
AcDbEntity
  8
WALL
100
AcDbLine
370
50
 10
19925
 20
23309.0775
 30
0
 11
19925
 21
24000
 31
0
  0
LINE
  5
24A
100
AcDbEntity
  8
WALL
100
AcDbLine
370
50
 10
20075
 20
23349.8674
 30
0
 11
20075
 21
20450
 31
0
  0
LINE
  5
24B
100
AcDbEntity
  8
WALL
100
AcDbLine
370
50
 10
20075
 20
24000
 30
0
 11
20075
 21
23348.8674
 31
0
  0
LINE
  5
24C
100
AcDbEntity
  8
WALL
100
AcDbLine
370
50
 10
19925
 20
19550
 30
0
 11
20075
 21
19550
 31
0
  0
LINE
  5
24D
100
AcDbEntity
  8
WALL
100
AcDbLine
370
50
 10
19925
 20
20450
 30
0
 11
20075
 21
20450
 31
0
  0
LINE
  5
24E
100
AcDbEntity
  8
WALL
100
AcDbLine
370
50
 10
0
 20
7925
 30
0
 11
2993.3951
 21
7925
 31
0
  0
LINE
  5
24F
100
AcDbEntity
  8
WALL
100
AcDbLine
370
50
 10
2990.3951
 20
7925
 30
0
 11
4000
 21
7925
 31
0
  0
LINE
  5
250
100
AcDbEntity
  8
WALL
100
AcDbLine
370
50
 10
2644.7760
 20
8075
 30
0
 11
0
 21
8075
 31
0
  0
LINE
  5
251
100
AcDbEntity
  8
WALL
100
AcDbLine
370
50
 10
4000
 20
8075
 30
0
 11
2641.7760
 21
8075
 31
0
  0
LINE
  5
252
100
AcDbEntity
  8
WALL
100
AcDbLine
370
50
 10
4000
 20
7925
 30
0
 11
5550
 21
7925
 31
0
  0
LINE
  5
253
100
AcDbEntity
  8
WALL
100
AcDbLine
370
50
 10
5550
 20
8075
 30
0
 11
4000
 21
8075
 31
0
  0
LINE
  5
254
100
AcDbEntity
  8
WALL
100
AcDbLine
370
50
 10
6450
 20
7925
 30
0
 11
8000
 21
7925
 31
0
  0
LINE
  5
255
100
AcDbEntity
  8
WALL
100
AcDbLine
370
50
 10
8000
 20
8075
 30
0
 11
6450
 21
8075
 31
0
  0
LINE
  5
256
100
AcDbEntity
  8
WALL
100
AcDbLine
370
50
 10
5550
 20
7925
 30
0
 11
5550
 21
8075
 31
0
  0
LINE
  5
257
100
AcDbEntity
  8
WALL
100
AcDbLine
370
50
 10
6450
 20
7925
 30
0
 11
6450
 21
8075
 31
0
  0
LINE
  5
258
100
AcDbEntity
  8
WALL
100
AcDbLine
370
50
 10
8000
 20
7925
 30
0
 11
9550
 21
7925
 31
0
  0
LINE
  5
259
100
AcDbEntity
  8
WALL
100
AcDbLine
370
50
 10
9550
 20
8075
 30
0
 11
8000
 21
8075
 31
0
  0
LINE
  5
25A
100
AcDbEntity
  8
WALL
100
AcDbLine
370
50
 10
10450
 20
7925
 30
0
 11
12000
 21
7925
 31
0
  0
LINE
  5
25B
100
AcDbEntity
  8
WALL
100
AcDbLine
370
50
 10
12000
 20
8075
 30
0
 11
10450
 21
8075
 31
0
  0
LINE
  5
25C
100
AcDbEntity
  8
WALL
100
AcDbLine
370
50
 10
9550
 20
7925
 30
0
 11
9550
 21
8075
 31
0
  0
LINE
  5
25D
100
AcDbEntity
  8
WALL
100
AcDbLine
370
50
 10
10450
 20
7925
 30
0
 11
10450
 21
8075
 31
0
  0
LINE
  5
25E
100
AcDbEntity
  8
WALL
100
AcDbLine
370
50
 10
12000
 20
7925
 30
0
 11
13550
 21
7925
 31
0
  0
LINE
  5
25F
100
AcDbEntity
  8
WALL
100
AcDbLine
370
50
 10
13550
 20
8075
 30
0
 11
12000
 21
8075
 31
0
  0
LINE
  5
260
100
AcDbEntity
  8
WALL
100
AcDbLine
370
50
 10
14450
 20
7925
 30
0
 11
16000
 21
7925
 31
0
  0
LINE
  5
261
100
AcDbEntity
  8
WALL
100
AcDbLine
370
50
 10
16000
 20
8075
 30
0
 11
14450
 21
8075
 31
0
  0
LINE
  5
262
100
AcDbEntity
  8
WALL
100
AcDbLine
370
50
 10
13550
 20
7925
 30
0
 11
13550
 21
8075
 31
0
  0
LINE
  5
263
100
AcDbEntity
  8
WALL
100
AcDbLine
370
50
 10
14450
 20
7925
 30
0
 11
14450
 21
8075
 31
0
  0
LINE
  5
264
100
AcDbEntity
  8
WALL
100
AcDbLine
370
50
 10
16000
 20
7925
 30
0
 11
17550
 21
7925
 31
0
  0
LINE
  5
265
100
AcDbEntity
  8
WALL
100
AcDbLine
370
50
 10
17550
 20
8075
 30
0
 11
16000
 21
8075
 31
0
  0
LINE
  5
266
100
AcDbEntity
  8
WALL
100
AcDbLine
370
50
 10
18450
 20
7925
 30
0
 11
20000
 21
7925
 31
0
  0
LINE
  5
267
100
AcDbEntity
  8
WALL
100
AcDbLine
370
50
 10
20000
 20
8075
 30
0
 11
18450
 21
8075
 31
0
  0
LINE
  5
268
100
AcDbEntity
  8
WALL
100
AcDbLine
370
50
 10
17550
 20
7925
 30
0
 11
17550
 21
8075
 31
0
  0
LINE
  5
269
100
AcDbEntity
  8
WALL
100
AcDbLine
370
50
 10
18450
 20
7925
 30
0
 11
18450
 21
8075
 31
0
  0
LINE
  5
26A
100
AcDbEntity
  8
WALL
100
AcDbLine
370
50
 10
20000
 20
7925
 30
0
 11
22641.3746
 21
7925
 31
0
  0
LINE
  5
26B
100
AcDbEntity
  8
WALL
100
AcDbLine
370
50
 10
22636.3746
 20
7925
 30
0
 11
24000
 21
7925
 31
0
  0
LINE
  5
26C
100
AcDbEntity
  8
WALL
100
AcDbLine
370
50
 10
21602.3359
 20
8075
 30
0
 11
20000
 21
8075
 31
0
  0
LINE
  5
26D
100
AcDbEntity
  8
WALL
100
AcDbLine
370
50
 10
24000
 20
8075
 30
0
 11
21601.3359
 21
8075
 31
0
  0
LINE
  5
26E
100
AcDbEntity
  8
WALL
100
AcDbLine
370
50
 10
0
 20
15925
 30
0
 11
1550
 21
15925
 31
0
  0
LINE
  5
26F
100
AcDbEntity
  8
WALL
100
AcDbLine
370
50
 10
1550
 20
16075
 30
0
 11
0
 21
16075
 31
0
  0
LINE
  5
270
100
AcDbEntity
  8
WALL
100
AcDbLine
370
50
 10
2450
 20
15925
 30
0
 11
4000
 21
15925
 31
0
  0
LINE
  5
271
100
AcDbEntity
  8
WALL
100
AcDbLine
370
50
 10
4000
 20
16075
 30
0
 11
2450
 21
16075
 31
0
  0
LINE
  5
272
100
AcDbEntity
  8
WALL
100
AcDbLine
370
50
 10
1550
 20
15925
 30
0
 11
1550
 21
16075
 31
0
  0
LINE
  5
273
100
AcDbEntity
  8
WALL
100
AcDbLine
370
50
 10
2450
 20
15925
 30
0
 11
2450
 21
16075
 31
0
  0
LINE
  5
274
100
AcDbEntity
  8
WALL
100
AcDbLine
370
50
 10
4000
 20
15925
 30
0
 11
5550
 21
15925
 31
0
  0
LINE
  5
275
100
AcDbEntity
  8
WALL
100
AcDbLine
370
50
 10
5550
 20
16075
 30
0
 11
4000
 21
16075
 31
0
  0
LINE
  5
276
100
AcDbEntity
  8
WALL
100
AcDbLine
370
50
 10
6450
 20
15925
 30
0
 11
8000
 21
15925
 31
0
  0
LINE
  5
277
100
AcDbEntity
  8
WALL
100
AcDbLine
370
50
 10
8000
 20
16075
 30
0
 11
6450
 21
16075
 31
0
  0
LINE
  5
278
100
AcDbEntity
  8
WALL
100
AcDbLine
370
50
 10
5550
 20
15925
 30
0
 11
5550
 21
16075
 31
0
  0
LINE
  5
279
100
AcDbEntity
  8
WALL
100
AcDbLine
370
50
 10
6450
 20
15925
 30
0
 11
6450
 21
16075
 31
0
  0
LINE
  5
27A
100
AcDbEntity
  8
WALL
100
AcDbLine
370
50
 10
8000
 20
15925
 30
0
 11
9550
 21
15925
 31
0
  0
LINE
  5
27B
100
AcDbEntity
  8
WALL
100
AcDbLine
370
50
 10
9550
 20
16075
 30
0
 11
8000
 21
16075
 31
0
  0
LINE
  5
27C
100
AcDbEntity
  8
WALL
100
AcDbLine
370
50
 10
10450
 20
15925
 30
0
 11
12000
 21
15925
 31
0
  0
LINE
  5
27D
100
AcDbEntity
  8
WALL
100
AcDbLine
370
50
 10
12000
 20
16075
 30
0
 11
10450
 21
16075
 31
0
  0
LINE
  5
27E
100
AcDbEntity
  8
WALL
100
AcDbLine
370
50
 10
9550
 20
15925
 30
0
 11
9550
 21
16075
 31
0
  0
LINE
  5
27F
100
AcDbEntity
  8
WALL
100
AcDbLine
370
50
 10
10450
 20
15925
 30
0
 11
10450
 21
16075
 31
0
  0
LINE
  5
280
100
AcDbEntity
  8
WALL
100
AcDbLine
370
50
 10
12000
 20
15925
 30
0
 11
13550
 21
15925
 31
0
  0
LINE
  5
281
100
AcDbEntity
  8
WALL
100
AcDbLine
370
50
 10
13550
 20
16075
 30
0
 11
12000
 21
16075
 31
0
  0
LINE
  5
282
100
AcDbEntity
  8
WALL
100
AcDbLine
370
50
 10
14450
 20
15925
 30
0
 11
16000
 21
15925
 31
0
  0
LINE
  5
283
100
AcDbEntity
  8
WALL
100
AcDbLine
370
50
 10
16000
 20
16075
 30
0
 11
14450
 21
16075
 31
0
  0
LINE
  5
284
100
AcDbEntity
  8
WALL
100
AcDbLine
370
50
 10
13550
 20
15925
 30
0
 11
13550
 21
16075
 31
0
  0
LINE
  5
285
100
AcDbEntity
  8
WALL
100
AcDbLine
370
50
 10
14450
 20
15925
 30
0
 11
14450
 21
16075
 31
0
  0
LINE
  5
286
100
AcDbEntity
  8
WALL
100
AcDbLine
370
50
 10
16000
 20
15925
 30
0
 11
17550
 21
15925
 31
0
  0
LINE
  5
287
100
AcDbEntity
  8
WALL
100
AcDbLine
370
50
 10
17550
 20
16075
 30
0
 11
16000
 21
16075
 31
0
  0
LINE
  5
288
100
AcDbEntity
  8
WALL
100
AcDbLine
370
50
 10
18450
 20
15925
 30
0
 11
20000
 21
15925
 31
0
  0
LINE
  5
289
100
AcDbEntity
  8
WALL
100
AcDbLine
370
50
 10
20000
 20
16075
 30
0
 11
18450
 21
16075
 31
0
  0
LINE
  5
28A
100
AcDbEntity
  8
WALL
100
AcDbLine
370
50
 10
17550
 20
15925
 30
0
 11
17550
 21
16075
 31
0
  0
LINE
  5
28B
100
AcDbEntity
  8
WALL
100
AcDbLine
370
50
 10
18450
 20
15925
 30
0
 11
18450
 21
16075
 31
0
  0
LINE
  5
28C
100
AcDbEntity
  8
WALL
100
AcDbLine
370
50
 10
20000
 20
15925
 30
0
 11
21550
 21
15925
 31
0
  0
LINE
  5
28D
100
AcDbEntity
  8
WALL
100
AcDbLine
370
50
 10
21550
 20
16075
 30
0
 11
20000
 21
16075
 31
0
  0
LINE
  5
28E
100
AcDbEntity
  8
WALL
100
AcDbLine
370
50
 10
22450
 20
15925
 30
0
 11
24000
 21
15925
 31
0
  0
LINE
  5
28F
100
AcDbEntity
  8
WALL
100
AcDbLine
370
50
 10
24000
 20
16075
 30
0
 11
22450
 21
16075
 31
0
  0
LINE
  5
290
100
AcDbEntity
  8
WALL
100
AcDbLine
370
50
 10
21550
 20
15925
 30
0
 11
21550
 21
16075
 31
0
  0
LINE
  5
291
100
AcDbEntity
  8
WALL
100
AcDbLine
370
50
 10
22450
 20
15925
 30
0
 11
22450
 21
16075
 31
0
  0
LWPOLYLINE
  5
292
100
AcDbEntity
  8
COLUMN
100
AcDbPolyline
 90
4
 70
1
 10
-115
 20
-115
 10
115
 20
-115
 10
115
 20
115
 10
-115
 20
115
  0
LWPOLYLINE
  5
293
100
AcDbEntity
  8
COLUMN
100
AcDbPolyline
 90
4
 70
1
 10
-115
 20
7885
 10
115
 20
7885
 10
115
 20
8115
 10
-115
 20
8115
  0
LWPOLYLINE
  5
294
100
AcDbEntity
  8
COLUMN
100
AcDbPolyline
 90
4
 70
1
 10
-115
 20
15885
 10
115
 20
15885
 10
115
 20
16115
 10
-115
 20
16115
  0
LWPOLYLINE
  5
295
100
AcDbEntity
  8
COLUMN
100
AcDbPolyline
 90
4
 70
1
 10
-115
 20
23885
 10
115
 20
23885
 10
115
 20
24115
 10
-115
 20
24115
  0
LWPOLYLINE
  5
296
100
AcDbEntity
  8
COLUMN
100
AcDbPolyline
 90
4
 70
1
 10
3885
 20
-115
 10
4115
 20
-115
 10
4115
 20
115
 10
3885
 20
115
  0
LWPOLYLINE
  5
297
100
AcDbEntity
  8
COLUMN
100
AcDbPolyline
 90
4
 70
1
 10
3885
 20
7885
 10
4115
 20
7885
 10
4115
 20
8115
 10
3885
 20
8115
  0
LWPOLYLINE
  5
298
100
AcDbEntity
  8
COLUMN
100
AcDbPolyline
 90
4
 70
1
 10
3885
 20
15885
 10
4115
 20
15885
 10
4115
 20
16115
 10
3885
 20
16115
  0
LWPOLYLINE
  5
299
100
AcDbEntity
  8
COLUMN
100
AcDbPolyline
 90
4
 70
1
 10
3885
 20
23885
 10
4115
 20
23885
 10
4115
 20
24115
 10
3885
 20
24115
  0
LWPOLYLINE
  5
29A
100
AcDbEntity
  8
COLUMN
100
AcDbPolyline
 90
4
 70
1
 10
7885
 20
-115
 10
8115
 20
-115
 10
8115
 20
115
 10
7885
 20
115
  0
LWPOLYLINE
  5
29B
100
AcDbEntity
  8
COLUMN
100
AcDbPolyline
 90
4
 70
1
 10
7885
 20
7885
 10
8115
 20
7885
 10
8115
 20
8115
 10
7885
 20
8115
  0
LWPOLYLINE
  5
29C
100
AcDbEntity
  8
COLUMN
100
AcDbPolyline
 90
4
 70
1
 10
7885
 20
15885
 10
8115
 20
15885
 10
8115
 20
16115
 10
7885
 20
16115
  0
LWPOLYLINE
  5
29D
100
AcDbEntity
  8
COLUMN
100
AcDbPolyline
 90
4
 70
1
 10
7885
 20
23885
 10
8115
 20
23885
 10
8115
 20
24115
 10
7885
 20
24115
  0
LWPOLYLINE
  5
29E
100
AcDbEntity
  8
COLUMN
100
AcDbPolyline
 90
4
 70
1
 10
11885
 20
-115
 10
12115
 20
-115
 10
12115
 20
115
 10
11885
 20
115
  0
LWPOLYLINE
  5
29F
100
AcDbEntity
  8
COLUMN
100
AcDbPolyline
 90
4
 70
1
 10
11885
 20
7885
 10
12115
 20
7885
 10
12115
 20
8115
 10
11885
 20
8115
  0
LWPOLYLINE
  5
2A0
100
AcDbEntity
  8
COLUMN
100
AcDbPolyline
 90
4
 70
1
 10
11885
 20
15885
 10
12115
 20
15885
 10
12115
 20
16115
 10
11885
 20
16115
  0
LWPOLYLINE
  5
2A1
100
AcDbEntity
  8
COLUMN
100
AcDbPolyline
 90
4
 70
1
 10
11885
 20
23885
 10
12115
 20
23885
 10
12115
 20
24115
 10
11885
 20
24115
  0
LWPOLYLINE
  5
2A2
100
AcDbEntity
  8
COLUMN
100
AcDbPolyline
 90
4
 70
1
 10
15885
 20
-115
 10
16115
 20
-115
 10
16115
 20
115
 10
15885
 20
115
  0
LWPOLYLINE
  5
2A3
100
AcDbEntity
  8
COLUMN
100
AcDbPolyline
 90
4
 70
1
 10
15885
 20
7885
 10
16115
 20
7885
 10
16115
 20
8115
 10
15885
 20
8115
  0
LWPOLYLINE
  5
2A4
100
AcDbEntity
  8
COLUMN
100
AcDbPolyline
 90
4
 70
1
 10
15885
 20
15885
 10
16115
 20
15885
 10
16115
 20
16115
 10
15885
 20
16115
  0
LWPOLYLINE
  5
2A5
100
AcDbEntity
  8
COLUMN
100
AcDbPolyline
 90
4
 70
1
 10
15885
 20
23885
 10
16115
 20
23885
 10
16115
 20
24115
 10
15885
 20
24115
  0
LWPOLYLINE
  5
2A6
100
AcDbEntity
  8
COLUMN
100
AcDbPolyline
 90
4
 70
1
 10
19885
 20
-115
 10
20115
 20
-115
 10
20115
 20
115
 10
19885
 20
115
  0
LWPOLYLINE
  5
2A7
100
AcDbEntity
  8
COLUMN
100
AcDbPolyline
 90
4
 70
1
 10
19885
 20
7885
 10
20115
 20
7885
 10
20115
 20
8115
 10
19885
 20
8115
  0
LWPOLYLINE
  5
2A8
100
AcDbEntity
  8
COLUMN
100
AcDbPolyline
 90
4
 70
1
 10
19885
 20
15885
 10
20115
 20
15885
 10
20115
 20
16115
 10
19885
 20
16115
  0
LWPOLYLINE
  5
2A9
100
AcDbEntity
  8
COLUMN
100
AcDbPolyline
 90
4
 70
1
 10
19885
 20
23885
 10
20115
 20
23885
 10
20115
 20
24115
 10
19885
 20
24115
  0
LWPOLYLINE
  5
2AA
100
AcDbEntity
  8
COLUMN
100
AcDbPolyline
 90
4
 70
1
 10
23885
 20
-115
 10
24115
 20
-115
 10
24115
 20
115
 10
23885
 20
115
  0
LWPOLYLINE
  5
2AB
100
AcDbEntity
  8
COLUMN
100
AcDbPolyline
 90
4
 70
1
 10
23885
 20
7885
 10
24115
 20
7885
 10
24115
 20
8115
 10
23885
 20
8115
  0
LWPOLYLINE
  5
2AC
100
AcDbEntity
  8
COLUMN
100
AcDbPolyline
 90
4
 70
1
 10
23885
 20
15885
 10
24115
 20
15885
 10
24115
 20
16115
 10
23885
 20
16115
  0
LWPOLYLINE
  5
2AD
100
AcDbEntity
  8
COLUMN
100
AcDbPolyline
 90
4
 70
1
 10
23885
 20
23885
 10
24115
 20
23885
 10
24115
 20
24115
 10
23885
 20
24115
  0
TEXT
  5
2AE
100
AcDbEntity
  8
TEXT
100
AcDbText
 10
1518.7500
 20
4018.7500
 30
0
 40
250
  1
LOUNGE
100
AcDbText
  0
TEXT
  5
2AF
100
AcDbEntity
  8
TEXT
100
AcDbText
 10
5500
 20
4018.7500
 30
0
 40
250
  1
DINING
100
AcDbText
  0
TEXT
  5
2B0
100
AcDbEntity
  8
TEXT
100
AcDbText
 10
9500
 20
4018.7500
 30
0
 40
250
  1
KITCHEN
100
AcDbText
  0
TEXT
  5
2B1
100
AcDbEntity
  8
TEXT
100
AcDbText
 10
13500
 20
4018.7500
 30
0
 40
250
  1
KITCHEN
100
AcDbText
  0
TEXT
  5
2B2
100
AcDbEntity
  8
TEXT
100
AcDbText
 10
17500
 20
4018.7500
 30
0
 40
250
  1
DINING
100
AcDbText
  0
TEXT
  5
2B3
100
AcDbEntity
  8
TEXT
100
AcDbText
 10
21481.2500
 20
4018.7500
 30
0
 40
250
  1
LOUNGE
100
AcDbText
  0
TEXT
  5
2B4
100
AcDbEntity
  8
TEXT
100
AcDbText
 10
1518.7500
 20
12000
 30
0
 40
250
  1
STORE
100
AcDbText
  0
TEXT
  5
2B5
100
AcDbEntity
  8
TEXT
100
AcDbText
 10
5500
 20
12000
 30
0
 40
250
  1
STAIR HALL
100
AcDbText
  0
TEXT
  5
2B6
100
AcDbEntity
  8
TEXT
100
AcDbText
 10
9500
 20
12000
 30
0
 40
250
  1
DRESSING
100
AcDbText
  0
LWPOLYLINE
  5
2B7
100
AcDbEntity
  8
SANITARY
100
AcDbPolyline
 90
4
 70
1
 10
8475
 20
15025
 10
8875
 20
15025
 10
8875
 20
15625
 10
8475
 20
15625
  0
TEXT
  5
2B8
100
AcDbEntity
  8
TEXT
100
AcDbText
 10
13500
 20
12000
 30
0
 40
250
  1
DRESSING
100
AcDbText
  0
LWPOLYLINE
  5
2B9
100
AcDbEntity
  8
SANITARY
100
AcDbPolyline
 90
4
 70
1
 10
12475
 20
15025
 10
12875
 20
15025
 10
12875
 20
15625
 10
12475
 20
15625
  0
TEXT
  5
2BA
100
AcDbEntity
  8
TEXT
100
AcDbText
 10
17500
 20
12000
 30
0
 40
250
  1
STAIR HALL
100
AcDbText
  0
TEXT
  5
2BB
100
AcDbEntity
  8
TEXT
100
AcDbText
 10
21481.2500
 20
12000
 30
0
 40
250
  1
STORE
100
AcDbText
  0
TEXT
  5
2BC
100
AcDbEntity
  8
TEXT
100
AcDbText
 10
1518.7500
 20
19981.2500
 30
0
 40
250
  1
BEDROOM
100
AcDbText
  0
TEXT
  5
2BD
100
AcDbEntity
  8
TEXT
100
AcDbText
 10
5500
 20
19981.2500
 30
0
 40
250
  1
BEDROOM
100
AcDbText
  0
TEXT
  5
2BE
100
AcDbEntity
  8
TEXT
100
AcDbText
 10
9500
 20
19981.2500
 30
0
 40
250
  1
MASTER BEDROOM
100
AcDbText
  0
TEXT
  5
2BF
100
AcDbEntity
  8
TEXT
100
AcDbText
 10
13500
 20
19981.2500
 30
0
 40
250
  1
MASTER BEDROOM
100
AcDbText
  0
TEXT
  5
2C0
100
AcDbEntity
  8
TEXT
100
AcDbText
 10
17500
 20
19981.2500
 30
0
 40
250
  1
BEDROOM
100
AcDbText
  0
TEXT
  5
2C1
100
AcDbEntity
  8
TEXT
100
AcDbText
 10
21481.2500
 20
19981.2500
 30
0
 40
250
  1
BEDROOM
100
AcDbText
  0
DIMENSION
  5
2C2
100
AcDbEntity
  8
DIM
100
AcDbDimension
  2
*D
 10
0
 20
-1800
 30
0
 11
12000
 21
-1550
 31
0
 70
33
  1

 42
24000
100
AcDbAlignedDimension
 13
0
 23
0
 33
0
 14
24000
 24
0
 34
0
  0
DIMENSION
  5
2C3
100
AcDbEntity
  8
DIM
100
AcDbDimension
  2
*D
 10
-1800
 20
0
 30
0
 11
-1550
 21
12000
 31
0
 70
33
  1

 42
24000
100
AcDbAlignedDimension
 13
0
 23
0
 33
0
 14
0
 24
24000
 34
0
  0
DIMENSION
  5
2C4
100
AcDbEntity
  8
DIM
100
AcDbDimension
  2
*D
 10
0
 20
25200
 30
0
 11
2000
 21
25450
 31
0
 70
33
  1

 42
4000
100
AcDbAlignedDimension
 13
0
 23
24000
 33
0
 14
4000
 24
24000
 34
0
  0
DIMENSION
  5
2C5
100
AcDbEntity
  8
DIM
100
AcDbDimension
  2
*D
 10
4000
 20
25200
 30
0
 11
6000
 21
25450
 31
0
 70
33
  1

 42
4000
100
AcDbAlignedDimension
 13
4000
 23
24000
 33
0
 14
8000
 24
24000
 34
0
  0
DIMENSION
  5
2C6
100
AcDbEntity
  8
DIM
100
AcDbDimension
  2
*D
 10
8000
 20
25200
 30
0
 11
10000
 21
25450
 31
0
 70
33
  1

 42
4000
100
AcDbAlignedDimension
 13
8000
 23
24000
 33
0
 14
12000
 24
24000
 34
0
  0
DIMENSION
  5
2C7
100
AcDbEntity
  8
DIM
100
AcDbDimension
  2
*D
 10
12000
 20
25200
 30
0
 11
14000
 21
25450
 31
0
 70
33
  1

 42
4000
100
AcDbAlignedDimension
 13
12000
 23
24000
 33
0
 14
16000
 24
24000
 34
0
  0
DIMENSION
  5
2C8
100
AcDbEntity
  8
DIM
100
AcDbDimension
  2
*D
 10
16000
 20
25200
 30
0
 11
18000
 21
25450
 31
0
 70
33
  1

 42
4000
100
AcDbAlignedDimension
 13
16000
 23
24000
 33
0
 14
20000
 24
24000
 34
0
  0
DIMENSION
  5
2C9
100
AcDbEntity
  8
DIM
100
AcDbDimension
  2
*D
 10
20000
 20
25200
 30
0
 11
22000
 21
25450
 31
0
 70
33
  1

 42
4000
100
AcDbAlignedDimension
 13
20000
 23
24000
 33
0
 14
24000
 24
24000
 34
0
  0
DIMENSION
  5
2CA
100
AcDbEntity
  8
DIM
100
AcDbDimension
  2
*D
 10
25200
 20
0
 30
0
 11
25450
 21
4000
 31
0
 70
33
  1

 42
8000
100
AcDbAlignedDimension
 13
24000
 23
0
 33
0
 14
24000
 24
8000
 34
0
  0
DIMENSION
  5
2CB
100
AcDbEntity
  8
DIM
100
AcDbDimension
  2
*D
 10
25200
 20
8000
 30
0
 11
25450
 21
12000
 31
0
 70
33
  1

 42
8000
100
AcDbAlignedDimension
 13
24000
 23
8000
 33
0
 14
24000
 24
16000
 34
0
  0
DIMENSION
  5
2CC
100
AcDbEntity
  8
DIM
100
AcDbDimension
  2
*D
 10
25200
 20
16000
 30
0
 11
25450
 21
20000
 31
0
 70
33
  1

 42
8000
100
AcDbAlignedDimension
 13
24000
 23
16000
 33
0
 14
24000
 24
24000
 34
0
  0
TEXT
  5
2CD
100
AcDbEntity
  8
TEXT
100
AcDbText
 10
0
 20
-3200
 30
0
 40
450
  1
GROUND FLOOR PLAN
100
AcDbText
  0
TEXT
  5
2CE
100
AcDbEntity
  8
TEXT
100
AcDbText
 10
26600
 20
12000
 30
0
 40
300
  1
+450
100
AcDbText
  0
TEXT
  5
2CF
100
AcDbEntity
  8
TEXT
100
AcDbText
 10
0
 20
-4200
 30
0
 40
250
  1
EACH FLAT OCCUPIES 271 SQUARE METRES ONLY.
100
AcDbText
  0
LWPOLYLINE
  5
2D0
100
AcDbEntity
  8
WIND
100
AcDbPolyline
 90
4
 70
1
 10
35940
 20
3400
 10
36060
 20
3400
 10
36060
 20
4600
 10
35940
 20
4600
  0
LWPOLYLINE
  5
2D1
100
AcDbEntity
  8
WIND
100
AcDbPolyline
 90
4
 70
1
 10
35940
 20
11400
 10
36060
 20
11400
 10
36060
 20
12600
 10
35940
 20
12600
  0
LWPOLYLINE
  5
2D2
100
AcDbEntity
  8
WIND
100
AcDbPolyline
 90
4
 70
1
 10
35940
 20
19400
 10
36060
 20
19400
 10
36060
 20
20600
 10
35940
 20
20600
  0
LWPOLYLINE
  5
2D3
100
AcDbEntity
  8
WIND
100
AcDbPolyline
 90
4
 70
1
 10
59940
 20
3400
 10
60060
 20
3400
 10
60060
 20
4600
 10
59940
 20
4600
  0
LWPOLYLINE
  5
2D4
100
AcDbEntity
  8
WIND
100
AcDbPolyline
 90
4
 70
1
 10
59940
 20
11400
 10
60060
 20
11400
 10
60060
 20
12600
 10
59940
 20
12600
  0
LWPOLYLINE
  5
2D5
100
AcDbEntity
  8
WIND
100
AcDbPolyline
 90
4
 70
1
 10
59940
 20
19400
 10
60060
 20
19400
 10
60060
 20
20600
 10
59940
 20
20600
  0
LWPOLYLINE
  5
2D6
100
AcDbEntity
  8
WIND
100
AcDbPolyline
 90
4
 70
1
 10
37400
 20
-60
 10
38600
 20
-60
 10
38600
 20
60
 10
37400
 20
60
  0
LWPOLYLINE
  5
2D7
100
AcDbEntity
  8
WIND
100
AcDbPolyline
 90
4
 70
1
 10
41400
 20
-60
 10
42600
 20
-60
 10
42600
 20
60
 10
41400
 20
60
  0
LWPOLYLINE
  5
2D8
100
AcDbEntity
  8
WIND
100
AcDbPolyline
 90
4
 70
1
 10
45400
 20
-60
 10
46600
 20
-60
 10
46600
 20
60
 10
45400
 20
60
  0
LWPOLYLINE
  5
2D9
100
AcDbEntity
  8
WIND
100
AcDbPolyline
 90
4
 70
1
 10
49400
 20
-60
 10
50600
 20
-60
 10
50600
 20
60
 10
49400
 20
60
  0
LWPOLYLINE
  5
2DA
100
AcDbEntity
  8
WIND
100
AcDbPolyline
 90
4
 70
1
 10
53400
 20
-60
 10
54600
 20
-60
 10
54600
 20
60
 10
53400
 20
60
  0
LWPOLYLINE
  5
2DB
100
AcDbEntity
  8
WIND
100
AcDbPolyline
 90
4
 70
1
 10
57400
 20
-60
 10
58600
 20
-60
 10
58600
 20
60
 10
57400
 20
60
  0
LWPOLYLINE
  5
2DC
100
AcDbEntity
  8
WIND
100
AcDbPolyline
 90
4
 70
1
 10
37400
 20
23940
 10
38600
 20
23940
 10
38600
 20
24060
 10
37400
 20
24060
  0
LWPOLYLINE
  5
2DD
100
AcDbEntity
  8
WIND
100
AcDbPolyline
 90
4
 70
1
 10
41400
 20
23940
 10
42600
 20
23940
 10
42600
 20
24060
 10
41400
 20
24060
  0
LWPOLYLINE
  5
2DE
100
AcDbEntity
  8
WIND
100
AcDbPolyline
 90
4
 70
1
 10
45400
 20
23940
 10
46600
 20
23940
 10
46600
 20
24060
 10
45400
 20
24060
  0
LWPOLYLINE
  5
2DF
100
AcDbEntity
  8
WIND
100
AcDbPolyline
 90
4
 70
1
 10
49400
 20
23940
 10
50600
 20
23940
 10
50600
 20
24060
 10
49400
 20
24060
  0
LWPOLYLINE
  5
2E0
100
AcDbEntity
  8
WIND
100
AcDbPolyline
 90
4
 70
1
 10
53400
 20
23940
 10
54600
 20
23940
 10
54600
 20
24060
 10
53400
 20
24060
  0
LWPOLYLINE
  5
2E1
100
AcDbEntity
  8
WIND
100
AcDbPolyline
 90
4
 70
1
 10
57400
 20
23940
 10
58600
 20
23940
 10
58600
 20
24060
 10
57400
 20
24060
  0
ARC
  5
2E2
100
AcDbEntity
  8
DOOR
100
AcDbCircle
 10
40000
 20
3550
 30
0
 40
900
100
AcDbArc
 50
90
 51
180
  0
LINE
  5
2E3
100
AcDbEntity
  8
DOOR
100
AcDbLine
 10
40000
 20
3550
 30
0
 11
39100
 21
3550
 31
0
  0
ARC
  5
2E4
100
AcDbEntity
  8
DOOR
100
AcDbCircle
 10
40000
 20
11550
 30
0
 40
900
100
AcDbArc
 50
90
 51
180
  0
LINE
  5
2E5
100
AcDbEntity
  8
DOOR
100
AcDbLine
 10
40000
 20
11550
 30
0
 11
39100
 21
11550
 31
0
  0
ARC
  5
2E6
100
AcDbEntity
  8
DOOR
100
AcDbCircle
 10
40000
 20
19550
 30
0
 40
900
100
AcDbArc
 50
90
 51
180
  0
LINE
  5
2E7
100
AcDbEntity
  8
DOOR
100
AcDbLine
 10
40000
 20
19550
 30
0
 11
39100
 21
19550
 31
0
  0
ARC
  5
2E8
100
AcDbEntity
  8
DOOR
100
AcDbCircle
 10
44000
 20
3550
 30
0
 40
900
100
AcDbArc
 50
90
 51
180
  0
LINE
  5
2E9
100
AcDbEntity
  8
DOOR
100
AcDbLine
 10
44000
 20
3550
 30
0
 11
43100
 21
3550
 31
0
  0
ARC
  5
2EA
100
AcDbEntity
  8
DOOR
100
AcDbCircle
 10
44000
 20
11550
 30
0
 40
900
100
AcDbArc
 50
90
 51
180
  0
LINE
  5
2EB
100
AcDbEntity
  8
DOOR
100
AcDbLine
 10
44000
 20
11550
 30
0
 11
43100
 21
11550
 31
0
  0
ARC
  5
2EC
100
AcDbEntity
  8
DOOR
100
AcDbCircle
 10
44000
 20
19550
 30
0
 40
900
100
AcDbArc
 50
90
 51
180
  0
LINE
  5
2ED
100
AcDbEntity
  8
DOOR
100
AcDbLine
 10
44000
 20
19550
 30
0
 11
43100
 21
19550
 31
0
  0
ARC
  5
2EE
100
AcDbEntity
  8
DOOR
100
AcDbCircle
 10
52000
 20
3550
 30
0
 40
900
100
AcDbArc
 50
90
 51
180
  0
LINE
  5
2EF
100
AcDbEntity
  8
DOOR
100
AcDbLine
 10
52000
 20
3550
 30
0
 11
51100
 21
3550
 31
0
  0
ARC
  5
2F0
100
AcDbEntity
  8
DOOR
100
AcDbCircle
 10
52000
 20
11550
 30
0
 40
900
100
AcDbArc
 50
90
 51
180
  0
LINE
  5
2F1
100
AcDbEntity
  8
DOOR
100
AcDbLine
 10
52000
 20
11550
 30
0
 11
51100
 21
11550
 31
0
  0
ARC
  5
2F2
100
AcDbEntity
  8
DOOR
100
AcDbCircle
 10
52000
 20
19550
 30
0
 40
900
100
AcDbArc
 50
90
 51
180
  0
LINE
  5
2F3
100
AcDbEntity
  8
DOOR
100
AcDbLine
 10
52000
 20
19550
 30
0
 11
51100
 21
19550
 31
0
  0
ARC
  5
2F4
100
AcDbEntity
  8
DOOR
100
AcDbCircle
 10
56000
 20
3550
 30
0
 40
900
100
AcDbArc
 50
90
 51
180
  0
LINE
  5
2F5
100
AcDbEntity
  8
DOOR
100
AcDbLine
 10
56000
 20
3550
 30
0
 11
55100
 21
3550
 31
0
  0
ARC
  5
2F6
100
AcDbEntity
  8
DOOR
100
AcDbCircle
 10
56000
 20
11550
 30
0
 40
900
100
AcDbArc
 50
90
 51
180
  0
LINE
  5
2F7
100
AcDbEntity
  8
DOOR
100
AcDbLine
 10
56000
 20
11550
 30
0
 11
55100
 21
11550
 31
0
  0
ARC
  5
2F8
100
AcDbEntity
  8
DOOR
100
AcDbCircle
 10
56000
 20
19550
 30
0
 40
900
100
AcDbArc
 50
90
 51
180
  0
LINE
  5
2F9
100
AcDbEntity
  8
DOOR
100
AcDbLine
 10
56000
 20
19550
 30
0
 11
55100
 21
19550
 31
0
  0
ARC
  5
2FA
100
AcDbEntity
  8
DOOR
100
AcDbCircle
 10
41550
 20
8000
 30
0
 40
900
100
AcDbArc
 50
0
 51
90
  0
LINE
  5
2FB
100
AcDbEntity
  8
DOOR
100
AcDbLine
 10
41550
 20
8000
 30
0
 11
41550
 21
8900
 31
0
  0
ARC
  5
2FC
100
AcDbEntity
  8
DOOR
100
AcDbCircle
 10
45550
 20
8000
 30
0
 40
900
100
AcDbArc
 50
0
 51
90
  0
LINE
  5
2FD
100
AcDbEntity
  8
DOOR
100
AcDbLine
 10
45550
 20
8000
 30
0
 11
45550
 21
8900
 31
0
  0
ARC
  5
2FE
100
AcDbEntity
  8
DOOR
100
AcDbCircle
 10
49550
 20
8000
 30
0
 40
900
100
AcDbArc
 50
0
 51
90
  0
LINE
  5
2FF
100
AcDbEntity
  8
DOOR
100
AcDbLine
 10
49550
 20
8000
 30
0
 11
49550
 21
8900
 31
0
  0
ARC
  5
300
100
AcDbEntity
  8
DOOR
100
AcDbCircle
 10
53550
 20
8000
 30
0
 40
900
100
AcDbArc
 50
0
 51
90
  0
LINE
  5
301
100
AcDbEntity
  8
DOOR
100
AcDbLine
 10
53550
 20
8000
 30
0
 11
53550
 21
8900
 31
0
  0
ARC
  5
302
100
AcDbEntity
  8
DOOR
100
AcDbCircle
 10
37550
 20
16000
 30
0
 40
900
100
AcDbArc
 50
0
 51
90
  0
LINE
  5
303
100
AcDbEntity
  8
DOOR
100
AcDbLine
 10
37550
 20
16000
 30
0
 11
37550
 21
16900
 31
0
  0
ARC
  5
304
100
AcDbEntity
  8
DOOR
100
AcDbCircle
 10
41550
 20
16000
 30
0
 40
900
100
AcDbArc
 50
0
 51
90
  0
LINE
  5
305
100
AcDbEntity
  8
DOOR
100
AcDbLine
 10
41550
 20
16000
 30
0
 11
41550
 21
16900
 31
0
  0
ARC
  5
306
100
AcDbEntity
  8
DOOR
100
AcDbCircle
 10
45550
 20
16000
 30
0
 40
900
100
AcDbArc
 50
0
 51
90
  0
LINE
  5
307
100
AcDbEntity
  8
DOOR
100
AcDbLine
 10
45550
 20
16000
 30
0
 11
45550
 21
16900
 31
0
  0
ARC
  5
308
100
AcDbEntity
  8
DOOR
100
AcDbCircle
 10
49550
 20
16000
 30
0
 40
900
100
AcDbArc
 50
0
 51
90
  0
LINE
  5
309
100
AcDbEntity
  8
DOOR
100
AcDbLine
 10
49550
 20
16000
 30
0
 11
49550
 21
16900
 31
0
  0
ARC
  5
30A
100
AcDbEntity
  8
DOOR
100
AcDbCircle
 10
53550
 20
16000
 30
0
 40
900
100
AcDbArc
 50
0
 51
90
  0
LINE
  5
30B
100
AcDbEntity
  8
DOOR
100
AcDbLine
 10
53550
 20
16000
 30
0
 11
53550
 21
16900
 31
0
  0
ARC
  5
30C
100
AcDbEntity
  8
DOOR
100
AcDbCircle
 10
57550
 20
16000
 30
0
 40
900
100
AcDbArc
 50
0
 51
90
  0
LINE
  5
30D
100
AcDbEntity
  8
DOOR
100
AcDbLine
 10
57550
 20
16000
 30
0
 11
57550
 21
16900
 31
0
  0
LINE
  5
30E
100
AcDbEntity
  8
WALL
100
AcDbLine
370
50
 10
35887.5000
 20
0
 30
0
 11
35887.5000
 21
2693.3814
 31
0
  0
LINE
  5
30F
100
AcDbEntity
  8
WALL
100
AcDbLine
370
50
 10
35887.5000
 20
2688.3814
 30
0
 11
35887.5000
 21
3400
 31
0
  0
LINE
  5
310
100
AcDbEntity
  8
WALL
100
AcDbLine
370
50
 10
36112.5000
 20
1906.8789
 30
0
 11
36112.5000
 21
0
 31
0
  0
LINE
  5
311
100
AcDbEntity
  8
WALL
100
AcDbLine
370
50
 10
36112.5000
 20
3400
 30
0
 11
36112.5000
 21
1903.8789
 31
0
  0
LINE
  5
312
100
AcDbEntity
  8
WALL
100
AcDbLine
370
50
 10
35887.5000
 20
4600
 30
0
 11
35887.5000
 21
7293.3814
 31
0
  0
LINE
  5
313
100
AcDbEntity
  8
WALL
100
AcDbLine
370
50
 10
35887.5000
 20
7288.3814
 30
0
 11
35887.5000
 21
8000
 31
0
  0
LINE
  5
314
100
AcDbEntity
  8
WALL
100
AcDbLine
370
50
 10
36112.5000
 20
6506.8789
 30
0
 11
36112.5000
 21
4600
 31
0
  0
LINE
  5
315
100
AcDbEntity
  8
WALL
100
AcDbLine
370
50
 10
36112.5000
 20
8000
 30
0
 11
36112.5000
 21
6503.8789
 31
0
  0
LINE
  5
316
100
AcDbEntity
  8
WALL
100
AcDbLine
370
50
 10
35887.5000
 20
3400
 30
0
 11
36112.5000
 21
3400
 31
0
  0
LINE
  5
317
100
AcDbEntity
  8
WALL
100
AcDbLine
370
50
 10
35887.5000
 20
4600
 30
0
 11
36112.5000
 21
4600
 31
0
  0
LINE
  5
318
100
AcDbEntity
  8
WALL
100
AcDbLine
370
50
 10
35887.5000
 20
8000
 30
0
 11
35887.5000
 21
10888.1507
 31
0
  0
LINE
  5
319
100
AcDbEntity
  8
WALL
100
AcDbLine
370
50
 10
35887.5000
 20
10887.1507
 30
0
 11
35887.5000
 21
11400
 31
0
  0
LINE
  5
31A
100
AcDbEntity
  8
WALL
100
AcDbLine
370
50
 10
36112.5000
 20
10538.5271
 30
0
 11
36112.5000
 21
8000
 31
0
  0
LINE
  5
31B
100
AcDbEntity
  8
WALL
100
AcDbLine
370
50
 10
36112.5000
 20
11400
 30
0
 11
36112.5000
 21
10535.5271
 31
0
  0
LINE
  5
31C
100
AcDbEntity
  8
WALL
100
AcDbLine
370
50
 10
35887.5000
 20
12600
 30
0
 11
35887.5000
 21
15488.1507
 31
0
  0
LINE
  5
31D
100
AcDbEntity
  8
WALL
100
AcDbLine
370
50
 10
35887.5000
 20
15487.1507
 30
0
 11
35887.5000
 21
16000
 31
0
  0
LINE
  5
31E
100
AcDbEntity
  8
WALL
100
AcDbLine
370
50
 10
36112.5000
 20
15138.5271
 30
0
 11
36112.5000
 21
12600
 31
0
  0
LINE
  5
31F
100
AcDbEntity
  8
WALL
100
AcDbLine
370
50
 10
36112.5000
 20
16000
 30
0
 11
36112.5000
 21
15135.5271
 31
0
  0
LINE
  5
320
100
AcDbEntity
  8
WALL
100
AcDbLine
370
50
 10
35887.5000
 20
11400
 30
0
 11
36112.5000
 21
11400
 31
0
  0
LINE
  5
321
100
AcDbEntity
  8
WALL
100
AcDbLine
370
50
 10
35887.5000
 20
12600
 30
0
 11
36112.5000
 21
12600
 31
0
  0
LINE
  5
322
100
AcDbEntity
  8
WALL
100
AcDbLine
370
50
 10
35887.5000
 20
16000
 30
0
 11
35887.5000
 21
17713.3865
 31
0
  0
LINE
  5
323
100
AcDbEntity
  8
WALL
100
AcDbLine
370
50
 10
35887.5000
 20
17709.3865
 30
0
 11
35887.5000
 21
19400
 31
0
  0
LINE
  5
324
100
AcDbEntity
  8
WALL
100
AcDbLine
370
50
 10
36112.5000
 20
18959.3342
 30
0
 11
36112.5000
 21
16000
 31
0
  0
LINE
  5
325
100
AcDbEntity
  8
WALL
100
AcDbLine
370
50
 10
36112.5000
 20
19400
 30
0
 11
36112.5000
 21
18958.3342
 31
0
  0
LINE
  5
326
100
AcDbEntity
  8
WALL
100
AcDbLine
370
50
 10
35887.5000
 20
20600
 30
0
 11
35887.5000
 21
22313.3865
 31
0
  0
LINE
  5
327
100
AcDbEntity
  8
WALL
100
AcDbLine
370
50
 10
35887.5000
 20
22309.3865
 30
0
 11
35887.5000
 21
24000
 31
0
  0
LINE
  5
328
100
AcDbEntity
  8
WALL
100
AcDbLine
370
50
 10
36112.5000
 20
23559.3342
 30
0
 11
36112.5000
 21
20600
 31
0
  0
LINE
  5
329
100
AcDbEntity
  8
WALL
100
AcDbLine
370
50
 10
36112.5000
 20
24000
 30
0
 11
36112.5000
 21
23558.3342
 31
0
  0
LINE
  5
32A
100
AcDbEntity
  8
WALL
100
AcDbLine
370
50
 10
35887.5000
 20
19400
 30
0
 11
36112.5000
 21
19400
 31
0
  0
LINE
  5
32B
100
AcDbEntity
  8
WALL
100
AcDbLine
370
50
 10
35887.5000
 20
20600
 30
0
 11
36112.5000
 21
20600
 31
0
  0
LINE
  5
32C
100
AcDbEntity
  8
WALL
100
AcDbLine
370
50
 10
59887.5000
 20
0
 30
0
 11
59887.5000
 21
2429.4563
 31
0
  0
LINE
  5
32D
100
AcDbEntity
  8
WALL
100
AcDbLine
370
50
 10
59887.5000
 20
2426.4563
 30
0
 11
59887.5000
 21
3400
 31
0
  0
LINE
  5
32E
100
AcDbEntity
  8
WALL
100
AcDbLine
370
50
 10
60112.5000
 20
2936.4379
 30
0
 11
60112.5000
 21
0
 31
0
  0
LINE
  5
32F
100
AcDbEntity
  8
WALL
100
AcDbLine
370
50
 10
60112.5000
 20
3400
 30
0
 11
60112.5000
 21
2932.4379
 31
0
  0
LINE
  5
330
100
AcDbEntity
  8
WALL
100
AcDbLine
370
50
 10
59887.5000
 20
4600
 30
0
 11
59887.5000
 21
7029.4563
 31
0
  0
LINE
  5
331
100
AcDbEntity
  8
WALL
100
AcDbLine
370
50
 10
59887.5000
 20
7026.4563
 30
0
 11
59887.5000
 21
8000
 31
0
  0
LINE
  5
332
100
AcDbEntity
  8
WALL
100
AcDbLine
370
50
 10
60112.5000
 20
7536.4379
 30
0
 11
60112.5000
 21
4600
 31
0
  0
LINE
  5
333
100
AcDbEntity
  8
WALL
100
AcDbLine
370
50
 10
60112.5000
 20
8000
 30
0
 11
60112.5000
 21
7532.4379
 31
0
  0
LINE
  5
334
100
AcDbEntity
  8
WALL
100
AcDbLine
370
50
 10
59887.5000
 20
3400
 30
0
 11
60112.5000
 21
3400
 31
0
  0
LINE
  5
335
100
AcDbEntity
  8
WALL
100
AcDbLine
370
50
 10
59887.5000
 20
4600
 30
0
 11
60112.5000
 21
4600
 31
0
  0
LINE
  5
336
100
AcDbEntity
  8
WALL
100
AcDbLine
370
50
 10
59887.5000
 20
8000
 30
0
 11
59887.5000
 21
10044.0396
 31
0
  0
LINE
  5
337
100
AcDbEntity
  8
WALL
100
AcDbLine
370
50
 10
59887.5000
 20
10041.0396
 30
0
 11
59887.5000
 21
11400
 31
0
  0
LINE
  5
338
100
AcDbEntity
  8
WALL
100
AcDbLine
370
50
 10
60112.5000
 20
10600.3089
 30
0
 11
60112.5000
 21
8000
 31
0
  0
LINE
  5
339
100
AcDbEntity
  8
WALL
100
AcDbLine
370
50
 10
60112.5000
 20
11400
 30
0
 11
60112.5000
 21
10596.3089
 31
0
  0
LINE
  5
33A
100
AcDbEntity
  8
WALL
100
AcDbLine
370
50
 10
59887.5000
 20
12600
 30
0
 11
59887.5000
 21
14644.0396
 31
0
  0
LINE
  5
33B
100
AcDbEntity
  8
WALL
100
AcDbLine
370
50
 10
59887.5000
 20
14641.0396
 30
0
 11
59887.5000
 21
16000
 31
0
  0
LINE
  5
33C
100
AcDbEntity
  8
WALL
100
AcDbLine
370
50
 10
60112.5000
 20
15200.3089
 30
0
 11
60112.5000
 21
12600
 31
0
  0
LINE
  5
33D
100
AcDbEntity
  8
WALL
100
AcDbLine
370
50
 10
60112.5000
 20
16000
 30
0
 11
60112.5000
 21
15196.3089
 31
0
  0
LINE
  5
33E
100
AcDbEntity
  8
WALL
100
AcDbLine
370
50
 10
59887.5000
 20
11400
 30
0
 11
60112.5000
 21
11400
 31
0
  0
LINE
  5
33F
100
AcDbEntity
  8
WALL
100
AcDbLine
370
50
 10
59887.5000
 20
12600
 30
0
 11
60112.5000
 21
12600
 31
0
  0
LINE
  5
340
100
AcDbEntity
  8
WALL
100
AcDbLine
370
50
 10
59887.5000
 20
16000
 30
0
 11
59887.5000
 21
18980.7923
 31
0
  0
LINE
  5
341
100
AcDbEntity
  8
WALL
100
AcDbLine
370
50
 10
59887.5000
 20
18977.7923
 30
0
 11
59887.5000
 21
19400
 31
0
  0
LINE
  5
342
100
AcDbEntity
  8
WALL
100
AcDbLine
370
50
 10
60112.5000
 20
17821.3721
 30
0
 11
60112.5000
 21
16000
 31
0
  0
LINE
  5
343
100
AcDbEntity
  8
WALL
100
AcDbLine
370
50
 10
60112.5000
 20
19400
 30
0
 11
60112.5000
 21
17820.3721
 31
0
  0
LINE
  5
344
100
AcDbEntity
  8
WALL
100
AcDbLine
370
50
 10
59887.5000
 20
20600
 30
0
 11
59887.5000
 21
23580.7923
 31
0
  0
LINE
  5
345
100
AcDbEntity
  8
WALL
100
AcDbLine
370
50
 10
59887.5000
 20
23577.7923
 30
0
 11
59887.5000
 21
24000
 31
0
  0
LINE
  5
346
100
AcDbEntity
  8
WALL
100
AcDbLine
370
50
 10
60112.5000
 20
22421.3721
 30
0
 11
60112.5000
 21
20600
 31
0
  0
LINE
  5
347
100
AcDbEntity
  8
WALL
100
AcDbLine
370
50
 10
60112.5000
 20
24000
 30
0
 11
60112.5000
 21
22420.3721
 31
0
  0
LINE
  5
348
100
AcDbEntity
  8
WALL
100
AcDbLine
370
50
 10
59887.5000
 20
19400
 30
0
 11
60112.5000
 21
19400
 31
0
  0
LINE
  5
349
100
AcDbEntity
  8
WALL
100
AcDbLine
370
50
 10
59887.5000
 20
20600
 30
0
 11
60112.5000
 21
20600
 31
0
  0
LINE
  5
34A
100
AcDbEntity
  8
WALL
100
AcDbLine
370
50
 10
36000
 20
-112.5000
 30
0
 11
37400
 21
-112.5000
 31
0
  0
LINE
  5
34B
100
AcDbEntity
  8
WALL
100
AcDbLine
370
50
 10
37400
 20
112.5000
 30
0
 11
36000
 21
112.5000
 31
0
  0
LINE
  5
34C
100
AcDbEntity
  8
WALL
100
AcDbLine
370
50
 10
38600
 20
-112.5000
 30
0
 11
40000
 21
-112.5000
 31
0
  0
LINE
  5
34D
100
AcDbEntity
  8
WALL
100
AcDbLine
370
50
 10
40000
 20
112.5000
 30
0
 11
38600
 21
112.5000
 31
0
  0
LINE
  5
34E
100
AcDbEntity
  8
WALL
100
AcDbLine
370
50
 10
37400
 20
-112.5000
 30
0
 11
37400
 21
112.5000
 31
0
  0
LINE
  5
34F
100
AcDbEntity
  8
WALL
100
AcDbLine
370
50
 10
38600
 20
-112.5000
 30
0
 11
38600
 21
112.5000
 31
0
  0
LINE
  5
350
100
AcDbEntity
  8
WALL
100
AcDbLine
370
50
 10
40000
 20
-112.5000
 30
0
 11
41400
 21
-112.5000
 31
0
  0
LINE
  5
351
100
AcDbEntity
  8
WALL
100
AcDbLine
370
50
 10
41400
 20
112.5000
 30
0
 11
40000
 21
112.5000
 31
0
  0
LINE
  5
352
100
AcDbEntity
  8
WALL
100
AcDbLine
370
50
 10
42600
 20
-112.5000
 30
0
 11
44000
 21
-112.5000
 31
0
  0
LINE
  5
353
100
AcDbEntity
  8
WALL
100
AcDbLine
370
50
 10
44000
 20
112.5000
 30
0
 11
42600
 21
112.5000
 31
0
  0
LINE
  5
354
100
AcDbEntity
  8
WALL
100
AcDbLine
370
50
 10
41400
 20
-112.5000
 30
0
 11
41400
 21
112.5000
 31
0
  0
LINE
  5
355
100
AcDbEntity
  8
WALL
100
AcDbLine
370
50
 10
42600
 20
-112.5000
 30
0
 11
42600
 21
112.5000
 31
0
  0
LINE
  5
356
100
AcDbEntity
  8
WALL
100
AcDbLine
370
50
 10
44000
 20
-112.5000
 30
0
 11
45400
 21
-112.5000
 31
0
  0
LINE
  5
357
100
AcDbEntity
  8
WALL
100
AcDbLine
370
50
 10
45400
 20
112.5000
 30
0
 11
44000
 21
112.5000
 31
0
  0
LINE
  5
358
100
AcDbEntity
  8
WALL
100
AcDbLine
370
50
 10
46600
 20
-112.5000
 30
0
 11
48000
 21
-112.5000
 31
0
  0
LINE
  5
359
100
AcDbEntity
  8
WALL
100
AcDbLine
370
50
 10
48000
 20
112.5000
 30
0
 11
46600
 21
112.5000
 31
0
  0
LINE
  5
35A
100
AcDbEntity
  8
WALL
100
AcDbLine
370
50
 10
45400
 20
-112.5000
 30
0
 11
45400
 21
112.5000
 31
0
  0
LINE
  5
35B
100
AcDbEntity
  8
WALL
100
AcDbLine
370
50
 10
46600
 20
-112.5000
 30
0
 11
46600
 21
112.5000
 31
0
  0
LINE
  5
35C
100
AcDbEntity
  8
WALL
100
AcDbLine
370
50
 10
48000
 20
-112.5000
 30
0
 11
49400
 21
-112.5000
 31
0
  0
LINE
  5
35D
100
AcDbEntity
  8
WALL
100
AcDbLine
370
50
 10
49400
 20
112.5000
 30
0
 11
48000
 21
112.5000
 31
0
  0
LINE
  5
35E
100
AcDbEntity
  8
WALL
100
AcDbLine
370
50
 10
50600
 20
-112.5000
 30
0
 11
52000
 21
-112.5000
 31
0
  0
LINE
  5
35F
100
AcDbEntity
  8
WALL
100
AcDbLine
370
50
 10
52000
 20
112.5000
 30
0
 11
50600
 21
112.5000
 31
0
  0
LINE
  5
360
100
AcDbEntity
  8
WALL
100
AcDbLine
370
50
 10
49400
 20
-112.5000
 30
0
 11
49400
 21
112.5000
 31
0
  0
LINE
  5
361
100
AcDbEntity
  8
WALL
100
AcDbLine
370
50
 10
50600
 20
-112.5000
 30
0
 11
50600
 21
112.5000
 31
0
  0
LINE
  5
362
100
AcDbEntity
  8
WALL
100
AcDbLine
370
50
 10
52000
 20
-112.5000
 30
0
 11
53400
 21
-112.5000
 31
0
  0
LINE
  5
363
100
AcDbEntity
  8
WALL
100
AcDbLine
370
50
 10
53400
 20
112.5000
 30
0
 11
52000
 21
112.5000
 31
0
  0
LINE
  5
364
100
AcDbEntity
  8
WALL
100
AcDbLine
370
50
 10
54600
 20
-112.5000
 30
0
 11
56000
 21
-112.5000
 31
0
  0
LINE
  5
365
100
AcDbEntity
  8
WALL
100
AcDbLine
370
50
 10
56000
 20
112.5000
 30
0
 11
54600
 21
112.5000
 31
0
  0
LINE
  5
366
100
AcDbEntity
  8
WALL
100
AcDbLine
370
50
 10
53400
 20
-112.5000
 30
0
 11
53400
 21
112.5000
 31
0
  0
LINE
  5
367
100
AcDbEntity
  8
WALL
100
AcDbLine
370
50
 10
54600
 20
-112.5000
 30
0
 11
54600
 21
112.5000
 31
0
  0
LINE
  5
368
100
AcDbEntity
  8
WALL
100
AcDbLine
370
50
 10
56000
 20
-112.5000
 30
0
 11
57400
 21
-112.5000
 31
0
  0
LINE
  5
369
100
AcDbEntity
  8
WALL
100
AcDbLine
370
50
 10
57400
 20
112.5000
 30
0
 11
56000
 21
112.5000
 31
0
  0
LINE
  5
36A
100
AcDbEntity
  8
WALL
100
AcDbLine
370
50
 10
58600
 20
-112.5000
 30
0
 11
60000
 21
-112.5000
 31
0
  0
LINE
  5
36B
100
AcDbEntity
  8
WALL
100
AcDbLine
370
50
 10
60000
 20
112.5000
 30
0
 11
58600
 21
112.5000
 31
0
  0
LINE
  5
36C
100
AcDbEntity
  8
WALL
100
AcDbLine
370
50
 10
57400
 20
-112.5000
 30
0
 11
57400
 21
112.5000
 31
0
  0
LINE
  5
36D
100
AcDbEntity
  8
WALL
100
AcDbLine
370
50
 10
58600
 20
-112.5000
 30
0
 11
58600
 21
112.5000
 31
0
  0
LINE
  5
36E
100
AcDbEntity
  8
WALL
100
AcDbLine
370
50
 10
36000
 20
23887.5000
 30
0
 11
37400
 21
23887.5000
 31
0
  0
LINE
  5
36F
100
AcDbEntity
  8
WALL
100
AcDbLine
370
50
 10
37400
 20
24112.5000
 30
0
 11
36000
 21
24112.5000
 31
0
  0
LINE
  5
370
100
AcDbEntity
  8
WALL
100
AcDbLine
370
50
 10
38600
 20
23887.5000
 30
0
 11
40000
 21
23887.5000
 31
0
  0
LINE
  5
371
100
AcDbEntity
  8
WALL
100
AcDbLine
370
50
 10
40000
 20
24112.5000
 30
0
 11
38600
 21
24112.5000
 31
0
  0
LINE
  5
372
100
AcDbEntity
  8
WALL
100
AcDbLine
370
50
 10
37400
 20
23887.5000
 30
0
 11
37400
 21
24112.5000
 31
0
  0
LINE
  5
373
100
AcDbEntity
  8
WALL
100
AcDbLine
370
50
 10
38600
 20
23887.5000
 30
0
 11
38600
 21
24112.5000
 31
0
  0
LINE
  5
374
100
AcDbEntity
  8
WALL
100
AcDbLine
370
50
 10
40000
 20
23887.5000
 30
0
 11
41400
 21
23887.5000
 31
0
  0
LINE
  5
375
100
AcDbEntity
  8
WALL
100
AcDbLine
370
50
 10
41400
 20
24112.5000
 30
0
 11
40000
 21
24112.5000
 31
0
  0
LINE
  5
376
100
AcDbEntity
  8
WALL
100
AcDbLine
370
50
 10
42600
 20
23887.5000
 30
0
 11
44000
 21
23887.5000
 31
0
  0
LINE
  5
377
100
AcDbEntity
  8
WALL
100
AcDbLine
370
50
 10
44000
 20
24112.5000
 30
0
 11
42600
 21
24112.5000
 31
0
  0
LINE
  5
378
100
AcDbEntity
  8
WALL
100
AcDbLine
370
50
 10
41400
 20
23887.5000
 30
0
 11
41400
 21
24112.5000
 31
0
  0
LINE
  5
379
100
AcDbEntity
  8
WALL
100
AcDbLine
370
50
 10
42600
 20
23887.5000
 30
0
 11
42600
 21
24112.5000
 31
0
  0
LINE
  5
37A
100
AcDbEntity
  8
WALL
100
AcDbLine
370
50
 10
44000
 20
23887.5000
 30
0
 11
45400
 21
23887.5000
 31
0
  0
LINE
  5
37B
100
AcDbEntity
  8
WALL
100
AcDbLine
370
50
 10
45400
 20
24112.5000
 30
0
 11
44000
 21
24112.5000
 31
0
  0
LINE
  5
37C
100
AcDbEntity
  8
WALL
100
AcDbLine
370
50
 10
46600
 20
23887.5000
 30
0
 11
48000
 21
23887.5000
 31
0
  0
LINE
  5
37D
100
AcDbEntity
  8
WALL
100
AcDbLine
370
50
 10
48000
 20
24112.5000
 30
0
 11
46600
 21
24112.5000
 31
0
  0
LINE
  5
37E
100
AcDbEntity
  8
WALL
100
AcDbLine
370
50
 10
45400
 20
23887.5000
 30
0
 11
45400
 21
24112.5000
 31
0
  0
LINE
  5
37F
100
AcDbEntity
  8
WALL
100
AcDbLine
370
50
 10
46600
 20
23887.5000
 30
0
 11
46600
 21
24112.5000
 31
0
  0
LINE
  5
380
100
AcDbEntity
  8
WALL
100
AcDbLine
370
50
 10
48000
 20
23887.5000
 30
0
 11
49400
 21
23887.5000
 31
0
  0
LINE
  5
381
100
AcDbEntity
  8
WALL
100
AcDbLine
370
50
 10
49400
 20
24112.5000
 30
0
 11
48000
 21
24112.5000
 31
0
  0
LINE
  5
382
100
AcDbEntity
  8
WALL
100
AcDbLine
370
50
 10
50600
 20
23887.5000
 30
0
 11
52000
 21
23887.5000
 31
0
  0
LINE
  5
383
100
AcDbEntity
  8
WALL
100
AcDbLine
370
50
 10
52000
 20
24112.5000
 30
0
 11
50600
 21
24112.5000
 31
0
  0
LINE
  5
384
100
AcDbEntity
  8
WALL
100
AcDbLine
370
50
 10
49400
 20
23887.5000
 30
0
 11
49400
 21
24112.5000
 31
0
  0
LINE
  5
385
100
AcDbEntity
  8
WALL
100
AcDbLine
370
50
 10
50600
 20
23887.5000
 30
0
 11
50600
 21
24112.5000
 31
0
  0
LINE
  5
386
100
AcDbEntity
  8
WALL
100
AcDbLine
370
50
 10
52000
 20
23887.5000
 30
0
 11
53400
 21
23887.5000
 31
0
  0
LINE
  5
387
100
AcDbEntity
  8
WALL
100
AcDbLine
370
50
 10
53400
 20
24112.5000
 30
0
 11
52000
 21
24112.5000
 31
0
  0
LINE
  5
388
100
AcDbEntity
  8
WALL
100
AcDbLine
370
50
 10
54600
 20
23887.5000
 30
0
 11
56000
 21
23887.5000
 31
0
  0
LINE
  5
389
100
AcDbEntity
  8
WALL
100
AcDbLine
370
50
 10
56000
 20
24112.5000
 30
0
 11
54600
 21
24112.5000
 31
0
  0
LINE
  5
38A
100
AcDbEntity
  8
WALL
100
AcDbLine
370
50
 10
53400
 20
23887.5000
 30
0
 11
53400
 21
24112.5000
 31
0
  0
LINE
  5
38B
100
AcDbEntity
  8
WALL
100
AcDbLine
370
50
 10
54600
 20
23887.5000
 30
0
 11
54600
 21
24112.5000
 31
0
  0
LINE
  5
38C
100
AcDbEntity
  8
WALL
100
AcDbLine
370
50
 10
56000
 20
23887.5000
 30
0
 11
57400
 21
23887.5000
 31
0
  0
LINE
  5
38D
100
AcDbEntity
  8
WALL
100
AcDbLine
370
50
 10
57400
 20
24112.5000
 30
0
 11
56000
 21
24112.5000
 31
0
  0
LINE
  5
38E
100
AcDbEntity
  8
WALL
100
AcDbLine
370
50
 10
58600
 20
23887.5000
 30
0
 11
60000
 21
23887.5000
 31
0
  0
LINE
  5
38F
100
AcDbEntity
  8
WALL
100
AcDbLine
370
50
 10
60000
 20
24112.5000
 30
0
 11
58600
 21
24112.5000
 31
0
  0
LINE
  5
390
100
AcDbEntity
  8
WALL
100
AcDbLine
370
50
 10
57400
 20
23887.5000
 30
0
 11
57400
 21
24112.5000
 31
0
  0
LINE
  5
391
100
AcDbEntity
  8
WALL
100
AcDbLine
370
50
 10
58600
 20
23887.5000
 30
0
 11
58600
 21
24112.5000
 31
0
  0
LINE
  5
392
100
AcDbEntity
  8
WALL
100
AcDbLine
370
50
 10
39925
 20
0
 30
0
 11
39925
 21
1601.0883
 31
0
  0
LINE
  5
393
100
AcDbEntity
  8
WALL
100
AcDbLine
370
50
 10
39925
 20
1597.0883
 30
0
 11
39925
 21
3550
 31
0
  0
LINE
  5
394
100
AcDbEntity
  8
WALL
100
AcDbLine
370
50
 10
40075
 20
2640.5629
 30
0
 11
40075
 21
0
 31
0
  0
LINE
  5
395
100
AcDbEntity
  8
WALL
100
AcDbLine
370
50
 10
40075
 20
3550
 30
0
 11
40075
 21
2638.5629
 31
0
  0
LINE
  5
396
100
AcDbEntity
  8
WALL
100
AcDbLine
370
50
 10
39925
 20
4450
 30
0
 11
39925
 21
6051.0883
 31
0
  0
LINE
  5
397
100
AcDbEntity
  8
WALL
100
AcDbLine
370
50
 10
39925
 20
6047.0883
 30
0
 11
39925
 21
8000
 31
0
  0
LINE
  5
398
100
AcDbEntity
  8
WALL
100
AcDbLine
370
50
 10
40075
 20
7090.5629
 30
0
 11
40075
 21
4450
 31
0
  0
LINE
  5
399
100
AcDbEntity
  8
WALL
100
AcDbLine
370
50
 10
40075
 20
8000
 30
0
 11
40075
 21
7088.5629
 31
0
  0
LINE
  5
39A
100
AcDbEntity
  8
WALL
100
AcDbLine
370
50
 10
39925
 20
3550
 30
0
 11
40075
 21
3550
 31
0
  0
LINE
  5
39B
100
AcDbEntity
  8
WALL
100
AcDbLine
370
50
 10
39925
 20
4450
 30
0
 11
40075
 21
4450
 31
0
  0
LINE
  5
39C
100
AcDbEntity
  8
WALL
100
AcDbLine
370
50
 10
39925
 20
8000
 30
0
 11
39925
 21
10739.0166
 31
0
  0
LINE
  5
39D
100
AcDbEntity
  8
WALL
100
AcDbLine
370
50
 10
39925
 20
10735.0166
 30
0
 11
39925
 21
11550
 31
0
  0
LINE
  5
39E
100
AcDbEntity
  8
WALL
100
AcDbLine
370
50
 10
40075
 20
9761.9690
 30
0
 11
40075
 21
8000
 31
0
  0
LINE
  5
39F
100
AcDbEntity
  8
WALL
100
AcDbLine
370
50
 10
40075
 20
11550
 30
0
 11
40075
 21
9757.9690
 31
0
  0
LINE
  5
3A0
100
AcDbEntity
  8
WALL
100
AcDbLine
370
50
 10
39925
 20
12450
 30
0
 11
39925
 21
15189.0166
 31
0
  0
LINE
  5
3A1
100
AcDbEntity
  8
WALL
100
AcDbLine
370
50
 10
39925
 20
15185.0166
 30
0
 11
39925
 21
16000
 31
0
  0
LINE
  5
3A2
100
AcDbEntity
  8
WALL
100
AcDbLine
370
50
 10
40075
 20
14211.9690
 30
0
 11
40075
 21
12450
 31
0
  0
LINE
  5
3A3
100
AcDbEntity
  8
WALL
100
AcDbLine
370
50
 10
40075
 20
16000
 30
0
 11
40075
 21
14207.9690
 31
0
  0
LINE
  5
3A4
100
AcDbEntity
  8
WALL
100
AcDbLine
370
50
 10
39925
 20
11550
 30
0
 11
40075
 21
11550
 31
0
  0
LINE
  5
3A5
100
AcDbEntity
  8
WALL
100
AcDbLine
370
50
 10
39925
 20
12450
 30
0
 11
40075
 21
12450
 31
0
  0
LINE
  5
3A6
100
AcDbEntity
  8
WALL
100
AcDbLine
370
50
 10
39925
 20
16000
 30
0
 11
39925
 21
18856.7220
 31
0
  0
LINE
  5
3A7
100
AcDbEntity
  8
WALL
100
AcDbLine
370
50
 10
39925
 20
18851.7220
 30
0
 11
39925
 21
19550
 31
0
  0
LINE
  5
3A8
100
AcDbEntity
  8
WALL
100
AcDbLine
370
50
 10
40075
 20
18906.0453
 30
0
 11
40075
 21
16000
 31
0
  0
LINE
  5
3A9
100
AcDbEntity
  8
WALL
100
AcDbLine
370
50
 10
40075
 20
19550
 30
0
 11
40075
 21
18901.0453
 31
0
  0
LINE
  5
3AA
100
AcDbEntity
  8
WALL
100
AcDbLine
370
50
 10
39925
 20
20450
 30
0
 11
39925
 21
23306.7220
 31
0
  0
LINE
  5
3AB
100
AcDbEntity
  8
WALL
100
AcDbLine
370
50
 10
39925
 20
23301.7220
 30
0
 11
39925
 21
24000
 31
0
  0
LINE
  5
3AC
100
AcDbEntity
  8
WALL
100
AcDbLine
370
50
 10
40075
 20
23356.0453
 30
0
 11
40075
 21
20450
 31
0
  0
LINE
  5
3AD
100
AcDbEntity
  8
WALL
100
AcDbLine
370
50
 10
40075
 20
24000
 30
0
 11
40075
 21
23351.0453
 31
0
  0
LINE
  5
3AE
100
AcDbEntity
  8
WALL
100
AcDbLine
370
50
 10
39925
 20
19550
 30
0
 11
40075
 21
19550
 31
0
  0
LINE
  5
3AF
100
AcDbEntity
  8
WALL
100
AcDbLine
370
50
 10
39925
 20
20450
 30
0
 11
40075
 21
20450
 31
0
  0
LINE
  5
3B0
100
AcDbEntity
  8
WALL
100
AcDbLine
370
50
 10
43925
 20
0
 30
0
 11
43925
 21
2632.5960
 31
0
  0
LINE
  5
3B1
100
AcDbEntity
  8
WALL
100
AcDbLine
370
50
 10
43925
 20
2631.5960
 30
0
 11
43925
 21
3550
 31
0
  0
LINE
  5
3B2
100
AcDbEntity
  8
WALL
100
AcDbLine
370
50
 10
44075
 20
2995.0329
 30
0
 11
44075
 21
0
 31
0
  0
LINE
  5
3B3
100
AcDbEntity
  8
WALL
100
AcDbLine
370
50
 10
44075
 20
3550
 30
0
 11
44075
 21
2990.0329
 31
0
  0
LINE
  5
3B4
100
AcDbEntity
  8
WALL
100
AcDbLine
370
50
 10
43925
 20
4450
 30
0
 11
43925
 21
7082.5960
 31
0
  0
LINE
  5
3B5
100
AcDbEntity
  8
WALL
100
AcDbLine
370
50
 10
43925
 20
7081.5960
 30
0
 11
43925
 21
8000
 31
0
  0
LINE
  5
3B6
100
AcDbEntity
  8
WALL
100
AcDbLine
370
50
 10
44075
 20
7445.0329
 30
0
 11
44075
 21
4450
 31
0
  0
LINE
  5
3B7
100
AcDbEntity
  8
WALL
100
AcDbLine
370
50
 10
44075
 20
8000
 30
0
 11
44075
 21
7440.0329
 31
0
  0
LINE
  5
3B8
100
AcDbEntity
  8
WALL
100
AcDbLine
370
50
 10
43925
 20
3550
 30
0
 11
44075
 21
3550
 31
0
  0
LINE
  5
3B9
100
AcDbEntity
  8
WALL
100
AcDbLine
370
50
 10
43925
 20
4450
 30
0
 11
44075
 21
4450
 31
0
  0
LINE
  5
3BA
100
AcDbEntity
  8
WALL
100
AcDbLine
370
50
 10
43925
 20
8000
 30
0
 11
43925
 21
9773.9810
 31
0
  0
LINE
  5
3BB
100
AcDbEntity
  8
WALL
100
AcDbLine
370
50
 10
43925
 20
9772.9810
 30
0
 11
43925
 21
11550
 31
0
  0
LINE
  5
3BC
100
AcDbEntity
  8
WALL
100
AcDbLine
370
50
 10
44075
 20
10362.6939
 30
0
 11
44075
 21
8000
 31
0
  0
LINE
  5
3BD
100
AcDbEntity
  8
WALL
100
AcDbLine
370
50
 10
44075
 20
11550
 30
0
 11
44075
 21
10360.6939
 31
0
  0
LINE
  5
3BE
100
AcDbEntity
  8
WALL
100
AcDbLine
370
50
 10
43925
 20
12450
 30
0
 11
43925
 21
14223.9810
 31
0
  0
LINE
  5
3BF
100
AcDbEntity
  8
WALL
100
AcDbLine
370
50
 10
43925
 20
14222.9810
 30
0
 11
43925
 21
16000
 31
0
  0
LINE
  5
3C0
100
AcDbEntity
  8
WALL
100
AcDbLine
370
50
 10
44075
 20
14812.6939
 30
0
 11
44075
 21
12450
 31
0
  0
LINE
  5
3C1
100
AcDbEntity
  8
WALL
100
AcDbLine
370
50
 10
44075
 20
16000
 30
0
 11
44075
 21
14810.6939
 31
0
  0
LINE
  5
3C2
100
AcDbEntity
  8
WALL
100
AcDbLine
370
50
 10
43925
 20
11550
 30
0
 11
44075
 21
11550
 31
0
  0
LINE
  5
3C3
100
AcDbEntity
  8
WALL
100
AcDbLine
370
50
 10
43925
 20
12450
 30
0
 11
44075
 21
12450
 31
0
  0
LINE
  5
3C4
100
AcDbEntity
  8
WALL
100
AcDbLine
370
50
 10
43925
 20
16000
 30
0
 11
43925
 21
18910.2515
 31
0
  0
LINE
  5
3C5
100
AcDbEntity
  8
WALL
100
AcDbLine
370
50
 10
43925
 20
18905.2515
 30
0
 11
43925
 21
19550
 31
0
  0
LINE
  5
3C6
100
AcDbEntity
  8
WALL
100
AcDbLine
370
50
 10
44075
 20
18120.7689
 30
0
 11
44075
 21
16000
 31
0
  0
LINE
  5
3C7
100
AcDbEntity
  8
WALL
100
AcDbLine
370
50
 10
44075
 20
19550
 30
0
 11
44075
 21
18119.7689
 31
0
  0
LINE
  5
3C8
100
AcDbEntity
  8
WALL
100
AcDbLine
370
50
 10
43925
 20
20450
 30
0
 11
43925
 21
23360.2515
 31
0
  0
LINE
  5
3C9
100
AcDbEntity
  8
WALL
100
AcDbLine
370
50
 10
43925
 20
23355.2515
 30
0
 11
43925
 21
24000
 31
0
  0
LINE
  5
3CA
100
AcDbEntity
  8
WALL
100
AcDbLine
370
50
 10
44075
 20
22570.7689
 30
0
 11
44075
 21
20450
 31
0
  0
LINE
  5
3CB
100
AcDbEntity
  8
WALL
100
AcDbLine
370
50
 10
44075
 20
24000
 30
0
 11
44075
 21
22569.7689
 31
0
  0
LINE
  5
3CC
100
AcDbEntity
  8
WALL
100
AcDbLine
370
50
 10
43925
 20
19550
 30
0
 11
44075
 21
19550
 31
0
  0
LINE
  5
3CD
100
AcDbEntity
  8
WALL
100
AcDbLine
370
50
 10
43925
 20
20450
 30
0
 11
44075
 21
20450
 31
0
  0
LINE
  5
3CE
100
AcDbEntity
  8
WALL
100
AcDbLine
370
50
 10
47925
 20
0
 30
0
 11
47925
 21
2995.9761
 31
0
  0
LINE
  5
3CF
100
AcDbEntity
  8
WALL
100
AcDbLine
370
50
 10
47925
 20
2990.9761
 30
0
 11
47925
 21
5391.6468
 31
0
  0
LINE
  5
3D0
100
AcDbEntity
  8
WALL
100
AcDbLine
370
50
 10
47925
 20
5392.6468
 30
0
 11
47925
 21
8000
 31
0
  0
LINE
  5
3D1
100
AcDbEntity
  8
WALL
100
AcDbLine
370
50
 10
48075
 20
2467.5709
 30
0
 11
48075
 21
0
 31
0
  0
LINE
  5
3D2
100
AcDbEntity
  8
WALL
100
AcDbLine
370
50
 10
48075
 20
5452.8575
 30
0
 11
48075
 21
2465.5709
 31
0
  0
LINE
  5
3D3
100
AcDbEntity
  8
WALL
100
AcDbLine
370
50
 10
48075
 20
8000
 30
0
 11
48075
 21
5456.8575
 31
0
  0
LINE
  5
3D4
100
AcDbEntity
  8
WALL
100
AcDbLine
370
50
 10
47925
 20
8000
 30
0
 11
47925
 21
10352.6782
 31
0
  0
LINE
  5
3D5
100
AcDbEntity
  8
WALL
100
AcDbLine
370
50
 10
47925
 20
10347.6782
 30
0
 11
47925
 21
12425.4121
 31
0
  0
LINE
  5
3D6
100
AcDbEntity
  8
WALL
100
AcDbLine
370
50
 10
47925
 20
12427.4121
 30
0
 11
47925
 21
15404.3922
 31
0
  0
LINE
  5
3D7
100
AcDbEntity
  8
WALL
100
AcDbLine
370
50
 10
47925
 20
15399.3922
 30
0
 11
47925
 21
16000
 31
0
  0
LINE
  5
3D8
100
AcDbEntity
  8
WALL
100
AcDbLine
370
50
 10
48075
 20
10978.4467
 30
0
 11
48075
 21
8000
 31
0
  0
LINE
  5
3D9
100
AcDbEntity
  8
WALL
100
AcDbLine
370
50
 10
48075
 20
13060.0530
 30
0
 11
48075
 21
10974.4467
 31
0
  0
LINE
  5
3DA
100
AcDbEntity
  8
WALL
100
AcDbLine
370
50
 10
48075
 20
16000
 30
0
 11
48075
 21
13064.0530
 31
0
  0
LINE
  5
3DB
100
AcDbEntity
  8
WALL
100
AcDbLine
370
50
 10
47925
 20
16000
 30
0
 11
47925
 21
18131.8622
 31
0
  0
LINE
  5
3DC
100
AcDbEntity
  8
WALL
100
AcDbLine
370
50
 10
47925
 20
18126.8622
 30
0
 11
47925
 21
21113.0151
 31
0
  0
LINE
  5
3DD
100
AcDbEntity
  8
WALL
100
AcDbLine
370
50
 10
47925
 20
21115.0151
 30
0
 11
47925
 21
24000
 31
0
  0
LINE
  5
3DE
100
AcDbEntity
  8
WALL
100
AcDbLine
370
50
 10
48075
 20
18030.7040
 30
0
 11
48075
 21
16000
 31
0
  0
LINE
  5
3DF
100
AcDbEntity
  8
WALL
100
AcDbLine
370
50
 10
48075
 20
20419.5305
 30
0
 11
48075
 21
18025.7040
 31
0
  0
LINE
  5
3E0
100
AcDbEntity
  8
WALL
100
AcDbLine
370
50
 10
48075
 20
23420.1075
 30
0
 11
48075
 21
20423.5305
 31
0
  0
LINE
  5
3E1
100
AcDbEntity
  8
WALL
100
AcDbLine
370
50
 10
48075
 20
24000
 30
0
 11
48075
 21
23417.1075
 31
0
  0
LINE
  5
3E2
100
AcDbEntity
  8
WALL
100
AcDbLine
370
50
 10
51925
 20
0
 30
0
 11
51925
 21
2476.8678
 31
0
  0
LINE
  5
3E3
100
AcDbEntity
  8
WALL
100
AcDbLine
370
50
 10
51925
 20
2472.8678
 30
0
 11
51925
 21
3550
 31
0
  0
LINE
  5
3E4
100
AcDbEntity
  8
WALL
100
AcDbLine
370
50
 10
52075
 20
1630.6690
 30
0
 11
52075
 21
0
 31
0
  0
LINE
  5
3E5
100
AcDbEntity
  8
WALL
100
AcDbLine
370
50
 10
52075
 20
3550
 30
0
 11
52075
 21
1628.6690
 31
0
  0
LINE
  5
3E6
100
AcDbEntity
  8
WALL
100
AcDbLine
370
50
 10
51925
 20
4450
 30
0
 11
51925
 21
6926.8678
 31
0
  0
LINE
  5
3E7
100
AcDbEntity
  8
WALL
100
AcDbLine
370
50
 10
51925
 20
6922.8678
 30
0
 11
51925
 21
8000
 31
0
  0
LINE
  5
3E8
100
AcDbEntity
  8
WALL
100
AcDbLine
370
50
 10
52075
 20
6080.6690
 30
0
 11
52075
 21
4450
 31
0
  0
LINE
  5
3E9
100
AcDbEntity
  8
WALL
100
AcDbLine
370
50
 10
52075
 20
8000
 30
0
 11
52075
 21
6078.6690
 31
0
  0
LINE
  5
3EA
100
AcDbEntity
  8
WALL
100
AcDbLine
370
50
 10
51925
 20
3550
 30
0
 11
52075
 21
3550
 31
0
  0
LINE
  5
3EB
100
AcDbEntity
  8
WALL
100
AcDbLine
370
50
 10
51925
 20
4450
 30
0
 11
52075
 21
4450
 31
0
  0
LINE
  5
3EC
100
AcDbEntity
  8
WALL
100
AcDbLine
370
50
 10
51925
 20
8000
 30
0
 11
51925
 21
10976.3356
 31
0
  0
LINE
  5
3ED
100
AcDbEntity
  8
WALL
100
AcDbLine
370
50
 10
51925
 20
10974.3356
 30
0
 11
51925
 21
11550
 31
0
  0
LINE
  5
3EE
100
AcDbEntity
  8
WALL
100
AcDbLine
370
50
 10
52075
 20
10722.0518
 30
0
 11
52075
 21
8000
 31
0
  0
LINE
  5
3EF
100
AcDbEntity
  8
WALL
100
AcDbLine
370
50
 10
52075
 20
11550
 30
0
 11
52075
 21
10719.0518
 31
0
  0
LINE
  5
3F0
100
AcDbEntity
  8
WALL
100
AcDbLine
370
50
 10
51925
 20
12450
 30
0
 11
51925
 21
15426.3356
 31
0
  0
LINE
  5
3F1
100
AcDbEntity
  8
WALL
100
AcDbLine
370
50
 10
51925
 20
15424.3356
 30
0
 11
51925
 21
16000
 31
0
  0
LINE
  5
3F2
100
AcDbEntity
  8
WALL
100
AcDbLine
370
50
 10
52075
 20
15172.0518
 30
0
 11
52075
 21
12450
 31
0
  0
LINE
  5
3F3
100
AcDbEntity
  8
WALL
100
AcDbLine
370
50
 10
52075
 20
16000
 30
0
 11
52075
 21
15169.0518
 31
0
  0
LINE
  5
3F4
100
AcDbEntity
  8
WALL
100
AcDbLine
370
50
 10
51925
 20
11550
 30
0
 11
52075
 21
11550
 31
0
  0
LINE
  5
3F5
100
AcDbEntity
  8
WALL
100
AcDbLine
370
50
 10
51925
 20
12450
 30
0
 11
52075
 21
12450
 31
0
  0
LINE
  5
3F6
100
AcDbEntity
  8
WALL
100
AcDbLine
370
50
 10
51925
 20
16000
 30
0
 11
51925
 21
18019.2678
 31
0
  0
LINE
  5
3F7
100
AcDbEntity
  8
WALL
100
AcDbLine
370
50
 10
51925
 20
18014.2678
 30
0
 11
51925
 21
19550
 31
0
  0
LINE
  5
3F8
100
AcDbEntity
  8
WALL
100
AcDbLine
370
50
 10
52075
 20
18869.1104
 30
0
 11
52075
 21
16000
 31
0
  0
LINE
  5
3F9
100
AcDbEntity
  8
WALL
100
AcDbLine
370
50
 10
52075
 20
19550
 30
0
 11
52075
 21
18868.1104
 31
0
  0
LINE
  5
3FA
100
AcDbEntity
  8
WALL
100
AcDbLine
370
50
 10
51925
 20
20450
 30
0
 11
51925
 21
22469.2678
 31
0
  0
LINE
  5
3FB
100
AcDbEntity
  8
WALL
100
AcDbLine
370
50
 10
51925
 20
22464.2678
 30
0
 11
51925
 21
24000
 31
0
  0
LINE
  5
3FC
100
AcDbEntity
  8
WALL
100
AcDbLine
370
50
 10
52075
 20
23319.1104
 30
0
 11
52075
 21
20450
 31
0
  0
LINE
  5
3FD
100
AcDbEntity
  8
WALL
100
AcDbLine
370
50
 10
52075
 20
24000
 30
0
 11
52075
 21
23318.1104
 31
0
  0
LINE
  5
3FE
100
AcDbEntity
  8
WALL
100
AcDbLine
370
50
 10
51925
 20
19550
 30
0
 11
52075
 21
19550
 31
0
  0
LINE
  5
3FF
100
AcDbEntity
  8
WALL
100
AcDbLine
370
50
 10
51925
 20
20450
 30
0
 11
52075
 21
20450
 31
0
  0
LINE
  5
400
100
AcDbEntity
  8
WALL
100
AcDbLine
370
50
 10
55925
 20
0
 30
0
 11
55925
 21
1618.5028
 31
0
  0
LINE
  5
401
100
AcDbEntity
  8
WALL
100
AcDbLine
370
50
 10
55925
 20
1613.5028
 30
0
 11
55925
 21
3550
 31
0
  0
LINE
  5
402
100
AcDbEntity
  8
WALL
100
AcDbLine
370
50
 10
56075
 20
2651.8263
 30
0
 11
56075
 21
0
 31
0
  0
LINE
  5
403
100
AcDbEntity
  8
WALL
100
AcDbLine
370
50
 10
56075
 20
3550
 30
0
 11
56075
 21
2648.8263
 31
0
  0
LINE
  5
404
100
AcDbEntity
  8
WALL
100
AcDbLine
370
50
 10
55925
 20
4450
 30
0
 11
55925
 21
6068.5028
 31
0
  0
LINE
  5
405
100
AcDbEntity
  8
WALL
100
AcDbLine
370
50
 10
55925
 20
6063.5028
 30
0
 11
55925
 21
8000
 31
0
  0
LINE
  5
406
100
AcDbEntity
  8
WALL
100
AcDbLine
370
50
 10
56075
 20
7101.8263
 30
0
 11
56075
 21
4450
 31
0
  0
LINE
  5
407
100
AcDbEntity
  8
WALL
100
AcDbLine
370
50
 10
56075
 20
8000
 30
0
 11
56075
 21
7098.8263
 31
0
  0
LINE
  5
408
100
AcDbEntity
  8
WALL
100
AcDbLine
370
50
 10
55925
 20
3550
 30
0
 11
56075
 21
3550
 31
0
  0
LINE
  5
409
100
AcDbEntity
  8
WALL
100
AcDbLine
370
50
 10
55925
 20
4450
 30
0
 11
56075
 21
4450
 31
0
  0
LINE
  5
40A
100
AcDbEntity
  8
WALL
100
AcDbLine
370
50
 10
55925
 20
8000
 30
0
 11
55925
 21
10729.0907
 31
0
  0
LINE
  5
40B
100
AcDbEntity
  8
WALL
100
AcDbLine
370
50
 10
55925
 20
10726.0907
 30
0
 11
55925
 21
11550
 31
0
  0
LINE
  5
40C
100
AcDbEntity
  8
WALL
100
AcDbLine
370
50
 10
56075
 20
9744.7586
 30
0
 11
56075
 21
8000
 31
0
  0
LINE
  5
40D
100
AcDbEntity
  8
WALL
100
AcDbLine
370
50
 10
56075
 20
11550
 30
0
 11
56075
 21
9741.7586
 31
0
  0
LINE
  5
40E
100
AcDbEntity
  8
WALL
100
AcDbLine
370
50
 10
55925
 20
12450
 30
0
 11
55925
 21
15179.0907
 31
0
  0
LINE
  5
40F
100
AcDbEntity
  8
WALL
100
AcDbLine
370
50
 10
55925
 20
15176.0907
 30
0
 11
55925
 21
16000
 31
0
  0
LINE
  5
410
100
AcDbEntity
  8
WALL
100
AcDbLine
370
50
 10
56075
 20
14194.7586
 30
0
 11
56075
 21
12450
 31
0
  0
LINE
  5
411
100
AcDbEntity
  8
WALL
100
AcDbLine
370
50
 10
56075
 20
16000
 30
0
 11
56075
 21
14191.7586
 31
0
  0
LINE
  5
412
100
AcDbEntity
  8
WALL
100
AcDbLine
370
50
 10
55925
 20
11550
 30
0
 11
56075
 21
11550
 31
0
  0
LINE
  5
413
100
AcDbEntity
  8
WALL
100
AcDbLine
370
50
 10
55925
 20
12450
 30
0
 11
56075
 21
12450
 31
0
  0
LINE
  5
414
100
AcDbEntity
  8
WALL
100
AcDbLine
370
50
 10
55925
 20
16000
 30
0
 11
55925
 21
18864.0775
 31
0
  0
LINE
  5
415
100
AcDbEntity
  8
WALL
100
AcDbLine
370
50
 10
55925
 20
18859.0775
 30
0
 11
55925
 21
19550
 31
0
  0
LINE
  5
416
100
AcDbEntity
  8
WALL
100
AcDbLine
370
50
 10
56075
 20
18899.8674
 30
0
 11
56075
 21
16000
 31
0
  0
LINE
  5
417
100
AcDbEntity
  8
WALL
100
AcDbLine
370
50
 10
56075
 20
19550
 30
0
 11
56075
 21
18898.8674
 31
0
  0
LINE
  5
418
100
AcDbEntity
  8
WALL
100
AcDbLine
370
50
 10
55925
 20
20450
 30
0
 11
55925
 21
23314.0775
 31
0
  0
LINE
  5
419
100
AcDbEntity
  8
WALL
100
AcDbLine
370
50
 10
55925
 20
23309.0775
 30
0
 11
55925
 21
24000
 31
0
  0
LINE
  5
41A
100
AcDbEntity
  8
WALL
100
AcDbLine
370
50
 10
56075
 20
23349.8674
 30
0
 11
56075
 21
20450
 31
0
  0
LINE
  5
41B
100
AcDbEntity
  8
WALL
100
AcDbLine
370
50
 10
56075
 20
24000
 30
0
 11
56075
 21
23348.8674
 31
0
  0
LINE
  5
41C
100
AcDbEntity
  8
WALL
100
AcDbLine
370
50
 10
55925
 20
19550
 30
0
 11
56075
 21
19550
 31
0
  0
LINE
  5
41D
100
AcDbEntity
  8
WALL
100
AcDbLine
370
50
 10
55925
 20
20450
 30
0
 11
56075
 21
20450
 31
0
  0
LINE
  5
41E
100
AcDbEntity
  8
WALL
100
AcDbLine
370
50
 10
36000
 20
7925
 30
0
 11
38993.3951
 21
7925
 31
0
  0
LINE
  5
41F
100
AcDbEntity
  8
WALL
100
AcDbLine
370
50
 10
38990.3951
 20
7925
 30
0
 11
40000
 21
7925
 31
0
  0
LINE
  5
420
100
AcDbEntity
  8
WALL
100
AcDbLine
370
50
 10
38644.7760
 20
8075
 30
0
 11
36000
 21
8075
 31
0
  0
LINE
  5
421
100
AcDbEntity
  8
WALL
100
AcDbLine
370
50
 10
40000
 20
8075
 30
0
 11
38641.7760
 21
8075
 31
0
  0
LINE
  5
422
100
AcDbEntity
  8
WALL
100
AcDbLine
370
50
 10
40000
 20
7925
 30
0
 11
41550
 21
7925
 31
0
  0
LINE
  5
423
100
AcDbEntity
  8
WALL
100
AcDbLine
370
50
 10
41550
 20
8075
 30
0
 11
40000
 21
8075
 31
0
  0
LINE
  5
424
100
AcDbEntity
  8
WALL
100
AcDbLine
370
50
 10
42450
 20
7925
 30
0
 11
44000
 21
7925
 31
0
  0
LINE
  5
425
100
AcDbEntity
  8
WALL
100
AcDbLine
370
50
 10
44000
 20
8075
 30
0
 11
42450
 21
8075
 31
0
  0
LINE
  5
426
100
AcDbEntity
  8
WALL
100
AcDbLine
370
50
 10
41550
 20
7925
 30
0
 11
41550
 21
8075
 31
0
  0
LINE
  5
427
100
AcDbEntity
  8
WALL
100
AcDbLine
370
50
 10
42450
 20
7925
 30
0
 11
42450
 21
8075
 31
0
  0
LINE
  5
428
100
AcDbEntity
  8
WALL
100
AcDbLine
370
50
 10
44000
 20
7925
 30
0
 11
45550
 21
7925
 31
0
  0
LINE
  5
429
100
AcDbEntity
  8
WALL
100
AcDbLine
370
50
 10
45550
 20
8075
 30
0
 11
44000
 21
8075
 31
0
  0
LINE
  5
42A
100
AcDbEntity
  8
WALL
100
AcDbLine
370
50
 10
46450
 20
7925
 30
0
 11
48000
 21
7925
 31
0
  0
LINE
  5
42B
100
AcDbEntity
  8
WALL
100
AcDbLine
370
50
 10
48000
 20
8075
 30
0
 11
46450
 21
8075
 31
0
  0
LINE
  5
42C
100
AcDbEntity
  8
WALL
100
AcDbLine
370
50
 10
45550
 20
7925
 30
0
 11
45550
 21
8075
 31
0
  0
LINE
  5
42D
100
AcDbEntity
  8
WALL
100
AcDbLine
370
50
 10
46450
 20
7925
 30
0
 11
46450
 21
8075
 31
0
  0
LINE
  5
42E
100
AcDbEntity
  8
WALL
100
AcDbLine
370
50
 10
48000
 20
7925
 30
0
 11
49550
 21
7925
 31
0
  0
LINE
  5
42F
100
AcDbEntity
  8
WALL
100
AcDbLine
370
50
 10
49550
 20
8075
 30
0
 11
48000
 21
8075
 31
0
  0
LINE
  5
430
100
AcDbEntity
  8
WALL
100
AcDbLine
370
50
 10
50450
 20
7925
 30
0
 11
52000
 21
7925
 31
0
  0
LINE
  5
431
100
AcDbEntity
  8
WALL
100
AcDbLine
370
50
 10
52000
 20
8075
 30
0
 11
50450
 21
8075
 31
0
  0
LINE
  5
432
100
AcDbEntity
  8
WALL
100
AcDbLine
370
50
 10
49550
 20
7925
 30
0
 11
49550
 21
8075
 31
0
  0
LINE
  5
433
100
AcDbEntity
  8
WALL
100
AcDbLine
370
50
 10
50450
 20
7925
 30
0
 11
50450
 21
8075
 31
0
  0
LINE
  5
434
100
AcDbEntity
  8
WALL
100
AcDbLine
370
50
 10
52000
 20
7925
 30
0
 11
53550
 21
7925
 31
0
  0
LINE
  5
435
100
AcDbEntity
  8
WALL
100
AcDbLine
370
50
 10
53550
 20
8075
 30
0
 11
52000
 21
8075
 31
0
  0
LINE
  5
436
100
AcDbEntity
  8
WALL
100
AcDbLine
370
50
 10
54450
 20
7925
 30
0
 11
56000
 21
7925
 31
0
  0
LINE
  5
437
100
AcDbEntity
  8
WALL
100
AcDbLine
370
50
 10
56000
 20
8075
 30
0
 11
54450
 21
8075
 31
0
  0
LINE
  5
438
100
AcDbEntity
  8
WALL
100
AcDbLine
370
50
 10
53550
 20
7925
 30
0
 11
53550
 21
8075
 31
0
  0
LINE
  5
439
100
AcDbEntity
  8
WALL
100
AcDbLine
370
50
 10
54450
 20
7925
 30
0
 11
54450
 21
8075
 31
0
  0
LINE
  5
43A
100
AcDbEntity
  8
WALL
100
AcDbLine
370
50
 10
56000
 20
7925
 30
0
 11
58641.3746
 21
7925
 31
0
  0
LINE
  5
43B
100
AcDbEntity
  8
WALL
100
AcDbLine
370
50
 10
58636.3746
 20
7925
 30
0
 11
60000
 21
7925
 31
0
  0
LINE
  5
43C
100
AcDbEntity
  8
WALL
100
AcDbLine
370
50
 10
57602.3359
 20
8075
 30
0
 11
56000
 21
8075
 31
0
  0
LINE
  5
43D
100
AcDbEntity
  8
WALL
100
AcDbLine
370
50
 10
60000
 20
8075
 30
0
 11
57601.3359
 21
8075
 31
0
  0
LINE
  5
43E
100
AcDbEntity
  8
WALL
100
AcDbLine
370
50
 10
36000
 20
15925
 30
0
 11
37550
 21
15925
 31
0
  0
LINE
  5
43F
100
AcDbEntity
  8
WALL
100
AcDbLine
370
50
 10
37550
 20
16075
 30
0
 11
36000
 21
16075
 31
0
  0
LINE
  5
440
100
AcDbEntity
  8
WALL
100
AcDbLine
370
50
 10
38450
 20
15925
 30
0
 11
40000
 21
15925
 31
0
  0
LINE
  5
441
100
AcDbEntity
  8
WALL
100
AcDbLine
370
50
 10
40000
 20
16075
 30
0
 11
38450
 21
16075
 31
0
  0
LINE
  5
442
100
AcDbEntity
  8
WALL
100
AcDbLine
370
50
 10
37550
 20
15925
 30
0
 11
37550
 21
16075
 31
0
  0
LINE
  5
443
100
AcDbEntity
  8
WALL
100
AcDbLine
370
50
 10
38450
 20
15925
 30
0
 11
38450
 21
16075
 31
0
  0
LINE
  5
444
100
AcDbEntity
  8
WALL
100
AcDbLine
370
50
 10
40000
 20
15925
 30
0
 11
41550
 21
15925
 31
0
  0
LINE
  5
445
100
AcDbEntity
  8
WALL
100
AcDbLine
370
50
 10
41550
 20
16075
 30
0
 11
40000
 21
16075
 31
0
  0
LINE
  5
446
100
AcDbEntity
  8
WALL
100
AcDbLine
370
50
 10
42450
 20
15925
 30
0
 11
44000
 21
15925
 31
0
  0
LINE
  5
447
100
AcDbEntity
  8
WALL
100
AcDbLine
370
50
 10
44000
 20
16075
 30
0
 11
42450
 21
16075
 31
0
  0
LINE
  5
448
100
AcDbEntity
  8
WALL
100
AcDbLine
370
50
 10
41550
 20
15925
 30
0
 11
41550
 21
16075
 31
0
  0
LINE
  5
449
100
AcDbEntity
  8
WALL
100
AcDbLine
370
50
 10
42450
 20
15925
 30
0
 11
42450
 21
16075
 31
0
  0
LINE
  5
44A
100
AcDbEntity
  8
WALL
100
AcDbLine
370
50
 10
44000
 20
15925
 30
0
 11
45550
 21
15925
 31
0
  0
LINE
  5
44B
100
AcDbEntity
  8
WALL
100
AcDbLine
370
50
 10
45550
 20
16075
 30
0
 11
44000
 21
16075
 31
0
  0
LINE
  5
44C
100
AcDbEntity
  8
WALL
100
AcDbLine
370
50
 10
46450
 20
15925
 30
0
 11
48000
 21
15925
 31
0
  0
LINE
  5
44D
100
AcDbEntity
  8
WALL
100
AcDbLine
370
50
 10
48000
 20
16075
 30
0
 11
46450
 21
16075
 31
0
  0
LINE
  5
44E
100
AcDbEntity
  8
WALL
100
AcDbLine
370
50
 10
45550
 20
15925
 30
0
 11
45550
 21
16075
 31
0
  0
LINE
  5
44F
100
AcDbEntity
  8
WALL
100
AcDbLine
370
50
 10
46450
 20
15925
 30
0
 11
46450
 21
16075
 31
0
  0
LINE
  5
450
100
AcDbEntity
  8
WALL
100
AcDbLine
370
50
 10
48000
 20
15925
 30
0
 11
49550
 21
15925
 31
0
  0
LINE
  5
451
100
AcDbEntity
  8
WALL
100
AcDbLine
370
50
 10
49550
 20
16075
 30
0
 11
48000
 21
16075
 31
0
  0
LINE
  5
452
100
AcDbEntity
  8
WALL
100
AcDbLine
370
50
 10
50450
 20
15925
 30
0
 11
52000
 21
15925
 31
0
  0
LINE
  5
453
100
AcDbEntity
  8
WALL
100
AcDbLine
370
50
 10
52000
 20
16075
 30
0
 11
50450
 21
16075
 31
0
  0
LINE
  5
454
100
AcDbEntity
  8
WALL
100
AcDbLine
370
50
 10
49550
 20
15925
 30
0
 11
49550
 21
16075
 31
0
  0
LINE
  5
455
100
AcDbEntity
  8
WALL
100
AcDbLine
370
50
 10
50450
 20
15925
 30
0
 11
50450
 21
16075
 31
0
  0
LINE
  5
456
100
AcDbEntity
  8
WALL
100
AcDbLine
370
50
 10
52000
 20
15925
 30
0
 11
53550
 21
15925
 31
0
  0
LINE
  5
457
100
AcDbEntity
  8
WALL
100
AcDbLine
370
50
 10
53550
 20
16075
 30
0
 11
52000
 21
16075
 31
0
  0
LINE
  5
458
100
AcDbEntity
  8
WALL
100
AcDbLine
370
50
 10
54450
 20
15925
 30
0
 11
56000
 21
15925
 31
0
  0
LINE
  5
459
100
AcDbEntity
  8
WALL
100
AcDbLine
370
50
 10
56000
 20
16075
 30
0
 11
54450
 21
16075
 31
0
  0
LINE
  5
45A
100
AcDbEntity
  8
WALL
100
AcDbLine
370
50
 10
53550
 20
15925
 30
0
 11
53550
 21
16075
 31
0
  0
LINE
  5
45B
100
AcDbEntity
  8
WALL
100
AcDbLine
370
50
 10
54450
 20
15925
 30
0
 11
54450
 21
16075
 31
0
  0
LINE
  5
45C
100
AcDbEntity
  8
WALL
100
AcDbLine
370
50
 10
56000
 20
15925
 30
0
 11
57550
 21
15925
 31
0
  0
LINE
  5
45D
100
AcDbEntity
  8
WALL
100
AcDbLine
370
50
 10
57550
 20
16075
 30
0
 11
56000
 21
16075
 31
0
  0
LINE
  5
45E
100
AcDbEntity
  8
WALL
100
AcDbLine
370
50
 10
58450
 20
15925
 30
0
 11
60000
 21
15925
 31
0
  0
LINE
  5
45F
100
AcDbEntity
  8
WALL
100
AcDbLine
370
50
 10
60000
 20
16075
 30
0
 11
58450
 21
16075
 31
0
  0
LINE
  5
460
100
AcDbEntity
  8
WALL
100
AcDbLine
370
50
 10
57550
 20
15925
 30
0
 11
57550
 21
16075
 31
0
  0
LINE
  5
461
100
AcDbEntity
  8
WALL
100
AcDbLine
370
50
 10
58450
 20
15925
 30
0
 11
58450
 21
16075
 31
0
  0
LWPOLYLINE
  5
462
100
AcDbEntity
  8
COLUMN
100
AcDbPolyline
 90
4
 70
1
 10
35885
 20
-115
 10
36115
 20
-115
 10
36115
 20
115
 10
35885
 20
115
  0
LWPOLYLINE
  5
463
100
AcDbEntity
  8
COLUMN
100
AcDbPolyline
 90
4
 70
1
 10
35885
 20
7885
 10
36115
 20
7885
 10
36115
 20
8115
 10
35885
 20
8115
  0
LWPOLYLINE
  5
464
100
AcDbEntity
  8
COLUMN
100
AcDbPolyline
 90
4
 70
1
 10
35885
 20
15885
 10
36115
 20
15885
 10
36115
 20
16115
 10
35885
 20
16115
  0
LWPOLYLINE
  5
465
100
AcDbEntity
  8
COLUMN
100
AcDbPolyline
 90
4
 70
1
 10
35885
 20
23885
 10
36115
 20
23885
 10
36115
 20
24115
 10
35885
 20
24115
  0
LWPOLYLINE
  5
466
100
AcDbEntity
  8
COLUMN
100
AcDbPolyline
 90
4
 70
1
 10
39885
 20
-115
 10
40115
 20
-115
 10
40115
 20
115
 10
39885
 20
115
  0
LWPOLYLINE
  5
467
100
AcDbEntity
  8
COLUMN
100
AcDbPolyline
 90
4
 70
1
 10
39885
 20
7885
 10
40115
 20
7885
 10
40115
 20
8115
 10
39885
 20
8115
  0
LWPOLYLINE
  5
468
100
AcDbEntity
  8
COLUMN
100
AcDbPolyline
 90
4
 70
1
 10
39885
 20
15885
 10
40115
 20
15885
 10
40115
 20
16115
 10
39885
 20
16115
  0
LWPOLYLINE
  5
469
100
AcDbEntity
  8
COLUMN
100
AcDbPolyline
 90
4
 70
1
 10
39885
 20
23885
 10
40115
 20
23885
 10
40115
 20
24115
 10
39885
 20
24115
  0
LWPOLYLINE
  5
46A
100
AcDbEntity
  8
COLUMN
100
AcDbPolyline
 90
4
 70
1
 10
43885
 20
-115
 10
44115
 20
-115
 10
44115
 20
115
 10
43885
 20
115
  0
LWPOLYLINE
  5
46B
100
AcDbEntity
  8
COLUMN
100
AcDbPolyline
 90
4
 70
1
 10
43885
 20
7885
 10
44115
 20
7885
 10
44115
 20
8115
 10
43885
 20
8115
  0
LWPOLYLINE
  5
46C
100
AcDbEntity
  8
COLUMN
100
AcDbPolyline
 90
4
 70
1
 10
43885
 20
15885
 10
44115
 20
15885
 10
44115
 20
16115
 10
43885
 20
16115
  0
LWPOLYLINE
  5
46D
100
AcDbEntity
  8
COLUMN
100
AcDbPolyline
 90
4
 70
1
 10
43885
 20
23885
 10
44115
 20
23885
 10
44115
 20
24115
 10
43885
 20
24115
  0
LWPOLYLINE
  5
46E
100
AcDbEntity
  8
COLUMN
100
AcDbPolyline
 90
4
 70
1
 10
47885
 20
-115
 10
48115
 20
-115
 10
48115
 20
115
 10
47885
 20
115
  0
LWPOLYLINE
  5
46F
100
AcDbEntity
  8
COLUMN
100
AcDbPolyline
 90
4
 70
1
 10
47885
 20
7885
 10
48115
 20
7885
 10
48115
 20
8115
 10
47885
 20
8115
  0
LWPOLYLINE
  5
470
100
AcDbEntity
  8
COLUMN
100
AcDbPolyline
 90
4
 70
1
 10
47885
 20
15885
 10
48115
 20
15885
 10
48115
 20
16115
 10
47885
 20
16115
  0
LWPOLYLINE
  5
471
100
AcDbEntity
  8
COLUMN
100
AcDbPolyline
 90
4
 70
1
 10
47885
 20
23885
 10
48115
 20
23885
 10
48115
 20
24115
 10
47885
 20
24115
  0
LWPOLYLINE
  5
472
100
AcDbEntity
  8
COLUMN
100
AcDbPolyline
 90
4
 70
1
 10
51885
 20
-115
 10
52115
 20
-115
 10
52115
 20
115
 10
51885
 20
115
  0
LWPOLYLINE
  5
473
100
AcDbEntity
  8
COLUMN
100
AcDbPolyline
 90
4
 70
1
 10
51885
 20
7885
 10
52115
 20
7885
 10
52115
 20
8115
 10
51885
 20
8115
  0
LWPOLYLINE
  5
474
100
AcDbEntity
  8
COLUMN
100
AcDbPolyline
 90
4
 70
1
 10
51885
 20
15885
 10
52115
 20
15885
 10
52115
 20
16115
 10
51885
 20
16115
  0
LWPOLYLINE
  5
475
100
AcDbEntity
  8
COLUMN
100
AcDbPolyline
 90
4
 70
1
 10
51885
 20
23885
 10
52115
 20
23885
 10
52115
 20
24115
 10
51885
 20
24115
  0
LWPOLYLINE
  5
476
100
AcDbEntity
  8
COLUMN
100
AcDbPolyline
 90
4
 70
1
 10
55885
 20
-115
 10
56115
 20
-115
 10
56115
 20
115
 10
55885
 20
115
  0
LWPOLYLINE
  5
477
100
AcDbEntity
  8
COLUMN
100
AcDbPolyline
 90
4
 70
1
 10
55885
 20
7885
 10
56115
 20
7885
 10
56115
 20
8115
 10
55885
 20
8115
  0
LWPOLYLINE
  5
478
100
AcDbEntity
  8
COLUMN
100
AcDbPolyline
 90
4
 70
1
 10
55885
 20
15885
 10
56115
 20
15885
 10
56115
 20
16115
 10
55885
 20
16115
  0
LWPOLYLINE
  5
479
100
AcDbEntity
  8
COLUMN
100
AcDbPolyline
 90
4
 70
1
 10
55885
 20
23885
 10
56115
 20
23885
 10
56115
 20
24115
 10
55885
 20
24115
  0
LWPOLYLINE
  5
47A
100
AcDbEntity
  8
COLUMN
100
AcDbPolyline
 90
4
 70
1
 10
59885
 20
-115
 10
60115
 20
-115
 10
60115
 20
115
 10
59885
 20
115
  0
LWPOLYLINE
  5
47B
100
AcDbEntity
  8
COLUMN
100
AcDbPolyline
 90
4
 70
1
 10
59885
 20
7885
 10
60115
 20
7885
 10
60115
 20
8115
 10
59885
 20
8115
  0
LWPOLYLINE
  5
47C
100
AcDbEntity
  8
COLUMN
100
AcDbPolyline
 90
4
 70
1
 10
59885
 20
15885
 10
60115
 20
15885
 10
60115
 20
16115
 10
59885
 20
16115
  0
LWPOLYLINE
  5
47D
100
AcDbEntity
  8
COLUMN
100
AcDbPolyline
 90
4
 70
1
 10
59885
 20
23885
 10
60115
 20
23885
 10
60115
 20
24115
 10
59885
 20
24115
  0
TEXT
  5
47E
100
AcDbEntity
  8
TEXT
100
AcDbText
 10
37518.7500
 20
4018.7500
 30
0
 40
250
  1
LOUNGE
100
AcDbText
  0
TEXT
  5
47F
100
AcDbEntity
  8
TEXT
100
AcDbText
 10
41500
 20
4018.7500
 30
0
 40
250
  1
DINING
100
AcDbText
  0
TEXT
  5
480
100
AcDbEntity
  8
TEXT
100
AcDbText
 10
45500
 20
4018.7500
 30
0
 40
250
  1
KITCHEN
100
AcDbText
  0
TEXT
  5
481
100
AcDbEntity
  8
TEXT
100
AcDbText
 10
49500
 20
4018.7500
 30
0
 40
250
  1
KITCHEN
100
AcDbText
  0
TEXT
  5
482
100
AcDbEntity
  8
TEXT
100
AcDbText
 10
53500
 20
4018.7500
 30
0
 40
250
  1
DINING
100
AcDbText
  0
TEXT
  5
483
100
AcDbEntity
  8
TEXT
100
AcDbText
 10
57481.2500
 20
4018.7500
 30
0
 40
250
  1
LOUNGE
100
AcDbText
  0
TEXT
  5
484
100
AcDbEntity
  8
TEXT
100
AcDbText
 10
37518.7500
 20
12000
 30
0
 40
250
  1
STORE
100
AcDbText
  0
TEXT
  5
485
100
AcDbEntity
  8
TEXT
100
AcDbText
 10
41500
 20
12000
 30
0
 40
250
  1
STAIR HALL
100
AcDbText
  0
TEXT
  5
486
100
AcDbEntity
  8
TEXT
100
AcDbText
 10
45500
 20
12000
 30
0
 40
250
  1
DRESSING
100
AcDbText
  0
LWPOLYLINE
  5
487
100
AcDbEntity
  8
SANITARY
100
AcDbPolyline
 90
4
 70
1
 10
44475
 20
15025
 10
44875
 20
15025
 10
44875
 20
15625
 10
44475
 20
15625
  0
TEXT
  5
488
100
AcDbEntity
  8
TEXT
100
AcDbText
 10
49500
 20
12000
 30
0
 40
250
  1
DRESSING
100
AcDbText
  0
LWPOLYLINE
  5
489
100
AcDbEntity
  8
SANITARY
100
AcDbPolyline
 90
4
 70
1
 10
48475
 20
15025
 10
48875
 20
15025
 10
48875
 20
15625
 10
48475
 20
15625
  0
TEXT
  5
48A
100
AcDbEntity
  8
TEXT
100
AcDbText
 10
53500
 20
12000
 30
0
 40
250
  1
STAIR HALL
100
AcDbText
  0
TEXT
  5
48B
100
AcDbEntity
  8
TEXT
100
AcDbText
 10
57481.2500
 20
12000
 30
0
 40
250
  1
STORE
100
AcDbText
  0
TEXT
  5
48C
100
AcDbEntity
  8
TEXT
100
AcDbText
 10
37518.7500
 20
19981.2500
 30
0
 40
250
  1
BEDROOM
100
AcDbText
  0
TEXT
  5
48D
100
AcDbEntity
  8
TEXT
100
AcDbText
 10
41500
 20
19981.2500
 30
0
 40
250
  1
BEDROOM
100
AcDbText
  0
TEXT
  5
48E
100
AcDbEntity
  8
TEXT
100
AcDbText
 10
45500
 20
19981.2500
 30
0
 40
250
  1
MASTER BEDROOM
100
AcDbText
  0
TEXT
  5
48F
100
AcDbEntity
  8
TEXT
100
AcDbText
 10
49500
 20
19981.2500
 30
0
 40
250
  1
MASTER BEDROOM
100
AcDbText
  0
TEXT
  5
490
100
AcDbEntity
  8
TEXT
100
AcDbText
 10
53500
 20
19981.2500
 30
0
 40
250
  1
BEDROOM
100
AcDbText
  0
TEXT
  5
491
100
AcDbEntity
  8
TEXT
100
AcDbText
 10
57481.2500
 20
19981.2500
 30
0
 40
250
  1
BEDROOM
100
AcDbText
  0
DIMENSION
  5
492
100
AcDbEntity
  8
DIM
100
AcDbDimension
  2
*D
 10
36000
 20
-1800
 30
0
 11
48000
 21
-1550
 31
0
 70
33
  1

 42
24000
100
AcDbAlignedDimension
 13
36000
 23
0
 33
0
 14
60000
 24
0
 34
0
  0
DIMENSION
  5
493
100
AcDbEntity
  8
DIM
100
AcDbDimension
  2
*D
 10
34200
 20
0
 30
0
 11
34450
 21
12000
 31
0
 70
33
  1

 42
24000
100
AcDbAlignedDimension
 13
36000
 23
0
 33
0
 14
36000
 24
24000
 34
0
  0
DIMENSION
  5
494
100
AcDbEntity
  8
DIM
100
AcDbDimension
  2
*D
 10
36000
 20
25200
 30
0
 11
38000
 21
25450
 31
0
 70
33
  1

 42
4000
100
AcDbAlignedDimension
 13
36000
 23
24000
 33
0
 14
40000
 24
24000
 34
0
  0
DIMENSION
  5
495
100
AcDbEntity
  8
DIM
100
AcDbDimension
  2
*D
 10
40000
 20
25200
 30
0
 11
42000
 21
25450
 31
0
 70
33
  1

 42
4000
100
AcDbAlignedDimension
 13
40000
 23
24000
 33
0
 14
44000
 24
24000
 34
0
  0
DIMENSION
  5
496
100
AcDbEntity
  8
DIM
100
AcDbDimension
  2
*D
 10
44000
 20
25200
 30
0
 11
46000
 21
25450
 31
0
 70
33
  1

 42
4000
100
AcDbAlignedDimension
 13
44000
 23
24000
 33
0
 14
48000
 24
24000
 34
0
  0
DIMENSION
  5
497
100
AcDbEntity
  8
DIM
100
AcDbDimension
  2
*D
 10
48000
 20
25200
 30
0
 11
50000
 21
25450
 31
0
 70
33
  1

 42
4000
100
AcDbAlignedDimension
 13
48000
 23
24000
 33
0
 14
52000
 24
24000
 34
0
  0
DIMENSION
  5
498
100
AcDbEntity
  8
DIM
100
AcDbDimension
  2
*D
 10
52000
 20
25200
 30
0
 11
54000
 21
25450
 31
0
 70
33
  1

 42
4000
100
AcDbAlignedDimension
 13
52000
 23
24000
 33
0
 14
56000
 24
24000
 34
0
  0
DIMENSION
  5
499
100
AcDbEntity
  8
DIM
100
AcDbDimension
  2
*D
 10
56000
 20
25200
 30
0
 11
58000
 21
25450
 31
0
 70
33
  1

 42
4000
100
AcDbAlignedDimension
 13
56000
 23
24000
 33
0
 14
60000
 24
24000
 34
0
  0
DIMENSION
  5
49A
100
AcDbEntity
  8
DIM
100
AcDbDimension
  2
*D
 10
61200
 20
0
 30
0
 11
61450
 21
4000
 31
0
 70
33
  1

 42
8000
100
AcDbAlignedDimension
 13
60000
 23
0
 33
0
 14
60000
 24
8000
 34
0
  0
DIMENSION
  5
49B
100
AcDbEntity
  8
DIM
100
AcDbDimension
  2
*D
 10
61200
 20
8000
 30
0
 11
61450
 21
12000
 31
0
 70
33
  1

 42
8000
100
AcDbAlignedDimension
 13
60000
 23
8000
 33
0
 14
60000
 24
16000
 34
0
  0
DIMENSION
  5
49C
100
AcDbEntity
  8
DIM
100
AcDbDimension
  2
*D
 10
61200
 20
16000
 30
0
 11
61450
 21
20000
 31
0
 70
33
  1

 42
8000
100
AcDbAlignedDimension
 13
60000
 23
16000
 33
0
 14
60000
 24
24000
 34
0
  0
TEXT
  5
49D
100
AcDbEntity
  8
TEXT
100
AcDbText
 10
36000
 20
-3200
 30
0
 40
450
  1
FIRST FLOOR PLAN
100
AcDbText
  0
TEXT
  5
49E
100
AcDbEntity
  8
TEXT
100
AcDbText
 10
62600
 20
12000
 30
0
 40
300
  1
+3450
100
AcDbText
  0
TEXT
  5
49F
100
AcDbEntity
  8
TEXT
100
AcDbText
 10
36000
 20
-4200
 30
0
 40
250
  1
EACH FLAT OCCUPIES 271 SQUARE METRES ONLY.
100
AcDbText
  0
LWPOLYLINE
  5
4A0
100
AcDbEntity
  8
WIND
100
AcDbPolyline
 90
4
 70
1
 10
71940
 20
3400
 10
72060
 20
3400
 10
72060
 20
4600
 10
71940
 20
4600
  0
LWPOLYLINE
  5
4A1
100
AcDbEntity
  8
WIND
100
AcDbPolyline
 90
4
 70
1
 10
71940
 20
11400
 10
72060
 20
11400
 10
72060
 20
12600
 10
71940
 20
12600
  0
LWPOLYLINE
  5
4A2
100
AcDbEntity
  8
WIND
100
AcDbPolyline
 90
4
 70
1
 10
71940
 20
19400
 10
72060
 20
19400
 10
72060
 20
20600
 10
71940
 20
20600
  0
LWPOLYLINE
  5
4A3
100
AcDbEntity
  8
WIND
100
AcDbPolyline
 90
4
 70
1
 10
95940
 20
3400
 10
96060
 20
3400
 10
96060
 20
4600
 10
95940
 20
4600
  0
LWPOLYLINE
  5
4A4
100
AcDbEntity
  8
WIND
100
AcDbPolyline
 90
4
 70
1
 10
95940
 20
11400
 10
96060
 20
11400
 10
96060
 20
12600
 10
95940
 20
12600
  0
LWPOLYLINE
  5
4A5
100
AcDbEntity
  8
WIND
100
AcDbPolyline
 90
4
 70
1
 10
95940
 20
19400
 10
96060
 20
19400
 10
96060
 20
20600
 10
95940
 20
20600
  0
LWPOLYLINE
  5
4A6
100
AcDbEntity
  8
WIND
100
AcDbPolyline
 90
4
 70
1
 10
73400
 20
-60
 10
74600
 20
-60
 10
74600
 20
60
 10
73400
 20
60
  0
LWPOLYLINE
  5
4A7
100
AcDbEntity
  8
WIND
100
AcDbPolyline
 90
4
 70
1
 10
77400
 20
-60
 10
78600
 20
-60
 10
78600
 20
60
 10
77400
 20
60
  0
LWPOLYLINE
  5
4A8
100
AcDbEntity
  8
WIND
100
AcDbPolyline
 90
4
 70
1
 10
81400
 20
-60
 10
82600
 20
-60
 10
82600
 20
60
 10
81400
 20
60
  0
LWPOLYLINE
  5
4A9
100
AcDbEntity
  8
WIND
100
AcDbPolyline
 90
4
 70
1
 10
85400
 20
-60
 10
86600
 20
-60
 10
86600
 20
60
 10
85400
 20
60
  0
LWPOLYLINE
  5
4AA
100
AcDbEntity
  8
WIND
100
AcDbPolyline
 90
4
 70
1
 10
89400
 20
-60
 10
90600
 20
-60
 10
90600
 20
60
 10
89400
 20
60
  0
LWPOLYLINE
  5
4AB
100
AcDbEntity
  8
WIND
100
AcDbPolyline
 90
4
 70
1
 10
93400
 20
-60
 10
94600
 20
-60
 10
94600
 20
60
 10
93400
 20
60
  0
LWPOLYLINE
  5
4AC
100
AcDbEntity
  8
WIND
100
AcDbPolyline
 90
4
 70
1
 10
73400
 20
23940
 10
74600
 20
23940
 10
74600
 20
24060
 10
73400
 20
24060
  0
LWPOLYLINE
  5
4AD
100
AcDbEntity
  8
WIND
100
AcDbPolyline
 90
4
 70
1
 10
77400
 20
23940
 10
78600
 20
23940
 10
78600
 20
24060
 10
77400
 20
24060
  0
LWPOLYLINE
  5
4AE
100
AcDbEntity
  8
WIND
100
AcDbPolyline
 90
4
 70
1
 10
81400
 20
23940
 10
82600
 20
23940
 10
82600
 20
24060
 10
81400
 20
24060
  0
LWPOLYLINE
  5
4AF
100
AcDbEntity
  8
WIND
100
AcDbPolyline
 90
4
 70
1
 10
85400
 20
23940
 10
86600
 20
23940
 10
86600
 20
24060
 10
85400
 20
24060
  0
LWPOLYLINE
  5
4B0
100
AcDbEntity
  8
WIND
100
AcDbPolyline
 90
4
 70
1
 10
89400
 20
23940
 10
90600
 20
23940
 10
90600
 20
24060
 10
89400
 20
24060
  0
LWPOLYLINE
  5
4B1
100
AcDbEntity
  8
WIND
100
AcDbPolyline
 90
4
 70
1
 10
93400
 20
23940
 10
94600
 20
23940
 10
94600
 20
24060
 10
93400
 20
24060
  0
ARC
  5
4B2
100
AcDbEntity
  8
DOOR
100
AcDbCircle
 10
76000
 20
3550
 30
0
 40
900
100
AcDbArc
 50
90
 51
180
  0
LINE
  5
4B3
100
AcDbEntity
  8
DOOR
100
AcDbLine
 10
76000
 20
3550
 30
0
 11
75100
 21
3550
 31
0
  0
ARC
  5
4B4
100
AcDbEntity
  8
DOOR
100
AcDbCircle
 10
76000
 20
11550
 30
0
 40
900
100
AcDbArc
 50
90
 51
180
  0
LINE
  5
4B5
100
AcDbEntity
  8
DOOR
100
AcDbLine
 10
76000
 20
11550
 30
0
 11
75100
 21
11550
 31
0
  0
ARC
  5
4B6
100
AcDbEntity
  8
DOOR
100
AcDbCircle
 10
76000
 20
19550
 30
0
 40
900
100
AcDbArc
 50
90
 51
180
  0
LINE
  5
4B7
100
AcDbEntity
  8
DOOR
100
AcDbLine
 10
76000
 20
19550
 30
0
 11
75100
 21
19550
 31
0
  0
ARC
  5
4B8
100
AcDbEntity
  8
DOOR
100
AcDbCircle
 10
80000
 20
3550
 30
0
 40
900
100
AcDbArc
 50
90
 51
180
  0
LINE
  5
4B9
100
AcDbEntity
  8
DOOR
100
AcDbLine
 10
80000
 20
3550
 30
0
 11
79100
 21
3550
 31
0
  0
ARC
  5
4BA
100
AcDbEntity
  8
DOOR
100
AcDbCircle
 10
80000
 20
11550
 30
0
 40
900
100
AcDbArc
 50
90
 51
180
  0
LINE
  5
4BB
100
AcDbEntity
  8
DOOR
100
AcDbLine
 10
80000
 20
11550
 30
0
 11
79100
 21
11550
 31
0
  0
ARC
  5
4BC
100
AcDbEntity
  8
DOOR
100
AcDbCircle
 10
80000
 20
19550
 30
0
 40
900
100
AcDbArc
 50
90
 51
180
  0
LINE
  5
4BD
100
AcDbEntity
  8
DOOR
100
AcDbLine
 10
80000
 20
19550
 30
0
 11
79100
 21
19550
 31
0
  0
ARC
  5
4BE
100
AcDbEntity
  8
DOOR
100
AcDbCircle
 10
88000
 20
3550
 30
0
 40
900
100
AcDbArc
 50
90
 51
180
  0
LINE
  5
4BF
100
AcDbEntity
  8
DOOR
100
AcDbLine
 10
88000
 20
3550
 30
0
 11
87100
 21
3550
 31
0
  0
ARC
  5
4C0
100
AcDbEntity
  8
DOOR
100
AcDbCircle
 10
88000
 20
11550
 30
0
 40
900
100
AcDbArc
 50
90
 51
180
  0
LINE
  5
4C1
100
AcDbEntity
  8
DOOR
100
AcDbLine
 10
88000
 20
11550
 30
0
 11
87100
 21
11550
 31
0
  0
ARC
  5
4C2
100
AcDbEntity
  8
DOOR
100
AcDbCircle
 10
88000
 20
19550
 30
0
 40
900
100
AcDbArc
 50
90
 51
180
  0
LINE
  5
4C3
100
AcDbEntity
  8
DOOR
100
AcDbLine
 10
88000
 20
19550
 30
0
 11
87100
 21
19550
 31
0
  0
ARC
  5
4C4
100
AcDbEntity
  8
DOOR
100
AcDbCircle
 10
92000
 20
3550
 30
0
 40
900
100
AcDbArc
 50
90
 51
180
  0
LINE
  5
4C5
100
AcDbEntity
  8
DOOR
100
AcDbLine
 10
92000
 20
3550
 30
0
 11
91100
 21
3550
 31
0
  0
ARC
  5
4C6
100
AcDbEntity
  8
DOOR
100
AcDbCircle
 10
92000
 20
11550
 30
0
 40
900
100
AcDbArc
 50
90
 51
180
  0
LINE
  5
4C7
100
AcDbEntity
  8
DOOR
100
AcDbLine
 10
92000
 20
11550
 30
0
 11
91100
 21
11550
 31
0
  0
ARC
  5
4C8
100
AcDbEntity
  8
DOOR
100
AcDbCircle
 10
92000
 20
19550
 30
0
 40
900
100
AcDbArc
 50
90
 51
180
  0
LINE
  5
4C9
100
AcDbEntity
  8
DOOR
100
AcDbLine
 10
92000
 20
19550
 30
0
 11
91100
 21
19550
 31
0
  0
ARC
  5
4CA
100
AcDbEntity
  8
DOOR
100
AcDbCircle
 10
77550
 20
8000
 30
0
 40
900
100
AcDbArc
 50
0
 51
90
  0
LINE
  5
4CB
100
AcDbEntity
  8
DOOR
100
AcDbLine
 10
77550
 20
8000
 30
0
 11
77550
 21
8900
 31
0
  0
ARC
  5
4CC
100
AcDbEntity
  8
DOOR
100
AcDbCircle
 10
81550
 20
8000
 30
0
 40
900
100
AcDbArc
 50
0
 51
90
  0
LINE
  5
4CD
100
AcDbEntity
  8
DOOR
100
AcDbLine
 10
81550
 20
8000
 30
0
 11
81550
 21
8900
 31
0
  0
ARC
  5
4CE
100
AcDbEntity
  8
DOOR
100
AcDbCircle
 10
85550
 20
8000
 30
0
 40
900
100
AcDbArc
 50
0
 51
90
  0
LINE
  5
4CF
100
AcDbEntity
  8
DOOR
100
AcDbLine
 10
85550
 20
8000
 30
0
 11
85550
 21
8900
 31
0
  0
ARC
  5
4D0
100
AcDbEntity
  8
DOOR
100
AcDbCircle
 10
89550
 20
8000
 30
0
 40
900
100
AcDbArc
 50
0
 51
90
  0
LINE
  5
4D1
100
AcDbEntity
  8
DOOR
100
AcDbLine
 10
89550
 20
8000
 30
0
 11
89550
 21
8900
 31
0
  0
ARC
  5
4D2
100
AcDbEntity
  8
DOOR
100
AcDbCircle
 10
73550
 20
16000
 30
0
 40
900
100
AcDbArc
 50
0
 51
90
  0
LINE
  5
4D3
100
AcDbEntity
  8
DOOR
100
AcDbLine
 10
73550
 20
16000
 30
0
 11
73550
 21
16900
 31
0
  0
ARC
  5
4D4
100
AcDbEntity
  8
DOOR
100
AcDbCircle
 10
77550
 20
16000
 30
0
 40
900
100
AcDbArc
 50
0
 51
90
  0
LINE
  5
4D5
100
AcDbEntity
  8
DOOR
100
AcDbLine
 10
77550
 20
16000
 30
0
 11
77550
 21
16900
 31
0
  0
ARC
  5
4D6
100
AcDbEntity
  8
DOOR
100
AcDbCircle
 10
81550
 20
16000
 30
0
 40
900
100
AcDbArc
 50
0
 51
90
  0
LINE
  5
4D7
100
AcDbEntity
  8
DOOR
100
AcDbLine
 10
81550
 20
16000
 30
0
 11
81550
 21
16900
 31
0
  0
ARC
  5
4D8
100
AcDbEntity
  8
DOOR
100
AcDbCircle
 10
85550
 20
16000
 30
0
 40
900
100
AcDbArc
 50
0
 51
90
  0
LINE
  5
4D9
100
AcDbEntity
  8
DOOR
100
AcDbLine
 10
85550
 20
16000
 30
0
 11
85550
 21
16900
 31
0
  0
ARC
  5
4DA
100
AcDbEntity
  8
DOOR
100
AcDbCircle
 10
89550
 20
16000
 30
0
 40
900
100
AcDbArc
 50
0
 51
90
  0
LINE
  5
4DB
100
AcDbEntity
  8
DOOR
100
AcDbLine
 10
89550
 20
16000
 30
0
 11
89550
 21
16900
 31
0
  0
ARC
  5
4DC
100
AcDbEntity
  8
DOOR
100
AcDbCircle
 10
93550
 20
16000
 30
0
 40
900
100
AcDbArc
 50
0
 51
90
  0
LINE
  5
4DD
100
AcDbEntity
  8
DOOR
100
AcDbLine
 10
93550
 20
16000
 30
0
 11
93550
 21
16900
 31
0
  0
LINE
  5
4DE
100
AcDbEntity
  8
WALL
100
AcDbLine
370
50
 10
71887.5000
 20
0
 30
0
 11
71887.5000
 21
2693.3814
 31
0
  0
LINE
  5
4DF
100
AcDbEntity
  8
WALL
100
AcDbLine
370
50
 10
71887.5000
 20
2688.3814
 30
0
 11
71887.5000
 21
3400
 31
0
  0
LINE
  5
4E0
100
AcDbEntity
  8
WALL
100
AcDbLine
370
50
 10
72112.5000
 20
1906.8789
 30
0
 11
72112.5000
 21
0
 31
0
  0
LINE
  5
4E1
100
AcDbEntity
  8
WALL
100
AcDbLine
370
50
 10
72112.5000
 20
3400
 30
0
 11
72112.5000
 21
1903.8789
 31
0
  0
LINE
  5
4E2
100
AcDbEntity
  8
WALL
100
AcDbLine
370
50
 10
71887.5000
 20
4600
 30
0
 11
71887.5000
 21
7293.3814
 31
0
  0
LINE
  5
4E3
100
AcDbEntity
  8
WALL
100
AcDbLine
370
50
 10
71887.5000
 20
7288.3814
 30
0
 11
71887.5000
 21
8000
 31
0
  0
LINE
  5
4E4
100
AcDbEntity
  8
WALL
100
AcDbLine
370
50
 10
72112.5000
 20
6506.8789
 30
0
 11
72112.5000
 21
4600
 31
0
  0
LINE
  5
4E5
100
AcDbEntity
  8
WALL
100
AcDbLine
370
50
 10
72112.5000
 20
8000
 30
0
 11
72112.5000
 21
6503.8789
 31
0
  0
LINE
  5
4E6
100
AcDbEntity
  8
WALL
100
AcDbLine
370
50
 10
71887.5000
 20
3400
 30
0
 11
72112.5000
 21
3400
 31
0
  0
LINE
  5
4E7
100
AcDbEntity
  8
WALL
100
AcDbLine
370
50
 10
71887.5000
 20
4600
 30
0
 11
72112.5000
 21
4600
 31
0
  0
LINE
  5
4E8
100
AcDbEntity
  8
WALL
100
AcDbLine
370
50
 10
71887.5000
 20
8000
 30
0
 11
71887.5000
 21
10888.1507
 31
0
  0
LINE
  5
4E9
100
AcDbEntity
  8
WALL
100
AcDbLine
370
50
 10
71887.5000
 20
10887.1507
 30
0
 11
71887.5000
 21
11400
 31
0
  0
LINE
  5
4EA
100
AcDbEntity
  8
WALL
100
AcDbLine
370
50
 10
72112.5000
 20
10538.5271
 30
0
 11
72112.5000
 21
8000
 31
0
  0
LINE
  5
4EB
100
AcDbEntity
  8
WALL
100
AcDbLine
370
50
 10
72112.5000
 20
11400
 30
0
 11
72112.5000
 21
10535.5271
 31
0
  0
LINE
  5
4EC
100
AcDbEntity
  8
WALL
100
AcDbLine
370
50
 10
71887.5000
 20
12600
 30
0
 11
71887.5000
 21
15488.1507
 31
0
  0
LINE
  5
4ED
100
AcDbEntity
  8
WALL
100
AcDbLine
370
50
 10
71887.5000
 20
15487.1507
 30
0
 11
71887.5000
 21
16000
 31
0
  0
LINE
  5
4EE
100
AcDbEntity
  8
WALL
100
AcDbLine
370
50
 10
72112.5000
 20
15138.5271
 30
0
 11
72112.5000
 21
12600
 31
0
  0
LINE
  5
4EF
100
AcDbEntity
  8
WALL
100
AcDbLine
370
50
 10
72112.5000
 20
16000
 30
0
 11
72112.5000
 21
15135.5271
 31
0
  0
LINE
  5
4F0
100
AcDbEntity
  8
WALL
100
AcDbLine
370
50
 10
71887.5000
 20
11400
 30
0
 11
72112.5000
 21
11400
 31
0
  0
LINE
  5
4F1
100
AcDbEntity
  8
WALL
100
AcDbLine
370
50
 10
71887.5000
 20
12600
 30
0
 11
72112.5000
 21
12600
 31
0
  0
LINE
  5
4F2
100
AcDbEntity
  8
WALL
100
AcDbLine
370
50
 10
71887.5000
 20
16000
 30
0
 11
71887.5000
 21
17713.3865
 31
0
  0
LINE
  5
4F3
100
AcDbEntity
  8
WALL
100
AcDbLine
370
50
 10
71887.5000
 20
17709.3865
 30
0
 11
71887.5000
 21
19400
 31
0
  0
LINE
  5
4F4
100
AcDbEntity
  8
WALL
100
AcDbLine
370
50
 10
72112.5000
 20
18959.3342
 30
0
 11
72112.5000
 21
16000
 31
0
  0
LINE
  5
4F5
100
AcDbEntity
  8
WALL
100
AcDbLine
370
50
 10
72112.5000
 20
19400
 30
0
 11
72112.5000
 21
18958.3342
 31
0
  0
LINE
  5
4F6
100
AcDbEntity
  8
WALL
100
AcDbLine
370
50
 10
71887.5000
 20
20600
 30
0
 11
71887.5000
 21
22313.3865
 31
0
  0
LINE
  5
4F7
100
AcDbEntity
  8
WALL
100
AcDbLine
370
50
 10
71887.5000
 20
22309.3865
 30
0
 11
71887.5000
 21
24000
 31
0
  0
LINE
  5
4F8
100
AcDbEntity
  8
WALL
100
AcDbLine
370
50
 10
72112.5000
 20
23559.3342
 30
0
 11
72112.5000
 21
20600
 31
0
  0
LINE
  5
4F9
100
AcDbEntity
  8
WALL
100
AcDbLine
370
50
 10
72112.5000
 20
24000
 30
0
 11
72112.5000
 21
23558.3342
 31
0
  0
LINE
  5
4FA
100
AcDbEntity
  8
WALL
100
AcDbLine
370
50
 10
71887.5000
 20
19400
 30
0
 11
72112.5000
 21
19400
 31
0
  0
LINE
  5
4FB
100
AcDbEntity
  8
WALL
100
AcDbLine
370
50
 10
71887.5000
 20
20600
 30
0
 11
72112.5000
 21
20600
 31
0
  0
LINE
  5
4FC
100
AcDbEntity
  8
WALL
100
AcDbLine
370
50
 10
95887.5000
 20
0
 30
0
 11
95887.5000
 21
2429.4563
 31
0
  0
LINE
  5
4FD
100
AcDbEntity
  8
WALL
100
AcDbLine
370
50
 10
95887.5000
 20
2426.4563
 30
0
 11
95887.5000
 21
3400
 31
0
  0
LINE
  5
4FE
100
AcDbEntity
  8
WALL
100
AcDbLine
370
50
 10
96112.5000
 20
2936.4379
 30
0
 11
96112.5000
 21
0
 31
0
  0
LINE
  5
4FF
100
AcDbEntity
  8
WALL
100
AcDbLine
370
50
 10
96112.5000
 20
3400
 30
0
 11
96112.5000
 21
2932.4379
 31
0
  0
LINE
  5
500
100
AcDbEntity
  8
WALL
100
AcDbLine
370
50
 10
95887.5000
 20
4600
 30
0
 11
95887.5000
 21
7029.4563
 31
0
  0
LINE
  5
501
100
AcDbEntity
  8
WALL
100
AcDbLine
370
50
 10
95887.5000
 20
7026.4563
 30
0
 11
95887.5000
 21
8000
 31
0
  0
LINE
  5
502
100
AcDbEntity
  8
WALL
100
AcDbLine
370
50
 10
96112.5000
 20
7536.4379
 30
0
 11
96112.5000
 21
4600
 31
0
  0
LINE
  5
503
100
AcDbEntity
  8
WALL
100
AcDbLine
370
50
 10
96112.5000
 20
8000
 30
0
 11
96112.5000
 21
7532.4379
 31
0
  0
LINE
  5
504
100
AcDbEntity
  8
WALL
100
AcDbLine
370
50
 10
95887.5000
 20
3400
 30
0
 11
96112.5000
 21
3400
 31
0
  0
LINE
  5
505
100
AcDbEntity
  8
WALL
100
AcDbLine
370
50
 10
95887.5000
 20
4600
 30
0
 11
96112.5000
 21
4600
 31
0
  0
LINE
  5
506
100
AcDbEntity
  8
WALL
100
AcDbLine
370
50
 10
95887.5000
 20
8000
 30
0
 11
95887.5000
 21
10044.0396
 31
0
  0
LINE
  5
507
100
AcDbEntity
  8
WALL
100
AcDbLine
370
50
 10
95887.5000
 20
10041.0396
 30
0
 11
95887.5000
 21
11400
 31
0
  0
LINE
  5
508
100
AcDbEntity
  8
WALL
100
AcDbLine
370
50
 10
96112.5000
 20
10600.3089
 30
0
 11
96112.5000
 21
8000
 31
0
  0
LINE
  5
509
100
AcDbEntity
  8
WALL
100
AcDbLine
370
50
 10
96112.5000
 20
11400
 30
0
 11
96112.5000
 21
10596.3089
 31
0
  0
LINE
  5
50A
100
AcDbEntity
  8
WALL
100
AcDbLine
370
50
 10
95887.5000
 20
12600
 30
0
 11
95887.5000
 21
14644.0396
 31
0
  0
LINE
  5
50B
100
AcDbEntity
  8
WALL
100
AcDbLine
370
50
 10
95887.5000
 20
14641.0396
 30
0
 11
95887.5000
 21
16000
 31
0
  0
LINE
  5
50C
100
AcDbEntity
  8
WALL
100
AcDbLine
370
50
 10
96112.5000
 20
15200.3089
 30
0
 11
96112.5000
 21
12600
 31
0
  0
LINE
  5
50D
100
AcDbEntity
  8
WALL
100
AcDbLine
370
50
 10
96112.5000
 20
16000
 30
0
 11
96112.5000
 21
15196.3089
 31
0
  0
LINE
  5
50E
100
AcDbEntity
  8
WALL
100
AcDbLine
370
50
 10
95887.5000
 20
11400
 30
0
 11
96112.5000
 21
11400
 31
0
  0
LINE
  5
50F
100
AcDbEntity
  8
WALL
100
AcDbLine
370
50
 10
95887.5000
 20
12600
 30
0
 11
96112.5000
 21
12600
 31
0
  0
LINE
  5
510
100
AcDbEntity
  8
WALL
100
AcDbLine
370
50
 10
95887.5000
 20
16000
 30
0
 11
95887.5000
 21
18980.7923
 31
0
  0
LINE
  5
511
100
AcDbEntity
  8
WALL
100
AcDbLine
370
50
 10
95887.5000
 20
18977.7923
 30
0
 11
95887.5000
 21
19400
 31
0
  0
LINE
  5
512
100
AcDbEntity
  8
WALL
100
AcDbLine
370
50
 10
96112.5000
 20
17821.3721
 30
0
 11
96112.5000
 21
16000
 31
0
  0
LINE
  5
513
100
AcDbEntity
  8
WALL
100
AcDbLine
370
50
 10
96112.5000
 20
19400
 30
0
 11
96112.5000
 21
17820.3721
 31
0
  0
LINE
  5
514
100
AcDbEntity
  8
WALL
100
AcDbLine
370
50
 10
95887.5000
 20
20600
 30
0
 11
95887.5000
 21
23580.7923
 31
0
  0
LINE
  5
515
100
AcDbEntity
  8
WALL
100
AcDbLine
370
50
 10
95887.5000
 20
23577.7923
 30
0
 11
95887.5000
 21
24000
 31
0
  0
LINE
  5
516
100
AcDbEntity
  8
WALL
100
AcDbLine
370
50
 10
96112.5000
 20
22421.3721
 30
0
 11
96112.5000
 21
20600
 31
0
  0
LINE
  5
517
100
AcDbEntity
  8
WALL
100
AcDbLine
370
50
 10
96112.5000
 20
24000
 30
0
 11
96112.5000
 21
22420.3721
 31
0
  0
LINE
  5
518
100
AcDbEntity
  8
WALL
100
AcDbLine
370
50
 10
95887.5000
 20
19400
 30
0
 11
96112.5000
 21
19400
 31
0
  0
LINE
  5
519
100
AcDbEntity
  8
WALL
100
AcDbLine
370
50
 10
95887.5000
 20
20600
 30
0
 11
96112.5000
 21
20600
 31
0
  0
LINE
  5
51A
100
AcDbEntity
  8
WALL
100
AcDbLine
370
50
 10
72000
 20
-112.5000
 30
0
 11
73400
 21
-112.5000
 31
0
  0
LINE
  5
51B
100
AcDbEntity
  8
WALL
100
AcDbLine
370
50
 10
73400
 20
112.5000
 30
0
 11
72000
 21
112.5000
 31
0
  0
LINE
  5
51C
100
AcDbEntity
  8
WALL
100
AcDbLine
370
50
 10
74600
 20
-112.5000
 30
0
 11
76000
 21
-112.5000
 31
0
  0
LINE
  5
51D
100
AcDbEntity
  8
WALL
100
AcDbLine
370
50
 10
76000
 20
112.5000
 30
0
 11
74600
 21
112.5000
 31
0
  0
LINE
  5
51E
100
AcDbEntity
  8
WALL
100
AcDbLine
370
50
 10
73400
 20
-112.5000
 30
0
 11
73400
 21
112.5000
 31
0
  0
LINE
  5
51F
100
AcDbEntity
  8
WALL
100
AcDbLine
370
50
 10
74600
 20
-112.5000
 30
0
 11
74600
 21
112.5000
 31
0
  0
LINE
  5
520
100
AcDbEntity
  8
WALL
100
AcDbLine
370
50
 10
76000
 20
-112.5000
 30
0
 11
77400
 21
-112.5000
 31
0
  0
LINE
  5
521
100
AcDbEntity
  8
WALL
100
AcDbLine
370
50
 10
77400
 20
112.5000
 30
0
 11
76000
 21
112.5000
 31
0
  0
LINE
  5
522
100
AcDbEntity
  8
WALL
100
AcDbLine
370
50
 10
78600
 20
-112.5000
 30
0
 11
80000
 21
-112.5000
 31
0
  0
LINE
  5
523
100
AcDbEntity
  8
WALL
100
AcDbLine
370
50
 10
80000
 20
112.5000
 30
0
 11
78600
 21
112.5000
 31
0
  0
LINE
  5
524
100
AcDbEntity
  8
WALL
100
AcDbLine
370
50
 10
77400
 20
-112.5000
 30
0
 11
77400
 21
112.5000
 31
0
  0
LINE
  5
525
100
AcDbEntity
  8
WALL
100
AcDbLine
370
50
 10
78600
 20
-112.5000
 30
0
 11
78600
 21
112.5000
 31
0
  0
LINE
  5
526
100
AcDbEntity
  8
WALL
100
AcDbLine
370
50
 10
80000
 20
-112.5000
 30
0
 11
81400
 21
-112.5000
 31
0
  0
LINE
  5
527
100
AcDbEntity
  8
WALL
100
AcDbLine
370
50
 10
81400
 20
112.5000
 30
0
 11
80000
 21
112.5000
 31
0
  0
LINE
  5
528
100
AcDbEntity
  8
WALL
100
AcDbLine
370
50
 10
82600
 20
-112.5000
 30
0
 11
84000
 21
-112.5000
 31
0
  0
LINE
  5
529
100
AcDbEntity
  8
WALL
100
AcDbLine
370
50
 10
84000
 20
112.5000
 30
0
 11
82600
 21
112.5000
 31
0
  0
LINE
  5
52A
100
AcDbEntity
  8
WALL
100
AcDbLine
370
50
 10
81400
 20
-112.5000
 30
0
 11
81400
 21
112.5000
 31
0
  0
LINE
  5
52B
100
AcDbEntity
  8
WALL
100
AcDbLine
370
50
 10
82600
 20
-112.5000
 30
0
 11
82600
 21
112.5000
 31
0
  0
LINE
  5
52C
100
AcDbEntity
  8
WALL
100
AcDbLine
370
50
 10
84000
 20
-112.5000
 30
0
 11
85400
 21
-112.5000
 31
0
  0
LINE
  5
52D
100
AcDbEntity
  8
WALL
100
AcDbLine
370
50
 10
85400
 20
112.5000
 30
0
 11
84000
 21
112.5000
 31
0
  0
LINE
  5
52E
100
AcDbEntity
  8
WALL
100
AcDbLine
370
50
 10
86600
 20
-112.5000
 30
0
 11
88000
 21
-112.5000
 31
0
  0
LINE
  5
52F
100
AcDbEntity
  8
WALL
100
AcDbLine
370
50
 10
88000
 20
112.5000
 30
0
 11
86600
 21
112.5000
 31
0
  0
LINE
  5
530
100
AcDbEntity
  8
WALL
100
AcDbLine
370
50
 10
85400
 20
-112.5000
 30
0
 11
85400
 21
112.5000
 31
0
  0
LINE
  5
531
100
AcDbEntity
  8
WALL
100
AcDbLine
370
50
 10
86600
 20
-112.5000
 30
0
 11
86600
 21
112.5000
 31
0
  0
LINE
  5
532
100
AcDbEntity
  8
WALL
100
AcDbLine
370
50
 10
88000
 20
-112.5000
 30
0
 11
89400
 21
-112.5000
 31
0
  0
LINE
  5
533
100
AcDbEntity
  8
WALL
100
AcDbLine
370
50
 10
89400
 20
112.5000
 30
0
 11
88000
 21
112.5000
 31
0
  0
LINE
  5
534
100
AcDbEntity
  8
WALL
100
AcDbLine
370
50
 10
90600
 20
-112.5000
 30
0
 11
92000
 21
-112.5000
 31
0
  0
LINE
  5
535
100
AcDbEntity
  8
WALL
100
AcDbLine
370
50
 10
92000
 20
112.5000
 30
0
 11
90600
 21
112.5000
 31
0
  0
LINE
  5
536
100
AcDbEntity
  8
WALL
100
AcDbLine
370
50
 10
89400
 20
-112.5000
 30
0
 11
89400
 21
112.5000
 31
0
  0
LINE
  5
537
100
AcDbEntity
  8
WALL
100
AcDbLine
370
50
 10
90600
 20
-112.5000
 30
0
 11
90600
 21
112.5000
 31
0
  0
LINE
  5
538
100
AcDbEntity
  8
WALL
100
AcDbLine
370
50
 10
92000
 20
-112.5000
 30
0
 11
93400
 21
-112.5000
 31
0
  0
LINE
  5
539
100
AcDbEntity
  8
WALL
100
AcDbLine
370
50
 10
93400
 20
112.5000
 30
0
 11
92000
 21
112.5000
 31
0
  0
LINE
  5
53A
100
AcDbEntity
  8
WALL
100
AcDbLine
370
50
 10
94600
 20
-112.5000
 30
0
 11
96000
 21
-112.5000
 31
0
  0
LINE
  5
53B
100
AcDbEntity
  8
WALL
100
AcDbLine
370
50
 10
96000
 20
112.5000
 30
0
 11
94600
 21
112.5000
 31
0
  0
LINE
  5
53C
100
AcDbEntity
  8
WALL
100
AcDbLine
370
50
 10
93400
 20
-112.5000
 30
0
 11
93400
 21
112.5000
 31
0
  0
LINE
  5
53D
100
AcDbEntity
  8
WALL
100
AcDbLine
370
50
 10
94600
 20
-112.5000
 30
0
 11
94600
 21
112.5000
 31
0
  0
LINE
  5
53E
100
AcDbEntity
  8
WALL
100
AcDbLine
370
50
 10
72000
 20
23887.5000
 30
0
 11
73400
 21
23887.5000
 31
0
  0
LINE
  5
53F
100
AcDbEntity
  8
WALL
100
AcDbLine
370
50
 10
73400
 20
24112.5000
 30
0
 11
72000
 21
24112.5000
 31
0
  0
LINE
  5
540
100
AcDbEntity
  8
WALL
100
AcDbLine
370
50
 10
74600
 20
23887.5000
 30
0
 11
76000
 21
23887.5000
 31
0
  0
LINE
  5
541
100
AcDbEntity
  8
WALL
100
AcDbLine
370
50
 10
76000
 20
24112.5000
 30
0
 11
74600
 21
24112.5000
 31
0
  0
LINE
  5
542
100
AcDbEntity
  8
WALL
100
AcDbLine
370
50
 10
73400
 20
23887.5000
 30
0
 11
73400
 21
24112.5000
 31
0
  0
LINE
  5
543
100
AcDbEntity
  8
WALL
100
AcDbLine
370
50
 10
74600
 20
23887.5000
 30
0
 11
74600
 21
24112.5000
 31
0
  0
LINE
  5
544
100
AcDbEntity
  8
WALL
100
AcDbLine
370
50
 10
76000
 20
23887.5000
 30
0
 11
77400
 21
23887.5000
 31
0
  0
LINE
  5
545
100
AcDbEntity
  8
WALL
100
AcDbLine
370
50
 10
77400
 20
24112.5000
 30
0
 11
76000
 21
24112.5000
 31
0
  0
LINE
  5
546
100
AcDbEntity
  8
WALL
100
AcDbLine
370
50
 10
78600
 20
23887.5000
 30
0
 11
80000
 21
23887.5000
 31
0
  0
LINE
  5
547
100
AcDbEntity
  8
WALL
100
AcDbLine
370
50
 10
80000
 20
24112.5000
 30
0
 11
78600
 21
24112.5000
 31
0
  0
LINE
  5
548
100
AcDbEntity
  8
WALL
100
AcDbLine
370
50
 10
77400
 20
23887.5000
 30
0
 11
77400
 21
24112.5000
 31
0
  0
LINE
  5
549
100
AcDbEntity
  8
WALL
100
AcDbLine
370
50
 10
78600
 20
23887.5000
 30
0
 11
78600
 21
24112.5000
 31
0
  0
LINE
  5
54A
100
AcDbEntity
  8
WALL
100
AcDbLine
370
50
 10
80000
 20
23887.5000
 30
0
 11
81400
 21
23887.5000
 31
0
  0
LINE
  5
54B
100
AcDbEntity
  8
WALL
100
AcDbLine
370
50
 10
81400
 20
24112.5000
 30
0
 11
80000
 21
24112.5000
 31
0
  0
LINE
  5
54C
100
AcDbEntity
  8
WALL
100
AcDbLine
370
50
 10
82600
 20
23887.5000
 30
0
 11
84000
 21
23887.5000
 31
0
  0
LINE
  5
54D
100
AcDbEntity
  8
WALL
100
AcDbLine
370
50
 10
84000
 20
24112.5000
 30
0
 11
82600
 21
24112.5000
 31
0
  0
LINE
  5
54E
100
AcDbEntity
  8
WALL
100
AcDbLine
370
50
 10
81400
 20
23887.5000
 30
0
 11
81400
 21
24112.5000
 31
0
  0
LINE
  5
54F
100
AcDbEntity
  8
WALL
100
AcDbLine
370
50
 10
82600
 20
23887.5000
 30
0
 11
82600
 21
24112.5000
 31
0
  0
LINE
  5
550
100
AcDbEntity
  8
WALL
100
AcDbLine
370
50
 10
84000
 20
23887.5000
 30
0
 11
85400
 21
23887.5000
 31
0
  0
LINE
  5
551
100
AcDbEntity
  8
WALL
100
AcDbLine
370
50
 10
85400
 20
24112.5000
 30
0
 11
84000
 21
24112.5000
 31
0
  0
LINE
  5
552
100
AcDbEntity
  8
WALL
100
AcDbLine
370
50
 10
86600
 20
23887.5000
 30
0
 11
88000
 21
23887.5000
 31
0
  0
LINE
  5
553
100
AcDbEntity
  8
WALL
100
AcDbLine
370
50
 10
88000
 20
24112.5000
 30
0
 11
86600
 21
24112.5000
 31
0
  0
LINE
  5
554
100
AcDbEntity
  8
WALL
100
AcDbLine
370
50
 10
85400
 20
23887.5000
 30
0
 11
85400
 21
24112.5000
 31
0
  0
LINE
  5
555
100
AcDbEntity
  8
WALL
100
AcDbLine
370
50
 10
86600
 20
23887.5000
 30
0
 11
86600
 21
24112.5000
 31
0
  0
LINE
  5
556
100
AcDbEntity
  8
WALL
100
AcDbLine
370
50
 10
88000
 20
23887.5000
 30
0
 11
89400
 21
23887.5000
 31
0
  0
LINE
  5
557
100
AcDbEntity
  8
WALL
100
AcDbLine
370
50
 10
89400
 20
24112.5000
 30
0
 11
88000
 21
24112.5000
 31
0
  0
LINE
  5
558
100
AcDbEntity
  8
WALL
100
AcDbLine
370
50
 10
90600
 20
23887.5000
 30
0
 11
92000
 21
23887.5000
 31
0
  0
LINE
  5
559
100
AcDbEntity
  8
WALL
100
AcDbLine
370
50
 10
92000
 20
24112.5000
 30
0
 11
90600
 21
24112.5000
 31
0
  0
LINE
  5
55A
100
AcDbEntity
  8
WALL
100
AcDbLine
370
50
 10
89400
 20
23887.5000
 30
0
 11
89400
 21
24112.5000
 31
0
  0
LINE
  5
55B
100
AcDbEntity
  8
WALL
100
AcDbLine
370
50
 10
90600
 20
23887.5000
 30
0
 11
90600
 21
24112.5000
 31
0
  0
LINE
  5
55C
100
AcDbEntity
  8
WALL
100
AcDbLine
370
50
 10
92000
 20
23887.5000
 30
0
 11
93400
 21
23887.5000
 31
0
  0
LINE
  5
55D
100
AcDbEntity
  8
WALL
100
AcDbLine
370
50
 10
93400
 20
24112.5000
 30
0
 11
92000
 21
24112.5000
 31
0
  0
LINE
  5
55E
100
AcDbEntity
  8
WALL
100
AcDbLine
370
50
 10
94600
 20
23887.5000
 30
0
 11
96000
 21
23887.5000
 31
0
  0
LINE
  5
55F
100
AcDbEntity
  8
WALL
100
AcDbLine
370
50
 10
96000
 20
24112.5000
 30
0
 11
94600
 21
24112.5000
 31
0
  0
LINE
  5
560
100
AcDbEntity
  8
WALL
100
AcDbLine
370
50
 10
93400
 20
23887.5000
 30
0
 11
93400
 21
24112.5000
 31
0
  0
LINE
  5
561
100
AcDbEntity
  8
WALL
100
AcDbLine
370
50
 10
94600
 20
23887.5000
 30
0
 11
94600
 21
24112.5000
 31
0
  0
LINE
  5
562
100
AcDbEntity
  8
WALL
100
AcDbLine
370
50
 10
75925
 20
0
 30
0
 11
75925
 21
1601.0883
 31
0
  0
LINE
  5
563
100
AcDbEntity
  8
WALL
100
AcDbLine
370
50
 10
75925
 20
1597.0883
 30
0
 11
75925
 21
3550
 31
0
  0
LINE
  5
564
100
AcDbEntity
  8
WALL
100
AcDbLine
370
50
 10
76075
 20
2640.5629
 30
0
 11
76075
 21
0
 31
0
  0
LINE
  5
565
100
AcDbEntity
  8
WALL
100
AcDbLine
370
50
 10
76075
 20
3550
 30
0
 11
76075
 21
2638.5629
 31
0
  0
LINE
  5
566
100
AcDbEntity
  8
WALL
100
AcDbLine
370
50
 10
75925
 20
4450
 30
0
 11
75925
 21
6051.0883
 31
0
  0
LINE
  5
567
100
AcDbEntity
  8
WALL
100
AcDbLine
370
50
 10
75925
 20
6047.0883
 30
0
 11
75925
 21
8000
 31
0
  0
LINE
  5
568
100
AcDbEntity
  8
WALL
100
AcDbLine
370
50
 10
76075
 20
7090.5629
 30
0
 11
76075
 21
4450
 31
0
  0
LINE
  5
569
100
AcDbEntity
  8
WALL
100
AcDbLine
370
50
 10
76075
 20
8000
 30
0
 11
76075
 21
7088.5629
 31
0
  0
LINE
  5
56A
100
AcDbEntity
  8
WALL
100
AcDbLine
370
50
 10
75925
 20
3550
 30
0
 11
76075
 21
3550
 31
0
  0
LINE
  5
56B
100
AcDbEntity
  8
WALL
100
AcDbLine
370
50
 10
75925
 20
4450
 30
0
 11
76075
 21
4450
 31
0
  0
LINE
  5
56C
100
AcDbEntity
  8
WALL
100
AcDbLine
370
50
 10
75925
 20
8000
 30
0
 11
75925
 21
10739.0166
 31
0
  0
LINE
  5
56D
100
AcDbEntity
  8
WALL
100
AcDbLine
370
50
 10
75925
 20
10735.0166
 30
0
 11
75925
 21
11550
 31
0
  0
LINE
  5
56E
100
AcDbEntity
  8
WALL
100
AcDbLine
370
50
 10
76075
 20
9761.9690
 30
0
 11
76075
 21
8000
 31
0
  0
LINE
  5
56F
100
AcDbEntity
  8
WALL
100
AcDbLine
370
50
 10
76075
 20
11550
 30
0
 11
76075
 21
9757.9690
 31
0
  0
LINE
  5
570
100
AcDbEntity
  8
WALL
100
AcDbLine
370
50
 10
75925
 20
12450
 30
0
 11
75925
 21
15189.0166
 31
0
  0
LINE
  5
571
100
AcDbEntity
  8
WALL
100
AcDbLine
370
50
 10
75925
 20
15185.0166
 30
0
 11
75925
 21
16000
 31
0
  0
LINE
  5
572
100
AcDbEntity
  8
WALL
100
AcDbLine
370
50
 10
76075
 20
14211.9690
 30
0
 11
76075
 21
12450
 31
0
  0
LINE
  5
573
100
AcDbEntity
  8
WALL
100
AcDbLine
370
50
 10
76075
 20
16000
 30
0
 11
76075
 21
14207.9690
 31
0
  0
LINE
  5
574
100
AcDbEntity
  8
WALL
100
AcDbLine
370
50
 10
75925
 20
11550
 30
0
 11
76075
 21
11550
 31
0
  0
LINE
  5
575
100
AcDbEntity
  8
WALL
100
AcDbLine
370
50
 10
75925
 20
12450
 30
0
 11
76075
 21
12450
 31
0
  0
LINE
  5
576
100
AcDbEntity
  8
WALL
100
AcDbLine
370
50
 10
75925
 20
16000
 30
0
 11
75925
 21
18856.7220
 31
0
  0
LINE
  5
577
100
AcDbEntity
  8
WALL
100
AcDbLine
370
50
 10
75925
 20
18851.7220
 30
0
 11
75925
 21
19550
 31
0
  0
LINE
  5
578
100
AcDbEntity
  8
WALL
100
AcDbLine
370
50
 10
76075
 20
18906.0453
 30
0
 11
76075
 21
16000
 31
0
  0
LINE
  5
579
100
AcDbEntity
  8
WALL
100
AcDbLine
370
50
 10
76075
 20
19550
 30
0
 11
76075
 21
18901.0453
 31
0
  0
LINE
  5
57A
100
AcDbEntity
  8
WALL
100
AcDbLine
370
50
 10
75925
 20
20450
 30
0
 11
75925
 21
23306.7220
 31
0
  0
LINE
  5
57B
100
AcDbEntity
  8
WALL
100
AcDbLine
370
50
 10
75925
 20
23301.7220
 30
0
 11
75925
 21
24000
 31
0
  0
LINE
  5
57C
100
AcDbEntity
  8
WALL
100
AcDbLine
370
50
 10
76075
 20
23356.0453
 30
0
 11
76075
 21
20450
 31
0
  0
LINE
  5
57D
100
AcDbEntity
  8
WALL
100
AcDbLine
370
50
 10
76075
 20
24000
 30
0
 11
76075
 21
23351.0453
 31
0
  0
LINE
  5
57E
100
AcDbEntity
  8
WALL
100
AcDbLine
370
50
 10
75925
 20
19550
 30
0
 11
76075
 21
19550
 31
0
  0
LINE
  5
57F
100
AcDbEntity
  8
WALL
100
AcDbLine
370
50
 10
75925
 20
20450
 30
0
 11
76075
 21
20450
 31
0
  0
LINE
  5
580
100
AcDbEntity
  8
WALL
100
AcDbLine
370
50
 10
79925
 20
0
 30
0
 11
79925
 21
2632.5960
 31
0
  0
LINE
  5
581
100
AcDbEntity
  8
WALL
100
AcDbLine
370
50
 10
79925
 20
2631.5960
 30
0
 11
79925
 21
3550
 31
0
  0
LINE
  5
582
100
AcDbEntity
  8
WALL
100
AcDbLine
370
50
 10
80075
 20
2995.0329
 30
0
 11
80075
 21
0
 31
0
  0
LINE
  5
583
100
AcDbEntity
  8
WALL
100
AcDbLine
370
50
 10
80075
 20
3550
 30
0
 11
80075
 21
2990.0329
 31
0
  0
LINE
  5
584
100
AcDbEntity
  8
WALL
100
AcDbLine
370
50
 10
79925
 20
4450
 30
0
 11
79925
 21
7082.5960
 31
0
  0
LINE
  5
585
100
AcDbEntity
  8
WALL
100
AcDbLine
370
50
 10
79925
 20
7081.5960
 30
0
 11
79925
 21
8000
 31
0
  0
LINE
  5
586
100
AcDbEntity
  8
WALL
100
AcDbLine
370
50
 10
80075
 20
7445.0329
 30
0
 11
80075
 21
4450
 31
0
  0
LINE
  5
587
100
AcDbEntity
  8
WALL
100
AcDbLine
370
50
 10
80075
 20
8000
 30
0
 11
80075
 21
7440.0329
 31
0
  0
LINE
  5
588
100
AcDbEntity
  8
WALL
100
AcDbLine
370
50
 10
79925
 20
3550
 30
0
 11
80075
 21
3550
 31
0
  0
LINE
  5
589
100
AcDbEntity
  8
WALL
100
AcDbLine
370
50
 10
79925
 20
4450
 30
0
 11
80075
 21
4450
 31
0
  0
LINE
  5
58A
100
AcDbEntity
  8
WALL
100
AcDbLine
370
50
 10
79925
 20
8000
 30
0
 11
79925
 21
9773.9810
 31
0
  0
LINE
  5
58B
100
AcDbEntity
  8
WALL
100
AcDbLine
370
50
 10
79925
 20
9772.9810
 30
0
 11
79925
 21
11550
 31
0
  0
LINE
  5
58C
100
AcDbEntity
  8
WALL
100
AcDbLine
370
50
 10
80075
 20
10362.6939
 30
0
 11
80075
 21
8000
 31
0
  0
LINE
  5
58D
100
AcDbEntity
  8
WALL
100
AcDbLine
370
50
 10
80075
 20
11550
 30
0
 11
80075
 21
10360.6939
 31
0
  0
LINE
  5
58E
100
AcDbEntity
  8
WALL
100
AcDbLine
370
50
 10
79925
 20
12450
 30
0
 11
79925
 21
14223.9810
 31
0
  0
LINE
  5
58F
100
AcDbEntity
  8
WALL
100
AcDbLine
370
50
 10
79925
 20
14222.9810
 30
0
 11
79925
 21
16000
 31
0
  0
LINE
  5
590
100
AcDbEntity
  8
WALL
100
AcDbLine
370
50
 10
80075
 20
14812.6939
 30
0
 11
80075
 21
12450
 31
0
  0
LINE
  5
591
100
AcDbEntity
  8
WALL
100
AcDbLine
370
50
 10
80075
 20
16000
 30
0
 11
80075
 21
14810.6939
 31
0
  0
LINE
  5
592
100
AcDbEntity
  8
WALL
100
AcDbLine
370
50
 10
79925
 20
11550
 30
0
 11
80075
 21
11550
 31
0
  0
LINE
  5
593
100
AcDbEntity
  8
WALL
100
AcDbLine
370
50
 10
79925
 20
12450
 30
0
 11
80075
 21
12450
 31
0
  0
LINE
  5
594
100
AcDbEntity
  8
WALL
100
AcDbLine
370
50
 10
79925
 20
16000
 30
0
 11
79925
 21
18910.2515
 31
0
  0
LINE
  5
595
100
AcDbEntity
  8
WALL
100
AcDbLine
370
50
 10
79925
 20
18905.2515
 30
0
 11
79925
 21
19550
 31
0
  0
LINE
  5
596
100
AcDbEntity
  8
WALL
100
AcDbLine
370
50
 10
80075
 20
18120.7689
 30
0
 11
80075
 21
16000
 31
0
  0
LINE
  5
597
100
AcDbEntity
  8
WALL
100
AcDbLine
370
50
 10
80075
 20
19550
 30
0
 11
80075
 21
18119.7689
 31
0
  0
LINE
  5
598
100
AcDbEntity
  8
WALL
100
AcDbLine
370
50
 10
79925
 20
20450
 30
0
 11
79925
 21
23360.2515
 31
0
  0
LINE
  5
599
100
AcDbEntity
  8
WALL
100
AcDbLine
370
50
 10
79925
 20
23355.2515
 30
0
 11
79925
 21
24000
 31
0
  0
LINE
  5
59A
100
AcDbEntity
  8
WALL
100
AcDbLine
370
50
 10
80075
 20
22570.7689
 30
0
 11
80075
 21
20450
 31
0
  0
LINE
  5
59B
100
AcDbEntity
  8
WALL
100
AcDbLine
370
50
 10
80075
 20
24000
 30
0
 11
80075
 21
22569.7689
 31
0
  0
LINE
  5
59C
100
AcDbEntity
  8
WALL
100
AcDbLine
370
50
 10
79925
 20
19550
 30
0
 11
80075
 21
19550
 31
0
  0
LINE
  5
59D
100
AcDbEntity
  8
WALL
100
AcDbLine
370
50
 10
79925
 20
20450
 30
0
 11
80075
 21
20450
 31
0
  0
LINE
  5
59E
100
AcDbEntity
  8
WALL
100
AcDbLine
370
50
 10
83925
 20
0
 30
0
 11
83925
 21
2995.9761
 31
0
  0
LINE
  5
59F
100
AcDbEntity
  8
WALL
100
AcDbLine
370
50
 10
83925
 20
2990.9761
 30
0
 11
83925
 21
5391.6468
 31
0
  0
LINE
  5
5A0
100
AcDbEntity
  8
WALL
100
AcDbLine
370
50
 10
83925
 20
5392.6468
 30
0
 11
83925
 21
8000
 31
0
  0
LINE
  5
5A1
100
AcDbEntity
  8
WALL
100
AcDbLine
370
50
 10
84075
 20
2467.5709
 30
0
 11
84075
 21
0
 31
0
  0
LINE
  5
5A2
100
AcDbEntity
  8
WALL
100
AcDbLine
370
50
 10
84075
 20
5452.8575
 30
0
 11
84075
 21
2465.5709
 31
0
  0
LINE
  5
5A3
100
AcDbEntity
  8
WALL
100
AcDbLine
370
50
 10
84075
 20
8000
 30
0
 11
84075
 21
5456.8575
 31
0
  0
LINE
  5
5A4
100
AcDbEntity
  8
WALL
100
AcDbLine
370
50
 10
83925
 20
8000
 30
0
 11
83925
 21
10352.6782
 31
0
  0
LINE
  5
5A5
100
AcDbEntity
  8
WALL
100
AcDbLine
370
50
 10
83925
 20
10347.6782
 30
0
 11
83925
 21
12425.4121
 31
0
  0
LINE
  5
5A6
100
AcDbEntity
  8
WALL
100
AcDbLine
370
50
 10
83925
 20
12427.4121
 30
0
 11
83925
 21
15404.3922
 31
0
  0
LINE
  5
5A7
100
AcDbEntity
  8
WALL
100
AcDbLine
370
50
 10
83925
 20
15399.3922
 30
0
 11
83925
 21
16000
 31
0
  0
LINE
  5
5A8
100
AcDbEntity
  8
WALL
100
AcDbLine
370
50
 10
84075
 20
10978.4467
 30
0
 11
84075
 21
8000
 31
0
  0
LINE
  5
5A9
100
AcDbEntity
  8
WALL
100
AcDbLine
370
50
 10
84075
 20
13060.0530
 30
0
 11
84075
 21
10974.4467
 31
0
  0
LINE
  5
5AA
100
AcDbEntity
  8
WALL
100
AcDbLine
370
50
 10
84075
 20
16000
 30
0
 11
84075
 21
13064.0530
 31
0
  0
LINE
  5
5AB
100
AcDbEntity
  8
WALL
100
AcDbLine
370
50
 10
83925
 20
16000
 30
0
 11
83925
 21
18131.8622
 31
0
  0
LINE
  5
5AC
100
AcDbEntity
  8
WALL
100
AcDbLine
370
50
 10
83925
 20
18126.8622
 30
0
 11
83925
 21
21113.0151
 31
0
  0
LINE
  5
5AD
100
AcDbEntity
  8
WALL
100
AcDbLine
370
50
 10
83925
 20
21115.0151
 30
0
 11
83925
 21
24000
 31
0
  0
LINE
  5
5AE
100
AcDbEntity
  8
WALL
100
AcDbLine
370
50
 10
84075
 20
18030.7040
 30
0
 11
84075
 21
16000
 31
0
  0
LINE
  5
5AF
100
AcDbEntity
  8
WALL
100
AcDbLine
370
50
 10
84075
 20
20419.5305
 30
0
 11
84075
 21
18025.7040
 31
0
  0
LINE
  5
5B0
100
AcDbEntity
  8
WALL
100
AcDbLine
370
50
 10
84075
 20
23420.1075
 30
0
 11
84075
 21
20423.5305
 31
0
  0
LINE
  5
5B1
100
AcDbEntity
  8
WALL
100
AcDbLine
370
50
 10
84075
 20
24000
 30
0
 11
84075
 21
23417.1075
 31
0
  0
LINE
  5
5B2
100
AcDbEntity
  8
WALL
100
AcDbLine
370
50
 10
87925
 20
0
 30
0
 11
87925
 21
2476.8678
 31
0
  0
LINE
  5
5B3
100
AcDbEntity
  8
WALL
100
AcDbLine
370
50
 10
87925
 20
2472.8678
 30
0
 11
87925
 21
3550
 31
0
  0
LINE
  5
5B4
100
AcDbEntity
  8
WALL
100
AcDbLine
370
50
 10
88075
 20
1630.6690
 30
0
 11
88075
 21
0
 31
0
  0
LINE
  5
5B5
100
AcDbEntity
  8
WALL
100
AcDbLine
370
50
 10
88075
 20
3550
 30
0
 11
88075
 21
1628.6690
 31
0
  0
LINE
  5
5B6
100
AcDbEntity
  8
WALL
100
AcDbLine
370
50
 10
87925
 20
4450
 30
0
 11
87925
 21
6926.8678
 31
0
  0
LINE
  5
5B7
100
AcDbEntity
  8
WALL
100
AcDbLine
370
50
 10
87925
 20
6922.8678
 30
0
 11
87925
 21
8000
 31
0
  0
LINE
  5
5B8
100
AcDbEntity
  8
WALL
100
AcDbLine
370
50
 10
88075
 20
6080.6690
 30
0
 11
88075
 21
4450
 31
0
  0
LINE
  5
5B9
100
AcDbEntity
  8
WALL
100
AcDbLine
370
50
 10
88075
 20
8000
 30
0
 11
88075
 21
6078.6690
 31
0
  0
LINE
  5
5BA
100
AcDbEntity
  8
WALL
100
AcDbLine
370
50
 10
87925
 20
3550
 30
0
 11
88075
 21
3550
 31
0
  0
LINE
  5
5BB
100
AcDbEntity
  8
WALL
100
AcDbLine
370
50
 10
87925
 20
4450
 30
0
 11
88075
 21
4450
 31
0
  0
LINE
  5
5BC
100
AcDbEntity
  8
WALL
100
AcDbLine
370
50
 10
87925
 20
8000
 30
0
 11
87925
 21
10976.3356
 31
0
  0
LINE
  5
5BD
100
AcDbEntity
  8
WALL
100
AcDbLine
370
50
 10
87925
 20
10974.3356
 30
0
 11
87925
 21
11550
 31
0
  0
LINE
  5
5BE
100
AcDbEntity
  8
WALL
100
AcDbLine
370
50
 10
88075
 20
10722.0518
 30
0
 11
88075
 21
8000
 31
0
  0
LINE
  5
5BF
100
AcDbEntity
  8
WALL
100
AcDbLine
370
50
 10
88075
 20
11550
 30
0
 11
88075
 21
10719.0518
 31
0
  0
LINE
  5
5C0
100
AcDbEntity
  8
WALL
100
AcDbLine
370
50
 10
87925
 20
12450
 30
0
 11
87925
 21
15426.3356
 31
0
  0
LINE
  5
5C1
100
AcDbEntity
  8
WALL
100
AcDbLine
370
50
 10
87925
 20
15424.3356
 30
0
 11
87925
 21
16000
 31
0
  0
LINE
  5
5C2
100
AcDbEntity
  8
WALL
100
AcDbLine
370
50
 10
88075
 20
15172.0518
 30
0
 11
88075
 21
12450
 31
0
  0
LINE
  5
5C3
100
AcDbEntity
  8
WALL
100
AcDbLine
370
50
 10
88075
 20
16000
 30
0
 11
88075
 21
15169.0518
 31
0
  0
LINE
  5
5C4
100
AcDbEntity
  8
WALL
100
AcDbLine
370
50
 10
87925
 20
11550
 30
0
 11
88075
 21
11550
 31
0
  0
LINE
  5
5C5
100
AcDbEntity
  8
WALL
100
AcDbLine
370
50
 10
87925
 20
12450
 30
0
 11
88075
 21
12450
 31
0
  0
LINE
  5
5C6
100
AcDbEntity
  8
WALL
100
AcDbLine
370
50
 10
87925
 20
16000
 30
0
 11
87925
 21
18019.2678
 31
0
  0
LINE
  5
5C7
100
AcDbEntity
  8
WALL
100
AcDbLine
370
50
 10
87925
 20
18014.2678
 30
0
 11
87925
 21
19550
 31
0
  0
LINE
  5
5C8
100
AcDbEntity
  8
WALL
100
AcDbLine
370
50
 10
88075
 20
18869.1104
 30
0
 11
88075
 21
16000
 31
0
  0
LINE
  5
5C9
100
AcDbEntity
  8
WALL
100
AcDbLine
370
50
 10
88075
 20
19550
 30
0
 11
88075
 21
18868.1104
 31
0
  0
LINE
  5
5CA
100
AcDbEntity
  8
WALL
100
AcDbLine
370
50
 10
87925
 20
20450
 30
0
 11
87925
 21
22469.2678
 31
0
  0
LINE
  5
5CB
100
AcDbEntity
  8
WALL
100
AcDbLine
370
50
 10
87925
 20
22464.2678
 30
0
 11
87925
 21
24000
 31
0
  0
LINE
  5
5CC
100
AcDbEntity
  8
WALL
100
AcDbLine
370
50
 10
88075
 20
23319.1104
 30
0
 11
88075
 21
20450
 31
0
  0
LINE
  5
5CD
100
AcDbEntity
  8
WALL
100
AcDbLine
370
50
 10
88075
 20
24000
 30
0
 11
88075
 21
23318.1104
 31
0
  0
LINE
  5
5CE
100
AcDbEntity
  8
WALL
100
AcDbLine
370
50
 10
87925
 20
19550
 30
0
 11
88075
 21
19550
 31
0
  0
LINE
  5
5CF
100
AcDbEntity
  8
WALL
100
AcDbLine
370
50
 10
87925
 20
20450
 30
0
 11
88075
 21
20450
 31
0
  0
LINE
  5
5D0
100
AcDbEntity
  8
WALL
100
AcDbLine
370
50
 10
91925
 20
0
 30
0
 11
91925
 21
1618.5028
 31
0
  0
LINE
  5
5D1
100
AcDbEntity
  8
WALL
100
AcDbLine
370
50
 10
91925
 20
1613.5028
 30
0
 11
91925
 21
3550
 31
0
  0
LINE
  5
5D2
100
AcDbEntity
  8
WALL
100
AcDbLine
370
50
 10
92075
 20
2651.8263
 30
0
 11
92075
 21
0
 31
0
  0
LINE
  5
5D3
100
AcDbEntity
  8
WALL
100
AcDbLine
370
50
 10
92075
 20
3550
 30
0
 11
92075
 21
2648.8263
 31
0
  0
LINE
  5
5D4
100
AcDbEntity
  8
WALL
100
AcDbLine
370
50
 10
91925
 20
4450
 30
0
 11
91925
 21
6068.5028
 31
0
  0
LINE
  5
5D5
100
AcDbEntity
  8
WALL
100
AcDbLine
370
50
 10
91925
 20
6063.5028
 30
0
 11
91925
 21
8000
 31
0
  0
LINE
  5
5D6
100
AcDbEntity
  8
WALL
100
AcDbLine
370
50
 10
92075
 20
7101.8263
 30
0
 11
92075
 21
4450
 31
0
  0
LINE
  5
5D7
100
AcDbEntity
  8
WALL
100
AcDbLine
370
50
 10
92075
 20
8000
 30
0
 11
92075
 21
7098.8263
 31
0
  0
LINE
  5
5D8
100
AcDbEntity
  8
WALL
100
AcDbLine
370
50
 10
91925
 20
3550
 30
0
 11
92075
 21
3550
 31
0
  0
LINE
  5
5D9
100
AcDbEntity
  8
WALL
100
AcDbLine
370
50
 10
91925
 20
4450
 30
0
 11
92075
 21
4450
 31
0
  0
LINE
  5
5DA
100
AcDbEntity
  8
WALL
100
AcDbLine
370
50
 10
91925
 20
8000
 30
0
 11
91925
 21
10729.0907
 31
0
  0
LINE
  5
5DB
100
AcDbEntity
  8
WALL
100
AcDbLine
370
50
 10
91925
 20
10726.0907
 30
0
 11
91925
 21
11550
 31
0
  0
LINE
  5
5DC
100
AcDbEntity
  8
WALL
100
AcDbLine
370
50
 10
92075
 20
9744.7586
 30
0
 11
92075
 21
8000
 31
0
  0
LINE
  5
5DD
100
AcDbEntity
  8
WALL
100
AcDbLine
370
50
 10
92075
 20
11550
 30
0
 11
92075
 21
9741.7586
 31
0
  0
LINE
  5
5DE
100
AcDbEntity
  8
WALL
100
AcDbLine
370
50
 10
91925
 20
12450
 30
0
 11
91925
 21
15179.0907
 31
0
  0
LINE
  5
5DF
100
AcDbEntity
  8
WALL
100
AcDbLine
370
50
 10
91925
 20
15176.0907
 30
0
 11
91925
 21
16000
 31
0
  0
LINE
  5
5E0
100
AcDbEntity
  8
WALL
100
AcDbLine
370
50
 10
92075
 20
14194.7586
 30
0
 11
92075
 21
12450
 31
0
  0
LINE
  5
5E1
100
AcDbEntity
  8
WALL
100
AcDbLine
370
50
 10
92075
 20
16000
 30
0
 11
92075
 21
14191.7586
 31
0
  0
LINE
  5
5E2
100
AcDbEntity
  8
WALL
100
AcDbLine
370
50
 10
91925
 20
11550
 30
0
 11
92075
 21
11550
 31
0
  0
LINE
  5
5E3
100
AcDbEntity
  8
WALL
100
AcDbLine
370
50
 10
91925
 20
12450
 30
0
 11
92075
 21
12450
 31
0
  0
LINE
  5
5E4
100
AcDbEntity
  8
WALL
100
AcDbLine
370
50
 10
91925
 20
16000
 30
0
 11
91925
 21
18864.0775
 31
0
  0
LINE
  5
5E5
100
AcDbEntity
  8
WALL
100
AcDbLine
370
50
 10
91925
 20
18859.0775
 30
0
 11
91925
 21
19550
 31
0
  0
LINE
  5
5E6
100
AcDbEntity
  8
WALL
100
AcDbLine
370
50
 10
92075
 20
18899.8674
 30
0
 11
92075
 21
16000
 31
0
  0
LINE
  5
5E7
100
AcDbEntity
  8
WALL
100
AcDbLine
370
50
 10
92075
 20
19550
 30
0
 11
92075
 21
18898.8674
 31
0
  0
LINE
  5
5E8
100
AcDbEntity
  8
WALL
100
AcDbLine
370
50
 10
91925
 20
20450
 30
0
 11
91925
 21
23314.0775
 31
0
  0
LINE
  5
5E9
100
AcDbEntity
  8
WALL
100
AcDbLine
370
50
 10
91925
 20
23309.0775
 30
0
 11
91925
 21
24000
 31
0
  0
LINE
  5
5EA
100
AcDbEntity
  8
WALL
100
AcDbLine
370
50
 10
92075
 20
23349.8674
 30
0
 11
92075
 21
20450
 31
0
  0
LINE
  5
5EB
100
AcDbEntity
  8
WALL
100
AcDbLine
370
50
 10
92075
 20
24000
 30
0
 11
92075
 21
23348.8674
 31
0
  0
LINE
  5
5EC
100
AcDbEntity
  8
WALL
100
AcDbLine
370
50
 10
91925
 20
19550
 30
0
 11
92075
 21
19550
 31
0
  0
LINE
  5
5ED
100
AcDbEntity
  8
WALL
100
AcDbLine
370
50
 10
91925
 20
20450
 30
0
 11
92075
 21
20450
 31
0
  0
LINE
  5
5EE
100
AcDbEntity
  8
WALL
100
AcDbLine
370
50
 10
72000
 20
7925
 30
0
 11
74993.3951
 21
7925
 31
0
  0
LINE
  5
5EF
100
AcDbEntity
  8
WALL
100
AcDbLine
370
50
 10
74990.3951
 20
7925
 30
0
 11
76000
 21
7925
 31
0
  0
LINE
  5
5F0
100
AcDbEntity
  8
WALL
100
AcDbLine
370
50
 10
74644.7760
 20
8075
 30
0
 11
72000
 21
8075
 31
0
  0
LINE
  5
5F1
100
AcDbEntity
  8
WALL
100
AcDbLine
370
50
 10
76000
 20
8075
 30
0
 11
74641.7760
 21
8075
 31
0
  0
LINE
  5
5F2
100
AcDbEntity
  8
WALL
100
AcDbLine
370
50
 10
76000
 20
7925
 30
0
 11
77550
 21
7925
 31
0
  0
LINE
  5
5F3
100
AcDbEntity
  8
WALL
100
AcDbLine
370
50
 10
77550
 20
8075
 30
0
 11
76000
 21
8075
 31
0
  0
LINE
  5
5F4
100
AcDbEntity
  8
WALL
100
AcDbLine
370
50
 10
78450
 20
7925
 30
0
 11
80000
 21
7925
 31
0
  0
LINE
  5
5F5
100
AcDbEntity
  8
WALL
100
AcDbLine
370
50
 10
80000
 20
8075
 30
0
 11
78450
 21
8075
 31
0
  0
LINE
  5
5F6
100
AcDbEntity
  8
WALL
100
AcDbLine
370
50
 10
77550
 20
7925
 30
0
 11
77550
 21
8075
 31
0
  0
LINE
  5
5F7
100
AcDbEntity
  8
WALL
100
AcDbLine
370
50
 10
78450
 20
7925
 30
0
 11
78450
 21
8075
 31
0
  0
LINE
  5
5F8
100
AcDbEntity
  8
WALL
100
AcDbLine
370
50
 10
80000
 20
7925
 30
0
 11
81550
 21
7925
 31
0
  0
LINE
  5
5F9
100
AcDbEntity
  8
WALL
100
AcDbLine
370
50
 10
81550
 20
8075
 30
0
 11
80000
 21
8075
 31
0
  0
LINE
  5
5FA
100
AcDbEntity
  8
WALL
100
AcDbLine
370
50
 10
82450
 20
7925
 30
0
 11
84000
 21
7925
 31
0
  0
LINE
  5
5FB
100
AcDbEntity
  8
WALL
100
AcDbLine
370
50
 10
84000
 20
8075
 30
0
 11
82450
 21
8075
 31
0
  0
LINE
  5
5FC
100
AcDbEntity
  8
WALL
100
AcDbLine
370
50
 10
81550
 20
7925
 30
0
 11
81550
 21
8075
 31
0
  0
LINE
  5
5FD
100
AcDbEntity
  8
WALL
100
AcDbLine
370
50
 10
82450
 20
7925
 30
0
 11
82450
 21
8075
 31
0
  0
LINE
  5
5FE
100
AcDbEntity
  8
WALL
100
AcDbLine
370
50
 10
84000
 20
7925
 30
0
 11
85550
 21
7925
 31
0
  0
LINE
  5
5FF
100
AcDbEntity
  8
WALL
100
AcDbLine
370
50
 10
85550
 20
8075
 30
0
 11
84000
 21
8075
 31
0
  0
LINE
  5
600
100
AcDbEntity
  8
WALL
100
AcDbLine
370
50
 10
86450
 20
7925
 30
0
 11
88000
 21
7925
 31
0
  0
LINE
  5
601
100
AcDbEntity
  8
WALL
100
AcDbLine
370
50
 10
88000
 20
8075
 30
0
 11
86450
 21
8075
 31
0
  0
LINE
  5
602
100
AcDbEntity
  8
WALL
100
AcDbLine
370
50
 10
85550
 20
7925
 30
0
 11
85550
 21
8075
 31
0
  0
LINE
  5
603
100
AcDbEntity
  8
WALL
100
AcDbLine
370
50
 10
86450
 20
7925
 30
0
 11
86450
 21
8075
 31
0
  0
LINE
  5
604
100
AcDbEntity
  8
WALL
100
AcDbLine
370
50
 10
88000
 20
7925
 30
0
 11
89550
 21
7925
 31
0
  0
LINE
  5
605
100
AcDbEntity
  8
WALL
100
AcDbLine
370
50
 10
89550
 20
8075
 30
0
 11
88000
 21
8075
 31
0
  0
LINE
  5
606
100
AcDbEntity
  8
WALL
100
AcDbLine
370
50
 10
90450
 20
7925
 30
0
 11
92000
 21
7925
 31
0
  0
LINE
  5
607
100
AcDbEntity
  8
WALL
100
AcDbLine
370
50
 10
92000
 20
8075
 30
0
 11
90450
 21
8075
 31
0
  0
LINE
  5
608
100
AcDbEntity
  8
WALL
100
AcDbLine
370
50
 10
89550
 20
7925
 30
0
 11
89550
 21
8075
 31
0
  0
LINE
  5
609
100
AcDbEntity
  8
WALL
100
AcDbLine
370
50
 10
90450
 20
7925
 30
0
 11
90450
 21
8075
 31
0
  0
LINE
  5
60A
100
AcDbEntity
  8
WALL
100
AcDbLine
370
50
 10
92000
 20
7925
 30
0
 11
94641.3746
 21
7925
 31
0
  0
LINE
  5
60B
100
AcDbEntity
  8
WALL
100
AcDbLine
370
50
 10
94636.3746
 20
7925
 30
0
 11
96000
 21
7925
 31
0
  0
LINE
  5
60C
100
AcDbEntity
  8
WALL
100
AcDbLine
370
50
 10
93602.3359
 20
8075
 30
0
 11
92000
 21
8075
 31
0
  0
LINE
  5
60D
100
AcDbEntity
  8
WALL
100
AcDbLine
370
50
 10
96000
 20
8075
 30
0
 11
93601.3359
 21
8075
 31
0
  0
LINE
  5
60E
100
AcDbEntity
  8
WALL
100
AcDbLine
370
50
 10
72000
 20
15925
 30
0
 11
73550
 21
15925
 31
0
  0
LINE
  5
60F
100
AcDbEntity
  8
WALL
100
AcDbLine
370
50
 10
73550
 20
16075
 30
0
 11
72000
 21
16075
 31
0
  0
LINE
  5
610
100
AcDbEntity
  8
WALL
100
AcDbLine
370
50
 10
74450
 20
15925
 30
0
 11
76000
 21
15925
 31
0
  0
LINE
  5
611
100
AcDbEntity
  8
WALL
100
AcDbLine
370
50
 10
76000
 20
16075
 30
0
 11
74450
 21
16075
 31
0
  0
LINE
  5
612
100
AcDbEntity
  8
WALL
100
AcDbLine
370
50
 10
73550
 20
15925
 30
0
 11
73550
 21
16075
 31
0
  0
LINE
  5
613
100
AcDbEntity
  8
WALL
100
AcDbLine
370
50
 10
74450
 20
15925
 30
0
 11
74450
 21
16075
 31
0
  0
LINE
  5
614
100
AcDbEntity
  8
WALL
100
AcDbLine
370
50
 10
76000
 20
15925
 30
0
 11
77550
 21
15925
 31
0
  0
LINE
  5
615
100
AcDbEntity
  8
WALL
100
AcDbLine
370
50
 10
77550
 20
16075
 30
0
 11
76000
 21
16075
 31
0
  0
LINE
  5
616
100
AcDbEntity
  8
WALL
100
AcDbLine
370
50
 10
78450
 20
15925
 30
0
 11
80000
 21
15925
 31
0
  0
LINE
  5
617
100
AcDbEntity
  8
WALL
100
AcDbLine
370
50
 10
80000
 20
16075
 30
0
 11
78450
 21
16075
 31
0
  0
LINE
  5
618
100
AcDbEntity
  8
WALL
100
AcDbLine
370
50
 10
77550
 20
15925
 30
0
 11
77550
 21
16075
 31
0
  0
LINE
  5
619
100
AcDbEntity
  8
WALL
100
AcDbLine
370
50
 10
78450
 20
15925
 30
0
 11
78450
 21
16075
 31
0
  0
LINE
  5
61A
100
AcDbEntity
  8
WALL
100
AcDbLine
370
50
 10
80000
 20
15925
 30
0
 11
81550
 21
15925
 31
0
  0
LINE
  5
61B
100
AcDbEntity
  8
WALL
100
AcDbLine
370
50
 10
81550
 20
16075
 30
0
 11
80000
 21
16075
 31
0
  0
LINE
  5
61C
100
AcDbEntity
  8
WALL
100
AcDbLine
370
50
 10
82450
 20
15925
 30
0
 11
84000
 21
15925
 31
0
  0
LINE
  5
61D
100
AcDbEntity
  8
WALL
100
AcDbLine
370
50
 10
84000
 20
16075
 30
0
 11
82450
 21
16075
 31
0
  0
LINE
  5
61E
100
AcDbEntity
  8
WALL
100
AcDbLine
370
50
 10
81550
 20
15925
 30
0
 11
81550
 21
16075
 31
0
  0
LINE
  5
61F
100
AcDbEntity
  8
WALL
100
AcDbLine
370
50
 10
82450
 20
15925
 30
0
 11
82450
 21
16075
 31
0
  0
LINE
  5
620
100
AcDbEntity
  8
WALL
100
AcDbLine
370
50
 10
84000
 20
15925
 30
0
 11
85550
 21
15925
 31
0
  0
LINE
  5
621
100
AcDbEntity
  8
WALL
100
AcDbLine
370
50
 10
85550
 20
16075
 30
0
 11
84000
 21
16075
 31
0
  0
LINE
  5
622
100
AcDbEntity
  8
WALL
100
AcDbLine
370
50
 10
86450
 20
15925
 30
0
 11
88000
 21
15925
 31
0
  0
LINE
  5
623
100
AcDbEntity
  8
WALL
100
AcDbLine
370
50
 10
88000
 20
16075
 30
0
 11
86450
 21
16075
 31
0
  0
LINE
  5
624
100
AcDbEntity
  8
WALL
100
AcDbLine
370
50
 10
85550
 20
15925
 30
0
 11
85550
 21
16075
 31
0
  0
LINE
  5
625
100
AcDbEntity
  8
WALL
100
AcDbLine
370
50
 10
86450
 20
15925
 30
0
 11
86450
 21
16075
 31
0
  0
LINE
  5
626
100
AcDbEntity
  8
WALL
100
AcDbLine
370
50
 10
88000
 20
15925
 30
0
 11
89550
 21
15925
 31
0
  0
LINE
  5
627
100
AcDbEntity
  8
WALL
100
AcDbLine
370
50
 10
89550
 20
16075
 30
0
 11
88000
 21
16075
 31
0
  0
LINE
  5
628
100
AcDbEntity
  8
WALL
100
AcDbLine
370
50
 10
90450
 20
15925
 30
0
 11
92000
 21
15925
 31
0
  0
LINE
  5
629
100
AcDbEntity
  8
WALL
100
AcDbLine
370
50
 10
92000
 20
16075
 30
0
 11
90450
 21
16075
 31
0
  0
LINE
  5
62A
100
AcDbEntity
  8
WALL
100
AcDbLine
370
50
 10
89550
 20
15925
 30
0
 11
89550
 21
16075
 31
0
  0
LINE
  5
62B
100
AcDbEntity
  8
WALL
100
AcDbLine
370
50
 10
90450
 20
15925
 30
0
 11
90450
 21
16075
 31
0
  0
LINE
  5
62C
100
AcDbEntity
  8
WALL
100
AcDbLine
370
50
 10
92000
 20
15925
 30
0
 11
93550
 21
15925
 31
0
  0
LINE
  5
62D
100
AcDbEntity
  8
WALL
100
AcDbLine
370
50
 10
93550
 20
16075
 30
0
 11
92000
 21
16075
 31
0
  0
LINE
  5
62E
100
AcDbEntity
  8
WALL
100
AcDbLine
370
50
 10
94450
 20
15925
 30
0
 11
96000
 21
15925
 31
0
  0
LINE
  5
62F
100
AcDbEntity
  8
WALL
100
AcDbLine
370
50
 10
96000
 20
16075
 30
0
 11
94450
 21
16075
 31
0
  0
LINE
  5
630
100
AcDbEntity
  8
WALL
100
AcDbLine
370
50
 10
93550
 20
15925
 30
0
 11
93550
 21
16075
 31
0
  0
LINE
  5
631
100
AcDbEntity
  8
WALL
100
AcDbLine
370
50
 10
94450
 20
15925
 30
0
 11
94450
 21
16075
 31
0
  0
LWPOLYLINE
  5
632
100
AcDbEntity
  8
COLUMN
100
AcDbPolyline
 90
4
 70
1
 10
71885
 20
-115
 10
72115
 20
-115
 10
72115
 20
115
 10
71885
 20
115
  0
LWPOLYLINE
  5
633
100
AcDbEntity
  8
COLUMN
100
AcDbPolyline
 90
4
 70
1
 10
71885
 20
7885
 10
72115
 20
7885
 10
72115
 20
8115
 10
71885
 20
8115
  0
LWPOLYLINE
  5
634
100
AcDbEntity
  8
COLUMN
100
AcDbPolyline
 90
4
 70
1
 10
71885
 20
15885
 10
72115
 20
15885
 10
72115
 20
16115
 10
71885
 20
16115
  0
LWPOLYLINE
  5
635
100
AcDbEntity
  8
COLUMN
100
AcDbPolyline
 90
4
 70
1
 10
71885
 20
23885
 10
72115
 20
23885
 10
72115
 20
24115
 10
71885
 20
24115
  0
LWPOLYLINE
  5
636
100
AcDbEntity
  8
COLUMN
100
AcDbPolyline
 90
4
 70
1
 10
75885
 20
-115
 10
76115
 20
-115
 10
76115
 20
115
 10
75885
 20
115
  0
LWPOLYLINE
  5
637
100
AcDbEntity
  8
COLUMN
100
AcDbPolyline
 90
4
 70
1
 10
75885
 20
7885
 10
76115
 20
7885
 10
76115
 20
8115
 10
75885
 20
8115
  0
LWPOLYLINE
  5
638
100
AcDbEntity
  8
COLUMN
100
AcDbPolyline
 90
4
 70
1
 10
75885
 20
15885
 10
76115
 20
15885
 10
76115
 20
16115
 10
75885
 20
16115
  0
LWPOLYLINE
  5
639
100
AcDbEntity
  8
COLUMN
100
AcDbPolyline
 90
4
 70
1
 10
75885
 20
23885
 10
76115
 20
23885
 10
76115
 20
24115
 10
75885
 20
24115
  0
LWPOLYLINE
  5
63A
100
AcDbEntity
  8
COLUMN
100
AcDbPolyline
 90
4
 70
1
 10
79885
 20
-115
 10
80115
 20
-115
 10
80115
 20
115
 10
79885
 20
115
  0
LWPOLYLINE
  5
63B
100
AcDbEntity
  8
COLUMN
100
AcDbPolyline
 90
4
 70
1
 10
79885
 20
7885
 10
80115
 20
7885
 10
80115
 20
8115
 10
79885
 20
8115
  0
LWPOLYLINE
  5
63C
100
AcDbEntity
  8
COLUMN
100
AcDbPolyline
 90
4
 70
1
 10
79885
 20
15885
 10
80115
 20
15885
 10
80115
 20
16115
 10
79885
 20
16115
  0
LWPOLYLINE
  5
63D
100
AcDbEntity
  8
COLUMN
100
AcDbPolyline
 90
4
 70
1
 10
79885
 20
23885
 10
80115
 20
23885
 10
80115
 20
24115
 10
79885
 20
24115
  0
LWPOLYLINE
  5
63E
100
AcDbEntity
  8
COLUMN
100
AcDbPolyline
 90
4
 70
1
 10
83885
 20
-115
 10
84115
 20
-115
 10
84115
 20
115
 10
83885
 20
115
  0
LWPOLYLINE
  5
63F
100
AcDbEntity
  8
COLUMN
100
AcDbPolyline
 90
4
 70
1
 10
83885
 20
7885
 10
84115
 20
7885
 10
84115
 20
8115
 10
83885
 20
8115
  0
LWPOLYLINE
  5
640
100
AcDbEntity
  8
COLUMN
100
AcDbPolyline
 90
4
 70
1
 10
83885
 20
15885
 10
84115
 20
15885
 10
84115
 20
16115
 10
83885
 20
16115
  0
LWPOLYLINE
  5
641
100
AcDbEntity
  8
COLUMN
100
AcDbPolyline
 90
4
 70
1
 10
83885
 20
23885
 10
84115
 20
23885
 10
84115
 20
24115
 10
83885
 20
24115
  0
LWPOLYLINE
  5
642
100
AcDbEntity
  8
COLUMN
100
AcDbPolyline
 90
4
 70
1
 10
87885
 20
-115
 10
88115
 20
-115
 10
88115
 20
115
 10
87885
 20
115
  0
LWPOLYLINE
  5
643
100
AcDbEntity
  8
COLUMN
100
AcDbPolyline
 90
4
 70
1
 10
87885
 20
7885
 10
88115
 20
7885
 10
88115
 20
8115
 10
87885
 20
8115
  0
LWPOLYLINE
  5
644
100
AcDbEntity
  8
COLUMN
100
AcDbPolyline
 90
4
 70
1
 10
87885
 20
15885
 10
88115
 20
15885
 10
88115
 20
16115
 10
87885
 20
16115
  0
LWPOLYLINE
  5
645
100
AcDbEntity
  8
COLUMN
100
AcDbPolyline
 90
4
 70
1
 10
87885
 20
23885
 10
88115
 20
23885
 10
88115
 20
24115
 10
87885
 20
24115
  0
LWPOLYLINE
  5
646
100
AcDbEntity
  8
COLUMN
100
AcDbPolyline
 90
4
 70
1
 10
91885
 20
-115
 10
92115
 20
-115
 10
92115
 20
115
 10
91885
 20
115
  0
LWPOLYLINE
  5
647
100
AcDbEntity
  8
COLUMN
100
AcDbPolyline
 90
4
 70
1
 10
91885
 20
7885
 10
92115
 20
7885
 10
92115
 20
8115
 10
91885
 20
8115
  0
LWPOLYLINE
  5
648
100
AcDbEntity
  8
COLUMN
100
AcDbPolyline
 90
4
 70
1
 10
91885
 20
15885
 10
92115
 20
15885
 10
92115
 20
16115
 10
91885
 20
16115
  0
LWPOLYLINE
  5
649
100
AcDbEntity
  8
COLUMN
100
AcDbPolyline
 90
4
 70
1
 10
91885
 20
23885
 10
92115
 20
23885
 10
92115
 20
24115
 10
91885
 20
24115
  0
LWPOLYLINE
  5
64A
100
AcDbEntity
  8
COLUMN
100
AcDbPolyline
 90
4
 70
1
 10
95885
 20
-115
 10
96115
 20
-115
 10
96115
 20
115
 10
95885
 20
115
  0
LWPOLYLINE
  5
64B
100
AcDbEntity
  8
COLUMN
100
AcDbPolyline
 90
4
 70
1
 10
95885
 20
7885
 10
96115
 20
7885
 10
96115
 20
8115
 10
95885
 20
8115
  0
LWPOLYLINE
  5
64C
100
AcDbEntity
  8
COLUMN
100
AcDbPolyline
 90
4
 70
1
 10
95885
 20
15885
 10
96115
 20
15885
 10
96115
 20
16115
 10
95885
 20
16115
  0
LWPOLYLINE
  5
64D
100
AcDbEntity
  8
COLUMN
100
AcDbPolyline
 90
4
 70
1
 10
95885
 20
23885
 10
96115
 20
23885
 10
96115
 20
24115
 10
95885
 20
24115
  0
TEXT
  5
64E
100
AcDbEntity
  8
TEXT
100
AcDbText
 10
73518.7500
 20
4018.7500
 30
0
 40
250
  1
LOUNGE
100
AcDbText
  0
TEXT
  5
64F
100
AcDbEntity
  8
TEXT
100
AcDbText
 10
77500
 20
4018.7500
 30
0
 40
250
  1
DINING
100
AcDbText
  0
TEXT
  5
650
100
AcDbEntity
  8
TEXT
100
AcDbText
 10
81500
 20
4018.7500
 30
0
 40
250
  1
KITCHEN
100
AcDbText
  0
TEXT
  5
651
100
AcDbEntity
  8
TEXT
100
AcDbText
 10
85500
 20
4018.7500
 30
0
 40
250
  1
KITCHEN
100
AcDbText
  0
TEXT
  5
652
100
AcDbEntity
  8
TEXT
100
AcDbText
 10
89500
 20
4018.7500
 30
0
 40
250
  1
DINING
100
AcDbText
  0
TEXT
  5
653
100
AcDbEntity
  8
TEXT
100
AcDbText
 10
93481.2500
 20
4018.7500
 30
0
 40
250
  1
LOUNGE
100
AcDbText
  0
TEXT
  5
654
100
AcDbEntity
  8
TEXT
100
AcDbText
 10
73518.7500
 20
12000
 30
0
 40
250
  1
STORE
100
AcDbText
  0
TEXT
  5
655
100
AcDbEntity
  8
TEXT
100
AcDbText
 10
77500
 20
12000
 30
0
 40
250
  1
STAIR HALL
100
AcDbText
  0
TEXT
  5
656
100
AcDbEntity
  8
TEXT
100
AcDbText
 10
81500
 20
12000
 30
0
 40
250
  1
DRESSING
100
AcDbText
  0
LWPOLYLINE
  5
657
100
AcDbEntity
  8
SANITARY
100
AcDbPolyline
 90
4
 70
1
 10
80475
 20
15025
 10
80875
 20
15025
 10
80875
 20
15625
 10
80475
 20
15625
  0
TEXT
  5
658
100
AcDbEntity
  8
TEXT
100
AcDbText
 10
85500
 20
12000
 30
0
 40
250
  1
DRESSING
100
AcDbText
  0
LWPOLYLINE
  5
659
100
AcDbEntity
  8
SANITARY
100
AcDbPolyline
 90
4
 70
1
 10
84475
 20
15025
 10
84875
 20
15025
 10
84875
 20
15625
 10
84475
 20
15625
  0
TEXT
  5
65A
100
AcDbEntity
  8
TEXT
100
AcDbText
 10
89500
 20
12000
 30
0
 40
250
  1
STAIR HALL
100
AcDbText
  0
TEXT
  5
65B
100
AcDbEntity
  8
TEXT
100
AcDbText
 10
93481.2500
 20
12000
 30
0
 40
250
  1
STORE
100
AcDbText
  0
TEXT
  5
65C
100
AcDbEntity
  8
TEXT
100
AcDbText
 10
73518.7500
 20
19981.2500
 30
0
 40
250
  1
BEDROOM
100
AcDbText
  0
TEXT
  5
65D
100
AcDbEntity
  8
TEXT
100
AcDbText
 10
77500
 20
19981.2500
 30
0
 40
250
  1
BEDROOM
100
AcDbText
  0
TEXT
  5
65E
100
AcDbEntity
  8
TEXT
100
AcDbText
 10
81500
 20
19981.2500
 30
0
 40
250
  1
MASTER BEDROOM
100
AcDbText
  0
TEXT
  5
65F
100
AcDbEntity
  8
TEXT
100
AcDbText
 10
85500
 20
19981.2500
 30
0
 40
250
  1
MASTER BEDROOM
100
AcDbText
  0
TEXT
  5
660
100
AcDbEntity
  8
TEXT
100
AcDbText
 10
89500
 20
19981.2500
 30
0
 40
250
  1
BEDROOM
100
AcDbText
  0
TEXT
  5
661
100
AcDbEntity
  8
TEXT
100
AcDbText
 10
93481.2500
 20
19981.2500
 30
0
 40
250
  1
BEDROOM
100
AcDbText
  0
DIMENSION
  5
662
100
AcDbEntity
  8
DIM
100
AcDbDimension
  2
*D
 10
72000
 20
-1800
 30
0
 11
84000
 21
-1550
 31
0
 70
33
  1

 42
24000
100
AcDbAlignedDimension
 13
72000
 23
0
 33
0
 14
96000
 24
0
 34
0
  0
DIMENSION
  5
663
100
AcDbEntity
  8
DIM
100
AcDbDimension
  2
*D
 10
70200
 20
0
 30
0
 11
70450
 21
12000
 31
0
 70
33
  1

 42
24000
100
AcDbAlignedDimension
 13
72000
 23
0
 33
0
 14
72000
 24
24000
 34
0
  0
DIMENSION
  5
664
100
AcDbEntity
  8
DIM
100
AcDbDimension
  2
*D
 10
72000
 20
25200
 30
0
 11
74000
 21
25450
 31
0
 70
33
  1

 42
4000
100
AcDbAlignedDimension
 13
72000
 23
24000
 33
0
 14
76000
 24
24000
 34
0
  0
DIMENSION
  5
665
100
AcDbEntity
  8
DIM
100
AcDbDimension
  2
*D
 10
76000
 20
25200
 30
0
 11
78000
 21
25450
 31
0
 70
33
  1

 42
4000
100
AcDbAlignedDimension
 13
76000
 23
24000
 33
0
 14
80000
 24
24000
 34
0
  0
DIMENSION
  5
666
100
AcDbEntity
  8
DIM
100
AcDbDimension
  2
*D
 10
80000
 20
25200
 30
0
 11
82000
 21
25450
 31
0
 70
33
  1

 42
4000
100
AcDbAlignedDimension
 13
80000
 23
24000
 33
0
 14
84000
 24
24000
 34
0
  0
DIMENSION
  5
667
100
AcDbEntity
  8
DIM
100
AcDbDimension
  2
*D
 10
84000
 20
25200
 30
0
 11
86000
 21
25450
 31
0
 70
33
  1

 42
4000
100
AcDbAlignedDimension
 13
84000
 23
24000
 33
0
 14
88000
 24
24000
 34
0
  0
DIMENSION
  5
668
100
AcDbEntity
  8
DIM
100
AcDbDimension
  2
*D
 10
88000
 20
25200
 30
0
 11
90000
 21
25450
 31
0
 70
33
  1

 42
4000
100
AcDbAlignedDimension
 13
88000
 23
24000
 33
0
 14
92000
 24
24000
 34
0
  0
DIMENSION
  5
669
100
AcDbEntity
  8
DIM
100
AcDbDimension
  2
*D
 10
92000
 20
25200
 30
0
 11
94000
 21
25450
 31
0
 70
33
  1

 42
4000
100
AcDbAlignedDimension
 13
92000
 23
24000
 33
0
 14
96000
 24
24000
 34
0
  0
DIMENSION
  5
66A
100
AcDbEntity
  8
DIM
100
AcDbDimension
  2
*D
 10
97200
 20
0
 30
0
 11
97450
 21
4000
 31
0
 70
33
  1

 42
8000
100
AcDbAlignedDimension
 13
96000
 23
0
 33
0
 14
96000
 24
8000
 34
0
  0
DIMENSION
  5
66B
100
AcDbEntity
  8
DIM
100
AcDbDimension
  2
*D
 10
97200
 20
8000
 30
0
 11
97450
 21
12000
 31
0
 70
33
  1

 42
8000
100
AcDbAlignedDimension
 13
96000
 23
8000
 33
0
 14
96000
 24
16000
 34
0
  0
DIMENSION
  5
66C
100
AcDbEntity
  8
DIM
100
AcDbDimension
  2
*D
 10
97200
 20
16000
 30
0
 11
97450
 21
20000
 31
0
 70
33
  1

 42
8000
100
AcDbAlignedDimension
 13
96000
 23
16000
 33
0
 14
96000
 24
24000
 34
0
  0
TEXT
  5
66D
100
AcDbEntity
  8
TEXT
100
AcDbText
 10
72000
 20
-3200
 30
0
 40
450
  1
SECOND FLOOR PLAN
100
AcDbText
  0
TEXT
  5
66E
100
AcDbEntity
  8
TEXT
100
AcDbText
 10
98600
 20
12000
 30
0
 40
300
  1
+6450
100
AcDbText
  0
TEXT
  5
66F
100
AcDbEntity
  8
TEXT
100
AcDbText
 10
72000
 20
-4200
 30
0
 40
250
  1
EACH FLAT OCCUPIES 271 SQUARE METRES ONLY.
100
AcDbText
  0
LWPOLYLINE
  5
670
100
AcDbEntity
  8
WIND
100
AcDbPolyline
 90
4
 70
1
 10
107940
 20
3400
 10
108060
 20
3400
 10
108060
 20
4600
 10
107940
 20
4600
  0
LWPOLYLINE
  5
671
100
AcDbEntity
  8
WIND
100
AcDbPolyline
 90
4
 70
1
 10
107940
 20
11400
 10
108060
 20
11400
 10
108060
 20
12600
 10
107940
 20
12600
  0
LWPOLYLINE
  5
672
100
AcDbEntity
  8
WIND
100
AcDbPolyline
 90
4
 70
1
 10
107940
 20
19400
 10
108060
 20
19400
 10
108060
 20
20600
 10
107940
 20
20600
  0
LWPOLYLINE
  5
673
100
AcDbEntity
  8
WIND
100
AcDbPolyline
 90
4
 70
1
 10
131940
 20
3400
 10
132060
 20
3400
 10
132060
 20
4600
 10
131940
 20
4600
  0
LWPOLYLINE
  5
674
100
AcDbEntity
  8
WIND
100
AcDbPolyline
 90
4
 70
1
 10
131940
 20
11400
 10
132060
 20
11400
 10
132060
 20
12600
 10
131940
 20
12600
  0
LWPOLYLINE
  5
675
100
AcDbEntity
  8
WIND
100
AcDbPolyline
 90
4
 70
1
 10
131940
 20
19400
 10
132060
 20
19400
 10
132060
 20
20600
 10
131940
 20
20600
  0
LWPOLYLINE
  5
676
100
AcDbEntity
  8
WIND
100
AcDbPolyline
 90
4
 70
1
 10
109400
 20
-60
 10
110600
 20
-60
 10
110600
 20
60
 10
109400
 20
60
  0
LWPOLYLINE
  5
677
100
AcDbEntity
  8
WIND
100
AcDbPolyline
 90
4
 70
1
 10
113400
 20
-60
 10
114600
 20
-60
 10
114600
 20
60
 10
113400
 20
60
  0
LWPOLYLINE
  5
678
100
AcDbEntity
  8
WIND
100
AcDbPolyline
 90
4
 70
1
 10
117400
 20
-60
 10
118600
 20
-60
 10
118600
 20
60
 10
117400
 20
60
  0
LWPOLYLINE
  5
679
100
AcDbEntity
  8
WIND
100
AcDbPolyline
 90
4
 70
1
 10
121400
 20
-60
 10
122600
 20
-60
 10
122600
 20
60
 10
121400
 20
60
  0
LWPOLYLINE
  5
67A
100
AcDbEntity
  8
WIND
100
AcDbPolyline
 90
4
 70
1
 10
125400
 20
-60
 10
126600
 20
-60
 10
126600
 20
60
 10
125400
 20
60
  0
LWPOLYLINE
  5
67B
100
AcDbEntity
  8
WIND
100
AcDbPolyline
 90
4
 70
1
 10
129400
 20
-60
 10
130600
 20
-60
 10
130600
 20
60
 10
129400
 20
60
  0
LWPOLYLINE
  5
67C
100
AcDbEntity
  8
WIND
100
AcDbPolyline
 90
4
 70
1
 10
109400
 20
23940
 10
110600
 20
23940
 10
110600
 20
24060
 10
109400
 20
24060
  0
LWPOLYLINE
  5
67D
100
AcDbEntity
  8
WIND
100
AcDbPolyline
 90
4
 70
1
 10
113400
 20
23940
 10
114600
 20
23940
 10
114600
 20
24060
 10
113400
 20
24060
  0
LWPOLYLINE
  5
67E
100
AcDbEntity
  8
WIND
100
AcDbPolyline
 90
4
 70
1
 10
117400
 20
23940
 10
118600
 20
23940
 10
118600
 20
24060
 10
117400
 20
24060
  0
LWPOLYLINE
  5
67F
100
AcDbEntity
  8
WIND
100
AcDbPolyline
 90
4
 70
1
 10
121400
 20
23940
 10
122600
 20
23940
 10
122600
 20
24060
 10
121400
 20
24060
  0
LWPOLYLINE
  5
680
100
AcDbEntity
  8
WIND
100
AcDbPolyline
 90
4
 70
1
 10
125400
 20
23940
 10
126600
 20
23940
 10
126600
 20
24060
 10
125400
 20
24060
  0
LWPOLYLINE
  5
681
100
AcDbEntity
  8
WIND
100
AcDbPolyline
 90
4
 70
1
 10
129400
 20
23940
 10
130600
 20
23940
 10
130600
 20
24060
 10
129400
 20
24060
  0
ARC
  5
682
100
AcDbEntity
  8
DOOR
100
AcDbCircle
 10
112000
 20
3550
 30
0
 40
900
100
AcDbArc
 50
90
 51
180
  0
LINE
  5
683
100
AcDbEntity
  8
DOOR
100
AcDbLine
 10
112000
 20
3550
 30
0
 11
111100
 21
3550
 31
0
  0
ARC
  5
684
100
AcDbEntity
  8
DOOR
100
AcDbCircle
 10
112000
 20
11550
 30
0
 40
900
100
AcDbArc
 50
90
 51
180
  0
LINE
  5
685
100
AcDbEntity
  8
DOOR
100
AcDbLine
 10
112000
 20
11550
 30
0
 11
111100
 21
11550
 31
0
  0
ARC
  5
686
100
AcDbEntity
  8
DOOR
100
AcDbCircle
 10
112000
 20
19550
 30
0
 40
900
100
AcDbArc
 50
90
 51
180
  0
LINE
  5
687
100
AcDbEntity
  8
DOOR
100
AcDbLine
 10
112000
 20
19550
 30
0
 11
111100
 21
19550
 31
0
  0
ARC
  5
688
100
AcDbEntity
  8
DOOR
100
AcDbCircle
 10
116000
 20
3550
 30
0
 40
900
100
AcDbArc
 50
90
 51
180
  0
LINE
  5
689
100
AcDbEntity
  8
DOOR
100
AcDbLine
 10
116000
 20
3550
 30
0
 11
115100
 21
3550
 31
0
  0
ARC
  5
68A
100
AcDbEntity
  8
DOOR
100
AcDbCircle
 10
116000
 20
11550
 30
0
 40
900
100
AcDbArc
 50
90
 51
180
  0
LINE
  5
68B
100
AcDbEntity
  8
DOOR
100
AcDbLine
 10
116000
 20
11550
 30
0
 11
115100
 21
11550
 31
0
  0
ARC
  5
68C
100
AcDbEntity
  8
DOOR
100
AcDbCircle
 10
116000
 20
19550
 30
0
 40
900
100
AcDbArc
 50
90
 51
180
  0
LINE
  5
68D
100
AcDbEntity
  8
DOOR
100
AcDbLine
 10
116000
 20
19550
 30
0
 11
115100
 21
19550
 31
0
  0
ARC
  5
68E
100
AcDbEntity
  8
DOOR
100
AcDbCircle
 10
124000
 20
3550
 30
0
 40
900
100
AcDbArc
 50
90
 51
180
  0
LINE
  5
68F
100
AcDbEntity
  8
DOOR
100
AcDbLine
 10
124000
 20
3550
 30
0
 11
123100
 21
3550
 31
0
  0
ARC
  5
690
100
AcDbEntity
  8
DOOR
100
AcDbCircle
 10
124000
 20
11550
 30
0
 40
900
100
AcDbArc
 50
90
 51
180
  0
LINE
  5
691
100
AcDbEntity
  8
DOOR
100
AcDbLine
 10
124000
 20
11550
 30
0
 11
123100
 21
11550
 31
0
  0
ARC
  5
692
100
AcDbEntity
  8
DOOR
100
AcDbCircle
 10
124000
 20
19550
 30
0
 40
900
100
AcDbArc
 50
90
 51
180
  0
LINE
  5
693
100
AcDbEntity
  8
DOOR
100
AcDbLine
 10
124000
 20
19550
 30
0
 11
123100
 21
19550
 31
0
  0
ARC
  5
694
100
AcDbEntity
  8
DOOR
100
AcDbCircle
 10
128000
 20
3550
 30
0
 40
900
100
AcDbArc
 50
90
 51
180
  0
LINE
  5
695
100
AcDbEntity
  8
DOOR
100
AcDbLine
 10
128000
 20
3550
 30
0
 11
127100
 21
3550
 31
0
  0
ARC
  5
696
100
AcDbEntity
  8
DOOR
100
AcDbCircle
 10
128000
 20
11550
 30
0
 40
900
100
AcDbArc
 50
90
 51
180
  0
LINE
  5
697
100
AcDbEntity
  8
DOOR
100
AcDbLine
 10
128000
 20
11550
 30
0
 11
127100
 21
11550
 31
0
  0
ARC
  5
698
100
AcDbEntity
  8
DOOR
100
AcDbCircle
 10
128000
 20
19550
 30
0
 40
900
100
AcDbArc
 50
90
 51
180
  0
LINE
  5
699
100
AcDbEntity
  8
DOOR
100
AcDbLine
 10
128000
 20
19550
 30
0
 11
127100
 21
19550
 31
0
  0
ARC
  5
69A
100
AcDbEntity
  8
DOOR
100
AcDbCircle
 10
113550
 20
8000
 30
0
 40
900
100
AcDbArc
 50
0
 51
90
  0
LINE
  5
69B
100
AcDbEntity
  8
DOOR
100
AcDbLine
 10
113550
 20
8000
 30
0
 11
113550
 21
8900
 31
0
  0
ARC
  5
69C
100
AcDbEntity
  8
DOOR
100
AcDbCircle
 10
117550
 20
8000
 30
0
 40
900
100
AcDbArc
 50
0
 51
90
  0
LINE
  5
69D
100
AcDbEntity
  8
DOOR
100
AcDbLine
 10
117550
 20
8000
 30
0
 11
117550
 21
8900
 31
0
  0
ARC
  5
69E
100
AcDbEntity
  8
DOOR
100
AcDbCircle
 10
121550
 20
8000
 30
0
 40
900
100
AcDbArc
 50
0
 51
90
  0
LINE
  5
69F
100
AcDbEntity
  8
DOOR
100
AcDbLine
 10
121550
 20
8000
 30
0
 11
121550
 21
8900
 31
0
  0
ARC
  5
6A0
100
AcDbEntity
  8
DOOR
100
AcDbCircle
 10
125550
 20
8000
 30
0
 40
900
100
AcDbArc
 50
0
 51
90
  0
LINE
  5
6A1
100
AcDbEntity
  8
DOOR
100
AcDbLine
 10
125550
 20
8000
 30
0
 11
125550
 21
8900
 31
0
  0
ARC
  5
6A2
100
AcDbEntity
  8
DOOR
100
AcDbCircle
 10
109550
 20
16000
 30
0
 40
900
100
AcDbArc
 50
0
 51
90
  0
LINE
  5
6A3
100
AcDbEntity
  8
DOOR
100
AcDbLine
 10
109550
 20
16000
 30
0
 11
109550
 21
16900
 31
0
  0
ARC
  5
6A4
100
AcDbEntity
  8
DOOR
100
AcDbCircle
 10
113550
 20
16000
 30
0
 40
900
100
AcDbArc
 50
0
 51
90
  0
LINE
  5
6A5
100
AcDbEntity
  8
DOOR
100
AcDbLine
 10
113550
 20
16000
 30
0
 11
113550
 21
16900
 31
0
  0
ARC
  5
6A6
100
AcDbEntity
  8
DOOR
100
AcDbCircle
 10
117550
 20
16000
 30
0
 40
900
100
AcDbArc
 50
0
 51
90
  0
LINE
  5
6A7
100
AcDbEntity
  8
DOOR
100
AcDbLine
 10
117550
 20
16000
 30
0
 11
117550
 21
16900
 31
0
  0
ARC
  5
6A8
100
AcDbEntity
  8
DOOR
100
AcDbCircle
 10
121550
 20
16000
 30
0
 40
900
100
AcDbArc
 50
0
 51
90
  0
LINE
  5
6A9
100
AcDbEntity
  8
DOOR
100
AcDbLine
 10
121550
 20
16000
 30
0
 11
121550
 21
16900
 31
0
  0
ARC
  5
6AA
100
AcDbEntity
  8
DOOR
100
AcDbCircle
 10
125550
 20
16000
 30
0
 40
900
100
AcDbArc
 50
0
 51
90
  0
LINE
  5
6AB
100
AcDbEntity
  8
DOOR
100
AcDbLine
 10
125550
 20
16000
 30
0
 11
125550
 21
16900
 31
0
  0
ARC
  5
6AC
100
AcDbEntity
  8
DOOR
100
AcDbCircle
 10
129550
 20
16000
 30
0
 40
900
100
AcDbArc
 50
0
 51
90
  0
LINE
  5
6AD
100
AcDbEntity
  8
DOOR
100
AcDbLine
 10
129550
 20
16000
 30
0
 11
129550
 21
16900
 31
0
  0
LINE
  5
6AE
100
AcDbEntity
  8
WALL
100
AcDbLine
370
50
 10
107887.5000
 20
0
 30
0
 11
107887.5000
 21
2693.3814
 31
0
  0
LINE
  5
6AF
100
AcDbEntity
  8
WALL
100
AcDbLine
370
50
 10
107887.5000
 20
2688.3814
 30
0
 11
107887.5000
 21
3400
 31
0
  0
LINE
  5
6B0
100
AcDbEntity
  8
WALL
100
AcDbLine
370
50
 10
108112.5000
 20
1906.8789
 30
0
 11
108112.5000
 21
0
 31
0
  0
LINE
  5
6B1
100
AcDbEntity
  8
WALL
100
AcDbLine
370
50
 10
108112.5000
 20
3400
 30
0
 11
108112.5000
 21
1903.8789
 31
0
  0
LINE
  5
6B2
100
AcDbEntity
  8
WALL
100
AcDbLine
370
50
 10
107887.5000
 20
4600
 30
0
 11
107887.5000
 21
7293.3814
 31
0
  0
LINE
  5
6B3
100
AcDbEntity
  8
WALL
100
AcDbLine
370
50
 10
107887.5000
 20
7288.3814
 30
0
 11
107887.5000
 21
8000
 31
0
  0
LINE
  5
6B4
100
AcDbEntity
  8
WALL
100
AcDbLine
370
50
 10
108112.5000
 20
6506.8789
 30
0
 11
108112.5000
 21
4600
 31
0
  0
LINE
  5
6B5
100
AcDbEntity
  8
WALL
100
AcDbLine
370
50
 10
108112.5000
 20
8000
 30
0
 11
108112.5000
 21
6503.8789
 31
0
  0
LINE
  5
6B6
100
AcDbEntity
  8
WALL
100
AcDbLine
370
50
 10
107887.5000
 20
3400
 30
0
 11
108112.5000
 21
3400
 31
0
  0
LINE
  5
6B7
100
AcDbEntity
  8
WALL
100
AcDbLine
370
50
 10
107887.5000
 20
4600
 30
0
 11
108112.5000
 21
4600
 31
0
  0
LINE
  5
6B8
100
AcDbEntity
  8
WALL
100
AcDbLine
370
50
 10
107887.5000
 20
8000
 30
0
 11
107887.5000
 21
10888.1507
 31
0
  0
LINE
  5
6B9
100
AcDbEntity
  8
WALL
100
AcDbLine
370
50
 10
107887.5000
 20
10887.1507
 30
0
 11
107887.5000
 21
11400
 31
0
  0
LINE
  5
6BA
100
AcDbEntity
  8
WALL
100
AcDbLine
370
50
 10
108112.5000
 20
10538.5271
 30
0
 11
108112.5000
 21
8000
 31
0
  0
LINE
  5
6BB
100
AcDbEntity
  8
WALL
100
AcDbLine
370
50
 10
108112.5000
 20
11400
 30
0
 11
108112.5000
 21
10535.5271
 31
0
  0
LINE
  5
6BC
100
AcDbEntity
  8
WALL
100
AcDbLine
370
50
 10
107887.5000
 20
12600
 30
0
 11
107887.5000
 21
15488.1507
 31
0
  0
LINE
  5
6BD
100
AcDbEntity
  8
WALL
100
AcDbLine
370
50
 10
107887.5000
 20
15487.1507
 30
0
 11
107887.5000
 21
16000
 31
0
  0
LINE
  5
6BE
100
AcDbEntity
  8
WALL
100
AcDbLine
370
50
 10
108112.5000
 20
15138.5271
 30
0
 11
108112.5000
 21
12600
 31
0
  0
LINE
  5
6BF
100
AcDbEntity
  8
WALL
100
AcDbLine
370
50
 10
108112.5000
 20
16000
 30
0
 11
108112.5000
 21
15135.5271
 31
0
  0
LINE
  5
6C0
100
AcDbEntity
  8
WALL
100
AcDbLine
370
50
 10
107887.5000
 20
11400
 30
0
 11
108112.5000
 21
11400
 31
0
  0
LINE
  5
6C1
100
AcDbEntity
  8
WALL
100
AcDbLine
370
50
 10
107887.5000
 20
12600
 30
0
 11
108112.5000
 21
12600
 31
0
  0
LINE
  5
6C2
100
AcDbEntity
  8
WALL
100
AcDbLine
370
50
 10
107887.5000
 20
16000
 30
0
 11
107887.5000
 21
17713.3865
 31
0
  0
LINE
  5
6C3
100
AcDbEntity
  8
WALL
100
AcDbLine
370
50
 10
107887.5000
 20
17709.3865
 30
0
 11
107887.5000
 21
19400
 31
0
  0
LINE
  5
6C4
100
AcDbEntity
  8
WALL
100
AcDbLine
370
50
 10
108112.5000
 20
18959.3342
 30
0
 11
108112.5000
 21
16000
 31
0
  0
LINE
  5
6C5
100
AcDbEntity
  8
WALL
100
AcDbLine
370
50
 10
108112.5000
 20
19400
 30
0
 11
108112.5000
 21
18958.3342
 31
0
  0
LINE
  5
6C6
100
AcDbEntity
  8
WALL
100
AcDbLine
370
50
 10
107887.5000
 20
20600
 30
0
 11
107887.5000
 21
22313.3865
 31
0
  0
LINE
  5
6C7
100
AcDbEntity
  8
WALL
100
AcDbLine
370
50
 10
107887.5000
 20
22309.3865
 30
0
 11
107887.5000
 21
24000
 31
0
  0
LINE
  5
6C8
100
AcDbEntity
  8
WALL
100
AcDbLine
370
50
 10
108112.5000
 20
23559.3342
 30
0
 11
108112.5000
 21
20600
 31
0
  0
LINE
  5
6C9
100
AcDbEntity
  8
WALL
100
AcDbLine
370
50
 10
108112.5000
 20
24000
 30
0
 11
108112.5000
 21
23558.3342
 31
0
  0
LINE
  5
6CA
100
AcDbEntity
  8
WALL
100
AcDbLine
370
50
 10
107887.5000
 20
19400
 30
0
 11
108112.5000
 21
19400
 31
0
  0
LINE
  5
6CB
100
AcDbEntity
  8
WALL
100
AcDbLine
370
50
 10
107887.5000
 20
20600
 30
0
 11
108112.5000
 21
20600
 31
0
  0
LINE
  5
6CC
100
AcDbEntity
  8
WALL
100
AcDbLine
370
50
 10
131887.5000
 20
0
 30
0
 11
131887.5000
 21
2429.4563
 31
0
  0
LINE
  5
6CD
100
AcDbEntity
  8
WALL
100
AcDbLine
370
50
 10
131887.5000
 20
2426.4563
 30
0
 11
131887.5000
 21
3400
 31
0
  0
LINE
  5
6CE
100
AcDbEntity
  8
WALL
100
AcDbLine
370
50
 10
132112.5000
 20
2936.4379
 30
0
 11
132112.5000
 21
0
 31
0
  0
LINE
  5
6CF
100
AcDbEntity
  8
WALL
100
AcDbLine
370
50
 10
132112.5000
 20
3400
 30
0
 11
132112.5000
 21
2932.4379
 31
0
  0
LINE
  5
6D0
100
AcDbEntity
  8
WALL
100
AcDbLine
370
50
 10
131887.5000
 20
4600
 30
0
 11
131887.5000
 21
7029.4563
 31
0
  0
LINE
  5
6D1
100
AcDbEntity
  8
WALL
100
AcDbLine
370
50
 10
131887.5000
 20
7026.4563
 30
0
 11
131887.5000
 21
8000
 31
0
  0
LINE
  5
6D2
100
AcDbEntity
  8
WALL
100
AcDbLine
370
50
 10
132112.5000
 20
7536.4379
 30
0
 11
132112.5000
 21
4600
 31
0
  0
LINE
  5
6D3
100
AcDbEntity
  8
WALL
100
AcDbLine
370
50
 10
132112.5000
 20
8000
 30
0
 11
132112.5000
 21
7532.4379
 31
0
  0
LINE
  5
6D4
100
AcDbEntity
  8
WALL
100
AcDbLine
370
50
 10
131887.5000
 20
3400
 30
0
 11
132112.5000
 21
3400
 31
0
  0
LINE
  5
6D5
100
AcDbEntity
  8
WALL
100
AcDbLine
370
50
 10
131887.5000
 20
4600
 30
0
 11
132112.5000
 21
4600
 31
0
  0
LINE
  5
6D6
100
AcDbEntity
  8
WALL
100
AcDbLine
370
50
 10
131887.5000
 20
8000
 30
0
 11
131887.5000
 21
10044.0396
 31
0
  0
LINE
  5
6D7
100
AcDbEntity
  8
WALL
100
AcDbLine
370
50
 10
131887.5000
 20
10041.0396
 30
0
 11
131887.5000
 21
11400
 31
0
  0
LINE
  5
6D8
100
AcDbEntity
  8
WALL
100
AcDbLine
370
50
 10
132112.5000
 20
10600.3089
 30
0
 11
132112.5000
 21
8000
 31
0
  0
LINE
  5
6D9
100
AcDbEntity
  8
WALL
100
AcDbLine
370
50
 10
132112.5000
 20
11400
 30
0
 11
132112.5000
 21
10596.3089
 31
0
  0
LINE
  5
6DA
100
AcDbEntity
  8
WALL
100
AcDbLine
370
50
 10
131887.5000
 20
12600
 30
0
 11
131887.5000
 21
14644.0396
 31
0
  0
LINE
  5
6DB
100
AcDbEntity
  8
WALL
100
AcDbLine
370
50
 10
131887.5000
 20
14641.0396
 30
0
 11
131887.5000
 21
16000
 31
0
  0
LINE
  5
6DC
100
AcDbEntity
  8
WALL
100
AcDbLine
370
50
 10
132112.5000
 20
15200.3089
 30
0
 11
132112.5000
 21
12600
 31
0
  0
LINE
  5
6DD
100
AcDbEntity
  8
WALL
100
AcDbLine
370
50
 10
132112.5000
 20
16000
 30
0
 11
132112.5000
 21
15196.3089
 31
0
  0
LINE
  5
6DE
100
AcDbEntity
  8
WALL
100
AcDbLine
370
50
 10
131887.5000
 20
11400
 30
0
 11
132112.5000
 21
11400
 31
0
  0
LINE
  5
6DF
100
AcDbEntity
  8
WALL
100
AcDbLine
370
50
 10
131887.5000
 20
12600
 30
0
 11
132112.5000
 21
12600
 31
0
  0
LINE
  5
6E0
100
AcDbEntity
  8
WALL
100
AcDbLine
370
50
 10
131887.5000
 20
16000
 30
0
 11
131887.5000
 21
18980.7923
 31
0
  0
LINE
  5
6E1
100
AcDbEntity
  8
WALL
100
AcDbLine
370
50
 10
131887.5000
 20
18977.7923
 30
0
 11
131887.5000
 21
19400
 31
0
  0
LINE
  5
6E2
100
AcDbEntity
  8
WALL
100
AcDbLine
370
50
 10
132112.5000
 20
17821.3721
 30
0
 11
132112.5000
 21
16000
 31
0
  0
LINE
  5
6E3
100
AcDbEntity
  8
WALL
100
AcDbLine
370
50
 10
132112.5000
 20
19400
 30
0
 11
132112.5000
 21
17820.3721
 31
0
  0
LINE
  5
6E4
100
AcDbEntity
  8
WALL
100
AcDbLine
370
50
 10
131887.5000
 20
20600
 30
0
 11
131887.5000
 21
23580.7923
 31
0
  0
LINE
  5
6E5
100
AcDbEntity
  8
WALL
100
AcDbLine
370
50
 10
131887.5000
 20
23577.7923
 30
0
 11
131887.5000
 21
24000
 31
0
  0
LINE
  5
6E6
100
AcDbEntity
  8
WALL
100
AcDbLine
370
50
 10
132112.5000
 20
22421.3721
 30
0
 11
132112.5000
 21
20600
 31
0
  0
LINE
  5
6E7
100
AcDbEntity
  8
WALL
100
AcDbLine
370
50
 10
132112.5000
 20
24000
 30
0
 11
132112.5000
 21
22420.3721
 31
0
  0
LINE
  5
6E8
100
AcDbEntity
  8
WALL
100
AcDbLine
370
50
 10
131887.5000
 20
19400
 30
0
 11
132112.5000
 21
19400
 31
0
  0
LINE
  5
6E9
100
AcDbEntity
  8
WALL
100
AcDbLine
370
50
 10
131887.5000
 20
20600
 30
0
 11
132112.5000
 21
20600
 31
0
  0
LINE
  5
6EA
100
AcDbEntity
  8
WALL
100
AcDbLine
370
50
 10
108000
 20
-112.5000
 30
0
 11
109400
 21
-112.5000
 31
0
  0
LINE
  5
6EB
100
AcDbEntity
  8
WALL
100
AcDbLine
370
50
 10
109400
 20
112.5000
 30
0
 11
108000
 21
112.5000
 31
0
  0
LINE
  5
6EC
100
AcDbEntity
  8
WALL
100
AcDbLine
370
50
 10
110600
 20
-112.5000
 30
0
 11
112000
 21
-112.5000
 31
0
  0
LINE
  5
6ED
100
AcDbEntity
  8
WALL
100
AcDbLine
370
50
 10
112000
 20
112.5000
 30
0
 11
110600
 21
112.5000
 31
0
  0
LINE
  5
6EE
100
AcDbEntity
  8
WALL
100
AcDbLine
370
50
 10
109400
 20
-112.5000
 30
0
 11
109400
 21
112.5000
 31
0
  0
LINE
  5
6EF
100
AcDbEntity
  8
WALL
100
AcDbLine
370
50
 10
110600
 20
-112.5000
 30
0
 11
110600
 21
112.5000
 31
0
  0
LINE
  5
6F0
100
AcDbEntity
  8
WALL
100
AcDbLine
370
50
 10
112000
 20
-112.5000
 30
0
 11
113400
 21
-112.5000
 31
0
  0
LINE
  5
6F1
100
AcDbEntity
  8
WALL
100
AcDbLine
370
50
 10
113400
 20
112.5000
 30
0
 11
112000
 21
112.5000
 31
0
  0
LINE
  5
6F2
100
AcDbEntity
  8
WALL
100
AcDbLine
370
50
 10
114600
 20
-112.5000
 30
0
 11
116000
 21
-112.5000
 31
0
  0
LINE
  5
6F3
100
AcDbEntity
  8
WALL
100
AcDbLine
370
50
 10
116000
 20
112.5000
 30
0
 11
114600
 21
112.5000
 31
0
  0
LINE
  5
6F4
100
AcDbEntity
  8
WALL
100
AcDbLine
370
50
 10
113400
 20
-112.5000
 30
0
 11
113400
 21
112.5000
 31
0
  0
LINE
  5
6F5
100
AcDbEntity
  8
WALL
100
AcDbLine
370
50
 10
114600
 20
-112.5000
 30
0
 11
114600
 21
112.5000
 31
0
  0
LINE
  5
6F6
100
AcDbEntity
  8
WALL
100
AcDbLine
370
50
 10
116000
 20
-112.5000
 30
0
 11
117400
 21
-112.5000
 31
0
  0
LINE
  5
6F7
100
AcDbEntity
  8
WALL
100
AcDbLine
370
50
 10
117400
 20
112.5000
 30
0
 11
116000
 21
112.5000
 31
0
  0
LINE
  5
6F8
100
AcDbEntity
  8
WALL
100
AcDbLine
370
50
 10
118600
 20
-112.5000
 30
0
 11
120000
 21
-112.5000
 31
0
  0
LINE
  5
6F9
100
AcDbEntity
  8
WALL
100
AcDbLine
370
50
 10
120000
 20
112.5000
 30
0
 11
118600
 21
112.5000
 31
0
  0
LINE
  5
6FA
100
AcDbEntity
  8
WALL
100
AcDbLine
370
50
 10
117400
 20
-112.5000
 30
0
 11
117400
 21
112.5000
 31
0
  0
LINE
  5
6FB
100
AcDbEntity
  8
WALL
100
AcDbLine
370
50
 10
118600
 20
-112.5000
 30
0
 11
118600
 21
112.5000
 31
0
  0
LINE
  5
6FC
100
AcDbEntity
  8
WALL
100
AcDbLine
370
50
 10
120000
 20
-112.5000
 30
0
 11
121400
 21
-112.5000
 31
0
  0
LINE
  5
6FD
100
AcDbEntity
  8
WALL
100
AcDbLine
370
50
 10
121400
 20
112.5000
 30
0
 11
120000
 21
112.5000
 31
0
  0
LINE
  5
6FE
100
AcDbEntity
  8
WALL
100
AcDbLine
370
50
 10
122600
 20
-112.5000
 30
0
 11
124000
 21
-112.5000
 31
0
  0
LINE
  5
6FF
100
AcDbEntity
  8
WALL
100
AcDbLine
370
50
 10
124000
 20
112.5000
 30
0
 11
122600
 21
112.5000
 31
0
  0
LINE
  5
700
100
AcDbEntity
  8
WALL
100
AcDbLine
370
50
 10
121400
 20
-112.5000
 30
0
 11
121400
 21
112.5000
 31
0
  0
LINE
  5
701
100
AcDbEntity
  8
WALL
100
AcDbLine
370
50
 10
122600
 20
-112.5000
 30
0
 11
122600
 21
112.5000
 31
0
  0
LINE
  5
702
100
AcDbEntity
  8
WALL
100
AcDbLine
370
50
 10
124000
 20
-112.5000
 30
0
 11
125400
 21
-112.5000
 31
0
  0
LINE
  5
703
100
AcDbEntity
  8
WALL
100
AcDbLine
370
50
 10
125400
 20
112.5000
 30
0
 11
124000
 21
112.5000
 31
0
  0
LINE
  5
704
100
AcDbEntity
  8
WALL
100
AcDbLine
370
50
 10
126600
 20
-112.5000
 30
0
 11
128000
 21
-112.5000
 31
0
  0
LINE
  5
705
100
AcDbEntity
  8
WALL
100
AcDbLine
370
50
 10
128000
 20
112.5000
 30
0
 11
126600
 21
112.5000
 31
0
  0
LINE
  5
706
100
AcDbEntity
  8
WALL
100
AcDbLine
370
50
 10
125400
 20
-112.5000
 30
0
 11
125400
 21
112.5000
 31
0
  0
LINE
  5
707
100
AcDbEntity
  8
WALL
100
AcDbLine
370
50
 10
126600
 20
-112.5000
 30
0
 11
126600
 21
112.5000
 31
0
  0
LINE
  5
708
100
AcDbEntity
  8
WALL
100
AcDbLine
370
50
 10
128000
 20
-112.5000
 30
0
 11
129400
 21
-112.5000
 31
0
  0
LINE
  5
709
100
AcDbEntity
  8
WALL
100
AcDbLine
370
50
 10
129400
 20
112.5000
 30
0
 11
128000
 21
112.5000
 31
0
  0
LINE
  5
70A
100
AcDbEntity
  8
WALL
100
AcDbLine
370
50
 10
130600
 20
-112.5000
 30
0
 11
132000
 21
-112.5000
 31
0
  0
LINE
  5
70B
100
AcDbEntity
  8
WALL
100
AcDbLine
370
50
 10
132000
 20
112.5000
 30
0
 11
130600
 21
112.5000
 31
0
  0
LINE
  5
70C
100
AcDbEntity
  8
WALL
100
AcDbLine
370
50
 10
129400
 20
-112.5000
 30
0
 11
129400
 21
112.5000
 31
0
  0
LINE
  5
70D
100
AcDbEntity
  8
WALL
100
AcDbLine
370
50
 10
130600
 20
-112.5000
 30
0
 11
130600
 21
112.5000
 31
0
  0
LINE
  5
70E
100
AcDbEntity
  8
WALL
100
AcDbLine
370
50
 10
108000
 20
23887.5000
 30
0
 11
109400
 21
23887.5000
 31
0
  0
LINE
  5
70F
100
AcDbEntity
  8
WALL
100
AcDbLine
370
50
 10
109400
 20
24112.5000
 30
0
 11
108000
 21
24112.5000
 31
0
  0
LINE
  5
710
100
AcDbEntity
  8
WALL
100
AcDbLine
370
50
 10
110600
 20
23887.5000
 30
0
 11
112000
 21
23887.5000
 31
0
  0
LINE
  5
711
100
AcDbEntity
  8
WALL
100
AcDbLine
370
50
 10
112000
 20
24112.5000
 30
0
 11
110600
 21
24112.5000
 31
0
  0
LINE
  5
712
100
AcDbEntity
  8
WALL
100
AcDbLine
370
50
 10
109400
 20
23887.5000
 30
0
 11
109400
 21
24112.5000
 31
0
  0
LINE
  5
713
100
AcDbEntity
  8
WALL
100
AcDbLine
370
50
 10
110600
 20
23887.5000
 30
0
 11
110600
 21
24112.5000
 31
0
  0
LINE
  5
714
100
AcDbEntity
  8
WALL
100
AcDbLine
370
50
 10
112000
 20
23887.5000
 30
0
 11
113400
 21
23887.5000
 31
0
  0
LINE
  5
715
100
AcDbEntity
  8
WALL
100
AcDbLine
370
50
 10
113400
 20
24112.5000
 30
0
 11
112000
 21
24112.5000
 31
0
  0
LINE
  5
716
100
AcDbEntity
  8
WALL
100
AcDbLine
370
50
 10
114600
 20
23887.5000
 30
0
 11
116000
 21
23887.5000
 31
0
  0
LINE
  5
717
100
AcDbEntity
  8
WALL
100
AcDbLine
370
50
 10
116000
 20
24112.5000
 30
0
 11
114600
 21
24112.5000
 31
0
  0
LINE
  5
718
100
AcDbEntity
  8
WALL
100
AcDbLine
370
50
 10
113400
 20
23887.5000
 30
0
 11
113400
 21
24112.5000
 31
0
  0
LINE
  5
719
100
AcDbEntity
  8
WALL
100
AcDbLine
370
50
 10
114600
 20
23887.5000
 30
0
 11
114600
 21
24112.5000
 31
0
  0
LINE
  5
71A
100
AcDbEntity
  8
WALL
100
AcDbLine
370
50
 10
116000
 20
23887.5000
 30
0
 11
117400
 21
23887.5000
 31
0
  0
LINE
  5
71B
100
AcDbEntity
  8
WALL
100
AcDbLine
370
50
 10
117400
 20
24112.5000
 30
0
 11
116000
 21
24112.5000
 31
0
  0
LINE
  5
71C
100
AcDbEntity
  8
WALL
100
AcDbLine
370
50
 10
118600
 20
23887.5000
 30
0
 11
120000
 21
23887.5000
 31
0
  0
LINE
  5
71D
100
AcDbEntity
  8
WALL
100
AcDbLine
370
50
 10
120000
 20
24112.5000
 30
0
 11
118600
 21
24112.5000
 31
0
  0
LINE
  5
71E
100
AcDbEntity
  8
WALL
100
AcDbLine
370
50
 10
117400
 20
23887.5000
 30
0
 11
117400
 21
24112.5000
 31
0
  0
LINE
  5
71F
100
AcDbEntity
  8
WALL
100
AcDbLine
370
50
 10
118600
 20
23887.5000
 30
0
 11
118600
 21
24112.5000
 31
0
  0
LINE
  5
720
100
AcDbEntity
  8
WALL
100
AcDbLine
370
50
 10
120000
 20
23887.5000
 30
0
 11
121400
 21
23887.5000
 31
0
  0
LINE
  5
721
100
AcDbEntity
  8
WALL
100
AcDbLine
370
50
 10
121400
 20
24112.5000
 30
0
 11
120000
 21
24112.5000
 31
0
  0
LINE
  5
722
100
AcDbEntity
  8
WALL
100
AcDbLine
370
50
 10
122600
 20
23887.5000
 30
0
 11
124000
 21
23887.5000
 31
0
  0
LINE
  5
723
100
AcDbEntity
  8
WALL
100
AcDbLine
370
50
 10
124000
 20
24112.5000
 30
0
 11
122600
 21
24112.5000
 31
0
  0
LINE
  5
724
100
AcDbEntity
  8
WALL
100
AcDbLine
370
50
 10
121400
 20
23887.5000
 30
0
 11
121400
 21
24112.5000
 31
0
  0
LINE
  5
725
100
AcDbEntity
  8
WALL
100
AcDbLine
370
50
 10
122600
 20
23887.5000
 30
0
 11
122600
 21
24112.5000
 31
0
  0
LINE
  5
726
100
AcDbEntity
  8
WALL
100
AcDbLine
370
50
 10
124000
 20
23887.5000
 30
0
 11
125400
 21
23887.5000
 31
0
  0
LINE
  5
727
100
AcDbEntity
  8
WALL
100
AcDbLine
370
50
 10
125400
 20
24112.5000
 30
0
 11
124000
 21
24112.5000
 31
0
  0
LINE
  5
728
100
AcDbEntity
  8
WALL
100
AcDbLine
370
50
 10
126600
 20
23887.5000
 30
0
 11
128000
 21
23887.5000
 31
0
  0
LINE
  5
729
100
AcDbEntity
  8
WALL
100
AcDbLine
370
50
 10
128000
 20
24112.5000
 30
0
 11
126600
 21
24112.5000
 31
0
  0
LINE
  5
72A
100
AcDbEntity
  8
WALL
100
AcDbLine
370
50
 10
125400
 20
23887.5000
 30
0
 11
125400
 21
24112.5000
 31
0
  0
LINE
  5
72B
100
AcDbEntity
  8
WALL
100
AcDbLine
370
50
 10
126600
 20
23887.5000
 30
0
 11
126600
 21
24112.5000
 31
0
  0
LINE
  5
72C
100
AcDbEntity
  8
WALL
100
AcDbLine
370
50
 10
128000
 20
23887.5000
 30
0
 11
129400
 21
23887.5000
 31
0
  0
LINE
  5
72D
100
AcDbEntity
  8
WALL
100
AcDbLine
370
50
 10
129400
 20
24112.5000
 30
0
 11
128000
 21
24112.5000
 31
0
  0
LINE
  5
72E
100
AcDbEntity
  8
WALL
100
AcDbLine
370
50
 10
130600
 20
23887.5000
 30
0
 11
132000
 21
23887.5000
 31
0
  0
LINE
  5
72F
100
AcDbEntity
  8
WALL
100
AcDbLine
370
50
 10
132000
 20
24112.5000
 30
0
 11
130600
 21
24112.5000
 31
0
  0
LINE
  5
730
100
AcDbEntity
  8
WALL
100
AcDbLine
370
50
 10
129400
 20
23887.5000
 30
0
 11
129400
 21
24112.5000
 31
0
  0
LINE
  5
731
100
AcDbEntity
  8
WALL
100
AcDbLine
370
50
 10
130600
 20
23887.5000
 30
0
 11
130600
 21
24112.5000
 31
0
  0
LINE
  5
732
100
AcDbEntity
  8
WALL
100
AcDbLine
370
50
 10
111925
 20
0
 30
0
 11
111925
 21
1601.0883
 31
0
  0
LINE
  5
733
100
AcDbEntity
  8
WALL
100
AcDbLine
370
50
 10
111925
 20
1597.0883
 30
0
 11
111925
 21
3550
 31
0
  0
LINE
  5
734
100
AcDbEntity
  8
WALL
100
AcDbLine
370
50
 10
112075
 20
2640.5629
 30
0
 11
112075
 21
0
 31
0
  0
LINE
  5
735
100
AcDbEntity
  8
WALL
100
AcDbLine
370
50
 10
112075
 20
3550
 30
0
 11
112075
 21
2638.5629
 31
0
  0
LINE
  5
736
100
AcDbEntity
  8
WALL
100
AcDbLine
370
50
 10
111925
 20
4450
 30
0
 11
111925
 21
6051.0883
 31
0
  0
LINE
  5
737
100
AcDbEntity
  8
WALL
100
AcDbLine
370
50
 10
111925
 20
6047.0883
 30
0
 11
111925
 21
8000
 31
0
  0
LINE
  5
738
100
AcDbEntity
  8
WALL
100
AcDbLine
370
50
 10
112075
 20
7090.5629
 30
0
 11
112075
 21
4450
 31
0
  0
LINE
  5
739
100
AcDbEntity
  8
WALL
100
AcDbLine
370
50
 10
112075
 20
8000
 30
0
 11
112075
 21
7088.5629
 31
0
  0
LINE
  5
73A
100
AcDbEntity
  8
WALL
100
AcDbLine
370
50
 10
111925
 20
3550
 30
0
 11
112075
 21
3550
 31
0
  0
LINE
  5
73B
100
AcDbEntity
  8
WALL
100
AcDbLine
370
50
 10
111925
 20
4450
 30
0
 11
112075
 21
4450
 31
0
  0
LINE
  5
73C
100
AcDbEntity
  8
WALL
100
AcDbLine
370
50
 10
111925
 20
8000
 30
0
 11
111925
 21
10739.0166
 31
0
  0
LINE
  5
73D
100
AcDbEntity
  8
WALL
100
AcDbLine
370
50
 10
111925
 20
10735.0166
 30
0
 11
111925
 21
11550
 31
0
  0
LINE
  5
73E
100
AcDbEntity
  8
WALL
100
AcDbLine
370
50
 10
112075
 20
9761.9690
 30
0
 11
112075
 21
8000
 31
0
  0
LINE
  5
73F
100
AcDbEntity
  8
WALL
100
AcDbLine
370
50
 10
112075
 20
11550
 30
0
 11
112075
 21
9757.9690
 31
0
  0
LINE
  5
740
100
AcDbEntity
  8
WALL
100
AcDbLine
370
50
 10
111925
 20
12450
 30
0
 11
111925
 21
15189.0166
 31
0
  0
LINE
  5
741
100
AcDbEntity
  8
WALL
100
AcDbLine
370
50
 10
111925
 20
15185.0166
 30
0
 11
111925
 21
16000
 31
0
  0
LINE
  5
742
100
AcDbEntity
  8
WALL
100
AcDbLine
370
50
 10
112075
 20
14211.9690
 30
0
 11
112075
 21
12450
 31
0
  0
LINE
  5
743
100
AcDbEntity
  8
WALL
100
AcDbLine
370
50
 10
112075
 20
16000
 30
0
 11
112075
 21
14207.9690
 31
0
  0
LINE
  5
744
100
AcDbEntity
  8
WALL
100
AcDbLine
370
50
 10
111925
 20
11550
 30
0
 11
112075
 21
11550
 31
0
  0
LINE
  5
745
100
AcDbEntity
  8
WALL
100
AcDbLine
370
50
 10
111925
 20
12450
 30
0
 11
112075
 21
12450
 31
0
  0
LINE
  5
746
100
AcDbEntity
  8
WALL
100
AcDbLine
370
50
 10
111925
 20
16000
 30
0
 11
111925
 21
18856.7220
 31
0
  0
LINE
  5
747
100
AcDbEntity
  8
WALL
100
AcDbLine
370
50
 10
111925
 20
18851.7220
 30
0
 11
111925
 21
19550
 31
0
  0
LINE
  5
748
100
AcDbEntity
  8
WALL
100
AcDbLine
370
50
 10
112075
 20
18906.0453
 30
0
 11
112075
 21
16000
 31
0
  0
LINE
  5
749
100
AcDbEntity
  8
WALL
100
AcDbLine
370
50
 10
112075
 20
19550
 30
0
 11
112075
 21
18901.0453
 31
0
  0
LINE
  5
74A
100
AcDbEntity
  8
WALL
100
AcDbLine
370
50
 10
111925
 20
20450
 30
0
 11
111925
 21
23306.7220
 31
0
  0
LINE
  5
74B
100
AcDbEntity
  8
WALL
100
AcDbLine
370
50
 10
111925
 20
23301.7220
 30
0
 11
111925
 21
24000
 31
0
  0
LINE
  5
74C
100
AcDbEntity
  8
WALL
100
AcDbLine
370
50
 10
112075
 20
23356.0453
 30
0
 11
112075
 21
20450
 31
0
  0
LINE
  5
74D
100
AcDbEntity
  8
WALL
100
AcDbLine
370
50
 10
112075
 20
24000
 30
0
 11
112075
 21
23351.0453
 31
0
  0
LINE
  5
74E
100
AcDbEntity
  8
WALL
100
AcDbLine
370
50
 10
111925
 20
19550
 30
0
 11
112075
 21
19550
 31
0
  0
LINE
  5
74F
100
AcDbEntity
  8
WALL
100
AcDbLine
370
50
 10
111925
 20
20450
 30
0
 11
112075
 21
20450
 31
0
  0
LINE
  5
750
100
AcDbEntity
  8
WALL
100
AcDbLine
370
50
 10
115925
 20
0
 30
0
 11
115925
 21
2632.5960
 31
0
  0
LINE
  5
751
100
AcDbEntity
  8
WALL
100
AcDbLine
370
50
 10
115925
 20
2631.5960
 30
0
 11
115925
 21
3550
 31
0
  0
LINE
  5
752
100
AcDbEntity
  8
WALL
100
AcDbLine
370
50
 10
116075
 20
2995.0329
 30
0
 11
116075
 21
0
 31
0
  0
LINE
  5
753
100
AcDbEntity
  8
WALL
100
AcDbLine
370
50
 10
116075
 20
3550
 30
0
 11
116075
 21
2990.0329
 31
0
  0
LINE
  5
754
100
AcDbEntity
  8
WALL
100
AcDbLine
370
50
 10
115925
 20
4450
 30
0
 11
115925
 21
7082.5960
 31
0
  0
LINE
  5
755
100
AcDbEntity
  8
WALL
100
AcDbLine
370
50
 10
115925
 20
7081.5960
 30
0
 11
115925
 21
8000
 31
0
  0
LINE
  5
756
100
AcDbEntity
  8
WALL
100
AcDbLine
370
50
 10
116075
 20
7445.0329
 30
0
 11
116075
 21
4450
 31
0
  0
LINE
  5
757
100
AcDbEntity
  8
WALL
100
AcDbLine
370
50
 10
116075
 20
8000
 30
0
 11
116075
 21
7440.0329
 31
0
  0
LINE
  5
758
100
AcDbEntity
  8
WALL
100
AcDbLine
370
50
 10
115925
 20
3550
 30
0
 11
116075
 21
3550
 31
0
  0
LINE
  5
759
100
AcDbEntity
  8
WALL
100
AcDbLine
370
50
 10
115925
 20
4450
 30
0
 11
116075
 21
4450
 31
0
  0
LINE
  5
75A
100
AcDbEntity
  8
WALL
100
AcDbLine
370
50
 10
115925
 20
8000
 30
0
 11
115925
 21
9773.9810
 31
0
  0
LINE
  5
75B
100
AcDbEntity
  8
WALL
100
AcDbLine
370
50
 10
115925
 20
9772.9810
 30
0
 11
115925
 21
11550
 31
0
  0
LINE
  5
75C
100
AcDbEntity
  8
WALL
100
AcDbLine
370
50
 10
116075
 20
10362.6939
 30
0
 11
116075
 21
8000
 31
0
  0
LINE
  5
75D
100
AcDbEntity
  8
WALL
100
AcDbLine
370
50
 10
116075
 20
11550
 30
0
 11
116075
 21
10360.6939
 31
0
  0
LINE
  5
75E
100
AcDbEntity
  8
WALL
100
AcDbLine
370
50
 10
115925
 20
12450
 30
0
 11
115925
 21
14223.9810
 31
0
  0
LINE
  5
75F
100
AcDbEntity
  8
WALL
100
AcDbLine
370
50
 10
115925
 20
14222.9810
 30
0
 11
115925
 21
16000
 31
0
  0
LINE
  5
760
100
AcDbEntity
  8
WALL
100
AcDbLine
370
50
 10
116075
 20
14812.6939
 30
0
 11
116075
 21
12450
 31
0
  0
LINE
  5
761
100
AcDbEntity
  8
WALL
100
AcDbLine
370
50
 10
116075
 20
16000
 30
0
 11
116075
 21
14810.6939
 31
0
  0
LINE
  5
762
100
AcDbEntity
  8
WALL
100
AcDbLine
370
50
 10
115925
 20
11550
 30
0
 11
116075
 21
11550
 31
0
  0
LINE
  5
763
100
AcDbEntity
  8
WALL
100
AcDbLine
370
50
 10
115925
 20
12450
 30
0
 11
116075
 21
12450
 31
0
  0
LINE
  5
764
100
AcDbEntity
  8
WALL
100
AcDbLine
370
50
 10
115925
 20
16000
 30
0
 11
115925
 21
18910.2515
 31
0
  0
LINE
  5
765
100
AcDbEntity
  8
WALL
100
AcDbLine
370
50
 10
115925
 20
18905.2515
 30
0
 11
115925
 21
19550
 31
0
  0
LINE
  5
766
100
AcDbEntity
  8
WALL
100
AcDbLine
370
50
 10
116075
 20
18120.7689
 30
0
 11
116075
 21
16000
 31
0
  0
LINE
  5
767
100
AcDbEntity
  8
WALL
100
AcDbLine
370
50
 10
116075
 20
19550
 30
0
 11
116075
 21
18119.7689
 31
0
  0
LINE
  5
768
100
AcDbEntity
  8
WALL
100
AcDbLine
370
50
 10
115925
 20
20450
 30
0
 11
115925
 21
23360.2515
 31
0
  0
LINE
  5
769
100
AcDbEntity
  8
WALL
100
AcDbLine
370
50
 10
115925
 20
23355.2515
 30
0
 11
115925
 21
24000
 31
0
  0
LINE
  5
76A
100
AcDbEntity
  8
WALL
100
AcDbLine
370
50
 10
116075
 20
22570.7689
 30
0
 11
116075
 21
20450
 31
0
  0
LINE
  5
76B
100
AcDbEntity
  8
WALL
100
AcDbLine
370
50
 10
116075
 20
24000
 30
0
 11
116075
 21
22569.7689
 31
0
  0
LINE
  5
76C
100
AcDbEntity
  8
WALL
100
AcDbLine
370
50
 10
115925
 20
19550
 30
0
 11
116075
 21
19550
 31
0
  0
LINE
  5
76D
100
AcDbEntity
  8
WALL
100
AcDbLine
370
50
 10
115925
 20
20450
 30
0
 11
116075
 21
20450
 31
0
  0
LINE
  5
76E
100
AcDbEntity
  8
WALL
100
AcDbLine
370
50
 10
119925
 20
0
 30
0
 11
119925
 21
2995.9761
 31
0
  0
LINE
  5
76F
100
AcDbEntity
  8
WALL
100
AcDbLine
370
50
 10
119925
 20
2990.9761
 30
0
 11
119925
 21
5391.6468
 31
0
  0
LINE
  5
770
100
AcDbEntity
  8
WALL
100
AcDbLine
370
50
 10
119925
 20
5392.6468
 30
0
 11
119925
 21
8000
 31
0
  0
LINE
  5
771
100
AcDbEntity
  8
WALL
100
AcDbLine
370
50
 10
120075
 20
2467.5709
 30
0
 11
120075
 21
0
 31
0
  0
LINE
  5
772
100
AcDbEntity
  8
WALL
100
AcDbLine
370
50
 10
120075
 20
5452.8575
 30
0
 11
120075
 21
2465.5709
 31
0
  0
LINE
  5
773
100
AcDbEntity
  8
WALL
100
AcDbLine
370
50
 10
120075
 20
8000
 30
0
 11
120075
 21
5456.8575
 31
0
  0
LINE
  5
774
100
AcDbEntity
  8
WALL
100
AcDbLine
370
50
 10
119925
 20
8000
 30
0
 11
119925
 21
10352.6782
 31
0
  0
LINE
  5
775
100
AcDbEntity
  8
WALL
100
AcDbLine
370
50
 10
119925
 20
10347.6782
 30
0
 11
119925
 21
12425.4121
 31
0
  0
LINE
  5
776
100
AcDbEntity
  8
WALL
100
AcDbLine
370
50
 10
119925
 20
12427.4121
 30
0
 11
119925
 21
15404.3922
 31
0
  0
LINE
  5
777
100
AcDbEntity
  8
WALL
100
AcDbLine
370
50
 10
119925
 20
15399.3922
 30
0
 11
119925
 21
16000
 31
0
  0
LINE
  5
778
100
AcDbEntity
  8
WALL
100
AcDbLine
370
50
 10
120075
 20
10978.4467
 30
0
 11
120075
 21
8000
 31
0
  0
LINE
  5
779
100
AcDbEntity
  8
WALL
100
AcDbLine
370
50
 10
120075
 20
13060.0530
 30
0
 11
120075
 21
10974.4467
 31
0
  0
LINE
  5
77A
100
AcDbEntity
  8
WALL
100
AcDbLine
370
50
 10
120075
 20
16000
 30
0
 11
120075
 21
13064.0530
 31
0
  0
LINE
  5
77B
100
AcDbEntity
  8
WALL
100
AcDbLine
370
50
 10
119925
 20
16000
 30
0
 11
119925
 21
18131.8622
 31
0
  0
LINE
  5
77C
100
AcDbEntity
  8
WALL
100
AcDbLine
370
50
 10
119925
 20
18126.8622
 30
0
 11
119925
 21
21113.0151
 31
0
  0
LINE
  5
77D
100
AcDbEntity
  8
WALL
100
AcDbLine
370
50
 10
119925
 20
21115.0151
 30
0
 11
119925
 21
24000
 31
0
  0
LINE
  5
77E
100
AcDbEntity
  8
WALL
100
AcDbLine
370
50
 10
120075
 20
18030.7040
 30
0
 11
120075
 21
16000
 31
0
  0
LINE
  5
77F
100
AcDbEntity
  8
WALL
100
AcDbLine
370
50
 10
120075
 20
20419.5305
 30
0
 11
120075
 21
18025.7040
 31
0
  0
LINE
  5
780
100
AcDbEntity
  8
WALL
100
AcDbLine
370
50
 10
120075
 20
23420.1075
 30
0
 11
120075
 21
20423.5305
 31
0
  0
LINE
  5
781
100
AcDbEntity
  8
WALL
100
AcDbLine
370
50
 10
120075
 20
24000
 30
0
 11
120075
 21
23417.1075
 31
0
  0
LINE
  5
782
100
AcDbEntity
  8
WALL
100
AcDbLine
370
50
 10
123925
 20
0
 30
0
 11
123925
 21
2476.8678
 31
0
  0
LINE
  5
783
100
AcDbEntity
  8
WALL
100
AcDbLine
370
50
 10
123925
 20
2472.8678
 30
0
 11
123925
 21
3550
 31
0
  0
LINE
  5
784
100
AcDbEntity
  8
WALL
100
AcDbLine
370
50
 10
124075
 20
1630.6690
 30
0
 11
124075
 21
0
 31
0
  0
LINE
  5
785
100
AcDbEntity
  8
WALL
100
AcDbLine
370
50
 10
124075
 20
3550
 30
0
 11
124075
 21
1628.6690
 31
0
  0
LINE
  5
786
100
AcDbEntity
  8
WALL
100
AcDbLine
370
50
 10
123925
 20
4450
 30
0
 11
123925
 21
6926.8678
 31
0
  0
LINE
  5
787
100
AcDbEntity
  8
WALL
100
AcDbLine
370
50
 10
123925
 20
6922.8678
 30
0
 11
123925
 21
8000
 31
0
  0
LINE
  5
788
100
AcDbEntity
  8
WALL
100
AcDbLine
370
50
 10
124075
 20
6080.6690
 30
0
 11
124075
 21
4450
 31
0
  0
LINE
  5
789
100
AcDbEntity
  8
WALL
100
AcDbLine
370
50
 10
124075
 20
8000
 30
0
 11
124075
 21
6078.6690
 31
0
  0
LINE
  5
78A
100
AcDbEntity
  8
WALL
100
AcDbLine
370
50
 10
123925
 20
3550
 30
0
 11
124075
 21
3550
 31
0
  0
LINE
  5
78B
100
AcDbEntity
  8
WALL
100
AcDbLine
370
50
 10
123925
 20
4450
 30
0
 11
124075
 21
4450
 31
0
  0
LINE
  5
78C
100
AcDbEntity
  8
WALL
100
AcDbLine
370
50
 10
123925
 20
8000
 30
0
 11
123925
 21
10976.3356
 31
0
  0
LINE
  5
78D
100
AcDbEntity
  8
WALL
100
AcDbLine
370
50
 10
123925
 20
10974.3356
 30
0
 11
123925
 21
11550
 31
0
  0
LINE
  5
78E
100
AcDbEntity
  8
WALL
100
AcDbLine
370
50
 10
124075
 20
10722.0518
 30
0
 11
124075
 21
8000
 31
0
  0
LINE
  5
78F
100
AcDbEntity
  8
WALL
100
AcDbLine
370
50
 10
124075
 20
11550
 30
0
 11
124075
 21
10719.0518
 31
0
  0
LINE
  5
790
100
AcDbEntity
  8
WALL
100
AcDbLine
370
50
 10
123925
 20
12450
 30
0
 11
123925
 21
15426.3356
 31
0
  0
LINE
  5
791
100
AcDbEntity
  8
WALL
100
AcDbLine
370
50
 10
123925
 20
15424.3356
 30
0
 11
123925
 21
16000
 31
0
  0
LINE
  5
792
100
AcDbEntity
  8
WALL
100
AcDbLine
370
50
 10
124075
 20
15172.0518
 30
0
 11
124075
 21
12450
 31
0
  0
LINE
  5
793
100
AcDbEntity
  8
WALL
100
AcDbLine
370
50
 10
124075
 20
16000
 30
0
 11
124075
 21
15169.0518
 31
0
  0
LINE
  5
794
100
AcDbEntity
  8
WALL
100
AcDbLine
370
50
 10
123925
 20
11550
 30
0
 11
124075
 21
11550
 31
0
  0
LINE
  5
795
100
AcDbEntity
  8
WALL
100
AcDbLine
370
50
 10
123925
 20
12450
 30
0
 11
124075
 21
12450
 31
0
  0
LINE
  5
796
100
AcDbEntity
  8
WALL
100
AcDbLine
370
50
 10
123925
 20
16000
 30
0
 11
123925
 21
18019.2678
 31
0
  0
LINE
  5
797
100
AcDbEntity
  8
WALL
100
AcDbLine
370
50
 10
123925
 20
18014.2678
 30
0
 11
123925
 21
19550
 31
0
  0
LINE
  5
798
100
AcDbEntity
  8
WALL
100
AcDbLine
370
50
 10
124075
 20
18869.1104
 30
0
 11
124075
 21
16000
 31
0
  0
LINE
  5
799
100
AcDbEntity
  8
WALL
100
AcDbLine
370
50
 10
124075
 20
19550
 30
0
 11
124075
 21
18868.1104
 31
0
  0
LINE
  5
79A
100
AcDbEntity
  8
WALL
100
AcDbLine
370
50
 10
123925
 20
20450
 30
0
 11
123925
 21
22469.2678
 31
0
  0
LINE
  5
79B
100
AcDbEntity
  8
WALL
100
AcDbLine
370
50
 10
123925
 20
22464.2678
 30
0
 11
123925
 21
24000
 31
0
  0
LINE
  5
79C
100
AcDbEntity
  8
WALL
100
AcDbLine
370
50
 10
124075
 20
23319.1104
 30
0
 11
124075
 21
20450
 31
0
  0
LINE
  5
79D
100
AcDbEntity
  8
WALL
100
AcDbLine
370
50
 10
124075
 20
24000
 30
0
 11
124075
 21
23318.1104
 31
0
  0
LINE
  5
79E
100
AcDbEntity
  8
WALL
100
AcDbLine
370
50
 10
123925
 20
19550
 30
0
 11
124075
 21
19550
 31
0
  0
LINE
  5
79F
100
AcDbEntity
  8
WALL
100
AcDbLine
370
50
 10
123925
 20
20450
 30
0
 11
124075
 21
20450
 31
0
  0
LINE
  5
7A0
100
AcDbEntity
  8
WALL
100
AcDbLine
370
50
 10
127925
 20
0
 30
0
 11
127925
 21
1618.5028
 31
0
  0
LINE
  5
7A1
100
AcDbEntity
  8
WALL
100
AcDbLine
370
50
 10
127925
 20
1613.5028
 30
0
 11
127925
 21
3550
 31
0
  0
LINE
  5
7A2
100
AcDbEntity
  8
WALL
100
AcDbLine
370
50
 10
128075
 20
2651.8263
 30
0
 11
128075
 21
0
 31
0
  0
LINE
  5
7A3
100
AcDbEntity
  8
WALL
100
AcDbLine
370
50
 10
128075
 20
3550
 30
0
 11
128075
 21
2648.8263
 31
0
  0
LINE
  5
7A4
100
AcDbEntity
  8
WALL
100
AcDbLine
370
50
 10
127925
 20
4450
 30
0
 11
127925
 21
6068.5028
 31
0
  0
LINE
  5
7A5
100
AcDbEntity
  8
WALL
100
AcDbLine
370
50
 10
127925
 20
6063.5028
 30
0
 11
127925
 21
8000
 31
0
  0
LINE
  5
7A6
100
AcDbEntity
  8
WALL
100
AcDbLine
370
50
 10
128075
 20
7101.8263
 30
0
 11
128075
 21
4450
 31
0
  0
LINE
  5
7A7
100
AcDbEntity
  8
WALL
100
AcDbLine
370
50
 10
128075
 20
8000
 30
0
 11
128075
 21
7098.8263
 31
0
  0
LINE
  5
7A8
100
AcDbEntity
  8
WALL
100
AcDbLine
370
50
 10
127925
 20
3550
 30
0
 11
128075
 21
3550
 31
0
  0
LINE
  5
7A9
100
AcDbEntity
  8
WALL
100
AcDbLine
370
50
 10
127925
 20
4450
 30
0
 11
128075
 21
4450
 31
0
  0
LINE
  5
7AA
100
AcDbEntity
  8
WALL
100
AcDbLine
370
50
 10
127925
 20
8000
 30
0
 11
127925
 21
10729.0907
 31
0
  0
LINE
  5
7AB
100
AcDbEntity
  8
WALL
100
AcDbLine
370
50
 10
127925
 20
10726.0907
 30
0
 11
127925
 21
11550
 31
0
  0
LINE
  5
7AC
100
AcDbEntity
  8
WALL
100
AcDbLine
370
50
 10
128075
 20
9744.7586
 30
0
 11
128075
 21
8000
 31
0
  0
LINE
  5
7AD
100
AcDbEntity
  8
WALL
100
AcDbLine
370
50
 10
128075
 20
11550
 30
0
 11
128075
 21
9741.7586
 31
0
  0
LINE
  5
7AE
100
AcDbEntity
  8
WALL
100
AcDbLine
370
50
 10
127925
 20
12450
 30
0
 11
127925
 21
15179.0907
 31
0
  0
LINE
  5
7AF
100
AcDbEntity
  8
WALL
100
AcDbLine
370
50
 10
127925
 20
15176.0907
 30
0
 11
127925
 21
16000
 31
0
  0
LINE
  5
7B0
100
AcDbEntity
  8
WALL
100
AcDbLine
370
50
 10
128075
 20
14194.7586
 30
0
 11
128075
 21
12450
 31
0
  0
LINE
  5
7B1
100
AcDbEntity
  8
WALL
100
AcDbLine
370
50
 10
128075
 20
16000
 30
0
 11
128075
 21
14191.7586
 31
0
  0
LINE
  5
7B2
100
AcDbEntity
  8
WALL
100
AcDbLine
370
50
 10
127925
 20
11550
 30
0
 11
128075
 21
11550
 31
0
  0
LINE
  5
7B3
100
AcDbEntity
  8
WALL
100
AcDbLine
370
50
 10
127925
 20
12450
 30
0
 11
128075
 21
12450
 31
0
  0
LINE
  5
7B4
100
AcDbEntity
  8
WALL
100
AcDbLine
370
50
 10
127925
 20
16000
 30
0
 11
127925
 21
18864.0775
 31
0
  0
LINE
  5
7B5
100
AcDbEntity
  8
WALL
100
AcDbLine
370
50
 10
127925
 20
18859.0775
 30
0
 11
127925
 21
19550
 31
0
  0
LINE
  5
7B6
100
AcDbEntity
  8
WALL
100
AcDbLine
370
50
 10
128075
 20
18899.8674
 30
0
 11
128075
 21
16000
 31
0
  0
LINE
  5
7B7
100
AcDbEntity
  8
WALL
100
AcDbLine
370
50
 10
128075
 20
19550
 30
0
 11
128075
 21
18898.8674
 31
0
  0
LINE
  5
7B8
100
AcDbEntity
  8
WALL
100
AcDbLine
370
50
 10
127925
 20
20450
 30
0
 11
127925
 21
23314.0775
 31
0
  0
LINE
  5
7B9
100
AcDbEntity
  8
WALL
100
AcDbLine
370
50
 10
127925
 20
23309.0775
 30
0
 11
127925
 21
24000
 31
0
  0
LINE
  5
7BA
100
AcDbEntity
  8
WALL
100
AcDbLine
370
50
 10
128075
 20
23349.8674
 30
0
 11
128075
 21
20450
 31
0
  0
LINE
  5
7BB
100
AcDbEntity
  8
WALL
100
AcDbLine
370
50
 10
128075
 20
24000
 30
0
 11
128075
 21
23348.8674
 31
0
  0
LINE
  5
7BC
100
AcDbEntity
  8
WALL
100
AcDbLine
370
50
 10
127925
 20
19550
 30
0
 11
128075
 21
19550
 31
0
  0
LINE
  5
7BD
100
AcDbEntity
  8
WALL
100
AcDbLine
370
50
 10
127925
 20
20450
 30
0
 11
128075
 21
20450
 31
0
  0
LINE
  5
7BE
100
AcDbEntity
  8
WALL
100
AcDbLine
370
50
 10
108000
 20
7925
 30
0
 11
110993.3951
 21
7925
 31
0
  0
LINE
  5
7BF
100
AcDbEntity
  8
WALL
100
AcDbLine
370
50
 10
110990.3951
 20
7925
 30
0
 11
112000
 21
7925
 31
0
  0
LINE
  5
7C0
100
AcDbEntity
  8
WALL
100
AcDbLine
370
50
 10
110644.7760
 20
8075
 30
0
 11
108000
 21
8075
 31
0
  0
LINE
  5
7C1
100
AcDbEntity
  8
WALL
100
AcDbLine
370
50
 10
112000
 20
8075
 30
0
 11
110641.7760
 21
8075
 31
0
  0
LINE
  5
7C2
100
AcDbEntity
  8
WALL
100
AcDbLine
370
50
 10
112000
 20
7925
 30
0
 11
113550
 21
7925
 31
0
  0
LINE
  5
7C3
100
AcDbEntity
  8
WALL
100
AcDbLine
370
50
 10
113550
 20
8075
 30
0
 11
112000
 21
8075
 31
0
  0
LINE
  5
7C4
100
AcDbEntity
  8
WALL
100
AcDbLine
370
50
 10
114450
 20
7925
 30
0
 11
116000
 21
7925
 31
0
  0
LINE
  5
7C5
100
AcDbEntity
  8
WALL
100
AcDbLine
370
50
 10
116000
 20
8075
 30
0
 11
114450
 21
8075
 31
0
  0
LINE
  5
7C6
100
AcDbEntity
  8
WALL
100
AcDbLine
370
50
 10
113550
 20
7925
 30
0
 11
113550
 21
8075
 31
0
  0
LINE
  5
7C7
100
AcDbEntity
  8
WALL
100
AcDbLine
370
50
 10
114450
 20
7925
 30
0
 11
114450
 21
8075
 31
0
  0
LINE
  5
7C8
100
AcDbEntity
  8
WALL
100
AcDbLine
370
50
 10
116000
 20
7925
 30
0
 11
117550
 21
7925
 31
0
  0
LINE
  5
7C9
100
AcDbEntity
  8
WALL
100
AcDbLine
370
50
 10
117550
 20
8075
 30
0
 11
116000
 21
8075
 31
0
  0
LINE
  5
7CA
100
AcDbEntity
  8
WALL
100
AcDbLine
370
50
 10
118450
 20
7925
 30
0
 11
120000
 21
7925
 31
0
  0
LINE
  5
7CB
100
AcDbEntity
  8
WALL
100
AcDbLine
370
50
 10
120000
 20
8075
 30
0
 11
118450
 21
8075
 31
0
  0
LINE
  5
7CC
100
AcDbEntity
  8
WALL
100
AcDbLine
370
50
 10
117550
 20
7925
 30
0
 11
117550
 21
8075
 31
0
  0
LINE
  5
7CD
100
AcDbEntity
  8
WALL
100
AcDbLine
370
50
 10
118450
 20
7925
 30
0
 11
118450
 21
8075
 31
0
  0
LINE
  5
7CE
100
AcDbEntity
  8
WALL
100
AcDbLine
370
50
 10
120000
 20
7925
 30
0
 11
121550
 21
7925
 31
0
  0
LINE
  5
7CF
100
AcDbEntity
  8
WALL
100
AcDbLine
370
50
 10
121550
 20
8075
 30
0
 11
120000
 21
8075
 31
0
  0
LINE
  5
7D0
100
AcDbEntity
  8
WALL
100
AcDbLine
370
50
 10
122450
 20
7925
 30
0
 11
124000
 21
7925
 31
0
  0
LINE
  5
7D1
100
AcDbEntity
  8
WALL
100
AcDbLine
370
50
 10
124000
 20
8075
 30
0
 11
122450
 21
8075
 31
0
  0
LINE
  5
7D2
100
AcDbEntity
  8
WALL
100
AcDbLine
370
50
 10
121550
 20
7925
 30
0
 11
121550
 21
8075
 31
0
  0
LINE
  5
7D3
100
AcDbEntity
  8
WALL
100
AcDbLine
370
50
 10
122450
 20
7925
 30
0
 11
122450
 21
8075
 31
0
  0
LINE
  5
7D4
100
AcDbEntity
  8
WALL
100
AcDbLine
370
50
 10
124000
 20
7925
 30
0
 11
125550
 21
7925
 31
0
  0
LINE
  5
7D5
100
AcDbEntity
  8
WALL
100
AcDbLine
370
50
 10
125550
 20
8075
 30
0
 11
124000
 21
8075
 31
0
  0
LINE
  5
7D6
100
AcDbEntity
  8
WALL
100
AcDbLine
370
50
 10
126450
 20
7925
 30
0
 11
128000
 21
7925
 31
0
  0
LINE
  5
7D7
100
AcDbEntity
  8
WALL
100
AcDbLine
370
50
 10
128000
 20
8075
 30
0
 11
126450
 21
8075
 31
0
  0
LINE
  5
7D8
100
AcDbEntity
  8
WALL
100
AcDbLine
370
50
 10
125550
 20
7925
 30
0
 11
125550
 21
8075
 31
0
  0
LINE
  5
7D9
100
AcDbEntity
  8
WALL
100
AcDbLine
370
50
 10
126450
 20
7925
 30
0
 11
126450
 21
8075
 31
0
  0
LINE
  5
7DA
100
AcDbEntity
  8
WALL
100
AcDbLine
370
50
 10
128000
 20
7925
 30
0
 11
130641.3746
 21
7925
 31
0
  0
LINE
  5
7DB
100
AcDbEntity
  8
WALL
100
AcDbLine
370
50
 10
130636.3746
 20
7925
 30
0
 11
132000
 21
7925
 31
0
  0
LINE
  5
7DC
100
AcDbEntity
  8
WALL
100
AcDbLine
370
50
 10
129602.3359
 20
8075
 30
0
 11
128000
 21
8075
 31
0
  0
LINE
  5
7DD
100
AcDbEntity
  8
WALL
100
AcDbLine
370
50
 10
132000
 20
8075
 30
0
 11
129601.3359
 21
8075
 31
0
  0
LINE
  5
7DE
100
AcDbEntity
  8
WALL
100
AcDbLine
370
50
 10
108000
 20
15925
 30
0
 11
109550
 21
15925
 31
0
  0
LINE
  5
7DF
100
AcDbEntity
  8
WALL
100
AcDbLine
370
50
 10
109550
 20
16075
 30
0
 11
108000
 21
16075
 31
0
  0
LINE
  5
7E0
100
AcDbEntity
  8
WALL
100
AcDbLine
370
50
 10
110450
 20
15925
 30
0
 11
112000
 21
15925
 31
0
  0
LINE
  5
7E1
100
AcDbEntity
  8
WALL
100
AcDbLine
370
50
 10
112000
 20
16075
 30
0
 11
110450
 21
16075
 31
0
  0
LINE
  5
7E2
100
AcDbEntity
  8
WALL
100
AcDbLine
370
50
 10
109550
 20
15925
 30
0
 11
109550
 21
16075
 31
0
  0
LINE
  5
7E3
100
AcDbEntity
  8
WALL
100
AcDbLine
370
50
 10
110450
 20
15925
 30
0
 11
110450
 21
16075
 31
0
  0
LINE
  5
7E4
100
AcDbEntity
  8
WALL
100
AcDbLine
370
50
 10
112000
 20
15925
 30
0
 11
113550
 21
15925
 31
0
  0
LINE
  5
7E5
100
AcDbEntity
  8
WALL
100
AcDbLine
370
50
 10
113550
 20
16075
 30
0
 11
112000
 21
16075
 31
0
  0
LINE
  5
7E6
100
AcDbEntity
  8
WALL
100
AcDbLine
370
50
 10
114450
 20
15925
 30
0
 11
116000
 21
15925
 31
0
  0
LINE
  5
7E7
100
AcDbEntity
  8
WALL
100
AcDbLine
370
50
 10
116000
 20
16075
 30
0
 11
114450
 21
16075
 31
0
  0
LINE
  5
7E8
100
AcDbEntity
  8
WALL
100
AcDbLine
370
50
 10
113550
 20
15925
 30
0
 11
113550
 21
16075
 31
0
  0
LINE
  5
7E9
100
AcDbEntity
  8
WALL
100
AcDbLine
370
50
 10
114450
 20
15925
 30
0
 11
114450
 21
16075
 31
0
  0
LINE
  5
7EA
100
AcDbEntity
  8
WALL
100
AcDbLine
370
50
 10
116000
 20
15925
 30
0
 11
117550
 21
15925
 31
0
  0
LINE
  5
7EB
100
AcDbEntity
  8
WALL
100
AcDbLine
370
50
 10
117550
 20
16075
 30
0
 11
116000
 21
16075
 31
0
  0
LINE
  5
7EC
100
AcDbEntity
  8
WALL
100
AcDbLine
370
50
 10
118450
 20
15925
 30
0
 11
120000
 21
15925
 31
0
  0
LINE
  5
7ED
100
AcDbEntity
  8
WALL
100
AcDbLine
370
50
 10
120000
 20
16075
 30
0
 11
118450
 21
16075
 31
0
  0
LINE
  5
7EE
100
AcDbEntity
  8
WALL
100
AcDbLine
370
50
 10
117550
 20
15925
 30
0
 11
117550
 21
16075
 31
0
  0
LINE
  5
7EF
100
AcDbEntity
  8
WALL
100
AcDbLine
370
50
 10
118450
 20
15925
 30
0
 11
118450
 21
16075
 31
0
  0
LINE
  5
7F0
100
AcDbEntity
  8
WALL
100
AcDbLine
370
50
 10
120000
 20
15925
 30
0
 11
121550
 21
15925
 31
0
  0
LINE
  5
7F1
100
AcDbEntity
  8
WALL
100
AcDbLine
370
50
 10
121550
 20
16075
 30
0
 11
120000
 21
16075
 31
0
  0
LINE
  5
7F2
100
AcDbEntity
  8
WALL
100
AcDbLine
370
50
 10
122450
 20
15925
 30
0
 11
124000
 21
15925
 31
0
  0
LINE
  5
7F3
100
AcDbEntity
  8
WALL
100
AcDbLine
370
50
 10
124000
 20
16075
 30
0
 11
122450
 21
16075
 31
0
  0
LINE
  5
7F4
100
AcDbEntity
  8
WALL
100
AcDbLine
370
50
 10
121550
 20
15925
 30
0
 11
121550
 21
16075
 31
0
  0
LINE
  5
7F5
100
AcDbEntity
  8
WALL
100
AcDbLine
370
50
 10
122450
 20
15925
 30
0
 11
122450
 21
16075
 31
0
  0
LINE
  5
7F6
100
AcDbEntity
  8
WALL
100
AcDbLine
370
50
 10
124000
 20
15925
 30
0
 11
125550
 21
15925
 31
0
  0
LINE
  5
7F7
100
AcDbEntity
  8
WALL
100
AcDbLine
370
50
 10
125550
 20
16075
 30
0
 11
124000
 21
16075
 31
0
  0
LINE
  5
7F8
100
AcDbEntity
  8
WALL
100
AcDbLine
370
50
 10
126450
 20
15925
 30
0
 11
128000
 21
15925
 31
0
  0
LINE
  5
7F9
100
AcDbEntity
  8
WALL
100
AcDbLine
370
50
 10
128000
 20
16075
 30
0
 11
126450
 21
16075
 31
0
  0
LINE
  5
7FA
100
AcDbEntity
  8
WALL
100
AcDbLine
370
50
 10
125550
 20
15925
 30
0
 11
125550
 21
16075
 31
0
  0
LINE
  5
7FB
100
AcDbEntity
  8
WALL
100
AcDbLine
370
50
 10
126450
 20
15925
 30
0
 11
126450
 21
16075
 31
0
  0
LINE
  5
7FC
100
AcDbEntity
  8
WALL
100
AcDbLine
370
50
 10
128000
 20
15925
 30
0
 11
129550
 21
15925
 31
0
  0
LINE
  5
7FD
100
AcDbEntity
  8
WALL
100
AcDbLine
370
50
 10
129550
 20
16075
 30
0
 11
128000
 21
16075
 31
0
  0
LINE
  5
7FE
100
AcDbEntity
  8
WALL
100
AcDbLine
370
50
 10
130450
 20
15925
 30
0
 11
132000
 21
15925
 31
0
  0
LINE
  5
7FF
100
AcDbEntity
  8
WALL
100
AcDbLine
370
50
 10
132000
 20
16075
 30
0
 11
130450
 21
16075
 31
0
  0
LINE
  5
800
100
AcDbEntity
  8
WALL
100
AcDbLine
370
50
 10
129550
 20
15925
 30
0
 11
129550
 21
16075
 31
0
  0
LINE
  5
801
100
AcDbEntity
  8
WALL
100
AcDbLine
370
50
 10
130450
 20
15925
 30
0
 11
130450
 21
16075
 31
0
  0
LWPOLYLINE
  5
802
100
AcDbEntity
  8
COLUMN
100
AcDbPolyline
 90
4
 70
1
 10
107885
 20
-115
 10
108115
 20
-115
 10
108115
 20
115
 10
107885
 20
115
  0
LWPOLYLINE
  5
803
100
AcDbEntity
  8
COLUMN
100
AcDbPolyline
 90
4
 70
1
 10
107885
 20
7885
 10
108115
 20
7885
 10
108115
 20
8115
 10
107885
 20
8115
  0
LWPOLYLINE
  5
804
100
AcDbEntity
  8
COLUMN
100
AcDbPolyline
 90
4
 70
1
 10
107885
 20
15885
 10
108115
 20
15885
 10
108115
 20
16115
 10
107885
 20
16115
  0
LWPOLYLINE
  5
805
100
AcDbEntity
  8
COLUMN
100
AcDbPolyline
 90
4
 70
1
 10
107885
 20
23885
 10
108115
 20
23885
 10
108115
 20
24115
 10
107885
 20
24115
  0
LWPOLYLINE
  5
806
100
AcDbEntity
  8
COLUMN
100
AcDbPolyline
 90
4
 70
1
 10
111885
 20
-115
 10
112115
 20
-115
 10
112115
 20
115
 10
111885
 20
115
  0
LWPOLYLINE
  5
807
100
AcDbEntity
  8
COLUMN
100
AcDbPolyline
 90
4
 70
1
 10
111885
 20
7885
 10
112115
 20
7885
 10
112115
 20
8115
 10
111885
 20
8115
  0
LWPOLYLINE
  5
808
100
AcDbEntity
  8
COLUMN
100
AcDbPolyline
 90
4
 70
1
 10
111885
 20
15885
 10
112115
 20
15885
 10
112115
 20
16115
 10
111885
 20
16115
  0
LWPOLYLINE
  5
809
100
AcDbEntity
  8
COLUMN
100
AcDbPolyline
 90
4
 70
1
 10
111885
 20
23885
 10
112115
 20
23885
 10
112115
 20
24115
 10
111885
 20
24115
  0
LWPOLYLINE
  5
80A
100
AcDbEntity
  8
COLUMN
100
AcDbPolyline
 90
4
 70
1
 10
115885
 20
-115
 10
116115
 20
-115
 10
116115
 20
115
 10
115885
 20
115
  0
LWPOLYLINE
  5
80B
100
AcDbEntity
  8
COLUMN
100
AcDbPolyline
 90
4
 70
1
 10
115885
 20
7885
 10
116115
 20
7885
 10
116115
 20
8115
 10
115885
 20
8115
  0
LWPOLYLINE
  5
80C
100
AcDbEntity
  8
COLUMN
100
AcDbPolyline
 90
4
 70
1
 10
115885
 20
15885
 10
116115
 20
15885
 10
116115
 20
16115
 10
115885
 20
16115
  0
LWPOLYLINE
  5
80D
100
AcDbEntity
  8
COLUMN
100
AcDbPolyline
 90
4
 70
1
 10
115885
 20
23885
 10
116115
 20
23885
 10
116115
 20
24115
 10
115885
 20
24115
  0
LWPOLYLINE
  5
80E
100
AcDbEntity
  8
COLUMN
100
AcDbPolyline
 90
4
 70
1
 10
119885
 20
-115
 10
120115
 20
-115
 10
120115
 20
115
 10
119885
 20
115
  0
LWPOLYLINE
  5
80F
100
AcDbEntity
  8
COLUMN
100
AcDbPolyline
 90
4
 70
1
 10
119885
 20
7885
 10
120115
 20
7885
 10
120115
 20
8115
 10
119885
 20
8115
  0
LWPOLYLINE
  5
810
100
AcDbEntity
  8
COLUMN
100
AcDbPolyline
 90
4
 70
1
 10
119885
 20
15885
 10
120115
 20
15885
 10
120115
 20
16115
 10
119885
 20
16115
  0
LWPOLYLINE
  5
811
100
AcDbEntity
  8
COLUMN
100
AcDbPolyline
 90
4
 70
1
 10
119885
 20
23885
 10
120115
 20
23885
 10
120115
 20
24115
 10
119885
 20
24115
  0
LWPOLYLINE
  5
812
100
AcDbEntity
  8
COLUMN
100
AcDbPolyline
 90
4
 70
1
 10
123885
 20
-115
 10
124115
 20
-115
 10
124115
 20
115
 10
123885
 20
115
  0
LWPOLYLINE
  5
813
100
AcDbEntity
  8
COLUMN
100
AcDbPolyline
 90
4
 70
1
 10
123885
 20
7885
 10
124115
 20
7885
 10
124115
 20
8115
 10
123885
 20
8115
  0
LWPOLYLINE
  5
814
100
AcDbEntity
  8
COLUMN
100
AcDbPolyline
 90
4
 70
1
 10
123885
 20
15885
 10
124115
 20
15885
 10
124115
 20
16115
 10
123885
 20
16115
  0
LWPOLYLINE
  5
815
100
AcDbEntity
  8
COLUMN
100
AcDbPolyline
 90
4
 70
1
 10
123885
 20
23885
 10
124115
 20
23885
 10
124115
 20
24115
 10
123885
 20
24115
  0
LWPOLYLINE
  5
816
100
AcDbEntity
  8
COLUMN
100
AcDbPolyline
 90
4
 70
1
 10
127885
 20
-115
 10
128115
 20
-115
 10
128115
 20
115
 10
127885
 20
115
  0
LWPOLYLINE
  5
817
100
AcDbEntity
  8
COLUMN
100
AcDbPolyline
 90
4
 70
1
 10
127885
 20
7885
 10
128115
 20
7885
 10
128115
 20
8115
 10
127885
 20
8115
  0
LWPOLYLINE
  5
818
100
AcDbEntity
  8
COLUMN
100
AcDbPolyline
 90
4
 70
1
 10
127885
 20
15885
 10
128115
 20
15885
 10
128115
 20
16115
 10
127885
 20
16115
  0
LWPOLYLINE
  5
819
100
AcDbEntity
  8
COLUMN
100
AcDbPolyline
 90
4
 70
1
 10
127885
 20
23885
 10
128115
 20
23885
 10
128115
 20
24115
 10
127885
 20
24115
  0
LWPOLYLINE
  5
81A
100
AcDbEntity
  8
COLUMN
100
AcDbPolyline
 90
4
 70
1
 10
131885
 20
-115
 10
132115
 20
-115
 10
132115
 20
115
 10
131885
 20
115
  0
LWPOLYLINE
  5
81B
100
AcDbEntity
  8
COLUMN
100
AcDbPolyline
 90
4
 70
1
 10
131885
 20
7885
 10
132115
 20
7885
 10
132115
 20
8115
 10
131885
 20
8115
  0
LWPOLYLINE
  5
81C
100
AcDbEntity
  8
COLUMN
100
AcDbPolyline
 90
4
 70
1
 10
131885
 20
15885
 10
132115
 20
15885
 10
132115
 20
16115
 10
131885
 20
16115
  0
LWPOLYLINE
  5
81D
100
AcDbEntity
  8
COLUMN
100
AcDbPolyline
 90
4
 70
1
 10
131885
 20
23885
 10
132115
 20
23885
 10
132115
 20
24115
 10
131885
 20
24115
  0
TEXT
  5
81E
100
AcDbEntity
  8
TEXT
100
AcDbText
 10
109518.7500
 20
4018.7500
 30
0
 40
250
  1
LOUNGE
100
AcDbText
  0
TEXT
  5
81F
100
AcDbEntity
  8
TEXT
100
AcDbText
 10
113500
 20
4018.7500
 30
0
 40
250
  1
DINING
100
AcDbText
  0
TEXT
  5
820
100
AcDbEntity
  8
TEXT
100
AcDbText
 10
117500
 20
4018.7500
 30
0
 40
250
  1
KITCHEN
100
AcDbText
  0
TEXT
  5
821
100
AcDbEntity
  8
TEXT
100
AcDbText
 10
121500
 20
4018.7500
 30
0
 40
250
  1
KITCHEN
100
AcDbText
  0
TEXT
  5
822
100
AcDbEntity
  8
TEXT
100
AcDbText
 10
125500
 20
4018.7500
 30
0
 40
250
  1
DINING
100
AcDbText
  0
TEXT
  5
823
100
AcDbEntity
  8
TEXT
100
AcDbText
 10
129481.2500
 20
4018.7500
 30
0
 40
250
  1
LOUNGE
100
AcDbText
  0
TEXT
  5
824
100
AcDbEntity
  8
TEXT
100
AcDbText
 10
109518.7500
 20
12000
 30
0
 40
250
  1
STORE
100
AcDbText
  0
TEXT
  5
825
100
AcDbEntity
  8
TEXT
100
AcDbText
 10
113500
 20
12000
 30
0
 40
250
  1
STAIR HALL
100
AcDbText
  0
TEXT
  5
826
100
AcDbEntity
  8
TEXT
100
AcDbText
 10
117500
 20
12000
 30
0
 40
250
  1
DRESSING
100
AcDbText
  0
LWPOLYLINE
  5
827
100
AcDbEntity
  8
SANITARY
100
AcDbPolyline
 90
4
 70
1
 10
116475
 20
15025
 10
116875
 20
15025
 10
116875
 20
15625
 10
116475
 20
15625
  0
TEXT
  5
828
100
AcDbEntity
  8
TEXT
100
AcDbText
 10
121500
 20
12000
 30
0
 40
250
  1
DRESSING
100
AcDbText
  0
LWPOLYLINE
  5
829
100
AcDbEntity
  8
SANITARY
100
AcDbPolyline
 90
4
 70
1
 10
120475
 20
15025
 10
120875
 20
15025
 10
120875
 20
15625
 10
120475
 20
15625
  0
TEXT
  5
82A
100
AcDbEntity
  8
TEXT
100
AcDbText
 10
125500
 20
12000
 30
0
 40
250
  1
STAIR HALL
100
AcDbText
  0
TEXT
  5
82B
100
AcDbEntity
  8
TEXT
100
AcDbText
 10
129481.2500
 20
12000
 30
0
 40
250
  1
STORE
100
AcDbText
  0
TEXT
  5
82C
100
AcDbEntity
  8
TEXT
100
AcDbText
 10
109518.7500
 20
19981.2500
 30
0
 40
250
  1
BEDROOM
100
AcDbText
  0
TEXT
  5
82D
100
AcDbEntity
  8
TEXT
100
AcDbText
 10
113500
 20
19981.2500
 30
0
 40
250
  1
BEDROOM
100
AcDbText
  0
TEXT
  5
82E
100
AcDbEntity
  8
TEXT
100
AcDbText
 10
117500
 20
19981.2500
 30
0
 40
250
  1
MASTER BEDROOM
100
AcDbText
  0
TEXT
  5
82F
100
AcDbEntity
  8
TEXT
100
AcDbText
 10
121500
 20
19981.2500
 30
0
 40
250
  1
MASTER BEDROOM
100
AcDbText
  0
TEXT
  5
830
100
AcDbEntity
  8
TEXT
100
AcDbText
 10
125500
 20
19981.2500
 30
0
 40
250
  1
BEDROOM
100
AcDbText
  0
TEXT
  5
831
100
AcDbEntity
  8
TEXT
100
AcDbText
 10
129481.2500
 20
19981.2500
 30
0
 40
250
  1
BEDROOM
100
AcDbText
  0
DIMENSION
  5
832
100
AcDbEntity
  8
DIM
100
AcDbDimension
  2
*D
 10
108000
 20
-1800
 30
0
 11
120000
 21
-1550
 31
0
 70
33
  1

 42
24000
100
AcDbAlignedDimension
 13
108000
 23
0
 33
0
 14
132000
 24
0
 34
0
  0
DIMENSION
  5
833
100
AcDbEntity
  8
DIM
100
AcDbDimension
  2
*D
 10
106200
 20
0
 30
0
 11
106450
 21
12000
 31
0
 70
33
  1

 42
24000
100
AcDbAlignedDimension
 13
108000
 23
0
 33
0
 14
108000
 24
24000
 34
0
  0
DIMENSION
  5
834
100
AcDbEntity
  8
DIM
100
AcDbDimension
  2
*D
 10
108000
 20
25200
 30
0
 11
110000
 21
25450
 31
0
 70
33
  1

 42
4000
100
AcDbAlignedDimension
 13
108000
 23
24000
 33
0
 14
112000
 24
24000
 34
0
  0
DIMENSION
  5
835
100
AcDbEntity
  8
DIM
100
AcDbDimension
  2
*D
 10
112000
 20
25200
 30
0
 11
114000
 21
25450
 31
0
 70
33
  1

 42
4000
100
AcDbAlignedDimension
 13
112000
 23
24000
 33
0
 14
116000
 24
24000
 34
0
  0
DIMENSION
  5
836
100
AcDbEntity
  8
DIM
100
AcDbDimension
  2
*D
 10
116000
 20
25200
 30
0
 11
118000
 21
25450
 31
0
 70
33
  1

 42
4000
100
AcDbAlignedDimension
 13
116000
 23
24000
 33
0
 14
120000
 24
24000
 34
0
  0
DIMENSION
  5
837
100
AcDbEntity
  8
DIM
100
AcDbDimension
  2
*D
 10
120000
 20
25200
 30
0
 11
122000
 21
25450
 31
0
 70
33
  1

 42
4000
100
AcDbAlignedDimension
 13
120000
 23
24000
 33
0
 14
124000
 24
24000
 34
0
  0
DIMENSION
  5
838
100
AcDbEntity
  8
DIM
100
AcDbDimension
  2
*D
 10
124000
 20
25200
 30
0
 11
126000
 21
25450
 31
0
 70
33
  1

 42
4000
100
AcDbAlignedDimension
 13
124000
 23
24000
 33
0
 14
128000
 24
24000
 34
0
  0
DIMENSION
  5
839
100
AcDbEntity
  8
DIM
100
AcDbDimension
  2
*D
 10
128000
 20
25200
 30
0
 11
130000
 21
25450
 31
0
 70
33
  1

 42
4000
100
AcDbAlignedDimension
 13
128000
 23
24000
 33
0
 14
132000
 24
24000
 34
0
  0
DIMENSION
  5
83A
100
AcDbEntity
  8
DIM
100
AcDbDimension
  2
*D
 10
133200
 20
0
 30
0
 11
133450
 21
4000
 31
0
 70
33
  1

 42
8000
100
AcDbAlignedDimension
 13
132000
 23
0
 33
0
 14
132000
 24
8000
 34
0
  0
DIMENSION
  5
83B
100
AcDbEntity
  8
DIM
100
AcDbDimension
  2
*D
 10
133200
 20
8000
 30
0
 11
133450
 21
12000
 31
0
 70
33
  1

 42
8000
100
AcDbAlignedDimension
 13
132000
 23
8000
 33
0
 14
132000
 24
16000
 34
0
  0
DIMENSION
  5
83C
100
AcDbEntity
  8
DIM
100
AcDbDimension
  2
*D
 10
133200
 20
16000
 30
0
 11
133450
 21
20000
 31
0
 70
33
  1

 42
8000
100
AcDbAlignedDimension
 13
132000
 23
16000
 33
0
 14
132000
 24
24000
 34
0
  0
TEXT
  5
83D
100
AcDbEntity
  8
TEXT
100
AcDbText
 10
108000
 20
-3200
 30
0
 40
450
  1
THIRD FLOOR PLAN
100
AcDbText
  0
TEXT
  5
83E
100
AcDbEntity
  8
TEXT
100
AcDbText
 10
134600
 20
12000
 30
0
 40
300
  1
+9450
100
AcDbText
  0
TEXT
  5
83F
100
AcDbEntity
  8
TEXT
100
AcDbText
 10
108000
 20
-4200
 30
0
 40
250
  1
EACH FLAT OCCUPIES 271 SQUARE METRES ONLY.
100
AcDbText
  0
LINE
  5
840
100
AcDbEntity
  8
WALL
100
AcDbLine
370
50
 10
144000
 20
0
 30
0
 11
168000
 21
0
 31
0
  0
LINE
  5
841
100
AcDbEntity
  8
WALL
100
AcDbLine
370
50
 10
168000
 20
0
 30
0
 11
168000
 21
13200
 31
0
  0
LINE
  5
842
100
AcDbEntity
  8
WALL
100
AcDbLine
370
50
 10
168000
 20
13200
 30
0
 11
144000
 21
13200
 31
0
  0
LINE
  5
843
100
AcDbEntity
  8
WALL
100
AcDbLine
370
50
 10
144000
 20
13200
 30
0
 11
144000
 21
0
 31
0
  0
LINE
  5
844
100
AcDbEntity
  8
WALL
100
AcDbLine
 10
144000
 20
0
 30
0
 11
168000
 21
0
 31
0
  0
TEXT
  5
845
100
AcDbEntity
  8
TEXT
100
AcDbText
 10
168900
 20
0
 30
0
 40
250
  1
+450 GROUND FLOOR LEVEL
100
AcDbText
  0
LWPOLYLINE
  5
846
100
AcDbEntity
  8
WIND
100
AcDbPolyline
 90
4
 70
1
 10
149400
 20
900
 10
150600
 20
900
 10
150600
 20
2100
 10
149400
 20
2100
  0
LWPOLYLINE
  5
847
100
AcDbEntity
  8
WIND
100
AcDbPolyline
 90
4
 70
1
 10
155400
 20
900
 10
156600
 20
900
 10
156600
 20
2100
 10
155400
 20
2100
  0
LWPOLYLINE
  5
848
100
AcDbEntity
  8
WIND
100
AcDbPolyline
 90
4
 70
1
 10
161400
 20
900
 10
162600
 20
900
 10
162600
 20
2100
 10
161400
 20
2100
  0
LINE
  5
849
100
AcDbEntity
  8
WALL
100
AcDbLine
 10
144000
 20
3000
 30
0
 11
168000
 21
3000
 31
0
  0
TEXT
  5
84A
100
AcDbEntity
  8
TEXT
100
AcDbText
 10
168900
 20
3000
 30
0
 40
250
  1
+3450 FIRST FLOOR SLAB
100
AcDbText
  0
LWPOLYLINE
  5
84B
100
AcDbEntity
  8
WIND
100
AcDbPolyline
 90
4
 70
1
 10
149400
 20
3900
 10
150600
 20
3900
 10
150600
 20
5100
 10
149400
 20
5100
  0
LWPOLYLINE
  5
84C
100
AcDbEntity
  8
WIND
100
AcDbPolyline
 90
4
 70
1
 10
155400
 20
3900
 10
156600
 20
3900
 10
156600
 20
5100
 10
155400
 20
5100
  0
LWPOLYLINE
  5
84D
100
AcDbEntity
  8
WIND
100
AcDbPolyline
 90
4
 70
1
 10
161400
 20
3900
 10
162600
 20
3900
 10
162600
 20
5100
 10
161400
 20
5100
  0
LINE
  5
84E
100
AcDbEntity
  8
WALL
100
AcDbLine
 10
144000
 20
6000
 30
0
 11
168000
 21
6000
 31
0
  0
TEXT
  5
84F
100
AcDbEntity
  8
TEXT
100
AcDbText
 10
168900
 20
6000
 30
0
 40
250
  1
+6450 SECOND FLOOR SLAB
100
AcDbText
  0
LWPOLYLINE
  5
850
100
AcDbEntity
  8
WIND
100
AcDbPolyline
 90
4
 70
1
 10
149400
 20
6900
 10
150600
 20
6900
 10
150600
 20
8100
 10
149400
 20
8100
  0
LWPOLYLINE
  5
851
100
AcDbEntity
  8
WIND
100
AcDbPolyline
 90
4
 70
1
 10
155400
 20
6900
 10
156600
 20
6900
 10
156600
 20
8100
 10
155400
 20
8100
  0
LWPOLYLINE
  5
852
100
AcDbEntity
  8
WIND
100
AcDbPolyline
 90
4
 70
1
 10
161400
 20
6900
 10
162600
 20
6900
 10
162600
 20
8100
 10
161400
 20
8100
  0
LINE
  5
853
100
AcDbEntity
  8
WALL
100
AcDbLine
 10
144000
 20
9000
 30
0
 11
168000
 21
9000
 31
0
  0
TEXT
  5
854
100
AcDbEntity
  8
TEXT
100
AcDbText
 10
168900
 20
9000
 30
0
 40
250
  1
+9450 THIRD FLOOR SLAB
100
AcDbText
  0
LWPOLYLINE
  5
855
100
AcDbEntity
  8
WIND
100
AcDbPolyline
 90
4
 70
1
 10
149400
 20
9900
 10
150600
 20
9900
 10
150600
 20
11100
 10
149400
 20
11100
  0
LWPOLYLINE
  5
856
100
AcDbEntity
  8
WIND
100
AcDbPolyline
 90
4
 70
1
 10
155400
 20
9900
 10
156600
 20
9900
 10
156600
 20
11100
 10
155400
 20
11100
  0
LWPOLYLINE
  5
857
100
AcDbEntity
  8
WIND
100
AcDbPolyline
 90
4
 70
1
 10
161400
 20
9900
 10
162600
 20
9900
 10
162600
 20
11100
 10
161400
 20
11100
  0
LINE
  5
858
100
AcDbEntity
  8
WALL
100
AcDbLine
 10
144000
 20
12000
 30
0
 11
168000
 21
12000
 31
0
  0
TEXT
  5
859
100
AcDbEntity
  8
TEXT
100
AcDbText
 10
168900
 20
12000
 30
0
 40
250
  1
+12450 ROOF LEVEL
100
AcDbText
  0
TEXT
  5
85A
100
AcDbEntity
  8
TEXT
100
AcDbText
 10
144000
 20
-3200
 30
0
 40
450
  1
NORTH ELEVATION
100
AcDbText
  0
LINE
  5
85B
100
AcDbEntity
  8
WALL
100
AcDbLine
370
50
 10
180000
 20
0
 30
0
 11
204000
 21
0
 31
0
  0
LINE
  5
85C
100
AcDbEntity
  8
WALL
100
AcDbLine
370
50
 10
204000
 20
0
 30
0
 11
204000
 21
13200
 31
0
  0
LINE
  5
85D
100
AcDbEntity
  8
WALL
100
AcDbLine
370
50
 10
204000
 20
13200
 30
0
 11
180000
 21
13200
 31
0
  0
LINE
  5
85E
100
AcDbEntity
  8
WALL
100
AcDbLine
370
50
 10
180000
 20
13200
 30
0
 11
180000
 21
0
 31
0
  0
LINE
  5
85F
100
AcDbEntity
  8
WALL
100
AcDbLine
370
50
 10
180000
 20
0
 30
0
 11
204000
 21
0
 31
0
  0
LINE
  5
860
100
AcDbEntity
  8
WALL
100
AcDbLine
370
50
 10
180000
 20
150
 30
0
 11
204000
 21
150
 31
0
  0
TEXT
  5
861
100
AcDbEntity
  8
TEXT
100
AcDbText
 10
204900
 20
0
 30
0
 40
250
  1
+450 GROUND FLOOR LEVEL
100
AcDbText
  0
LINE
  5
862
100
AcDbEntity
  8
WALL
100
AcDbLine
370
50
 10
180000
 20
3000
 30
0
 11
204000
 21
3000
 31
0
  0
LINE
  5
863
100
AcDbEntity
  8
WALL
100
AcDbLine
370
50
 10
180000
 20
3150
 30
0
 11
204000
 21
3150
 31
0
  0
TEXT
  5
864
100
AcDbEntity
  8
TEXT
100
AcDbText
 10
204900
 20
3000
 30
0
 40
250
  1
+3450 FIRST FLOOR SLAB
100
AcDbText
  0
LINE
  5
865
100
AcDbEntity
  8
WALL
100
AcDbLine
370
50
 10
180000
 20
6000
 30
0
 11
204000
 21
6000
 31
0
  0
LINE
  5
866
100
AcDbEntity
  8
WALL
100
AcDbLine
370
50
 10
180000
 20
6150
 30
0
 11
204000
 21
6150
 31
0
  0
TEXT
  5
867
100
AcDbEntity
  8
TEXT
100
AcDbText
 10
204900
 20
6000
 30
0
 40
250
  1
+6450 SECOND FLOOR SLAB
100
AcDbText
  0
LINE
  5
868
100
AcDbEntity
  8
WALL
100
AcDbLine
370
50
 10
180000
 20
9000
 30
0
 11
204000
 21
9000
 31
0
  0
LINE
  5
869
100
AcDbEntity
  8
WALL
100
AcDbLine
370
50
 10
180000
 20
9150
 30
0
 11
204000
 21
9150
 31
0
  0
TEXT
  5
86A
100
AcDbEntity
  8
TEXT
100
AcDbText
 10
204900
 20
9000
 30
0
 40
250
  1
+9450 THIRD FLOOR SLAB
100
AcDbText
  0
LINE
  5
86B
100
AcDbEntity
  8
WALL
100
AcDbLine
370
50
 10
180000
 20
12000
 30
0
 11
204000
 21
12000
 31
0
  0
LINE
  5
86C
100
AcDbEntity
  8
WALL
100
AcDbLine
370
50
 10
180000
 20
12150
 30
0
 11
204000
 21
12150
 31
0
  0
TEXT
  5
86D
100
AcDbEntity
  8
TEXT
100
AcDbText
 10
204900
 20
12000
 30
0
 40
250
  1
+12450 ROOF LEVEL
100
AcDbText
  0
TEXT
  5
86E
100
AcDbEntity
  8
TEXT
100
AcDbText
 10
181000
 20
1500
 30
0
 40
220
  1
19 NOS RISERS OF 158MM EACH AND TREADS OF 275MM
100
AcDbText
  0
TEXT
  5
86F
100
AcDbEntity
  8
TEXT
100
AcDbText
 10
180000
 20
-3200
 30
0
 40
450
  1
SECTION A-A
100
AcDbText
  0
ENDSEC
  0
EOF
