  0
SECTION
  2
HEADER
  9
$ACADVER
  1
AC1015
  9
$INSUNITS
 70
4
  9
$MEASUREMENT
 70
1
  9
$HANDSEED
  5
FFFF
  0
ENDSEC
  0
SECTION
  2
TABLES
  0
TABLE
  2
LTYPE
  5
1D34
100
AcDbSymbolTable
 70
1
  0
LTYPE
  5
1D35
330
1D34
100
AcDbSymbolTableRecord
100
AcDbLinetypeTableRecord
  2
CONTINUOUS
 70
0
  3
Solid line
 72
65
 73
0
 40
0
  0
ENDTAB
  0
TABLE
  2
LAYER
  5
1D36
100
AcDbSymbolTable
 70
8
  0
LAYER
  5
1D37
330
1D36
100
AcDbSymbolTableRecord
100
AcDbLayerTableRecord
  2
0
 70
0
 62
1
  6
CONTINUOUS
  0
LAYER
  5
1D38
330
1D36
100
AcDbSymbolTableRecord
100
AcDbLayerTableRecord
  2
WIND
 70
0
 62
2
  6
CONTINUOUS
  0
LAYER
  5
1D39
330
1D36
100
AcDbSymbolTableRecord
100
AcDbLayerTableRecord
  2
DOOR
 70
0
 62
3
  6
CONTINUOUS
  0
LAYER
  5
1D3A
330
1D36
100
AcDbSymbolTableRecord
100
AcDbLayerTableRecord
  2
WALL
 70
0
 62
4
  6
CONTINUOUS
  0
LAYER
  5
1D3B
330
1D36
100
AcDbSymbolTableRecord
100
AcDbLayerTableRecord
  2
COLUMN
 70
0
 62
5
  6
CONTINUOUS
  0
LAYER
  5
1D3C
330
1D36
100
AcDbSymbolTableRecord
100
AcDbLayerTableRecord
  2
TEXT
 70
0
 62
6
  6
CONTINUOUS
  0
LAYER
  5
1D3D
330
1D36
100
AcDbSymbolTableRecord
100
AcDbLayerTableRecord
  2
SANITARY
 70
0
 62
7
  6
CONTINUOUS
  0
LAYER
  5
1D3E
330
1D36
100
AcDbSymbolTableRecord
100
AcDbLayerTableRecord
  2
DIM
 70
0
 62
1
  6
CONTINUOUS
  0
ENDTAB
  0
TABLE
  2
BLOCK_RECORD
  5
1D3F
100
AcDbSymbolTable
 70
2
  0
BLOCK_RECORD
  5
1D40
330
1D3F
100
AcDbSymbolTableRecord
100
AcDbBlockTableRecord
  2
*Model_Space
  0
BLOCK_RECORD
  5
1D41
330
1D3F
100
AcDbSymbolTableRecord
100
AcDbBlockTableRecord
  2
*Paper_Space
  0
ENDTAB
  0
ENDSEC
  0
SECTION
  2
BLOCKS
  0
ENDSEC
  0
SECTION
  2
ENTITIES
  0
LWPOLYLINE
  5
100
100
AcDbEntity
  8
WIND
100
AcDbPolyline
 90
4
 70
1
 10
-60
 20
3400
 10
60
 20
3400
 10
60
 20
4600
 10
-60
 20
4600
  0
LWPOLYLINE
  5
101
100
AcDbEntity
  8
WIND
100
AcDbPolyline
 90
4
 70
1
 10
-60
 20
11400
 10
60
 20
11400
 10
60
 20
12600
 10
-60
 20
12600
  0
LWPOLYLINE
  5
102
100
AcDbEntity
  8
WIND
100
AcDbPolyline
 90
4
 70
1
 10
-60
 20
19400
 10
60
 20
19400
 10
60
 20
20600
 10
-60
 20
20600
  0
LWPOLYLINE
  5
103
100
AcDbEntity
  8
WIND
100
AcDbPolyline
 90
4
 70
1
 10
23940
 20
3400
 10
24060
 20
3400
 10
24060
 20
4600
 10
23940
 20
4600
  0
LWPOLYLINE
  5
104
100
AcDbEntity
  8
WIND
100
AcDbPolyline
 90
4
 70
1
 10
23940
 20
11400
 10
24060
 20
11400
 10
24060
 20
12600
 10
23940
 20
12600
  0
LWPOLYLINE
  5
105
100
AcDbEntity
  8
WIND
100
AcDbPolyline
 90
4
 70
1
 10
23940
 20
19400
 10
24060
 20
19400
 10
24060
 20
20600
 10
23940
 20
20600
  0
LWPOLYLINE
  5
106
100
AcDbEntity
  8
WIND
100
AcDbPolyline
 90
4
 70
1
 10
1400
 20
-60
 10
2600
 20
-60
 10
2600
 20
60
 10
1400
 20
60
  0
LWPOLYLINE
  5
107
100
AcDbEntity
  8
WIND
100
AcDbPolyline
 90
4
 70
1
 10
5400
 20
-60
 10
6600
 20
-60
 10
6600
 20
60
 10
5400
 20
60
  0
LWPOLYLINE
  5
108
100
AcDbEntity
  8
WIND
100
AcDbPolyline
 90
4
 70
1
 10
9400
 20
-60
 10
10600
 20
-60
 10
10600
 20
60
 10
9400
 20
60
  0
LWPOLYLINE
  5
109
100
AcDbEntity
  8
WIND
100
AcDbPolyline
 90
4
 70
1
 10
13400
 20
-60
 10
14600
 20
-60
 10
14600
 20
60
 10
13400
 20
60
  0
LWPOLYLINE
  5
10A
100
AcDbEntity
  8
WIND
100
AcDbPolyline
 90
4
 70
1
 10
17400
 20
-60
 10
18600
 20
-60
 10
18600
 20
60
 10
17400
 20
60
  0
LWPOLYLINE
  5
10B
100
AcDbEntity
  8
WIND
100
AcDbPolyline
 90
4
 70
1
 10
21400
 20
-60
 10
22600
 20
-60
 10
22600
 20
60
 10
21400
 20
60
  0
LWPOLYLINE
  5
10C
100
AcDbEntity
  8
WIND
100
AcDbPolyline
 90
4
 70
1
 10
1400
 20
23940
 10
2600
 20
23940
 10
2600
 20
24060
 10
1400
 20
24060
  0
LWPOLYLINE
  5
10D
100
AcDbEntity
  8
WIND
100
AcDbPolyline
 90
4
 70
1
 10
5400
 20
23940
 10
6600
 20
23940
 10
6600
 20
24060
 10
5400
 20
24060
  0
LWPOLYLINE
  5
10E
100
AcDbEntity
  8
WIND
100
AcDbPolyline
 90
4
 70
1
 10
9400
 20
23940
 10
10600
 20
23940
 10
10600
 20
24060
 10
9400
 20
24060
  0
LWPOLYLINE
  5
10F
100
AcDbEntity
  8
WIND
100
AcDbPolyline
 90
4
 70
1
 10
13400
 20
23940
 10
14600
 20
23940
 10
14600
 20
24060
 10
13400
 20
24060
  0
LWPOLYLINE
  5
110
100
AcDbEntity
  8
WIND
100
AcDbPolyline
 90
4
 70
1
 10
17400
 20
23940
 10
18600
 20
23940
 10
18600
 20
24060
 10
17400
 20
24060
  0
LWPOLYLINE
  5
111
100
AcDbEntity
  8
WIND
100
AcDbPolyline
 90
4
 70
1
 10
21400
 20
23940
 10
22600
 20
23940
 10
22600
 20
24060
 10
21400
 20
24060
  0
ARC
  5
112
100
AcDbEntity
  8
DOOR
100
AcDbCircle
 10
4000
 20
3550
 30
0
 40
900
100
AcDbArc
 50
90
 51
180
  0
LINE
  5
113
100
AcDbEntity
  8
DOOR
100
AcDbLine
 10
4000
 20
3550
 30
0
 11
3100
 21
3550
 31
0
  0
ARC
  5
114
100
AcDbEntity
  8
DOOR
100
AcDbCircle
 10
4000
 20
11550
 30
0
 40
900
100
AcDbArc
 50
90
 51
180
  0
LINE
  5
115
100
AcDbEntity
  8
DOOR
100
AcDbLine
 10
4000
 20
11550
 30
0
 11
3100
 21
11550
 31
0
  0
ARC
  5
116
100
AcDbEntity
  8
DOOR
100
AcDbCircle
 10
4000
 20
19550
 30
0
 40
900
100
AcDbArc
 50
90
 51
180
  0
LINE
  5
117
100
AcDbEntity
  8
DOOR
100
AcDbLine
 10
4000
 20
19550
 30
0
 11
3100
 21
19550
 31
0
  0
ARC
  5
118
100
AcDbEntity
  8
DOOR
100
AcDbCircle
 10
8000
 20
3550
 30
0
 40
900
100
AcDbArc
 50
90
 51
180
  0
LINE
  5
119
100
AcDbEntity
  8
DOOR
100
AcDbLine
 10
8000
 20
3550
 30
0
 11
7100
 21
3550
 31
0
  0
ARC
  5
11A
100
AcDbEntity
  8
DOOR
100
AcDbCircle
 10
8000
 20
11550
 30
0
 40
900
100
AcDbArc
 50
90
 51
180
  0
LINE
  5
11B
100
AcDbEntity
  8
DOOR
100
AcDbLine
 10
8000
 20
11550
 30
0
 11
7100
 21
11550
 31
0
  0
ARC
  5
11C
100
AcDbEntity
  8
DOOR
100
AcDbCircle
 10
8000
 20
19550
 30
0
 40
900
100
AcDbArc
 50
90
 51
180
  0
LINE
  5
11D
100
AcDbEntity
  8
DOOR
100
AcDbLine
 10
8000
 20
19550
 30
0
 11
7100
 21
19550
 31
0
  0
ARC
  5
11E
100
AcDbEntity
  8
DOOR
100
AcDbCircle
 10
16000
 20
3550
 30
0
 40
900
100
AcDbArc
 50
90
 51
180
  0
LINE
  5
11F
100
AcDbEntity
  8
DOOR
100
AcDbLine
 10
16000
 20
3550
 30
0
 11
15100
 21
3550
 31
0
  0
ARC
  5
120
100
AcDbEntity
  8
DOOR
100
AcDbCircle
 10
16000
 20
11550
 30
0
 40
900
100
AcDbArc
 50
90
 51
180
  0
LINE
  5
121
100
AcDbEntity
  8
DOOR
100
AcDbLine
 10
16000
 20
11550
 30
0
 11
15100
 21
11550
 31
0
  0
ARC
  5
122
100
AcDbEntity
  8
DOOR
100
AcDbCircle
 10
16000
 20
19550
 30
0
 40
900
100
AcDbArc
 50
90
 51
180
  0
LINE
  5
123
100
AcDbEntity
  8
DOOR
100
AcDbLine
 10
16000
 20
19550
 30
0
 11
15100
 21
19550
 31
0
  0
ARC
  5
124
100
AcDbEntity
  8
DOOR
100
AcDbCircle
 10
20000
 20
3550
 30
0
 40
900
100
AcDbArc
 50
90
 51
180
  0
LINE
  5
125
100
AcDbEntity
  8
DOOR
100
AcDbLine
 10
20000
 20
3550
 30
0
 11
19100
 21
3550
 31
0
  0
ARC
  5
126
100
AcDbEntity
  8
DOOR
100
AcDbCircle
 10
20000
 20
11550
 30
0
 40
900
100
AcDbArc
 50
90
 51
180
  0
LINE
  5
127
100
AcDbEntity
  8
DOOR
100
AcDbLine
 10
20000
 20
11550
 30
0
 11
19100
 21
11550
 31
0
  0
ARC
  5
128
100
AcDbEntity
  8
DOOR
100
AcDbCircle
 10
20000
 20
19550
 30
0
 40
900
100
AcDbArc
 50
90
 51
180
  0
LINE
  5
129
100
AcDbEntity
  8
DOOR
100
AcDbLine
 10
20000
 20
19550
 30
0
 11
19100
 21
19550
 31
0
  0
ARC
  5
12A
100
AcDbEntity
  8
DOOR
100
AcDbCircle
 10
5550
 20
8000
 30
0
 40
900
100
AcDbArc
 50
0
 51
90
  0
LINE
  5
12B
100
AcDbEntity
  8
DOOR
100
AcDbLine
 10
5550
 20
8000
 30
0
 11
5550
 21
8900
 31
0
  0
ARC
  5
12C
100
AcDbEntity
  8
DOOR
100
AcDbCircle
 10
9550
 20
8000
 30
0
 40
900
100
AcDbArc
 50
0
 51
90
  0
LINE
  5
12D
100
AcDbEntity
  8
DOOR
100
AcDbLine
 10
9550
 20
8000
 30
0
 11
9550
 21
8900
 31
0
  0
ARC
  5
12E
100
AcDbEntity
  8
DOOR
100
AcDbCircle
 10
13550
 20
8000
 30
0
 40
900
100
AcDbArc
 50
0
 51
90
  0
LINE
  5
12F
100
AcDbEntity
  8
DOOR
100
AcDbLine
 10
13550
 20
8000
 30
0
 11
13550
 21
8900
 31
0
  0
ARC
  5
130
100
AcDbEntity
  8
DOOR
100
AcDbCircle
 10
17550
 20
8000
 30
0
 40
900
100
AcDbArc
 50
0
 51
90
  0
LINE
  5
131
100
AcDbEntity
  8
DOOR
100
AcDbLine
 10
17550
 20
8000
 30
0
 11
17550
 21
8900
 31
0
  0
ARC
  5
132
100
AcDbEntity
  8
DOOR
100
AcDbCircle
 10
1550
 20
16000
 30
0
 40
900
100
AcDbArc
 50
0
 51
90
  0
LINE
  5
133
100
AcDbEntity
  8
DOOR
100
AcDbLine
 10
1550
 20
16000
 30
0
 11
1550
 21
16900
 31
0
  0
ARC
  5
134
100
AcDbEntity
  8
DOOR
100
AcDbCircle
 10
5550
 20
16000
 30
0
 40
900
100
AcDbArc
 50
0
 51
90
  0
LINE
  5
135
100
AcDbEntity
  8
DOOR
100
AcDbLine
 10
5550
 20
16000
 30
0
 11
5550
 21
16900
 31
0
  0
ARC
  5
136
100
AcDbEntity
  8
DOOR
100
AcDbCircle
 10
9550
 20
16000
 30
0
 40
900
100
AcDbArc
 50
0
 51
90
  0
LINE
  5
137
100
AcDbEntity
  8
DOOR
100
AcDbLine
 10
9550
 20
16000
 30
0
 11
9550
 21
16900
 31
0
  0
ARC
  5
138
100
AcDbEntity
  8
DOOR
100
AcDbCircle
 10
13550
 20
16000
 30
0
 40
900
100
AcDbArc
 50
0
 51
90
  0
LINE
  5
139
100
AcDbEntity
  8
DOOR
100
AcDbLine
 10
13550
 20
16000
 30
0
 11
13550
 21
16900
 31
0
  0
ARC
  5
13A
100
AcDbEntity
  8
DOOR
100
AcDbCircle
 10
17550
 20
16000
 30
0
 40
900
100
AcDbArc
 50
0
 51
90
  0
LINE
  5
13B
100
AcDbEntity
  8
DOOR
100
AcDbLine
 10
17550
 20
16000
 30
0
 11
17550
 21
16900
 31
0
  0
ARC
  5
13C
100
AcDbEntity
  8
DOOR
100
AcDbCircle
 10
21550
 20
16000
 30
0
 40
900
100
AcDbArc
 50
0
 51
90
  0
LINE
  5
13D
100
AcDbEntity
  8
DOOR
100
AcDbLine
 10
21550
 20
16000
 30
0
 11
21550
 21
16900
 31
0
  0
LINE
  5
13E
100
AcDbEntity
  8
WALL
100
AcDbLine
370
50
 10
-112.5000
 20
0
 30
0
 11
-112.5000
 21
3400
 31
0
  0
LINE
  5
13F
100
AcDbEntity
  8
WALL
100
AcDbLine
370
50
 10
112.5000
 20
3400
 30
0
 11
112.5000
 21
0
 31
0
  0
LINE
  5
140
100
AcDbEntity
  8
WALL
100
AcDbLine
 10
-112.5000
 20
0
 30
0
 11
112.5000
 21
225
 31
0
  0
LINE
  5
141
100
AcDbEntity
  8
WALL
100
AcDbLine
 10
-112.5000
 20
150
 30
0
 11
112.5000
 21
375
 31
0
  0
LINE
  5
142
100
AcDbEntity
  8
WALL
100
AcDbLine
 10
-112.5000
 20
300
 30
0
 11
112.5000
 21
525
 31
0
  0
LINE
  5
143
100
AcDbEntity
  8
WALL
100
AcDbLine
 10
-112.5000
 20
450
 30
0
 11
112.5000
 21
675
 31
0
  0
LINE
  5
144
100
AcDbEntity
  8
WALL
100
AcDbLine
 10
-112.5000
 20
600
 30
0
 11
112.5000
 21
825
 31
0
  0
LINE
  5
145
100
AcDbEntity
  8
WALL
100
AcDbLine
 10
-112.5000
 20
750
 30
0
 11
112.5000
 21
975
 31
0
  0
LINE
  5
146
100
AcDbEntity
  8
WALL
100
AcDbLine
 10
-112.5000
 20
900
 30
0
 11
112.5000
 21
1125
 31
0
  0
LINE
  5
147
100
AcDbEntity
  8
WALL
100
AcDbLine
 10
-112.5000
 20
1050
 30
0
 11
112.5000
 21
1275
 31
0
  0
LINE
  5
148
100
AcDbEntity
  8
WALL
100
AcDbLine
 10
-112.5000
 20
1200
 30
0
 11
112.5000
 21
1425
 31
0
  0
LINE
  5
149
100
AcDbEntity
  8
WALL
100
AcDbLine
 10
-112.5000
 20
1350
 30
0
 11
112.5000
 21
1575
 31
0
  0
LINE
  5
14A
100
AcDbEntity
  8
WALL
100
AcDbLine
 10
-112.5000
 20
1500
 30
0
 11
112.5000
 21
1725
 31
0
  0
LINE
  5
14B
100
AcDbEntity
  8
WALL
100
AcDbLine
 10
-112.5000
 20
1650
 30
0
 11
112.5000
 21
1875
 31
0
  0
LINE
  5
14C
100
AcDbEntity
  8
WALL
100
AcDbLine
 10
-112.5000
 20
1800
 30
0
 11
112.5000
 21
2025
 31
0
  0
LINE
  5
14D
100
AcDbEntity
  8
WALL
100
AcDbLine
 10
-112.5000
 20
1950
 30
0
 11
112.5000
 21
2175
 31
0
  0
LINE
  5
14E
100
AcDbEntity
  8
WALL
100
AcDbLine
 10
-112.5000
 20
2100
 30
0
 11
112.5000
 21
2325
 31
0
  0
LINE
  5
14F
100
AcDbEntity
  8
WALL
100
AcDbLine
 10
-112.5000
 20
2250
 30
0
 11
112.5000
 21
2475
 31
0
  0
LINE
  5
150
100
AcDbEntity
  8
WALL
100
AcDbLine
 10
-112.5000
 20
2400
 30
0
 11
112.5000
 21
2625
 31
0
  0
LINE
  5
151
100
AcDbEntity
  8
WALL
100
AcDbLine
 10
-112.5000
 20
2550
 30
0
 11
112.5000
 21
2775
 31
0
  0
LINE
  5
152
100
AcDbEntity
  8
WALL
100
AcDbLine
 10
-112.5000
 20
2700
 30
0
 11
112.5000
 21
2925
 31
0
  0
LINE
  5
153
100
AcDbEntity
  8
WALL
100
AcDbLine
 10
-112.5000
 20
2850
 30
0
 11
112.5000
 21
3075
 31
0
  0
LINE
  5
154
100
AcDbEntity
  8
WALL
100
AcDbLine
 10
-112.5000
 20
3000
 30
0
 11
112.5000
 21
3225
 31
0
  0
LINE
  5
155
100
AcDbEntity
  8
WALL
100
AcDbLine
 10
-112.5000
 20
3150
 30
0
 11
112.5000
 21
3375
 31
0
  0
LINE
  5
156
100
AcDbEntity
  8
WALL
100
AcDbLine
370
50
 10
-112.5000
 20
4600
 30
0
 11
-112.5000
 21
8000
 31
0
  0
LINE
  5
157
100
AcDbEntity
  8
WALL
100
AcDbLine
370
50
 10
112.5000
 20
8000
 30
0
 11
112.5000
 21
4600
 31
0
  0
LINE
  5
158
100
AcDbEntity
  8
WALL
100
AcDbLine
 10
-112.5000
 20
4600
 30
0
 11
112.5000
 21
4825
 31
0
  0
LINE
  5
159
100
AcDbEntity
  8
WALL
100
AcDbLine
 10
-112.5000
 20
4750
 30
0
 11
112.5000
 21
4975
 31
0
  0
LINE
  5
15A
100
AcDbEntity
  8
WALL
100
AcDbLine
 10
-112.5000
 20
4900
 30
0
 11
112.5000
 21
5125
 31
0
  0
LINE
  5
15B
100
AcDbEntity
  8
WALL
100
AcDbLine
 10
-112.5000
 20
5050
 30
0
 11
112.5000
 21
5275
 31
0
  0
LINE
  5
15C
100
AcDbEntity
  8
WALL
100
AcDbLine
 10
-112.5000
 20
5200
 30
0
 11
112.5000
 21
5425
 31
0
  0
LINE
  5
15D
100
AcDbEntity
  8
WALL
100
AcDbLine
 10
-112.5000
 20
5350
 30
0
 11
112.5000
 21
5575
 31
0
  0
LINE
  5
15E
100
AcDbEntity
  8
WALL
100
AcDbLine
 10
-112.5000
 20
5500
 30
0
 11
112.5000
 21
5725
 31
0
  0
LINE
  5
15F
100
AcDbEntity
  8
WALL
100
AcDbLine
 10
-112.5000
 20
5650
 30
0
 11
112.5000
 21
5875
 31
0
  0
LINE
  5
160
100
AcDbEntity
  8
WALL
100
AcDbLine
 10
-112.5000
 20
5800
 30
0
 11
112.5000
 21
6025
 31
0
  0
LINE
  5
161
100
AcDbEntity
  8
WALL
100
AcDbLine
 10
-112.5000
 20
5950
 30
0
 11
112.5000
 21
6175
 31
0
  0
LINE
  5
162
100
AcDbEntity
  8
WALL
100
AcDbLine
 10
-112.5000
 20
6100
 30
0
 11
112.5000
 21
6325
 31
0
  0
LINE
  5
163
100
AcDbEntity
  8
WALL
100
AcDbLine
 10
-112.5000
 20
6250
 30
0
 11
112.5000
 21
6475
 31
0
  0
LINE
  5
164
100
AcDbEntity
  8
WALL
100
AcDbLine
 10
-112.5000
 20
6400
 30
0
 11
112.5000
 21
6625
 31
0
  0
LINE
  5
165
100
AcDbEntity
  8
WALL
100
AcDbLine
 10
-112.5000
 20
6550
 30
0
 11
112.5000
 21
6775
 31
0
  0
LINE
  5
166
100
AcDbEntity
  8
WALL
100
AcDbLine
 10
-112.5000
 20
6700
 30
0
 11
112.5000
 21
6925
 31
0
  0
LINE
  5
167
100
AcDbEntity
  8
WALL
100
AcDbLine
 10
-112.5000
 20
6850
 30
0
 11
112.5000
 21
7075
 31
0
  0
LINE
  5
168
100
AcDbEntity
  8
WALL
100
AcDbLine
 10
-112.5000
 20
7000
 30
0
 11
112.5000
 21
7225
 31
0
  0
LINE
  5
169
100
AcDbEntity
  8
WALL
100
AcDbLine
 10
-112.5000
 20
7150
 30
0
 11
112.5000
 21
7375
 31
0
  0
LINE
  5
16A
100
AcDbEntity
  8
WALL
100
AcDbLine
 10
-112.5000
 20
7300
 30
0
 11
112.5000
 21
7525
 31
0
  0
LINE
  5
16B
100
AcDbEntity
  8
WALL
100
AcDbLine
 10
-112.5000
 20
7450
 30
0
 11
112.5000
 21
7675
 31
0
  0
LINE
  5
16C
100
AcDbEntity
  8
WALL
100
AcDbLine
 10
-112.5000
 20
7600
 30
0
 11
112.5000
 21
7825
 31
0
  0
LINE
  5
16D
100
AcDbEntity
  8
WALL
100
AcDbLine
 10
-112.5000
 20
7750
 30
0
 11
112.5000
 21
7975
 31
0
  0
LINE
  5
16E
100
AcDbEntity
  8
WALL
100
AcDbLine
370
50
 10
-112.5000
 20
3400
 30
0
 11
112.5000
 21
3400
 31
0
  0
LINE
  5
16F
100
AcDbEntity
  8
WALL
100
AcDbLine
370
50
 10
-112.5000
 20
4600
 30
0
 11
112.5000
 21
4600
 31
0
  0
LINE
  5
170
100
AcDbEntity
  8
WALL
100
AcDbLine
370
50
 10
-112.5000
 20
8000
 30
0
 11
-112.5000
 21
11400
 31
0
  0
LINE
  5
171
100
AcDbEntity
  8
WALL
100
AcDbLine
370
50
 10
112.5000
 20
11400
 30
0
 11
112.5000
 21
8000
 31
0
  0
LINE
  5
172
100
AcDbEntity
  8
WALL
100
AcDbLine
 10
-112.5000
 20
8000
 30
0
 11
112.5000
 21
8225
 31
0
  0
LINE
  5
173
100
AcDbEntity
  8
WALL
100
AcDbLine
 10
-112.5000
 20
8150
 30
0
 11
112.5000
 21
8375
 31
0
  0
LINE
  5
174
100
AcDbEntity
  8
WALL
100
AcDbLine
 10
-112.5000
 20
8300
 30
0
 11
112.5000
 21
8525
 31
0
  0
LINE
  5
175
100
AcDbEntity
  8
WALL
100
AcDbLine
 10
-112.5000
 20
8450
 30
0
 11
112.5000
 21
8675
 31
0
  0
LINE
  5
176
100
AcDbEntity
  8
WALL
100
AcDbLine
 10
-112.5000
 20
8600
 30
0
 11
112.5000
 21
8825
 31
0
  0
LINE
  5
177
100
AcDbEntity
  8
WALL
100
AcDbLine
 10
-112.5000
 20
8750
 30
0
 11
112.5000
 21
8975
 31
0
  0
LINE
  5
178
100
AcDbEntity
  8
WALL
100
AcDbLine
 10
-112.5000
 20
8900
 30
0
 11
112.5000
 21
9125
 31
0
  0
LINE
  5
179
100
AcDbEntity
  8
WALL
100
AcDbLine
 10
-112.5000
 20
9050
 30
0
 11
112.5000
 21
9275
 31
0
  0
LINE
  5
17A
100
AcDbEntity
  8
WALL
100
AcDbLine
 10
-112.5000
 20
9200
 30
0
 11
112.5000
 21
9425
 31
0
  0
LINE
  5
17B
100
AcDbEntity
  8
WALL
100
AcDbLine
 10
-112.5000
 20
9350
 30
0
 11
112.5000
 21
9575
 31
0
  0
LINE
  5
17C
100
AcDbEntity
  8
WALL
100
AcDbLine
 10
-112.5000
 20
9500
 30
0
 11
112.5000
 21
9725
 31
0
  0
LINE
  5
17D
100
AcDbEntity
  8
WALL
100
AcDbLine
 10
-112.5000
 20
9650
 30
0
 11
112.5000
 21
9875
 31
0
  0
LINE
  5
17E
100
AcDbEntity
  8
WALL
100
AcDbLine
 10
-112.5000
 20
9800
 30
0
 11
112.5000
 21
10025
 31
0
  0
LINE
  5
17F
100
AcDbEntity
  8
WALL
100
AcDbLine
 10
-112.5000
 20
9950
 30
0
 11
112.5000
 21
10175
 31
0
  0
LINE
  5
180
100
AcDbEntity
  8
WALL
100
AcDbLine
 10
-112.5000
 20
10100
 30
0
 11
112.5000
 21
10325
 31
0
  0
LINE
  5
181
100
AcDbEntity
  8
WALL
100
AcDbLine
 10
-112.5000
 20
10250
 30
0
 11
112.5000
 21
10475
 31
0
  0
LINE
  5
182
100
AcDbEntity
  8
WALL
100
AcDbLine
 10
-112.5000
 20
10400
 30
0
 11
112.5000
 21
10625
 31
0
  0
LINE
  5
183
100
AcDbEntity
  8
WALL
100
AcDbLine
 10
-112.5000
 20
10550
 30
0
 11
112.5000
 21
10775
 31
0
  0
LINE
  5
184
100
AcDbEntity
  8
WALL
100
AcDbLine
 10
-112.5000
 20
10700
 30
0
 11
112.5000
 21
10925
 31
0
  0
LINE
  5
185
100
AcDbEntity
  8
WALL
100
AcDbLine
 10
-112.5000
 20
10850
 30
0
 11
112.5000
 21
11075
 31
0
  0
LINE
  5
186
100
AcDbEntity
  8
WALL
100
AcDbLine
 10
-112.5000
 20
11000
 30
0
 11
112.5000
 21
11225
 31
0
  0
LINE
  5
187
100
AcDbEntity
  8
WALL
100
AcDbLine
 10
-112.5000
 20
11150
 30
0
 11
112.5000
 21
11375
 31
0
  0
LINE
  5
188
100
AcDbEntity
  8
WALL
100
AcDbLine
370
50
 10
-112.5000
 20
12600
 30
0
 11
-112.5000
 21
16000
 31
0
  0
LINE
  5
189
100
AcDbEntity
  8
WALL
100
AcDbLine
370
50
 10
112.5000
 20
16000
 30
0
 11
112.5000
 21
12600
 31
0
  0
LINE
  5
18A
100
AcDbEntity
  8
WALL
100
AcDbLine
 10
-112.5000
 20
12600
 30
0
 11
112.5000
 21
12825
 31
0
  0
LINE
  5
18B
100
AcDbEntity
  8
WALL
100
AcDbLine
 10
-112.5000
 20
12750
 30
0
 11
112.5000
 21
12975
 31
0
  0
LINE
  5
18C
100
AcDbEntity
  8
WALL
100
AcDbLine
 10
-112.5000
 20
12900
 30
0
 11
112.5000
 21
13125
 31
0
  0
LINE
  5
18D
100
AcDbEntity
  8
WALL
100
AcDbLine
 10
-112.5000
 20
13050
 30
0
 11
112.5000
 21
13275
 31
0
  0
LINE
  5
18E
100
AcDbEntity
  8
WALL
100
AcDbLine
 10
-112.5000
 20
13200
 30
0
 11
112.5000
 21
13425
 31
0
  0
LINE
  5
18F
100
AcDbEntity
  8
WALL
100
AcDbLine
 10
-112.5000
 20
13350
 30
0
 11
112.5000
 21
13575
 31
0
  0
LINE
  5
190
100
AcDbEntity
  8
WALL
100
AcDbLine
 10
-112.5000
 20
13500
 30
0
 11
112.5000
 21
13725
 31
0
  0
LINE
  5
191
100
AcDbEntity
  8
WALL
100
AcDbLine
 10
-112.5000
 20
13650
 30
0
 11
112.5000
 21
13875
 31
0
  0
LINE
  5
192
100
AcDbEntity
  8
WALL
100
AcDbLine
 10
-112.5000
 20
13800
 30
0
 11
112.5000
 21
14025
 31
0
  0
LINE
  5
193
100
AcDbEntity
  8
WALL
100
AcDbLine
 10
-112.5000
 20
13950
 30
0
 11
112.5000
 21
14175
 31
0
  0
LINE
  5
194
100
AcDbEntity
  8
WALL
100
AcDbLine
 10
-112.5000
 20
14100
 30
0
 11
112.5000
 21
14325
 31
0
  0
LINE
  5
195
100
AcDbEntity
  8
WALL
100
AcDbLine
 10
-112.5000
 20
14250
 30
0
 11
112.5000
 21
14475
 31
0
  0
LINE
  5
196
100
AcDbEntity
  8
WALL
100
AcDbLine
 10
-112.5000
 20
14400
 30
0
 11
112.5000
 21
14625
 31
0
  0
LINE
  5
197
100
AcDbEntity
  8
WALL
100
AcDbLine
 10
-112.5000
 20
14550
 30
0
 11
112.5000
 21
14775
 31
0
  0
LINE
  5
198
100
AcDbEntity
  8
WALL
100
AcDbLine
 10
-112.5000
 20
14700
 30
0
 11
112.5000
 21
14925
 31
0
  0
LINE
  5
199
100
AcDbEntity
  8
WALL
100
AcDbLine
 10
-112.5000
 20
14850
 30
0
 11
112.5000
 21
15075
 31
0
  0
LINE
  5
19A
100
AcDbEntity
  8
WALL
100
AcDbLine
 10
-112.5000
 20
15000
 30
0
 11
112.5000
 21
15225
 31
0
  0
LINE
  5
19B
100
AcDbEntity
  8
WALL
100
AcDbLine
 10
-112.5000
 20
15150
 30
0
 11
112.5000
 21
15375
 31
0
  0
LINE
  5
19C
100
AcDbEntity
  8
WALL
100
AcDbLine
 10
-112.5000
 20
15300
 30
0
 11
112.5000
 21
15525
 31
0
  0
LINE
  5
19D
100
AcDbEntity
  8
WALL
100
AcDbLine
 10
-112.5000
 20
15450
 30
0
 11
112.5000
 21
15675
 31
0
  0
LINE
  5
19E
100
AcDbEntity
  8
WALL
100
AcDbLine
 10
-112.5000
 20
15600
 30
0
 11
112.5000
 21
15825
 31
0
  0
LINE
  5
19F
100
AcDbEntity
  8
WALL
100
AcDbLine
 10
-112.5000
 20
15750
 30
0
 11
112.5000
 21
15975
 31
0
  0
LINE
  5
1A0
100
AcDbEntity
  8
WALL
100
AcDbLine
370
50
 10
-112.5000
 20
11400
 30
0
 11
112.5000
 21
11400
 31
0
  0
LINE
  5
1A1
100
AcDbEntity
  8
WALL
100
AcDbLine
370
50
 10
-112.5000
 20
12600
 30
0
 11
112.5000
 21
12600
 31
0
  0
LINE
  5
1A2
100
AcDbEntity
  8
WALL
100
AcDbLine
370
50
 10
-112.5000
 20
16000
 30
0
 11
-112.5000
 21
19400
 31
0
  0
LINE
  5
1A3
100
AcDbEntity
  8
WALL
100
AcDbLine
370
50
 10
112.5000
 20
19400
 30
0
 11
112.5000
 21
16000
 31
0
  0
LINE
  5
1A4
100
AcDbEntity
  8
WALL
100
AcDbLine
 10
-112.5000
 20
16000
 30
0
 11
112.5000
 21
16225
 31
0
  0
LINE
  5
1A5
100
AcDbEntity
  8
WALL
100
AcDbLine
 10
-112.5000
 20
16150
 30
0
 11
112.5000
 21
16375
 31
0
  0
LINE
  5
1A6
100
AcDbEntity
  8
WALL
100
AcDbLine
 10
-112.5000
 20
16300
 30
0
 11
112.5000
 21
16525
 31
0
  0
LINE
  5
1A7
100
AcDbEntity
  8
WALL
100
AcDbLine
 10
-112.5000
 20
16450
 30
0
 11
112.5000
 21
16675
 31
0
  0
LINE
  5
1A8
100
AcDbEntity
  8
WALL
100
AcDbLine
 10
-112.5000
 20
16600
 30
0
 11
112.5000
 21
16825
 31
0
  0
LINE
  5
1A9
100
AcDbEntity
  8
WALL
100
AcDbLine
 10
-112.5000
 20
16750
 30
0
 11
112.5000
 21
16975
 31
0
  0
LINE
  5
1AA
100
AcDbEntity
  8
WALL
100
AcDbLine
 10
-112.5000
 20
16900
 30
0
 11
112.5000
 21
17125
 31
0
  0
LINE
  5
1AB
100
AcDbEntity
  8
WALL
100
AcDbLine
 10
-112.5000
 20
17050
 30
0
 11
112.5000
 21
17275
 31
0
  0
LINE
  5
1AC
100
AcDbEntity
  8
WALL
100
AcDbLine
 10
-112.5000
 20
17200
 30
0
 11
112.5000
 21
17425
 31
0
  0
LINE
  5
1AD
100
AcDbEntity
  8
WALL
100
AcDbLine
 10
-112.5000
 20
17350
 30
0
 11
112.5000
 21
17575
 31
0
  0
LINE
  5
1AE
100
AcDbEntity
  8
WALL
100
AcDbLine
 10
-112.5000
 20
17500
 30
0
 11
112.5000
 21
17725
 31
0
  0
LINE
  5
1AF
100
AcDbEntity
  8
WALL
100
AcDbLine
 10
-112.5000
 20
17650
 30
0
 11
112.5000
 21
17875
 31
0
  0
LINE
  5
1B0
100
AcDbEntity
  8
WALL
100
AcDbLine
 10
-112.5000
 20
17800
 30
0
 11
112.5000
 21
18025
 31
0
  0
LINE
  5
1B1
100
AcDbEntity
  8
WALL
100
AcDbLine
 10
-112.5000
 20
17950
 30
0
 11
112.5000
 21
18175
 31
0
  0
LINE
  5
1B2
100
AcDbEntity
  8
WALL
100
AcDbLine
 10
-112.5000
 20
18100
 30
0
 11
112.5000
 21
18325
 31
0
  0
LINE
  5
1B3
100
AcDbEntity
  8
WALL
100
AcDbLine
 10
-112.5000
 20
18250
 30
0
 11
112.5000
 21
18475
 31
0
  0
LINE
  5
1B4
100
AcDbEntity
  8
WALL
100
AcDbLine
 10
-112.5000
 20
18400
 30
0
 11
112.5000
 21
18625
 31
0
  0
LINE
  5
1B5
100
AcDbEntity
  8
WALL
100
AcDbLine
 10
-112.5000
 20
18550
 30
0
 11
112.5000
 21
18775
 31
0
  0
LINE
  5
1B6
100
AcDbEntity
  8
WALL
100
AcDbLine
 10
-112.5000
 20
18700
 30
0
 11
112.5000
 21
18925
 31
0
  0
LINE
  5
1B7
100
AcDbEntity
  8
WALL
100
AcDbLine
 10
-112.5000
 20
18850
 30
0
 11
112.5000
 21
19075
 31
0
  0
LINE
  5
1B8
100
AcDbEntity
  8
WALL
100
AcDbLine
 10
-112.5000
 20
19000
 30
0
 11
112.5000
 21
19225
 31
0
  0
LINE
  5
1B9
100
AcDbEntity
  8
WALL
100
AcDbLine
 10
-112.5000
 20
19150
 30
0
 11
112.5000
 21
19375
 31
0
  0
LINE
  5
1BA
100
AcDbEntity
  8
WALL
100
AcDbLine
370
50
 10
-112.5000
 20
20600
 30
0
 11
-112.5000
 21
24000
 31
0
  0
LINE
  5
1BB
100
AcDbEntity
  8
WALL
100
AcDbLine
370
50
 10
112.5000
 20
24000
 30
0
 11
112.5000
 21
20600
 31
0
  0
LINE
  5
1BC
100
AcDbEntity
  8
WALL
100
AcDbLine
 10
-112.5000
 20
20600
 30
0
 11
112.5000
 21
20825
 31
0
  0
LINE
  5
1BD
100
AcDbEntity
  8
WALL
100
AcDbLine
 10
-112.5000
 20
20750
 30
0
 11
112.5000
 21
20975
 31
0
  0
LINE
  5
1BE
100
AcDbEntity
  8
WALL
100
AcDbLine
 10
-112.5000
 20
20900
 30
0
 11
112.5000
 21
21125
 31
0
  0
LINE
  5
1BF
100
AcDbEntity
  8
WALL
100
AcDbLine
 10
-112.5000
 20
21050
 30
0
 11
112.5000
 21
21275
 31
0
  0
LINE
  5
1C0
100
AcDbEntity
  8
WALL
100
AcDbLine
 10
-112.5000
 20
21200
 30
0
 11
112.5000
 21
21425
 31
0
  0
LINE
  5
1C1
100
AcDbEntity
  8
WALL
100
AcDbLine
 10
-112.5000
 20
21350
 30
0
 11
112.5000
 21
21575
 31
0
  0
LINE
  5
1C2
100
AcDbEntity
  8
WALL
100
AcDbLine
 10
-112.5000
 20
21500
 30
0
 11
112.5000
 21
21725
 31
0
  0
LINE
  5
1C3
100
AcDbEntity
  8
WALL
100
AcDbLine
 10
-112.5000
 20
21650
 30
0
 11
112.5000
 21
21875
 31
0
  0
LINE
  5
1C4
100
AcDbEntity
  8
WALL
100
AcDbLine
 10
-112.5000
 20
21800
 30
0
 11
112.5000
 21
22025
 31
0
  0
LINE
  5
1C5
100
AcDbEntity
  8
WALL
100
AcDbLine
 10
-112.5000
 20
21950
 30
0
 11
112.5000
 21
22175
 31
0
  0
LINE
  5
1C6
100
AcDbEntity
  8
WALL
100
AcDbLine
 10
-112.5000
 20
22100
 30
0
 11
112.5000
 21
22325
 31
0
  0
LINE
  5
1C7
100
AcDbEntity
  8
WALL
100
AcDbLine
 10
-112.5000
 20
22250
 30
0
 11
112.5000
 21
22475
 31
0
  0
LINE
  5
1C8
100
AcDbEntity
  8
WALL
100
AcDbLine
 10
-112.5000
 20
22400
 30
0
 11
112.5000
 21
22625
 31
0
  0
LINE
  5
1C9
100
AcDbEntity
  8
WALL
100
AcDbLine
 10
-112.5000
 20
22550
 30
0
 11
112.5000
 21
22775
 31
0
  0
LINE
  5
1CA
100
AcDbEntity
  8
WALL
100
AcDbLine
 10
-112.5000
 20
22700
 30
0
 11
112.5000
 21
22925
 31
0
  0
LINE
  5
1CB
100
AcDbEntity
  8
WALL
100
AcDbLine
 10
-112.5000
 20
22850
 30
0
 11
112.5000
 21
23075
 31
0
  0
LINE
  5
1CC
100
AcDbEntity
  8
WALL
100
AcDbLine
 10
-112.5000
 20
23000
 30
0
 11
112.5000
 21
23225
 31
0
  0
LINE
  5
1CD
100
AcDbEntity
  8
WALL
100
AcDbLine
 10
-112.5000
 20
23150
 30
0
 11
112.5000
 21
23375
 31
0
  0
LINE
  5
1CE
100
AcDbEntity
  8
WALL
100
AcDbLine
 10
-112.5000
 20
23300
 30
0
 11
112.5000
 21
23525
 31
0
  0
LINE
  5
1CF
100
AcDbEntity
  8
WALL
100
AcDbLine
 10
-112.5000
 20
23450
 30
0
 11
112.5000
 21
23675
 31
0
  0
LINE
  5
1D0
100
AcDbEntity
  8
WALL
100
AcDbLine
 10
-112.5000
 20
23600
 30
0
 11
112.5000
 21
23825
 31
0
  0
LINE
  5
1D1
100
AcDbEntity
  8
WALL
100
AcDbLine
 10
-112.5000
 20
23750
 30
0
 11
112.5000
 21
23975
 31
0
  0
LINE
  5
1D2
100
AcDbEntity
  8
WALL
100
AcDbLine
370
50
 10
-112.5000
 20
19400
 30
0
 11
112.5000
 21
19400
 31
0
  0
LINE
  5
1D3
100
AcDbEntity
  8
WALL
100
AcDbLine
370
50
 10
-112.5000
 20
20600
 30
0
 11
112.5000
 21
20600
 31
0
  0
LINE
  5
1D4
100
AcDbEntity
  8
WALL
100
AcDbLine
370
50
 10
23887.5000
 20
0
 30
0
 11
23887.5000
 21
3400
 31
0
  0
LINE
  5
1D5
100
AcDbEntity
  8
WALL
100
AcDbLine
370
50
 10
24112.5000
 20
3400
 30
0
 11
24112.5000
 21
0
 31
0
  0
LINE
  5
1D6
100
AcDbEntity
  8
WALL
100
AcDbLine
 10
23887.5000
 20
0
 30
0
 11
24112.5000
 21
225
 31
0
  0
LINE
  5
1D7
100
AcDbEntity
  8
WALL
100
AcDbLine
 10
23887.5000
 20
150
 30
0
 11
24112.5000
 21
375
 31
0
  0
LINE
  5
1D8
100
AcDbEntity
  8
WALL
100
AcDbLine
 10
23887.5000
 20
300
 30
0
 11
24112.5000
 21
525
 31
0
  0
LINE
  5
1D9
100
AcDbEntity
  8
WALL
100
AcDbLine
 10
23887.5000
 20
450
 30
0
 11
24112.5000
 21
675
 31
0
  0
LINE
  5
1DA
100
AcDbEntity
  8
WALL
100
AcDbLine
 10
23887.5000
 20
600
 30
0
 11
24112.5000
 21
825
 31
0
  0
LINE
  5
1DB
100
AcDbEntity
  8
WALL
100
AcDbLine
 10
23887.5000
 20
750
 30
0
 11
24112.5000
 21
975
 31
0
  0
LINE
  5
1DC
100
AcDbEntity
  8
WALL
100
AcDbLine
 10
23887.5000
 20
900
 30
0
 11
24112.5000
 21
1125
 31
0
  0
LINE
  5
1DD
100
AcDbEntity
  8
WALL
100
AcDbLine
 10
23887.5000
 20
1050
 30
0
 11
24112.5000
 21
1275
 31
0
  0
LINE
  5
1DE
100
AcDbEntity
  8
WALL
100
AcDbLine
 10
23887.5000
 20
1200
 30
0
 11
24112.5000
 21
1425
 31
0
  0
LINE
  5
1DF
100
AcDbEntity
  8
WALL
100
AcDbLine
 10
23887.5000
 20
1350
 30
0
 11
24112.5000
 21
1575
 31
0
  0
LINE
  5
1E0
100
AcDbEntity
  8
WALL
100
AcDbLine
 10
23887.5000
 20
1500
 30
0
 11
24112.5000
 21
1725
 31
0
  0
LINE
  5
1E1
100
AcDbEntity
  8
WALL
100
AcDbLine
 10
23887.5000
 20
1650
 30
0
 11
24112.5000
 21
1875
 31
0
  0
LINE
  5
1E2
100
AcDbEntity
  8
WALL
100
AcDbLine
 10
23887.5000
 20
1800
 30
0
 11
24112.5000
 21
2025
 31
0
  0
LINE
  5
1E3
100
AcDbEntity
  8
WALL
100
AcDbLine
 10
23887.5000
 20
1950
 30
0
 11
24112.5000
 21
2175
 31
0
  0
LINE
  5
1E4
100
AcDbEntity
  8
WALL
100
AcDbLine
 10
23887.5000
 20
2100
 30
0
 11
24112.5000
 21
2325
 31
0
  0
LINE
  5
1E5
100
AcDbEntity
  8
WALL
100
AcDbLine
 10
23887.5000
 20
2250
 30
0
 11
24112.5000
 21
2475
 31
0
  0
LINE
  5
1E6
100
AcDbEntity
  8
WALL
100
AcDbLine
 10
23887.5000
 20
2400
 30
0
 11
24112.5000
 21
2625
 31
0
  0
LINE
  5
1E7
100
AcDbEntity
  8
WALL
100
AcDbLine
 10
23887.5000
 20
2550
 30
0
 11
24112.5000
 21
2775
 31
0
  0
LINE
  5
1E8
100
AcDbEntity
  8
WALL
100
AcDbLine
 10
23887.5000
 20
2700
 30
0
 11
24112.5000
 21
2925
 31
0
  0
LINE
  5
1E9
100
AcDbEntity
  8
WALL
100
AcDbLine
 10
23887.5000
 20
2850
 30
0
 11
24112.5000
 21
3075
 31
0
  0
LINE
  5
1EA
100
AcDbEntity
  8
WALL
100
AcDbLine
 10
23887.5000
 20
3000
 30
0
 11
24112.5000
 21
3225
 31
0
  0
LINE
  5
1EB
100
AcDbEntity
  8
WALL
100
AcDbLine
 10
23887.5000
 20
3150
 30
0
 11
24112.5000
 21
3375
 31
0
  0
LINE
  5
1EC
100
AcDbEntity
  8
WALL
100
AcDbLine
370
50
 10
23887.5000
 20
4600
 30
0
 11
23887.5000
 21
8000
 31
0
  0
LINE
  5
1ED
100
AcDbEntity
  8
WALL
100
AcDbLine
370
50
 10
24112.5000
 20
8000
 30
0
 11
24112.5000
 21
4600
 31
0
  0
LINE
  5
1EE
100
AcDbEntity
  8
WALL
100
AcDbLine
 10
23887.5000
 20
4600
 30
0
 11
24112.5000
 21
4825
 31
0
  0
LINE
  5
1EF
100
AcDbEntity
  8
WALL
100
AcDbLine
 10
23887.5000
 20
4750
 30
0
 11
24112.5000
 21
4975
 31
0
  0
LINE
  5
1F0
100
AcDbEntity
  8
WALL
100
AcDbLine
 10
23887.5000
 20
4900
 30
0
 11
24112.5000
 21
5125
 31
0
  0
LINE
  5
1F1
100
AcDbEntity
  8
WALL
100
AcDbLine
 10
23887.5000
 20
5050
 30
0
 11
24112.5000
 21
5275
 31
0
  0
LINE
  5
1F2
100
AcDbEntity
  8
WALL
100
AcDbLine
 10
23887.5000
 20
5200
 30
0
 11
24112.5000
 21
5425
 31
0
  0
LINE
  5
1F3
100
AcDbEntity
  8
WALL
100
AcDbLine
 10
23887.5000
 20
5350
 30
0
 11
24112.5000
 21
5575
 31
0
  0
LINE
  5
1F4
100
AcDbEntity
  8
WALL
100
AcDbLine
 10
23887.5000
 20
5500
 30
0
 11
24112.5000
 21
5725
 31
0
  0
LINE
  5
1F5
100
AcDbEntity
  8
WALL
100
AcDbLine
 10
23887.5000
 20
5650
 30
0
 11
24112.5000
 21
5875
 31
0
  0
LINE
  5
1F6
100
AcDbEntity
  8
WALL
100
AcDbLine
 10
23887.5000
 20
5800
 30
0
 11
24112.5000
 21
6025
 31
0
  0
LINE
  5
1F7
100
AcDbEntity
  8
WALL
100
AcDbLine
 10
23887.5000
 20
5950
 30
0
 11
24112.5000
 21
6175
 31
0
  0
LINE
  5
1F8
100
AcDbEntity
  8
WALL
100
AcDbLine
 10
23887.5000
 20
6100
 30
0
 11
24112.5000
 21
6325
 31
0
  0
LINE
  5
1F9
100
AcDbEntity
  8
WALL
100
AcDbLine
 10
23887.5000
 20
6250
 30
0
 11
24112.5000
 21
6475
 31
0
  0
LINE
  5
1FA
100
AcDbEntity
  8
WALL
100
AcDbLine
 10
23887.5000
 20
6400
 30
0
 11
24112.5000
 21
6625
 31
0
  0
LINE
  5
1FB
100
AcDbEntity
  8
WALL
100
AcDbLine
 10
23887.5000
 20
6550
 30
0
 11
24112.5000
 21
6775
 31
0
  0
LINE
  5
1FC
100
AcDbEntity
  8
WALL
100
AcDbLine
 10
23887.5000
 20
6700
 30
0
 11
24112.5000
 21
6925
 31
0
  0
LINE
  5
1FD
100
AcDbEntity
  8
WALL
100
AcDbLine
 10
23887.5000
 20
6850
 30
0
 11
24112.5000
 21
7075
 31
0
  0
LINE
  5
1FE
100
AcDbEntity
  8
WALL
100
AcDbLine
 10
23887.5000
 20
7000
 30
0
 11
24112.5000
 21
7225
 31
0
  0
LINE
  5
1FF
100
AcDbEntity
  8
WALL
100
AcDbLine
 10
23887.5000
 20
7150
 30
0
 11
24112.5000
 21
7375
 31
0
  0
LINE
  5
200
100
AcDbEntity
  8
WALL
100
AcDbLine
 10
23887.5000
 20
7300
 30
0
 11
24112.5000
 21
7525
 31
0
  0
LINE
  5
201
100
AcDbEntity
  8
WALL
100
AcDbLine
 10
23887.5000
 20
7450
 30
0
 11
24112.5000
 21
7675
 31
0
  0
LINE
  5
202
100
AcDbEntity
  8
WALL
100
AcDbLine
 10
23887.5000
 20
7600
 30
0
 11
24112.5000
 21
7825
 31
0
  0
LINE
  5
203
100
AcDbEntity
  8
WALL
100
AcDbLine
 10
23887.5000
 20
7750
 30
0
 11
24112.5000
 21
7975
 31
0
  0
LINE
  5
204
100
AcDbEntity
  8
WALL
100
AcDbLine
370
50
 10
23887.5000
 20
3400
 30
0
 11
24112.5000
 21
3400
 31
0
  0
LINE
  5
205
100
AcDbEntity
  8
WALL
100
AcDbLine
370
50
 10
23887.5000
 20
4600
 30
0
 11
24112.5000
 21
4600
 31
0
  0
LINE
  5
206
100
AcDbEntity
  8
WALL
100
AcDbLine
370
50
 10
23887.5000
 20
8000
 30
0
 11
23887.5000
 21
11400
 31
0
  0
LINE
  5
207
100
AcDbEntity
  8
WALL
100
AcDbLine
370
50
 10
24112.5000
 20
11400
 30
0
 11
24112.5000
 21
8000
 31
0
  0
LINE
  5
208
100
AcDbEntity
  8
WALL
100
AcDbLine
 10
23887.5000
 20
8000
 30
0
 11
24112.5000
 21
8225
 31
0
  0
LINE
  5
209
100
AcDbEntity
  8
WALL
100
AcDbLine
 10
23887.5000
 20
8150
 30
0
 11
24112.5000
 21
8375
 31
0
  0
LINE
  5
20A
100
AcDbEntity
  8
WALL
100
AcDbLine
 10
23887.5000
 20
8300
 30
0
 11
24112.5000
 21
8525
 31
0
  0
LINE
  5
20B
100
AcDbEntity
  8
WALL
100
AcDbLine
 10
23887.5000
 20
8450
 30
0
 11
24112.5000
 21
8675
 31
0
  0
LINE
  5
20C
100
AcDbEntity
  8
WALL
100
AcDbLine
 10
23887.5000
 20
8600
 30
0
 11
24112.5000
 21
8825
 31
0
  0
LINE
  5
20D
100
AcDbEntity
  8
WALL
100
AcDbLine
 10
23887.5000
 20
8750
 30
0
 11
24112.5000
 21
8975
 31
0
  0
LINE
  5
20E
100
AcDbEntity
  8
WALL
100
AcDbLine
 10
23887.5000
 20
8900
 30
0
 11
24112.5000
 21
9125
 31
0
  0
LINE
  5
20F
100
AcDbEntity
  8
WALL
100
AcDbLine
 10
23887.5000
 20
9050
 30
0
 11
24112.5000
 21
9275
 31
0
  0
LINE
  5
210
100
AcDbEntity
  8
WALL
100
AcDbLine
 10
23887.5000
 20
9200
 30
0
 11
24112.5000
 21
9425
 31
0
  0
LINE
  5
211
100
AcDbEntity
  8
WALL
100
AcDbLine
 10
23887.5000
 20
9350
 30
0
 11
24112.5000
 21
9575
 31
0
  0
LINE
  5
212
100
AcDbEntity
  8
WALL
100
AcDbLine
 10
23887.5000
 20
9500
 30
0
 11
24112.5000
 21
9725
 31
0
  0
LINE
  5
213
100
AcDbEntity
  8
WALL
100
AcDbLine
 10
23887.5000
 20
9650
 30
0
 11
24112.5000
 21
9875
 31
0
  0
LINE
  5
214
100
AcDbEntity
  8
WALL
100
AcDbLine
 10
23887.5000
 20
9800
 30
0
 11
24112.5000
 21
10025
 31
0
  0
LINE
  5
215
100
AcDbEntity
  8
WALL
100
AcDbLine
 10
23887.5000
 20
9950
 30
0
 11
24112.5000
 21
10175
 31
0
  0
LINE
  5
216
100
AcDbEntity
  8
WALL
100
AcDbLine
 10
23887.5000
 20
10100
 30
0
 11
24112.5000
 21
10325
 31
0
  0
LINE
  5
217
100
AcDbEntity
  8
WALL
100
AcDbLine
 10
23887.5000
 20
10250
 30
0
 11
24112.5000
 21
10475
 31
0
  0
LINE
  5
218
100
AcDbEntity
  8
WALL
100
AcDbLine
 10
23887.5000
 20
10400
 30
0
 11
24112.5000
 21
10625
 31
0
  0
LINE
  5
219
100
AcDbEntity
  8
WALL
100
AcDbLine
 10
23887.5000
 20
10550
 30
0
 11
24112.5000
 21
10775
 31
0
  0
LINE
  5
21A
100
AcDbEntity
  8
WALL
100
AcDbLine
 10
23887.5000
 20
10700
 30
0
 11
24112.5000
 21
10925
 31
0
  0
LINE
  5
21B
100
AcDbEntity
  8
WALL
100
AcDbLine
 10
23887.5000
 20
10850
 30
0
 11
24112.5000
 21
11075
 31
0
  0
LINE
  5
21C
100
AcDbEntity
  8
WALL
100
AcDbLine
 10
23887.5000
 20
11000
 30
0
 11
24112.5000
 21
11225
 31
0
  0
LINE
  5
21D
100
AcDbEntity
  8
WALL
100
AcDbLine
 10
23887.5000
 20
11150
 30
0
 11
24112.5000
 21
11375
 31
0
  0
LINE
  5
21E
100
AcDbEntity
  8
WALL
100
AcDbLine
370
50
 10
23887.5000
 20
12600
 30
0
 11
23887.5000
 21
16000
 31
0
  0
LINE
  5
21F
100
AcDbEntity
  8
WALL
100
AcDbLine
370
50
 10
24112.5000
 20
16000
 30
0
 11
24112.5000
 21
12600
 31
0
  0
LINE
  5
220
100
AcDbEntity
  8
WALL
100
AcDbLine
 10
23887.5000
 20
12600
 30
0
 11
24112.5000
 21
12825
 31
0
  0
LINE
  5
221
100
AcDbEntity
  8
WALL
100
AcDbLine
 10
23887.5000
 20
12750
 30
0
 11
24112.5000
 21
12975
 31
0
  0
LINE
  5
222
100
AcDbEntity
  8
WALL
100
AcDbLine
 10
23887.5000
 20
12900
 30
0
 11
24112.5000
 21
13125
 31
0
  0
LINE
  5
223
100
AcDbEntity
  8
WALL
100
AcDbLine
 10
23887.5000
 20
13050
 30
0
 11
24112.5000
 21
13275
 31
0
  0
LINE
  5
224
100
AcDbEntity
  8
WALL
100
AcDbLine
 10
23887.5000
 20
13200
 30
0
 11
24112.5000
 21
13425
 31
0
  0
LINE
  5
225
100
AcDbEntity
  8
WALL
100
AcDbLine
 10
23887.5000
 20
13350
 30
0
 11
24112.5000
 21
13575
 31
0
  0
LINE
  5
226
100
AcDbEntity
  8
WALL
100
AcDbLine
 10
23887.5000
 20
13500
 30
0
 11
24112.5000
 21
13725
 31
0
  0
LINE
  5
227
100
AcDbEntity
  8
WALL
100
AcDbLine
 10
23887.5000
 20
13650
 30
0
 11
24112.5000
 21
13875
 31
0
  0
LINE
  5
228
100
AcDbEntity
  8
WALL
100
AcDbLine
 10
23887.5000
 20
13800
 30
0
 11
24112.5000
 21
14025
 31
0
  0
LINE
  5
229
100
AcDbEntity
  8
WALL
100
AcDbLine
 10
23887.5000
 20
13950
 30
0
 11
24112.5000
 21
14175
 31
0
  0
LINE
  5
22A
100
AcDbEntity
  8
WALL
100
AcDbLine
 10
23887.5000
 20
14100
 30
0
 11
24112.5000
 21
14325
 31
0
  0
LINE
  5
22B
100
AcDbEntity
  8
WALL
100
AcDbLine
 10
23887.5000
 20
14250
 30
0
 11
24112.5000
 21
14475
 31
0
  0
LINE
  5
22C
100
AcDbEntity
  8
WALL
100
AcDbLine
 10
23887.5000
 20
14400
 30
0
 11
24112.5000
 21
14625
 31
0
  0
LINE
  5
22D
100
AcDbEntity
  8
WALL
100
AcDbLine
 10
23887.5000
 20
14550
 30
0
 11
24112.5000
 21
14775
 31
0
  0
LINE
  5
22E
100
AcDbEntity
  8
WALL
100
AcDbLine
 10
23887.5000
 20
14700
 30
0
 11
24112.5000
 21
14925
 31
0
  0
LINE
  5
22F
100
AcDbEntity
  8
WALL
100
AcDbLine
 10
23887.5000
 20
14850
 30
0
 11
24112.5000
 21
15075
 31
0
  0
LINE
  5
230
100
AcDbEntity
  8
WALL
100
AcDbLine
 10
23887.5000
 20
15000
 30
0
 11
24112.5000
 21
15225
 31
0
  0
LINE
  5
231
100
AcDbEntity
  8
WALL
100
AcDbLine
 10
23887.5000
 20
15150
 30
0
 11
24112.5000
 21
15375
 31
0
  0
LINE
  5
232
100
AcDbEntity
  8
WALL
100
AcDbLine
 10
23887.5000
 20
15300
 30
0
 11
24112.5000
 21
15525
 31
0
  0
LINE
  5
233
100
AcDbEntity
  8
WALL
100
AcDbLine
 10
23887.5000
 20
15450
 30
0
 11
24112.5000
 21
15675
 31
0
  0
LINE
  5
234
100
AcDbEntity
  8
WALL
100
AcDbLine
 10
23887.5000
 20
15600
 30
0
 11
24112.5000
 21
15825
 31
0
  0
LINE
  5
235
100
AcDbEntity
  8
WALL
100
AcDbLine
 10
23887.5000
 20
15750
 30
0
 11
24112.5000
 21
15975
 31
0
  0
LINE
  5
236
100
AcDbEntity
  8
WALL
100
AcDbLine
370
50
 10
23887.5000
 20
11400
 30
0
 11
24112.5000
 21
11400
 31
0
  0
LINE
  5
237
100
AcDbEntity
  8
WALL
100
AcDbLine
370
50
 10
23887.5000
 20
12600
 30
0
 11
24112.5000
 21
12600
 31
0
  0
LINE
  5
238
100
AcDbEntity
  8
WALL
100
AcDbLine
370
50
 10
23887.5000
 20
16000
 30
0
 11
23887.5000
 21
19400
 31
0
  0
LINE
  5
239
100
AcDbEntity
  8
WALL
100
AcDbLine
370
50
 10
24112.5000
 20
19400
 30
0
 11
24112.5000
 21
16000
 31
0
  0
LINE
  5
23A
100
AcDbEntity
  8
WALL
100
AcDbLine
 10
23887.5000
 20
16000
 30
0
 11
24112.5000
 21
16225
 31
0
  0
LINE
  5
23B
100
AcDbEntity
  8
WALL
100
AcDbLine
 10
23887.5000
 20
16150
 30
0
 11
24112.5000
 21
16375
 31
0
  0
LINE
  5
23C
100
AcDbEntity
  8
WALL
100
AcDbLine
 10
23887.5000
 20
16300
 30
0
 11
24112.5000
 21
16525
 31
0
  0
LINE
  5
23D
100
AcDbEntity
  8
WALL
100
AcDbLine
 10
23887.5000
 20
16450
 30
0
 11
24112.5000
 21
16675
 31
0
  0
LINE
  5
23E
100
AcDbEntity
  8
WALL
100
AcDbLine
 10
23887.5000
 20
16600
 30
0
 11
24112.5000
 21
16825
 31
0
  0
LINE
  5
23F
100
AcDbEntity
  8
WALL
100
AcDbLine
 10
23887.5000
 20
16750
 30
0
 11
24112.5000
 21
16975
 31
0
  0
LINE
  5
240
100
AcDbEntity
  8
WALL
100
AcDbLine
 10
23887.5000
 20
16900
 30
0
 11
24112.5000
 21
17125
 31
0
  0
LINE
  5
241
100
AcDbEntity
  8
WALL
100
AcDbLine
 10
23887.5000
 20
17050
 30
0
 11
24112.5000
 21
17275
 31
0
  0
LINE
  5
242
100
AcDbEntity
  8
WALL
100
AcDbLine
 10
23887.5000
 20
17200
 30
0
 11
24112.5000
 21
17425
 31
0
  0
LINE
  5
243
100
AcDbEntity
  8
WALL
100
AcDbLine
 10
23887.5000
 20
17350
 30
0
 11
24112.5000
 21
17575
 31
0
  0
LINE
  5
244
100
AcDbEntity
  8
WALL
100
AcDbLine
 10
23887.5000
 20
17500
 30
0
 11
24112.5000
 21
17725
 31
0
  0
LINE
  5
245
100
AcDbEntity
  8
WALL
100
AcDbLine
 10
23887.5000
 20
17650
 30
0
 11
24112.5000
 21
17875
 31
0
  0
LINE
  5
246
100
AcDbEntity
  8
WALL
100
AcDbLine
 10
23887.5000
 20
17800
 30
0
 11
24112.5000
 21
18025
 31
0
  0
LINE
  5
247
100
AcDbEntity
  8
WALL
100
AcDbLine
 10
23887.5000
 20
17950
 30
0
 11
24112.5000
 21
18175
 31
0
  0
LINE
  5
248
100
AcDbEntity
  8
WALL
100
AcDbLine
 10
23887.5000
 20
18100
 30
0
 11
24112.5000
 21
18325
 31
0
  0
LINE
  5
249
100
AcDbEntity
  8
WALL
100
AcDbLine
 10
23887.5000
 20
18250
 30
0
 11
24112.5000
 21
18475
 31
0
  0
LINE
  5
24A
100
AcDbEntity
  8
WALL
100
AcDbLine
 10
23887.5000
 20
18400
 30
0
 11
24112.5000
 21
18625
 31
0
  0
LINE
  5
24B
100
AcDbEntity
  8
WALL
100
AcDbLine
 10
23887.5000
 20
18550
 30
0
 11
24112.5000
 21
18775
 31
0
  0
LINE
  5
24C
100
AcDbEntity
  8
WALL
100
AcDbLine
 10
23887.5000
 20
18700
 30
0
 11
24112.5000
 21
18925
 31
0
  0
LINE
  5
24D
100
AcDbEntity
  8
WALL
100
AcDbLine
 10
23887.5000
 20
18850
 30
0
 11
24112.5000
 21
19075
 31
0
  0
LINE
  5
24E
100
AcDbEntity
  8
WALL
100
AcDbLine
 10
23887.5000
 20
19000
 30
0
 11
24112.5000
 21
19225
 31
0
  0
LINE
  5
24F
100
AcDbEntity
  8
WALL
100
AcDbLine
 10
23887.5000
 20
19150
 30
0
 11
24112.5000
 21
19375
 31
0
  0
LINE
  5
250
100
AcDbEntity
  8
WALL
100
AcDbLine
370
50
 10
23887.5000
 20
20600
 30
0
 11
23887.5000
 21
24000
 31
0
  0
LINE
  5
251
100
AcDbEntity
  8
WALL
100
AcDbLine
370
50
 10
24112.5000
 20
24000
 30
0
 11
24112.5000
 21
20600
 31
0
  0
LINE
  5
252
100
AcDbEntity
  8
WALL
100
AcDbLine
 10
23887.5000
 20
20600
 30
0
 11
24112.5000
 21
20825
 31
0
  0
LINE
  5
253
100
AcDbEntity
  8
WALL
100
AcDbLine
 10
23887.5000
 20
20750
 30
0
 11
24112.5000
 21
20975
 31
0
  0
LINE
  5
254
100
AcDbEntity
  8
WALL
100
AcDbLine
 10
23887.5000
 20
20900
 30
0
 11
24112.5000
 21
21125
 31
0
  0
LINE
  5
255
100
AcDbEntity
  8
WALL
100
AcDbLine
 10
23887.5000
 20
21050
 30
0
 11
24112.5000
 21
21275
 31
0
  0
LINE
  5
256
100
AcDbEntity
  8
WALL
100
AcDbLine
 10
23887.5000
 20
21200
 30
0
 11
24112.5000
 21
21425
 31
0
  0
LINE
  5
257
100
AcDbEntity
  8
WALL
100
AcDbLine
 10
23887.5000
 20
21350
 30
0
 11
24112.5000
 21
21575
 31
0
  0
LINE
  5
258
100
AcDbEntity
  8
WALL
100
AcDbLine
 10
23887.5000
 20
21500
 30
0
 11
24112.5000
 21
21725
 31
0
  0
LINE
  5
259
100
AcDbEntity
  8
WALL
100
AcDbLine
 10
23887.5000
 20
21650
 30
0
 11
24112.5000
 21
21875
 31
0
  0
LINE
  5
25A
100
AcDbEntity
  8
WALL
100
AcDbLine
 10
23887.5000
 20
21800
 30
0
 11
24112.5000
 21
22025
 31
0
  0
LINE
  5
25B
100
AcDbEntity
  8
WALL
100
AcDbLine
 10
23887.5000
 20
21950
 30
0
 11
24112.5000
 21
22175
 31
0
  0
LINE
  5
25C
100
AcDbEntity
  8
WALL
100
AcDbLine
 10
23887.5000
 20
22100
 30
0
 11
24112.5000
 21
22325
 31
0
  0
LINE
  5
25D
100
AcDbEntity
  8
WALL
100
AcDbLine
 10
23887.5000
 20
22250
 30
0
 11
24112.5000
 21
22475
 31
0
  0
LINE
  5
25E
100
AcDbEntity
  8
WALL
100
AcDbLine
 10
23887.5000
 20
22400
 30
0
 11
24112.5000
 21
22625
 31
0
  0
LINE
  5
25F
100
AcDbEntity
  8
WALL
100
AcDbLine
 10
23887.5000
 20
22550
 30
0
 11
24112.5000
 21
22775
 31
0
  0
LINE
  5
260
100
AcDbEntity
  8
WALL
100
AcDbLine
 10
23887.5000
 20
22700
 30
0
 11
24112.5000
 21
22925
 31
0
  0
LINE
  5
261
100
AcDbEntity
  8
WALL
100
AcDbLine
 10
23887.5000
 20
22850
 30
0
 11
24112.5000
 21
23075
 31
0
  0
LINE
  5
262
100
AcDbEntity
  8
WALL
100
AcDbLine
 10
23887.5000
 20
23000
 30
0
 11
24112.5000
 21
23225
 31
0
  0
LINE
  5
263
100
AcDbEntity
  8
WALL
100
AcDbLine
 10
23887.5000
 20
23150
 30
0
 11
24112.5000
 21
23375
 31
0
  0
LINE
  5
264
100
AcDbEntity
  8
WALL
100
AcDbLine
 10
23887.5000
 20
23300
 30
0
 11
24112.5000
 21
23525
 31
0
  0
LINE
  5
265
100
AcDbEntity
  8
WALL
100
AcDbLine
 10
23887.5000
 20
23450
 30
0
 11
24112.5000
 21
23675
 31
0
  0
LINE
  5
266
100
AcDbEntity
  8
WALL
100
AcDbLine
 10
23887.5000
 20
23600
 30
0
 11
24112.5000
 21
23825
 31
0
  0
LINE
  5
267
100
AcDbEntity
  8
WALL
100
AcDbLine
 10
23887.5000
 20
23750
 30
0
 11
24112.5000
 21
23975
 31
0
  0
LINE
  5
268
100
AcDbEntity
  8
WALL
100
AcDbLine
370
50
 10
23887.5000
 20
19400
 30
0
 11
24112.5000
 21
19400
 31
0
  0
LINE
  5
269
100
AcDbEntity
  8
WALL
100
AcDbLine
370
50
 10
23887.5000
 20
20600
 30
0
 11
24112.5000
 21
20600
 31
0
  0
LINE
  5
26A
100
AcDbEntity
  8
WALL
100
AcDbLine
370
50
 10
0
 20
-112.5000
 30
0
 11
1400
 21
-112.5000
 31
0
  0
LINE
  5
26B
100
AcDbEntity
  8
WALL
100
AcDbLine
370
50
 10
1400
 20
112.5000
 30
0
 11
0
 21
112.5000
 31
0
  0
LINE
  5
26C
100
AcDbEntity
  8
WALL
100
AcDbLine
 10
0
 20
-112.5000
 30
0
 11
225
 21
112.5000
 31
0
  0
LINE
  5
26D
100
AcDbEntity
  8
WALL
100
AcDbLine
 10
150
 20
-112.5000
 30
0
 11
375
 21
112.5000
 31
0
  0
LINE
  5
26E
100
AcDbEntity
  8
WALL
100
AcDbLine
 10
300
 20
-112.5000
 30
0
 11
525
 21
112.5000
 31
0
  0
LINE
  5
26F
100
AcDbEntity
  8
WALL
100
AcDbLine
 10
450
 20
-112.5000
 30
0
 11
675
 21
112.5000
 31
0
  0
LINE
  5
270
100
AcDbEntity
  8
WALL
100
AcDbLine
 10
600
 20
-112.5000
 30
0
 11
825
 21
112.5000
 31
0
  0
LINE
  5
271
100
AcDbEntity
  8
WALL
100
AcDbLine
 10
750
 20
-112.5000
 30
0
 11
975
 21
112.5000
 31
0
  0
LINE
  5
272
100
AcDbEntity
  8
WALL
100
AcDbLine
 10
900
 20
-112.5000
 30
0
 11
1125
 21
112.5000
 31
0
  0
LINE
  5
273
100
AcDbEntity
  8
WALL
100
AcDbLine
 10
1050
 20
-112.5000
 30
0
 11
1275
 21
112.5000
 31
0
  0
LINE
  5
274
100
AcDbEntity
  8
WALL
100
AcDbLine
370
50
 10
2600
 20
-112.5000
 30
0
 11
4000
 21
-112.5000
 31
0
  0
LINE
  5
275
100
AcDbEntity
  8
WALL
100
AcDbLine
370
50
 10
4000
 20
112.5000
 30
0
 11
2600
 21
112.5000
 31
0
  0
LINE
  5
276
100
AcDbEntity
  8
WALL
100
AcDbLine
 10
2600
 20
-112.5000
 30
0
 11
2825
 21
112.5000
 31
0
  0
LINE
  5
277
100
AcDbEntity
  8
WALL
100
AcDbLine
 10
2750
 20
-112.5000
 30
0
 11
2975
 21
112.5000
 31
0
  0
LINE
  5
278
100
AcDbEntity
  8
WALL
100
AcDbLine
 10
2900
 20
-112.5000
 30
0
 11
3125
 21
112.5000
 31
0
  0
LINE
  5
279
100
AcDbEntity
  8
WALL
100
AcDbLine
 10
3050
 20
-112.5000
 30
0
 11
3275
 21
112.5000
 31
0
  0
LINE
  5
27A
100
AcDbEntity
  8
WALL
100
AcDbLine
 10
3200
 20
-112.5000
 30
0
 11
3425
 21
112.5000
 31
0
  0
LINE
  5
27B
100
AcDbEntity
  8
WALL
100
AcDbLine
 10
3350
 20
-112.5000
 30
0
 11
3575
 21
112.5000
 31
0
  0
LINE
  5
27C
100
AcDbEntity
  8
WALL
100
AcDbLine
 10
3500
 20
-112.5000
 30
0
 11
3725
 21
112.5000
 31
0
  0
LINE
  5
27D
100
AcDbEntity
  8
WALL
100
AcDbLine
 10
3650
 20
-112.5000
 30
0
 11
3875
 21
112.5000
 31
0
  0
LINE
  5
27E
100
AcDbEntity
  8
WALL
100
AcDbLine
370
50
 10
1400
 20
-112.5000
 30
0
 11
1400
 21
112.5000
 31
0
  0
LINE
  5
27F
100
AcDbEntity
  8
WALL
100
AcDbLine
370
50
 10
2600
 20
-112.5000
 30
0
 11
2600
 21
112.5000
 31
0
  0
LINE
  5
280
100
AcDbEntity
  8
WALL
100
AcDbLine
370
50
 10
4000
 20
-112.5000
 30
0
 11
5400
 21
-112.5000
 31
0
  0
LINE
  5
281
100
AcDbEntity
  8
WALL
100
AcDbLine
370
50
 10
5400
 20
112.5000
 30
0
 11
4000
 21
112.5000
 31
0
  0
LINE
  5
282
100
AcDbEntity
  8
WALL
100
AcDbLine
 10
4000
 20
-112.5000
 30
0
 11
4225
 21
112.5000
 31
0
  0
LINE
  5
283
100
AcDbEntity
  8
WALL
100
AcDbLine
 10
4150
 20
-112.5000
 30
0
 11
4375
 21
112.5000
 31
0
  0
LINE
  5
284
100
AcDbEntity
  8
WALL
100
AcDbLine
 10
4300
 20
-112.5000
 30
0
 11
4525
 21
112.5000
 31
0
  0
LINE
  5
285
100
AcDbEntity
  8
WALL
100
AcDbLine
 10
4450
 20
-112.5000
 30
0
 11
4675
 21
112.5000
 31
0
  0
LINE
  5
286
100
AcDbEntity
  8
WALL
100
AcDbLine
 10
4600
 20
-112.5000
 30
0
 11
4825
 21
112.5000
 31
0
  0
LINE
  5
287
100
AcDbEntity
  8
WALL
100
AcDbLine
 10
4750
 20
-112.5000
 30
0
 11
4975
 21
112.5000
 31
0
  0
LINE
  5
288
100
AcDbEntity
  8
WALL
100
AcDbLine
 10
4900
 20
-112.5000
 30
0
 11
5125
 21
112.5000
 31
0
  0
LINE
  5
289
100
AcDbEntity
  8
WALL
100
AcDbLine
 10
5050
 20
-112.5000
 30
0
 11
5275
 21
112.5000
 31
0
  0
LINE
  5
28A
100
AcDbEntity
  8
WALL
100
AcDbLine
370
50
 10
6600
 20
-112.5000
 30
0
 11
8000
 21
-112.5000
 31
0
  0
LINE
  5
28B
100
AcDbEntity
  8
WALL
100
AcDbLine
370
50
 10
8000
 20
112.5000
 30
0
 11
6600
 21
112.5000
 31
0
  0
LINE
  5
28C
100
AcDbEntity
  8
WALL
100
AcDbLine
 10
6600
 20
-112.5000
 30
0
 11
6825
 21
112.5000
 31
0
  0
LINE
  5
28D
100
AcDbEntity
  8
WALL
100
AcDbLine
 10
6750
 20
-112.5000
 30
0
 11
6975
 21
112.5000
 31
0
  0
LINE
  5
28E
100
AcDbEntity
  8
WALL
100
AcDbLine
 10
6900
 20
-112.5000
 30
0
 11
7125
 21
112.5000
 31
0
  0
LINE
  5
28F
100
AcDbEntity
  8
WALL
100
AcDbLine
 10
7050
 20
-112.5000
 30
0
 11
7275
 21
112.5000
 31
0
  0
LINE
  5
290
100
AcDbEntity
  8
WALL
100
AcDbLine
 10
7200
 20
-112.5000
 30
0
 11
7425
 21
112.5000
 31
0
  0
LINE
  5
291
100
AcDbEntity
  8
WALL
100
AcDbLine
 10
7350
 20
-112.5000
 30
0
 11
7575
 21
112.5000
 31
0
  0
LINE
  5
292
100
AcDbEntity
  8
WALL
100
AcDbLine
 10
7500
 20
-112.5000
 30
0
 11
7725
 21
112.5000
 31
0
  0
LINE
  5
293
100
AcDbEntity
  8
WALL
100
AcDbLine
 10
7650
 20
-112.5000
 30
0
 11
7875
 21
112.5000
 31
0
  0
LINE
  5
294
100
AcDbEntity
  8
WALL
100
AcDbLine
370
50
 10
5400
 20
-112.5000
 30
0
 11
5400
 21
112.5000
 31
0
  0
LINE
  5
295
100
AcDbEntity
  8
WALL
100
AcDbLine
370
50
 10
6600
 20
-112.5000
 30
0
 11
6600
 21
112.5000
 31
0
  0
LINE
  5
296
100
AcDbEntity
  8
WALL
100
AcDbLine
370
50
 10
8000
 20
-112.5000
 30
0
 11
9400
 21
-112.5000
 31
0
  0
LINE
  5
297
100
AcDbEntity
  8
WALL
100
AcDbLine
370
50
 10
9400
 20
112.5000
 30
0
 11
8000
 21
112.5000
 31
0
  0
LINE
  5
298
100
AcDbEntity
  8
WALL
100
AcDbLine
 10
8000
 20
-112.5000
 30
0
 11
8225
 21
112.5000
 31
0
  0
LINE
  5
299
100
AcDbEntity
  8
WALL
100
AcDbLine
 10
8150
 20
-112.5000
 30
0
 11
8375
 21
112.5000
 31
0
  0
LINE
  5
29A
100
AcDbEntity
  8
WALL
100
AcDbLine
 10
8300
 20
-112.5000
 30
0
 11
8525
 21
112.5000
 31
0
  0
LINE
  5
29B
100
AcDbEntity
  8
WALL
100
AcDbLine
 10
8450
 20
-112.5000
 30
0
 11
8675
 21
112.5000
 31
0
  0
LINE
  5
29C
100
AcDbEntity
  8
WALL
100
AcDbLine
 10
8600
 20
-112.5000
 30
0
 11
8825
 21
112.5000
 31
0
  0
LINE
  5
29D
100
AcDbEntity
  8
WALL
100
AcDbLine
 10
8750
 20
-112.5000
 30
0
 11
8975
 21
112.5000
 31
0
  0
LINE
  5
29E
100
AcDbEntity
  8
WALL
100
AcDbLine
 10
8900
 20
-112.5000
 30
0
 11
9125
 21
112.5000
 31
0
  0
LINE
  5
29F
100
AcDbEntity
  8
WALL
100
AcDbLine
 10
9050
 20
-112.5000
 30
0
 11
9275
 21
112.5000
 31
0
  0
LINE
  5
2A0
100
AcDbEntity
  8
WALL
100
AcDbLine
370
50
 10
10600
 20
-112.5000
 30
0
 11
12000
 21
-112.5000
 31
0
  0
LINE
  5
2A1
100
AcDbEntity
  8
WALL
100
AcDbLine
370
50
 10
12000
 20
112.5000
 30
0
 11
10600
 21
112.5000
 31
0
  0
LINE
  5
2A2
100
AcDbEntity
  8
WALL
100
AcDbLine
 10
10600
 20
-112.5000
 30
0
 11
10825
 21
112.5000
 31
0
  0
LINE
  5
2A3
100
AcDbEntity
  8
WALL
100
AcDbLine
 10
10750
 20
-112.5000
 30
0
 11
10975
 21
112.5000
 31
0
  0
LINE
  5
2A4
100
AcDbEntity
  8
WALL
100
AcDbLine
 10
10900
 20
-112.5000
 30
0
 11
11125
 21
112.5000
 31
0
  0
LINE
  5
2A5
100
AcDbEntity
  8
WALL
100
AcDbLine
 10
11050
 20
-112.5000
 30
0
 11
11275
 21
112.5000
 31
0
  0
LINE
  5
2A6
100
AcDbEntity
  8
WALL
100
AcDbLine
 10
11200
 20
-112.5000
 30
0
 11
11425
 21
112.5000
 31
0
  0
LINE
  5
2A7
100
AcDbEntity
  8
WALL
100
AcDbLine
 10
11350
 20
-112.5000
 30
0
 11
11575
 21
112.5000
 31
0
  0
LINE
  5
2A8
100
AcDbEntity
  8
WALL
100
AcDbLine
 10
11500
 20
-112.5000
 30
0
 11
11725
 21
112.5000
 31
0
  0
LINE
  5
2A9
100
AcDbEntity
  8
WALL
100
AcDbLine
 10
11650
 20
-112.5000
 30
0
 11
11875
 21
112.5000
 31
0
  0
LINE
  5
2AA
100
AcDbEntity
  8
WALL
100
AcDbLine
370
50
 10
9400
 20
-112.5000
 30
0
 11
9400
 21
112.5000
 31
0
  0
LINE
  5
2AB
100
AcDbEntity
  8
WALL
100
AcDbLine
370
50
 10
10600
 20
-112.5000
 30
0
 11
10600
 21
112.5000
 31
0
  0
LINE
  5
2AC
100
AcDbEntity
  8
WALL
100
AcDbLine
370
50
 10
12000
 20
-112.5000
 30
0
 11
13400
 21
-112.5000
 31
0
  0
LINE
  5
2AD
100
AcDbEntity
  8
WALL
100
AcDbLine
370
50
 10
13400
 20
112.5000
 30
0
 11
12000
 21
112.5000
 31
0
  0
LINE
  5
2AE
100
AcDbEntity
  8
WALL
100
AcDbLine
 10
12000
 20
-112.5000
 30
0
 11
12225
 21
112.5000
 31
0
  0
LINE
  5
2AF
100
AcDbEntity
  8
WALL
100
AcDbLine
 10
12150
 20
-112.5000
 30
0
 11
12375
 21
112.5000
 31
0
  0
LINE
  5
2B0
100
AcDbEntity
  8
WALL
100
AcDbLine
 10
12300
 20
-112.5000
 30
0
 11
12525
 21
112.5000
 31
0
  0
LINE
  5
2B1
100
AcDbEntity
  8
WALL
100
AcDbLine
 10
12450
 20
-112.5000
 30
0
 11
12675
 21
112.5000
 31
0
  0
LINE
  5
2B2
100
AcDbEntity
  8
WALL
100
AcDbLine
 10
12600
 20
-112.5000
 30
0
 11
12825
 21
112.5000
 31
0
  0
LINE
  5
2B3
100
AcDbEntity
  8
WALL
100
AcDbLine
 10
12750
 20
-112.5000
 30
0
 11
12975
 21
112.5000
 31
0
  0
LINE
  5
2B4
100
AcDbEntity
  8
WALL
100
AcDbLine
 10
12900
 20
-112.5000
 30
0
 11
13125
 21
112.5000
 31
0
  0
LINE
  5
2B5
100
AcDbEntity
  8
WALL
100
AcDbLine
 10
13050
 20
-112.5000
 30
0
 11
13275
 21
112.5000
 31
0
  0
LINE
  5
2B6
100
AcDbEntity
  8
WALL
100
AcDbLine
370
50
 10
14600
 20
-112.5000
 30
0
 11
16000
 21
-112.5000
 31
0
  0
LINE
  5
2B7
100
AcDbEntity
  8
WALL
100
AcDbLine
370
50
 10
16000
 20
112.5000
 30
0
 11
14600
 21
112.5000
 31
0
  0
LINE
  5
2B8
100
AcDbEntity
  8
WALL
100
AcDbLine
 10
14600
 20
-112.5000
 30
0
 11
14825
 21
112.5000
 31
0
  0
LINE
  5
2B9
100
AcDbEntity
  8
WALL
100
AcDbLine
 10
14750
 20
-112.5000
 30
0
 11
14975
 21
112.5000
 31
0
  0
LINE
  5
2BA
100
AcDbEntity
  8
WALL
100
AcDbLine
 10
14900
 20
-112.5000
 30
0
 11
15125
 21
112.5000
 31
0
  0
LINE
  5
2BB
100
AcDbEntity
  8
WALL
100
AcDbLine
 10
15050
 20
-112.5000
 30
0
 11
15275
 21
112.5000
 31
0
  0
LINE
  5
2BC
100
AcDbEntity
  8
WALL
100
AcDbLine
 10
15200
 20
-112.5000
 30
0
 11
15425
 21
112.5000
 31
0
  0
LINE
  5
2BD
100
AcDbEntity
  8
WALL
100
AcDbLine
 10
15350
 20
-112.5000
 30
0
 11
15575
 21
112.5000
 31
0
  0
LINE
  5
2BE
100
AcDbEntity
  8
WALL
100
AcDbLine
 10
15500
 20
-112.5000
 30
0
 11
15725
 21
112.5000
 31
0
  0
LINE
  5
2BF
100
AcDbEntity
  8
WALL
100
AcDbLine
 10
15650
 20
-112.5000
 30
0
 11
15875
 21
112.5000
 31
0
  0
LINE
  5
2C0
100
AcDbEntity
  8
WALL
100
AcDbLine
370
50
 10
13400
 20
-112.5000
 30
0
 11
13400
 21
112.5000
 31
0
  0
LINE
  5
2C1
100
AcDbEntity
  8
WALL
100
AcDbLine
370
50
 10
14600
 20
-112.5000
 30
0
 11
14600
 21
112.5000
 31
0
  0
LINE
  5
2C2
100
AcDbEntity
  8
WALL
100
AcDbLine
370
50
 10
16000
 20
-112.5000
 30
0
 11
17400
 21
-112.5000
 31
0
  0
LINE
  5
2C3
100
AcDbEntity
  8
WALL
100
AcDbLine
370
50
 10
17400
 20
112.5000
 30
0
 11
16000
 21
112.5000
 31
0
  0
LINE
  5
2C4
100
AcDbEntity
  8
WALL
100
AcDbLine
 10
16000
 20
-112.5000
 30
0
 11
16225
 21
112.5000
 31
0
  0
LINE
  5
2C5
100
AcDbEntity
  8
WALL
100
AcDbLine
 10
16150
 20
-112.5000
 30
0
 11
16375
 21
112.5000
 31
0
  0
LINE
  5
2C6
100
AcDbEntity
  8
WALL
100
AcDbLine
 10
16300
 20
-112.5000
 30
0
 11
16525
 21
112.5000
 31
0
  0
LINE
  5
2C7
100
AcDbEntity
  8
WALL
100
AcDbLine
 10
16450
 20
-112.5000
 30
0
 11
16675
 21
112.5000
 31
0
  0
LINE
  5
2C8
100
AcDbEntity
  8
WALL
100
AcDbLine
 10
16600
 20
-112.5000
 30
0
 11
16825
 21
112.5000
 31
0
  0
LINE
  5
2C9
100
AcDbEntity
  8
WALL
100
AcDbLine
 10
16750
 20
-112.5000
 30
0
 11
16975
 21
112.5000
 31
0
  0
LINE
  5
2CA
100
AcDbEntity
  8
WALL
100
AcDbLine
 10
16900
 20
-112.5000
 30
0
 11
17125
 21
112.5000
 31
0
  0
LINE
  5
2CB
100
AcDbEntity
  8
WALL
100
AcDbLine
 10
17050
 20
-112.5000
 30
0
 11
17275
 21
112.5000
 31
0
  0
LINE
  5
2CC
100
AcDbEntity
  8
WALL
100
AcDbLine
370
50
 10
18600
 20
-112.5000
 30
0
 11
20000
 21
-112.5000
 31
0
  0
LINE
  5
2CD
100
AcDbEntity
  8
WALL
100
AcDbLine
370
50
 10
20000
 20
112.5000
 30
0
 11
18600
 21
112.5000
 31
0
  0
LINE
  5
2CE
100
AcDbEntity
  8
WALL
100
AcDbLine
 10
18600
 20
-112.5000
 30
0
 11
18825
 21
112.5000
 31
0
  0
LINE
  5
2CF
100
AcDbEntity
  8
WALL
100
AcDbLine
 10
18750
 20
-112.5000
 30
0
 11
18975
 21
112.5000
 31
0
  0
LINE
  5
2D0
100
AcDbEntity
  8
WALL
100
AcDbLine
 10
18900
 20
-112.5000
 30
0
 11
19125
 21
112.5000
 31
0
  0
LINE
  5
2D1
100
AcDbEntity
  8
WALL
100
AcDbLine
 10
19050
 20
-112.5000
 30
0
 11
19275
 21
112.5000
 31
0
  0
LINE
  5
2D2
100
AcDbEntity
  8
WALL
100
AcDbLine
 10
19200
 20
-112.5000
 30
0
 11
19425
 21
112.5000
 31
0
  0
LINE
  5
2D3
100
AcDbEntity
  8
WALL
100
AcDbLine
 10
19350
 20
-112.5000
 30
0
 11
19575
 21
112.5000
 31
0
  0
LINE
  5
2D4
100
AcDbEntity
  8
WALL
100
AcDbLine
 10
19500
 20
-112.5000
 30
0
 11
19725
 21
112.5000
 31
0
  0
LINE
  5
2D5
100
AcDbEntity
  8
WALL
100
AcDbLine
 10
19650
 20
-112.5000
 30
0
 11
19875
 21
112.5000
 31
0
  0
LINE
  5
2D6
100
AcDbEntity
  8
WALL
100
AcDbLine
370
50
 10
17400
 20
-112.5000
 30
0
 11
17400
 21
112.5000
 31
0
  0
LINE
  5
2D7
100
AcDbEntity
  8
WALL
100
AcDbLine
370
50
 10
18600
 20
-112.5000
 30
0
 11
18600
 21
112.5000
 31
0
  0
LINE
  5
2D8
100
AcDbEntity
  8
WALL
100
AcDbLine
370
50
 10
20000
 20
-112.5000
 30
0
 11
21400
 21
-112.5000
 31
0
  0
LINE
  5
2D9
100
AcDbEntity
  8
WALL
100
AcDbLine
370
50
 10
21400
 20
112.5000
 30
0
 11
20000
 21
112.5000
 31
0
  0
LINE
  5
2DA
100
AcDbEntity
  8
WALL
100
AcDbLine
 10
20000
 20
-112.5000
 30
0
 11
20225
 21
112.5000
 31
0
  0
LINE
  5
2DB
100
AcDbEntity
  8
WALL
100
AcDbLine
 10
20150
 20
-112.5000
 30
0
 11
20375
 21
112.5000
 31
0
  0
LINE
  5
2DC
100
AcDbEntity
  8
WALL
100
AcDbLine
 10
20300
 20
-112.5000
 30
0
 11
20525
 21
112.5000
 31
0
  0
LINE
  5
2DD
100
AcDbEntity
  8
WALL
100
AcDbLine
 10
20450
 20
-112.5000
 30
0
 11
20675
 21
112.5000
 31
0
  0
LINE
  5
2DE
100
AcDbEntity
  8
WALL
100
AcDbLine
 10
20600
 20
-112.5000
 30
0
 11
20825
 21
112.5000
 31
0
  0
LINE
  5
2DF
100
AcDbEntity
  8
WALL
100
AcDbLine
 10
20750
 20
-112.5000
 30
0
 11
20975
 21
112.5000
 31
0
  0
LINE
  5
2E0
100
AcDbEntity
  8
WALL
100
AcDbLine
 10
20900
 20
-112.5000
 30
0
 11
21125
 21
112.5000
 31
0
  0
LINE
  5
2E1
100
AcDbEntity
  8
WALL
100
AcDbLine
 10
21050
 20
-112.5000
 30
0
 11
21275
 21
112.5000
 31
0
  0
LINE
  5
2E2
100
AcDbEntity
  8
WALL
100
AcDbLine
370
50
 10
22600
 20
-112.5000
 30
0
 11
24000
 21
-112.5000
 31
0
  0
LINE
  5
2E3
100
AcDbEntity
  8
WALL
100
AcDbLine
370
50
 10
24000
 20
112.5000
 30
0
 11
22600
 21
112.5000
 31
0
  0
LINE
  5
2E4
100
AcDbEntity
  8
WALL
100
AcDbLine
 10
22600
 20
-112.5000
 30
0
 11
22825
 21
112.5000
 31
0
  0
LINE
  5
2E5
100
AcDbEntity
  8
WALL
100
AcDbLine
 10
22750
 20
-112.5000
 30
0
 11
22975
 21
112.5000
 31
0
  0
LINE
  5
2E6
100
AcDbEntity
  8
WALL
100
AcDbLine
 10
22900
 20
-112.5000
 30
0
 11
23125
 21
112.5000
 31
0
  0
LINE
  5
2E7
100
AcDbEntity
  8
WALL
100
AcDbLine
 10
23050
 20
-112.5000
 30
0
 11
23275
 21
112.5000
 31
0
  0
LINE
  5
2E8
100
AcDbEntity
  8
WALL
100
AcDbLine
 10
23200
 20
-112.5000
 30
0
 11
23425
 21
112.5000
 31
0
  0
LINE
  5
2E9
100
AcDbEntity
  8
WALL
100
AcDbLine
 10
23350
 20
-112.5000
 30
0
 11
23575
 21
112.5000
 31
0
  0
LINE
  5
2EA
100
AcDbEntity
  8
WALL
100
AcDbLine
 10
23500
 20
-112.5000
 30
0
 11
23725
 21
112.5000
 31
0
  0
LINE
  5
2EB
100
AcDbEntity
  8
WALL
100
AcDbLine
 10
23650
 20
-112.5000
 30
0
 11
23875
 21
112.5000
 31
0
  0
LINE
  5
2EC
100
AcDbEntity
  8
WALL
100
AcDbLine
370
50
 10
21400
 20
-112.5000
 30
0
 11
21400
 21
112.5000
 31
0
  0
LINE
  5
2ED
100
AcDbEntity
  8
WALL
100
AcDbLine
370
50
 10
22600
 20
-112.5000
 30
0
 11
22600
 21
112.5000
 31
0
  0
LINE
  5
2EE
100
AcDbEntity
  8
WALL
100
AcDbLine
370
50
 10
0
 20
23887.5000
 30
0
 11
1400
 21
23887.5000
 31
0
  0
LINE
  5
2EF
100
AcDbEntity
  8
WALL
100
AcDbLine
370
50
 10
1400
 20
24112.5000
 30
0
 11
0
 21
24112.5000
 31
0
  0
LINE
  5
2F0
100
AcDbEntity
  8
WALL
100
AcDbLine
 10
0
 20
23887.5000
 30
0
 11
225
 21
24112.5000
 31
0
  0
LINE
  5
2F1
100
AcDbEntity
  8
WALL
100
AcDbLine
 10
150
 20
23887.5000
 30
0
 11
375
 21
24112.5000
 31
0
  0
LINE
  5
2F2
100
AcDbEntity
  8
WALL
100
AcDbLine
 10
300
 20
23887.5000
 30
0
 11
525
 21
24112.5000
 31
0
  0
LINE
  5
2F3
100
AcDbEntity
  8
WALL
100
AcDbLine
 10
450
 20
23887.5000
 30
0
 11
675
 21
24112.5000
 31
0
  0
LINE
  5
2F4
100
AcDbEntity
  8
WALL
100
AcDbLine
 10
600
 20
23887.5000
 30
0
 11
825
 21
24112.5000
 31
0
  0
LINE
  5
2F5
100
AcDbEntity
  8
WALL
100
AcDbLine
 10
750
 20
23887.5000
 30
0
 11
975
 21
24112.5000
 31
0
  0
LINE
  5
2F6
100
AcDbEntity
  8
WALL
100
AcDbLine
 10
900
 20
23887.5000
 30
0
 11
1125
 21
24112.5000
 31
0
  0
LINE
  5
2F7
100
AcDbEntity
  8
WALL
100
AcDbLine
 10
1050
 20
23887.5000
 30
0
 11
1275
 21
24112.5000
 31
0
  0
LINE
  5
2F8
100
AcDbEntity
  8
WALL
100
AcDbLine
370
50
 10
2600
 20
23887.5000
 30
0
 11
4000
 21
23887.5000
 31
0
  0
LINE
  5
2F9
100
AcDbEntity
  8
WALL
100
AcDbLine
370
50
 10
4000
 20
24112.5000
 30
0
 11
2600
 21
24112.5000
 31
0
  0
LINE
  5
2FA
100
AcDbEntity
  8
WALL
100
AcDbLine
 10
2600
 20
23887.5000
 30
0
 11
2825
 21
24112.5000
 31
0
  0
LINE
  5
2FB
100
AcDbEntity
  8
WALL
100
AcDbLine
 10
2750
 20
23887.5000
 30
0
 11
2975
 21
24112.5000
 31
0
  0
LINE
  5
2FC
100
AcDbEntity
  8
WALL
100
AcDbLine
 10
2900
 20
23887.5000
 30
0
 11
3125
 21
24112.5000
 31
0
  0
LINE
  5
2FD
100
AcDbEntity
  8
WALL
100
AcDbLine
 10
3050
 20
23887.5000
 30
0
 11
3275
 21
24112.5000
 31
0
  0
LINE
  5
2FE
100
AcDbEntity
  8
WALL
100
AcDbLine
 10
3200
 20
23887.5000
 30
0
 11
3425
 21
24112.5000
 31
0
  0
LINE
  5
2FF
100
AcDbEntity
  8
WALL
100
AcDbLine
 10
3350
 20
23887.5000
 30
0
 11
3575
 21
24112.5000
 31
0
  0
LINE
  5
300
100
AcDbEntity
  8
WALL
100
AcDbLine
 10
3500
 20
23887.5000
 30
0
 11
3725
 21
24112.5000
 31
0
  0
LINE
  5
301
100
AcDbEntity
  8
WALL
100
AcDbLine
 10
3650
 20
23887.5000
 30
0
 11
3875
 21
24112.5000
 31
0
  0
LINE
  5
302
100
AcDbEntity
  8
WALL
100
AcDbLine
370
50
 10
1400
 20
23887.5000
 30
0
 11
1400
 21
24112.5000
 31
0
  0
LINE
  5
303
100
AcDbEntity
  8
WALL
100
AcDbLine
370
50
 10
2600
 20
23887.5000
 30
0
 11
2600
 21
24112.5000
 31
0
  0
LINE
  5
304
100
AcDbEntity
  8
WALL
100
AcDbLine
370
50
 10
4000
 20
23887.5000
 30
0
 11
5400
 21
23887.5000
 31
0
  0
LINE
  5
305
100
AcDbEntity
  8
WALL
100
AcDbLine
370
50
 10
5400
 20
24112.5000
 30
0
 11
4000
 21
24112.5000
 31
0
  0
LINE
  5
306
100
AcDbEntity
  8
WALL
100
AcDbLine
 10
4000
 20
23887.5000
 30
0
 11
4225
 21
24112.5000
 31
0
  0
LINE
  5
307
100
AcDbEntity
  8
WALL
100
AcDbLine
 10
4150
 20
23887.5000
 30
0
 11
4375
 21
24112.5000
 31
0
  0
LINE
  5
308
100
AcDbEntity
  8
WALL
100
AcDbLine
 10
4300
 20
23887.5000
 30
0
 11
4525
 21
24112.5000
 31
0
  0
LINE
  5
309
100
AcDbEntity
  8
WALL
100
AcDbLine
 10
4450
 20
23887.5000
 30
0
 11
4675
 21
24112.5000
 31
0
  0
LINE
  5
30A
100
AcDbEntity
  8
WALL
100
AcDbLine
 10
4600
 20
23887.5000
 30
0
 11
4825
 21
24112.5000
 31
0
  0
LINE
  5
30B
100
AcDbEntity
  8
WALL
100
AcDbLine
 10
4750
 20
23887.5000
 30
0
 11
4975
 21
24112.5000
 31
0
  0
LINE
  5
30C
100
AcDbEntity
  8
WALL
100
AcDbLine
 10
4900
 20
23887.5000
 30
0
 11
5125
 21
24112.5000
 31
0
  0
LINE
  5
30D
100
AcDbEntity
  8
WALL
100
AcDbLine
 10
5050
 20
23887.5000
 30
0
 11
5275
 21
24112.5000
 31
0
  0
LINE
  5
30E
100
AcDbEntity
  8
WALL
100
AcDbLine
370
50
 10
6600
 20
23887.5000
 30
0
 11
8000
 21
23887.5000
 31
0
  0
LINE
  5
30F
100
AcDbEntity
  8
WALL
100
AcDbLine
370
50
 10
8000
 20
24112.5000
 30
0
 11
6600
 21
24112.5000
 31
0
  0
LINE
  5
310
100
AcDbEntity
  8
WALL
100
AcDbLine
 10
6600
 20
23887.5000
 30
0
 11
6825
 21
24112.5000
 31
0
  0
LINE
  5
311
100
AcDbEntity
  8
WALL
100
AcDbLine
 10
6750
 20
23887.5000
 30
0
 11
6975
 21
24112.5000
 31
0
  0
LINE
  5
312
100
AcDbEntity
  8
WALL
100
AcDbLine
 10
6900
 20
23887.5000
 30
0
 11
7125
 21
24112.5000
 31
0
  0
LINE
  5
313
100
AcDbEntity
  8
WALL
100
AcDbLine
 10
7050
 20
23887.5000
 30
0
 11
7275
 21
24112.5000
 31
0
  0
LINE
  5
314
100
AcDbEntity
  8
WALL
100
AcDbLine
 10
7200
 20
23887.5000
 30
0
 11
7425
 21
24112.5000
 31
0
  0
LINE
  5
315
100
AcDbEntity
  8
WALL
100
AcDbLine
 10
7350
 20
23887.5000
 30
0
 11
7575
 21
24112.5000
 31
0
  0
LINE
  5
316
100
AcDbEntity
  8
WALL
100
AcDbLine
 10
7500
 20
23887.5000
 30
0
 11
7725
 21
24112.5000
 31
0
  0
LINE
  5
317
100
AcDbEntity
  8
WALL
100
AcDbLine
 10
7650
 20
23887.5000
 30
0
 11
7875
 21
24112.5000
 31
0
  0
LINE
  5
318
100
AcDbEntity
  8
WALL
100
AcDbLine
370
50
 10
5400
 20
23887.5000
 30
0
 11
5400
 21
24112.5000
 31
0
  0
LINE
  5
319
100
AcDbEntity
  8
WALL
100
AcDbLine
370
50
 10
6600
 20
23887.5000
 30
0
 11
6600
 21
24112.5000
 31
0
  0
LINE
  5
31A
100
AcDbEntity
  8
WALL
100
AcDbLine
370
50
 10
8000
 20
23887.5000
 30
0
 11
9400
 21
23887.5000
 31
0
  0
LINE
  5
31B
100
AcDbEntity
  8
WALL
100
AcDbLine
370
50
 10
9400
 20
24112.5000
 30
0
 11
8000
 21
24112.5000
 31
0
  0
LINE
  5
31C
100
AcDbEntity
  8
WALL
100
AcDbLine
 10
8000
 20
23887.5000
 30
0
 11
8225
 21
24112.5000
 31
0
  0
LINE
  5
31D
100
AcDbEntity
  8
WALL
100
AcDbLine
 10
8150
 20
23887.5000
 30
0
 11
8375
 21
24112.5000
 31
0
  0
LINE
  5
31E
100
AcDbEntity
  8
WALL
100
AcDbLine
 10
8300
 20
23887.5000
 30
0
 11
8525
 21
24112.5000
 31
0
  0
LINE
  5
31F
100
AcDbEntity
  8
WALL
100
AcDbLine
 10
8450
 20
23887.5000
 30
0
 11
8675
 21
24112.5000
 31
0
  0
LINE
  5
320
100
AcDbEntity
  8
WALL
100
AcDbLine
 10
8600
 20
23887.5000
 30
0
 11
8825
 21
24112.5000
 31
0
  0
LINE
  5
321
100
AcDbEntity
  8
WALL
100
AcDbLine
 10
8750
 20
23887.5000
 30
0
 11
8975
 21
24112.5000
 31
0
  0
LINE
  5
322
100
AcDbEntity
  8
WALL
100
AcDbLine
 10
8900
 20
23887.5000
 30
0
 11
9125
 21
24112.5000
 31
0
  0
LINE
  5
323
100
AcDbEntity
  8
WALL
100
AcDbLine
 10
9050
 20
23887.5000
 30
0
 11
9275
 21
24112.5000
 31
0
  0
LINE
  5
324
100
AcDbEntity
  8
WALL
100
AcDbLine
370
50
 10
10600
 20
23887.5000
 30
0
 11
12000
 21
23887.5000
 31
0
  0
LINE
  5
325
100
AcDbEntity
  8
WALL
100
AcDbLine
370
50
 10
12000
 20
24112.5000
 30
0
 11
10600
 21
24112.5000
 31
0
  0
LINE
  5
326
100
AcDbEntity
  8
WALL
100
AcDbLine
 10
10600
 20
23887.5000
 30
0
 11
10825
 21
24112.5000
 31
0
  0
LINE
  5
327
100
AcDbEntity
  8
WALL
100
AcDbLine
 10
10750
 20
23887.5000
 30
0
 11
10975
 21
24112.5000
 31
0
  0
LINE
  5
328
100
AcDbEntity
  8
WALL
100
AcDbLine
 10
10900
 20
23887.5000
 30
0
 11
11125
 21
24112.5000
 31
0
  0
LINE
  5
329
100
AcDbEntity
  8
WALL
100
AcDbLine
 10
11050
 20
23887.5000
 30
0
 11
11275
 21
24112.5000
 31
0
  0
LINE
  5
32A
100
AcDbEntity
  8
WALL
100
AcDbLine
 10
11200
 20
23887.5000
 30
0
 11
11425
 21
24112.5000
 31
0
  0
LINE
  5
32B
100
AcDbEntity
  8
WALL
100
AcDbLine
 10
11350
 20
23887.5000
 30
0
 11
11575
 21
24112.5000
 31
0
  0
LINE
  5
32C
100
AcDbEntity
  8
WALL
100
AcDbLine
 10
11500
 20
23887.5000
 30
0
 11
11725
 21
24112.5000
 31
0
  0
LINE
  5
32D
100
AcDbEntity
  8
WALL
100
AcDbLine
 10
11650
 20
23887.5000
 30
0
 11
11875
 21
24112.5000
 31
0
  0
LINE
  5
32E
100
AcDbEntity
  8
WALL
100
AcDbLine
370
50
 10
9400
 20
23887.5000
 30
0
 11
9400
 21
24112.5000
 31
0
  0
LINE
  5
32F
100
AcDbEntity
  8
WALL
100
AcDbLine
370
50
 10
10600
 20
23887.5000
 30
0
 11
10600
 21
24112.5000
 31
0
  0
LINE
  5
330
100
AcDbEntity
  8
WALL
100
AcDbLine
370
50
 10
12000
 20
23887.5000
 30
0
 11
13400
 21
23887.5000
 31
0
  0
LINE
  5
331
100
AcDbEntity
  8
WALL
100
AcDbLine
370
50
 10
13400
 20
24112.5000
 30
0
 11
12000
 21
24112.5000
 31
0
  0
LINE
  5
332
100
AcDbEntity
  8
WALL
100
AcDbLine
 10
12000
 20
23887.5000
 30
0
 11
12225
 21
24112.5000
 31
0
  0
LINE
  5
333
100
AcDbEntity
  8
WALL
100
AcDbLine
 10
12150
 20
23887.5000
 30
0
 11
12375
 21
24112.5000
 31
0
  0
LINE
  5
334
100
AcDbEntity
  8
WALL
100
AcDbLine
 10
12300
 20
23887.5000
 30
0
 11
12525
 21
24112.5000
 31
0
  0
LINE
  5
335
100
AcDbEntity
  8
WALL
100
AcDbLine
 10
12450
 20
23887.5000
 30
0
 11
12675
 21
24112.5000
 31
0
  0
LINE
  5
336
100
AcDbEntity
  8
WALL
100
AcDbLine
 10
12600
 20
23887.5000
 30
0
 11
12825
 21
24112.5000
 31
0
  0
LINE
  5
337
100
AcDbEntity
  8
WALL
100
AcDbLine
 10
12750
 20
23887.5000
 30
0
 11
12975
 21
24112.5000
 31
0
  0
LINE
  5
338
100
AcDbEntity
  8
WALL
100
AcDbLine
 10
12900
 20
23887.5000
 30
0
 11
13125
 21
24112.5000
 31
0
  0
LINE
  5
339
100
AcDbEntity
  8
WALL
100
AcDbLine
 10
13050
 20
23887.5000
 30
0
 11
13275
 21
24112.5000
 31
0
  0
LINE
  5
33A
100
AcDbEntity
  8
WALL
100
AcDbLine
370
50
 10
14600
 20
23887.5000
 30
0
 11
16000
 21
23887.5000
 31
0
  0
LINE
  5
33B
100
AcDbEntity
  8
WALL
100
AcDbLine
370
50
 10
16000
 20
24112.5000
 30
0
 11
14600
 21
24112.5000
 31
0
  0
LINE
  5
33C
100
AcDbEntity
  8
WALL
100
AcDbLine
 10
14600
 20
23887.5000
 30
0
 11
14825
 21
24112.5000
 31
0
  0
LINE
  5
33D
100
AcDbEntity
  8
WALL
100
AcDbLine
 10
14750
 20
23887.5000
 30
0
 11
14975
 21
24112.5000
 31
0
  0
LINE
  5
33E
100
AcDbEntity
  8
WALL
100
AcDbLine
 10
14900
 20
23887.5000
 30
0
 11
15125
 21
24112.5000
 31
0
  0
LINE
  5
33F
100
AcDbEntity
  8
WALL
100
AcDbLine
 10
15050
 20
23887.5000
 30
0
 11
15275
 21
24112.5000
 31
0
  0
LINE
  5
340
100
AcDbEntity
  8
WALL
100
AcDbLine
 10
15200
 20
23887.5000
 30
0
 11
15425
 21
24112.5000
 31
0
  0
LINE
  5
341
100
AcDbEntity
  8
WALL
100
AcDbLine
 10
15350
 20
23887.5000
 30
0
 11
15575
 21
24112.5000
 31
0
  0
LINE
  5
342
100
AcDbEntity
  8
WALL
100
AcDbLine
 10
15500
 20
23887.5000
 30
0
 11
15725
 21
24112.5000
 31
0
  0
LINE
  5
343
100
AcDbEntity
  8
WALL
100
AcDbLine
 10
15650
 20
23887.5000
 30
0
 11
15875
 21
24112.5000
 31
0
  0
LINE
  5
344
100
AcDbEntity
  8
WALL
100
AcDbLine
370
50
 10
13400
 20
23887.5000
 30
0
 11
13400
 21
24112.5000
 31
0
  0
LINE
  5
345
100
AcDbEntity
  8
WALL
100
AcDbLine
370
50
 10
14600
 20
23887.5000
 30
0
 11
14600
 21
24112.5000
 31
0
  0
LINE
  5
346
100
AcDbEntity
  8
WALL
100
AcDbLine
370
50
 10
16000
 20
23887.5000
 30
0
 11
17400
 21
23887.5000
 31
0
  0
LINE
  5
347
100
AcDbEntity
  8
WALL
100
AcDbLine
370
50
 10
17400
 20
24112.5000
 30
0
 11
16000
 21
24112.5000
 31
0
  0
LINE
  5
348
100
AcDbEntity
  8
WALL
100
AcDbLine
 10
16000
 20
23887.5000
 30
0
 11
16225
 21
24112.5000
 31
0
  0
LINE
  5
349
100
AcDbEntity
  8
WALL
100
AcDbLine
 10
16150
 20
23887.5000
 30
0
 11
16375
 21
24112.5000
 31
0
  0
LINE
  5
34A
100
AcDbEntity
  8
WALL
100
AcDbLine
 10
16300
 20
23887.5000
 30
0
 11
16525
 21
24112.5000
 31
0
  0
LINE
  5
34B
100
AcDbEntity
  8
WALL
100
AcDbLine
 10
16450
 20
23887.5000
 30
0
 11
16675
 21
24112.5000
 31
0
  0
LINE
  5
34C
100
AcDbEntity
  8
WALL
100
AcDbLine
 10
16600
 20
23887.5000
 30
0
 11
16825
 21
24112.5000
 31
0
  0
LINE
  5
34D
100
AcDbEntity
  8
WALL
100
AcDbLine
 10
16750
 20
23887.5000
 30
0
 11
16975
 21
24112.5000
 31
0
  0
LINE
  5
34E
100
AcDbEntity
  8
WALL
100
AcDbLine
 10
16900
 20
23887.5000
 30
0
 11
17125
 21
24112.5000
 31
0
  0
LINE
  5
34F
100
AcDbEntity
  8
WALL
100
AcDbLine
 10
17050
 20
23887.5000
 30
0
 11
17275
 21
24112.5000
 31
0
  0
LINE
  5
350
100
AcDbEntity
  8
WALL
100
AcDbLine
370
50
 10
18600
 20
23887.5000
 30
0
 11
20000
 21
23887.5000
 31
0
  0
LINE
  5
351
100
AcDbEntity
  8
WALL
100
AcDbLine
370
50
 10
20000
 20
24112.5000
 30
0
 11
18600
 21
24112.5000
 31
0
  0
LINE
  5
352
100
AcDbEntity
  8
WALL
100
AcDbLine
 10
18600
 20
23887.5000
 30
0
 11
18825
 21
24112.5000
 31
0
  0
LINE
  5
353
100
AcDbEntity
  8
WALL
100
AcDbLine
 10
18750
 20
23887.5000
 30
0
 11
18975
 21
24112.5000
 31
0
  0
LINE
  5
354
100
AcDbEntity
  8
WALL
100
AcDbLine
 10
18900
 20
23887.5000
 30
0
 11
19125
 21
24112.5000
 31
0
  0
LINE
  5
355
100
AcDbEntity
  8
WALL
100
AcDbLine
 10
19050
 20
23887.5000
 30
0
 11
19275
 21
24112.5000
 31
0
  0
LINE
  5
356
100
AcDbEntity
  8
WALL
100
AcDbLine
 10
19200
 20
23887.5000
 30
0
 11
19425
 21
24112.5000
 31
0
  0
LINE
  5
357
100
AcDbEntity
  8
WALL
100
AcDbLine
 10
19350
 20
23887.5000
 30
0
 11
19575
 21
24112.5000
 31
0
  0
LINE
  5
358
100
AcDbEntity
  8
WALL
100
AcDbLine
 10
19500
 20
23887.5000
 30
0
 11
19725
 21
24112.5000
 31
0
  0
LINE
  5
359
100
AcDbEntity
  8
WALL
100
AcDbLine
 10
19650
 20
23887.5000
 30
0
 11
19875
 21
24112.5000
 31
0
  0
LINE
  5
35A
100
AcDbEntity
  8
WALL
100
AcDbLine
370
50
 10
17400
 20
23887.5000
 30
0
 11
17400
 21
24112.5000
 31
0
  0
LINE
  5
35B
100
AcDbEntity
  8
WALL
100
AcDbLine
370
50
 10
18600
 20
23887.5000
 30
0
 11
18600
 21
24112.5000
 31
0
  0
LINE
  5
35C
100
AcDbEntity
  8
WALL
100
AcDbLine
370
50
 10
20000
 20
23887.5000
 30
0
 11
21400
 21
23887.5000
 31
0
  0
LINE
  5
35D
100
AcDbEntity
  8
WALL
100
AcDbLine
370
50
 10
21400
 20
24112.5000
 30
0
 11
20000
 21
24112.5000
 31
0
  0
LINE
  5
35E
100
AcDbEntity
  8
WALL
100
AcDbLine
 10
20000
 20
23887.5000
 30
0
 11
20225
 21
24112.5000
 31
0
  0
LINE
  5
35F
100
AcDbEntity
  8
WALL
100
AcDbLine
 10
20150
 20
23887.5000
 30
0
 11
20375
 21
24112.5000
 31
0
  0
LINE
  5
360
100
AcDbEntity
  8
WALL
100
AcDbLine
 10
20300
 20
23887.5000
 30
0
 11
20525
 21
24112.5000
 31
0
  0
LINE
  5
361
100
AcDbEntity
  8
WALL
100
AcDbLine
 10
20450
 20
23887.5000
 30
0
 11
20675
 21
24112.5000
 31
0
  0
LINE
  5
362
100
AcDbEntity
  8
WALL
100
AcDbLine
 10
20600
 20
23887.5000
 30
0
 11
20825
 21
24112.5000
 31
0
  0
LINE
  5
363
100
AcDbEntity
  8
WALL
100
AcDbLine
 10
20750
 20
23887.5000
 30
0
 11
20975
 21
24112.5000
 31
0
  0
LINE
  5
364
100
AcDbEntity
  8
WALL
100
AcDbLine
 10
20900
 20
23887.5000
 30
0
 11
21125
 21
24112.5000
 31
0
  0
LINE
  5
365
100
AcDbEntity
  8
WALL
100
AcDbLine
 10
21050
 20
23887.5000
 30
0
 11
21275
 21
24112.5000
 31
0
  0
LINE
  5
366
100
AcDbEntity
  8
WALL
100
AcDbLine
370
50
 10
22600
 20
23887.5000
 30
0
 11
24000
 21
23887.5000
 31
0
  0
LINE
  5
367
100
AcDbEntity
  8
WALL
100
AcDbLine
370
50
 10
24000
 20
24112.5000
 30
0
 11
22600
 21
24112.5000
 31
0
  0
LINE
  5
368
100
AcDbEntity
  8
WALL
100
AcDbLine
 10
22600
 20
23887.5000
 30
0
 11
22825
 21
24112.5000
 31
0
  0
LINE
  5
369
100
AcDbEntity
  8
WALL
100
AcDbLine
 10
22750
 20
23887.5000
 30
0
 11
22975
 21
24112.5000
 31
0
  0
LINE
  5
36A
100
AcDbEntity
  8
WALL
100
AcDbLine
 10
22900
 20
23887.5000
 30
0
 11
23125
 21
24112.5000
 31
0
  0
LINE
  5
36B
100
AcDbEntity
  8
WALL
100
AcDbLine
 10
23050
 20
23887.5000
 30
0
 11
23275
 21
24112.5000
 31
0
  0
LINE
  5
36C
100
AcDbEntity
  8
WALL
100
AcDbLine
 10
23200
 20
23887.5000
 30
0
 11
23425
 21
24112.5000
 31
0
  0
LINE
  5
36D
100
AcDbEntity
  8
WALL
100
AcDbLine
 10
23350
 20
23887.5000
 30
0
 11
23575
 21
24112.5000
 31
0
  0
LINE
  5
36E
100
AcDbEntity
  8
WALL
100
AcDbLine
 10
23500
 20
23887.5000
 30
0
 11
23725
 21
24112.5000
 31
0
  0
LINE
  5
36F
100
AcDbEntity
  8
WALL
100
AcDbLine
 10
23650
 20
23887.5000
 30
0
 11
23875
 21
24112.5000
 31
0
  0
LINE
  5
370
100
AcDbEntity
  8
WALL
100
AcDbLine
370
50
 10
21400
 20
23887.5000
 30
0
 11
21400
 21
24112.5000
 31
0
  0
LINE
  5
371
100
AcDbEntity
  8
WALL
100
AcDbLine
370
50
 10
22600
 20
23887.5000
 30
0
 11
22600
 21
24112.5000
 31
0
  0
LINE
  5
372
100
AcDbEntity
  8
WALL
100
AcDbLine
370
50
 10
3925
 20
0
 30
0
 11
3925
 21
3550
 31
0
  0
LINE
  5
373
100
AcDbEntity
  8
WALL
100
AcDbLine
370
50
 10
4075
 20
3550
 30
0
 11
4075
 21
0
 31
0
  0
LINE
  5
374
100
AcDbEntity
  8
WALL
100
AcDbLine
 10
3925
 20
0
 30
0
 11
4075
 21
150
 31
0
  0
LINE
  5
375
100
AcDbEntity
  8
WALL
100
AcDbLine
 10
3925
 20
150
 30
0
 11
4075
 21
300
 31
0
  0
LINE
  5
376
100
AcDbEntity
  8
WALL
100
AcDbLine
 10
3925
 20
300
 30
0
 11
4075
 21
450
 31
0
  0
LINE
  5
377
100
AcDbEntity
  8
WALL
100
AcDbLine
 10
3925
 20
450
 30
0
 11
4075
 21
600
 31
0
  0
LINE
  5
378
100
AcDbEntity
  8
WALL
100
AcDbLine
 10
3925
 20
600
 30
0
 11
4075
 21
750
 31
0
  0
LINE
  5
379
100
AcDbEntity
  8
WALL
100
AcDbLine
 10
3925
 20
750
 30
0
 11
4075
 21
900
 31
0
  0
LINE
  5
37A
100
AcDbEntity
  8
WALL
100
AcDbLine
 10
3925
 20
900
 30
0
 11
4075
 21
1050
 31
0
  0
LINE
  5
37B
100
AcDbEntity
  8
WALL
100
AcDbLine
 10
3925
 20
1050
 30
0
 11
4075
 21
1200
 31
0
  0
LINE
  5
37C
100
AcDbEntity
  8
WALL
100
AcDbLine
 10
3925
 20
1200
 30
0
 11
4075
 21
1350
 31
0
  0
LINE
  5
37D
100
AcDbEntity
  8
WALL
100
AcDbLine
 10
3925
 20
1350
 30
0
 11
4075
 21
1500
 31
0
  0
LINE
  5
37E
100
AcDbEntity
  8
WALL
100
AcDbLine
 10
3925
 20
1500
 30
0
 11
4075
 21
1650
 31
0
  0
LINE
  5
37F
100
AcDbEntity
  8
WALL
100
AcDbLine
 10
3925
 20
1650
 30
0
 11
4075
 21
1800
 31
0
  0
LINE
  5
380
100
AcDbEntity
  8
WALL
100
AcDbLine
 10
3925
 20
1800
 30
0
 11
4075
 21
1950
 31
0
  0
LINE
  5
381
100
AcDbEntity
  8
WALL
100
AcDbLine
 10
3925
 20
1950
 30
0
 11
4075
 21
2100
 31
0
  0
LINE
  5
382
100
AcDbEntity
  8
WALL
100
AcDbLine
 10
3925
 20
2100
 30
0
 11
4075
 21
2250
 31
0
  0
LINE
  5
383
100
AcDbEntity
  8
WALL
100
AcDbLine
 10
3925
 20
2250
 30
0
 11
4075
 21
2400
 31
0
  0
LINE
  5
384
100
AcDbEntity
  8
WALL
100
AcDbLine
 10
3925
 20
2400
 30
0
 11
4075
 21
2550
 31
0
  0
LINE
  5
385
100
AcDbEntity
  8
WALL
100
AcDbLine
 10
3925
 20
2550
 30
0
 11
4075
 21
2700
 31
0
  0
LINE
  5
386
100
AcDbEntity
  8
WALL
100
AcDbLine
 10
3925
 20
2700
 30
0
 11
4075
 21
2850
 31
0
  0
LINE
  5
387
100
AcDbEntity
  8
WALL
100
AcDbLine
 10
3925
 20
2850
 30
0
 11
4075
 21
3000
 31
0
  0
LINE
  5
388
100
AcDbEntity
  8
WALL
100
AcDbLine
 10
3925
 20
3000
 30
0
 11
4075
 21
3150
 31
0
  0
LINE
  5
389
100
AcDbEntity
  8
WALL
100
AcDbLine
 10
3925
 20
3150
 30
0
 11
4075
 21
3300
 31
0
  0
LINE
  5
38A
100
AcDbEntity
  8
WALL
100
AcDbLine
 10
3925
 20
3300
 30
0
 11
4075
 21
3450
 31
0
  0
LINE
  5
38B
100
AcDbEntity
  8
WALL
100
AcDbLine
370
50
 10
3925
 20
4450
 30
0
 11
3925
 21
8000
 31
0
  0
LINE
  5
38C
100
AcDbEntity
  8
WALL
100
AcDbLine
370
50
 10
4075
 20
8000
 30
0
 11
4075
 21
4450
 31
0
  0
LINE
  5
38D
100
AcDbEntity
  8
WALL
100
AcDbLine
 10
3925
 20
4450
 30
0
 11
4075
 21
4600
 31
0
  0
LINE
  5
38E
100
AcDbEntity
  8
WALL
100
AcDbLine
 10
3925
 20
4600
 30
0
 11
4075
 21
4750
 31
0
  0
LINE
  5
38F
100
AcDbEntity
  8
WALL
100
AcDbLine
 10
3925
 20
4750
 30
0
 11
4075
 21
4900
 31
0
  0
LINE
  5
390
100
AcDbEntity
  8
WALL
100
AcDbLine
 10
3925
 20
4900
 30
0
 11
4075
 21
5050
 31
0
  0
LINE
  5
391
100
AcDbEntity
  8
WALL
100
AcDbLine
 10
3925
 20
5050
 30
0
 11
4075
 21
5200
 31
0
  0
LINE
  5
392
100
AcDbEntity
  8
WALL
100
AcDbLine
 10
3925
 20
5200
 30
0
 11
4075
 21
5350
 31
0
  0
LINE
  5
393
100
AcDbEntity
  8
WALL
100
AcDbLine
 10
3925
 20
5350
 30
0
 11
4075
 21
5500
 31
0
  0
LINE
  5
394
100
AcDbEntity
  8
WALL
100
AcDbLine
 10
3925
 20
5500
 30
0
 11
4075
 21
5650
 31
0
  0
LINE
  5
395
100
AcDbEntity
  8
WALL
100
AcDbLine
 10
3925
 20
5650
 30
0
 11
4075
 21
5800
 31
0
  0
LINE
  5
396
100
AcDbEntity
  8
WALL
100
AcDbLine
 10
3925
 20
5800
 30
0
 11
4075
 21
5950
 31
0
  0
LINE
  5
397
100
AcDbEntity
  8
WALL
100
AcDbLine
 10
3925
 20
5950
 30
0
 11
4075
 21
6100
 31
0
  0
LINE
  5
398
100
AcDbEntity
  8
WALL
100
AcDbLine
 10
3925
 20
6100
 30
0
 11
4075
 21
6250
 31
0
  0
LINE
  5
399
100
AcDbEntity
  8
WALL
100
AcDbLine
 10
3925
 20
6250
 30
0
 11
4075
 21
6400
 31
0
  0
LINE
  5
39A
100
AcDbEntity
  8
WALL
100
AcDbLine
 10
3925
 20
6400
 30
0
 11
4075
 21
6550
 31
0
  0
LINE
  5
39B
100
AcDbEntity
  8
WALL
100
AcDbLine
 10
3925
 20
6550
 30
0
 11
4075
 21
6700
 31
0
  0
LINE
  5
39C
100
AcDbEntity
  8
WALL
100
AcDbLine
 10
3925
 20
6700
 30
0
 11
4075
 21
6850
 31
0
  0
LINE
  5
39D
100
AcDbEntity
  8
WALL
100
AcDbLine
 10
3925
 20
6850
 30
0
 11
4075
 21
7000
 31
0
  0
LINE
  5
39E
100
AcDbEntity
  8
WALL
100
AcDbLine
 10
3925
 20
7000
 30
0
 11
4075
 21
7150
 31
0
  0
LINE
  5
39F
100
AcDbEntity
  8
WALL
100
AcDbLine
 10
3925
 20
7150
 30
0
 11
4075
 21
7300
 31
0
  0
LINE
  5
3A0
100
AcDbEntity
  8
WALL
100
AcDbLine
 10
3925
 20
7300
 30
0
 11
4075
 21
7450
 31
0
  0
LINE
  5
3A1
100
AcDbEntity
  8
WALL
100
AcDbLine
 10
3925
 20
7450
 30
0
 11
4075
 21
7600
 31
0
  0
LINE
  5
3A2
100
AcDbEntity
  8
WALL
100
AcDbLine
 10
3925
 20
7600
 30
0
 11
4075
 21
7750
 31
0
  0
LINE
  5
3A3
100
AcDbEntity
  8
WALL
100
AcDbLine
 10
3925
 20
7750
 30
0
 11
4075
 21
7900
 31
0
  0
LINE
  5
3A4
100
AcDbEntity
  8
WALL
100
AcDbLine
370
50
 10
3925
 20
3550
 30
0
 11
4075
 21
3550
 31
0
  0
LINE
  5
3A5
100
AcDbEntity
  8
WALL
100
AcDbLine
370
50
 10
3925
 20
4450
 30
0
 11
4075
 21
4450
 31
0
  0
LINE
  5
3A6
100
AcDbEntity
  8
WALL
100
AcDbLine
370
50
 10
3925
 20
8000
 30
0
 11
3925
 21
11550
 31
0
  0
LINE
  5
3A7
100
AcDbEntity
  8
WALL
100
AcDbLine
370
50
 10
4075
 20
11550
 30
0
 11
4075
 21
8000
 31
0
  0
LINE
  5
3A8
100
AcDbEntity
  8
WALL
100
AcDbLine
 10
3925
 20
8000
 30
0
 11
4075
 21
8150
 31
0
  0
LINE
  5
3A9
100
AcDbEntity
  8
WALL
100
AcDbLine
 10
3925
 20
8150
 30
0
 11
4075
 21
8300
 31
0
  0
LINE
  5
3AA
100
AcDbEntity
  8
WALL
100
AcDbLine
 10
3925
 20
8300
 30
0
 11
4075
 21
8450
 31
0
  0
LINE
  5
3AB
100
AcDbEntity
  8
WALL
100
AcDbLine
 10
3925
 20
8450
 30
0
 11
4075
 21
8600
 31
0
  0
LINE
  5
3AC
100
AcDbEntity
  8
WALL
100
AcDbLine
 10
3925
 20
8600
 30
0
 11
4075
 21
8750
 31
0
  0
LINE
  5
3AD
100
AcDbEntity
  8
WALL
100
AcDbLine
 10
3925
 20
8750
 30
0
 11
4075
 21
8900
 31
0
  0
LINE
  5
3AE
100
AcDbEntity
  8
WALL
100
AcDbLine
 10
3925
 20
8900
 30
0
 11
4075
 21
9050
 31
0
  0
LINE
  5
3AF
100
AcDbEntity
  8
WALL
100
AcDbLine
 10
3925
 20
9050
 30
0
 11
4075
 21
9200
 31
0
  0
LINE
  5
3B0
100
AcDbEntity
  8
WALL
100
AcDbLine
 10
3925
 20
9200
 30
0
 11
4075
 21
9350
 31
0
  0
LINE
  5
3B1
100
AcDbEntity
  8
WALL
100
AcDbLine
 10
3925
 20
9350
 30
0
 11
4075
 21
9500
 31
0
  0
LINE
  5
3B2
100
AcDbEntity
  8
WALL
100
AcDbLine
 10
3925
 20
9500
 30
0
 11
4075
 21
9650
 31
0
  0
LINE
  5
3B3
100
AcDbEntity
  8
WALL
100
AcDbLine
 10
3925
 20
9650
 30
0
 11
4075
 21
9800
 31
0
  0
LINE
  5
3B4
100
AcDbEntity
  8
WALL
100
AcDbLine
 10
3925
 20
9800
 30
0
 11
4075
 21
9950
 31
0
  0
LINE
  5
3B5
100
AcDbEntity
  8
WALL
100
AcDbLine
 10
3925
 20
9950
 30
0
 11
4075
 21
10100
 31
0
  0
LINE
  5
3B6
100
AcDbEntity
  8
WALL
100
AcDbLine
 10
3925
 20
10100
 30
0
 11
4075
 21
10250
 31
0
  0
LINE
  5
3B7
100
AcDbEntity
  8
WALL
100
AcDbLine
 10
3925
 20
10250
 30
0
 11
4075
 21
10400
 31
0
  0
LINE
  5
3B8
100
AcDbEntity
  8
WALL
100
AcDbLine
 10
3925
 20
10400
 30
0
 11
4075
 21
10550
 31
0
  0
LINE
  5
3B9
100
AcDbEntity
  8
WALL
100
AcDbLine
 10
3925
 20
10550
 30
0
 11
4075
 21
10700
 31
0
  0
LINE
  5
3BA
100
AcDbEntity
  8
WALL
100
AcDbLine
 10
3925
 20
10700
 30
0
 11
4075
 21
10850
 31
0
  0
LINE
  5
3BB
100
AcDbEntity
  8
WALL
100
AcDbLine
 10
3925
 20
10850
 30
0
 11
4075
 21
11000
 31
0
  0
LINE
  5
3BC
100
AcDbEntity
  8
WALL
100
AcDbLine
 10
3925
 20
11000
 30
0
 11
4075
 21
11150
 31
0
  0
LINE
  5
3BD
100
AcDbEntity
  8
WALL
100
AcDbLine
 10
3925
 20
11150
 30
0
 11
4075
 21
11300
 31
0
  0
LINE
  5
3BE
100
AcDbEntity
  8
WALL
100
AcDbLine
 10
3925
 20
11300
 30
0
 11
4075
 21
11450
 31
0
  0
LINE
  5
3BF
100
AcDbEntity
  8
WALL
100
AcDbLine
370
50
 10
3925
 20
12450
 30
0
 11
3925
 21
16000
 31
0
  0
LINE
  5
3C0
100
AcDbEntity
  8
WALL
100
AcDbLine
370
50
 10
4075
 20
16000
 30
0
 11
4075
 21
12450
 31
0
  0
LINE
  5
3C1
100
AcDbEntity
  8
WALL
100
AcDbLine
 10
3925
 20
12450
 30
0
 11
4075
 21
12600
 31
0
  0
LINE
  5
3C2
100
AcDbEntity
  8
WALL
100
AcDbLine
 10
3925
 20
12600
 30
0
 11
4075
 21
12750
 31
0
  0
LINE
  5
3C3
100
AcDbEntity
  8
WALL
100
AcDbLine
 10
3925
 20
12750
 30
0
 11
4075
 21
12900
 31
0
  0
LINE
  5
3C4
100
AcDbEntity
  8
WALL
100
AcDbLine
 10
3925
 20
12900
 30
0
 11
4075
 21
13050
 31
0
  0
LINE
  5
3C5
100
AcDbEntity
  8
WALL
100
AcDbLine
 10
3925
 20
13050
 30
0
 11
4075
 21
13200
 31
0
  0
LINE
  5
3C6
100
AcDbEntity
  8
WALL
100
AcDbLine
 10
3925
 20
13200
 30
0
 11
4075
 21
13350
 31
0
  0
LINE
  5
3C7
100
AcDbEntity
  8
WALL
100
AcDbLine
 10
3925
 20
13350
 30
0
 11
4075
 21
13500
 31
0
  0
LINE
  5
3C8
100
AcDbEntity
  8
WALL
100
AcDbLine
 10
3925
 20
13500
 30
0
 11
4075
 21
13650
 31
0
  0
LINE
  5
3C9
100
AcDbEntity
  8
WALL
100
AcDbLine
 10
3925
 20
13650
 30
0
 11
4075
 21
13800
 31
0
  0
LINE
  5
3CA
100
AcDbEntity
  8
WALL
100
AcDbLine
 10
3925
 20
13800
 30
0
 11
4075
 21
13950
 31
0
  0
LINE
  5
3CB
100
AcDbEntity
  8
WALL
100
AcDbLine
 10
3925
 20
13950
 30
0
 11
4075
 21
14100
 31
0
  0
LINE
  5
3CC
100
AcDbEntity
  8
WALL
100
AcDbLine
 10
3925
 20
14100
 30
0
 11
4075
 21
14250
 31
0
  0
LINE
  5
3CD
100
AcDbEntity
  8
WALL
100
AcDbLine
 10
3925
 20
14250
 30
0
 11
4075
 21
14400
 31
0
  0
LINE
  5
3CE
100
AcDbEntity
  8
WALL
100
AcDbLine
 10
3925
 20
14400
 30
0
 11
4075
 21
14550
 31
0
  0
LINE
  5
3CF
100
AcDbEntity
  8
WALL
100
AcDbLine
 10
3925
 20
14550
 30
0
 11
4075
 21
14700
 31
0
  0
LINE
  5
3D0
100
AcDbEntity
  8
WALL
100
AcDbLine
 10
3925
 20
14700
 30
0
 11
4075
 21
14850
 31
0
  0
LINE
  5
3D1
100
AcDbEntity
  8
WALL
100
AcDbLine
 10
3925
 20
14850
 30
0
 11
4075
 21
15000
 31
0
  0
LINE
  5
3D2
100
AcDbEntity
  8
WALL
100
AcDbLine
 10
3925
 20
15000
 30
0
 11
4075
 21
15150
 31
0
  0
LINE
  5
3D3
100
AcDbEntity
  8
WALL
100
AcDbLine
 10
3925
 20
15150
 30
0
 11
4075
 21
15300
 31
0
  0
LINE
  5
3D4
100
AcDbEntity
  8
WALL
100
AcDbLine
 10
3925
 20
15300
 30
0
 11
4075
 21
15450
 31
0
  0
LINE
  5
3D5
100
AcDbEntity
  8
WALL
100
AcDbLine
 10
3925
 20
15450
 30
0
 11
4075
 21
15600
 31
0
  0
LINE
  5
3D6
100
AcDbEntity
  8
WALL
100
AcDbLine
 10
3925
 20
15600
 30
0
 11
4075
 21
15750
 31
0
  0
LINE
  5
3D7
100
AcDbEntity
  8
WALL
100
AcDbLine
 10
3925
 20
15750
 30
0
 11
4075
 21
15900
 31
0
  0
LINE
  5
3D8
100
AcDbEntity
  8
WALL
100
AcDbLine
370
50
 10
3925
 20
11550
 30
0
 11
4075
 21
11550
 31
0
  0
LINE
  5
3D9
100
AcDbEntity
  8
WALL
100
AcDbLine
370
50
 10
3925
 20
12450
 30
0
 11
4075
 21
12450
 31
0
  0
LINE
  5
3DA
100
AcDbEntity
  8
WALL
100
AcDbLine
370
50
 10
3925
 20
16000
 30
0
 11
3925
 21
19550
 31
0
  0
LINE
  5
3DB
100
AcDbEntity
  8
WALL
100
AcDbLine
370
50
 10
4075
 20
19550
 30
0
 11
4075
 21
16000
 31
0
  0
LINE
  5
3DC
100
AcDbEntity
  8
WALL
100
AcDbLine
 10
3925
 20
16000
 30
0
 11
4075
 21
16150
 31
0
  0
LINE
  5
3DD
100
AcDbEntity
  8
WALL
100
AcDbLine
 10
3925
 20
16150
 30
0
 11
4075
 21
16300
 31
0
  0
LINE
  5
3DE
100
AcDbEntity
  8
WALL
100
AcDbLine
 10
3925
 20
16300
 30
0
 11
4075
 21
16450
 31
0
  0
LINE
  5
3DF
100
AcDbEntity
  8
WALL
100
AcDbLine
 10
3925
 20
16450
 30
0
 11
4075
 21
16600
 31
0
  0
LINE
  5
3E0
100
AcDbEntity
  8
WALL
100
AcDbLine
 10
3925
 20
16600
 30
0
 11
4075
 21
16750
 31
0
  0
LINE
  5
3E1
100
AcDbEntity
  8
WALL
100
AcDbLine
 10
3925
 20
16750
 30
0
 11
4075
 21
16900
 31
0
  0
LINE
  5
3E2
100
AcDbEntity
  8
WALL
100
AcDbLine
 10
3925
 20
16900
 30
0
 11
4075
 21
17050
 31
0
  0
LINE
  5
3E3
100
AcDbEntity
  8
WALL
100
AcDbLine
 10
3925
 20
17050
 30
0
 11
4075
 21
17200
 31
0
  0
LINE
  5
3E4
100
AcDbEntity
  8
WALL
100
AcDbLine
 10
3925
 20
17200
 30
0
 11
4075
 21
17350
 31
0
  0
LINE
  5
3E5
100
AcDbEntity
  8
WALL
100
AcDbLine
 10
3925
 20
17350
 30
0
 11
4075
 21
17500
 31
0
  0
LINE
  5
3E6
100
AcDbEntity
  8
WALL
100
AcDbLine
 10
3925
 20
17500
 30
0
 11
4075
 21
17650
 31
0
  0
LINE
  5
3E7
100
AcDbEntity
  8
WALL
100
AcDbLine
 10
3925
 20
17650
 30
0
 11
4075
 21
17800
 31
0
  0
LINE
  5
3E8
100
AcDbEntity
  8
WALL
100
AcDbLine
 10
3925
 20
17800
 30
0
 11
4075
 21
17950
 31
0
  0
LINE
  5
3E9
100
AcDbEntity
  8
WALL
100
AcDbLine
 10
3925
 20
17950
 30
0
 11
4075
 21
18100
 31
0
  0
LINE
  5
3EA
100
AcDbEntity
  8
WALL
100
AcDbLine
 10
3925
 20
18100
 30
0
 11
4075
 21
18250
 31
0
  0
LINE
  5
3EB
100
AcDbEntity
  8
WALL
100
AcDbLine
 10
3925
 20
18250
 30
0
 11
4075
 21
18400
 31
0
  0
LINE
  5
3EC
100
AcDbEntity
  8
WALL
100
AcDbLine
 10
3925
 20
18400
 30
0
 11
4075
 21
18550
 31
0
  0
LINE
  5
3ED
100
AcDbEntity
  8
WALL
100
AcDbLine
 10
3925
 20
18550
 30
0
 11
4075
 21
18700
 31
0
  0
LINE
  5
3EE
100
AcDbEntity
  8
WALL
100
AcDbLine
 10
3925
 20
18700
 30
0
 11
4075
 21
18850
 31
0
  0
LINE
  5
3EF
100
AcDbEntity
  8
WALL
100
AcDbLine
 10
3925
 20
18850
 30
0
 11
4075
 21
19000
 31
0
  0
LINE
  5
3F0
100
AcDbEntity
  8
WALL
100
AcDbLine
 10
3925
 20
19000
 30
0
 11
4075
 21
19150
 31
0
  0
LINE
  5
3F1
100
AcDbEntity
  8
WALL
100
AcDbLine
 10
3925
 20
19150
 30
0
 11
4075
 21
19300
 31
0
  0
LINE
  5
3F2
100
AcDbEntity
  8
WALL
100
AcDbLine
 10
3925
 20
19300
 30
0
 11
4075
 21
19450
 31
0
  0
LINE
  5
3F3
100
AcDbEntity
  8
WALL
100
AcDbLine
370
50
 10
3925
 20
20450
 30
0
 11
3925
 21
24000
 31
0
  0
LINE
  5
3F4
100
AcDbEntity
  8
WALL
100
AcDbLine
370
50
 10
4075
 20
24000
 30
0
 11
4075
 21
20450
 31
0
  0
LINE
  5
3F5
100
AcDbEntity
  8
WALL
100
AcDbLine
 10
3925
 20
20450
 30
0
 11
4075
 21
20600
 31
0
  0
LINE
  5
3F6
100
AcDbEntity
  8
WALL
100
AcDbLine
 10
3925
 20
20600
 30
0
 11
4075
 21
20750
 31
0
  0
LINE
  5
3F7
100
AcDbEntity
  8
WALL
100
AcDbLine
 10
3925
 20
20750
 30
0
 11
4075
 21
20900
 31
0
  0
LINE
  5
3F8
100
AcDbEntity
  8
WALL
100
AcDbLine
 10
3925
 20
20900
 30
0
 11
4075
 21
21050
 31
0
  0
LINE
  5
3F9
100
AcDbEntity
  8
WALL
100
AcDbLine
 10
3925
 20
21050
 30
0
 11
4075
 21
21200
 31
0
  0
LINE
  5
3FA
100
AcDbEntity
  8
WALL
100
AcDbLine
 10
3925
 20
21200
 30
0
 11
4075
 21
21350
 31
0
  0
LINE
  5
3FB
100
AcDbEntity
  8
WALL
100
AcDbLine
 10
3925
 20
21350
 30
0
 11
4075
 21
21500
 31
0
  0
LINE
  5
3FC
100
AcDbEntity
  8
WALL
100
AcDbLine
 10
3925
 20
21500
 30
0
 11
4075
 21
21650
 31
0
  0
LINE
  5
3FD
100
AcDbEntity
  8
WALL
100
AcDbLine
 10
3925
 20
21650
 30
0
 11
4075
 21
21800
 31
0
  0
LINE
  5
3FE
100
AcDbEntity
  8
WALL
100
AcDbLine
 10
3925
 20
21800
 30
0
 11
4075
 21
21950
 31
0
  0
LINE
  5
3FF
100
AcDbEntity
  8
WALL
100
AcDbLine
 10
3925
 20
21950
 30
0
 11
4075
 21
22100
 31
0
  0
LINE
  5
400
100
AcDbEntity
  8
WALL
100
AcDbLine
 10
3925
 20
22100
 30
0
 11
4075
 21
22250
 31
0
  0
LINE
  5
401
100
AcDbEntity
  8
WALL
100
AcDbLine
 10
3925
 20
22250
 30
0
 11
4075
 21
22400
 31
0
  0
LINE
  5
402
100
AcDbEntity
  8
WALL
100
AcDbLine
 10
3925
 20
22400
 30
0
 11
4075
 21
22550
 31
0
  0
LINE
  5
403
100
AcDbEntity
  8
WALL
100
AcDbLine
 10
3925
 20
22550
 30
0
 11
4075
 21
22700
 31
0
  0
LINE
  5
404
100
AcDbEntity
  8
WALL
100
AcDbLine
 10
3925
 20
22700
 30
0
 11
4075
 21
22850
 31
0
  0
LINE
  5
405
100
AcDbEntity
  8
WALL
100
AcDbLine
 10
3925
 20
22850
 30
0
 11
4075
 21
23000
 31
0
  0
LINE
  5
406
100
AcDbEntity
  8
WALL
100
AcDbLine
 10
3925
 20
23000
 30
0
 11
4075
 21
23150
 31
0
  0
LINE
  5
407
100
AcDbEntity
  8
WALL
100
AcDbLine
 10
3925
 20
23150
 30
0
 11
4075
 21
23300
 31
0
  0
LINE
  5
408
100
AcDbEntity
  8
WALL
100
AcDbLine
 10
3925
 20
23300
 30
0
 11
4075
 21
23450
 31
0
  0
LINE
  5
409
100
AcDbEntity
  8
WALL
100
AcDbLine
 10
3925
 20
23450
 30
0
 11
4075
 21
23600
 31
0
  0
LINE
  5
40A
100
AcDbEntity
  8
WALL
100
AcDbLine
 10
3925
 20
23600
 30
0
 11
4075
 21
23750
 31
0
  0
LINE
  5
40B
100
AcDbEntity
  8
WALL
100
AcDbLine
 10
3925
 20
23750
 30
0
 11
4075
 21
23900
 31
0
  0
LINE
  5
40C
100
AcDbEntity
  8
WALL
100
AcDbLine
370
50
 10
3925
 20
19550
 30
0
 11
4075
 21
19550
 31
0
  0
LINE
  5
40D
100
AcDbEntity
  8
WALL
100
AcDbLine
370
50
 10
3925
 20
20450
 30
0
 11
4075
 21
20450
 31
0
  0
LINE
  5
40E
100
AcDbEntity
  8
WALL
100
AcDbLine
370
50
 10
7925
 20
0
 30
0
 11
7925
 21
3550
 31
0
  0
LINE
  5
40F
100
AcDbEntity
  8
WALL
100
AcDbLine
370
50
 10
8075
 20
3550
 30
0
 11
8075
 21
0
 31
0
  0
LINE
  5
410
100
AcDbEntity
  8
WALL
100
AcDbLine
 10
7925
 20
0
 30
0
 11
8075
 21
150
 31
0
  0
LINE
  5
411
100
AcDbEntity
  8
WALL
100
AcDbLine
 10
7925
 20
150
 30
0
 11
8075
 21
300
 31
0
  0
LINE
  5
412
100
AcDbEntity
  8
WALL
100
AcDbLine
 10
7925
 20
300
 30
0
 11
8075
 21
450
 31
0
  0
LINE
  5
413
100
AcDbEntity
  8
WALL
100
AcDbLine
 10
7925
 20
450
 30
0
 11
8075
 21
600
 31
0
  0
LINE
  5
414
100
AcDbEntity
  8
WALL
100
AcDbLine
 10
7925
 20
600
 30
0
 11
8075
 21
750
 31
0
  0
LINE
  5
415
100
AcDbEntity
  8
WALL
100
AcDbLine
 10
7925
 20
750
 30
0
 11
8075
 21
900
 31
0
  0
LINE
  5
416
100
AcDbEntity
  8
WALL
100
AcDbLine
 10
7925
 20
900
 30
0
 11
8075
 21
1050
 31
0
  0
LINE
  5
417
100
AcDbEntity
  8
WALL
100
AcDbLine
 10
7925
 20
1050
 30
0
 11
8075
 21
1200
 31
0
  0
LINE
  5
418
100
AcDbEntity
  8
WALL
100
AcDbLine
 10
7925
 20
1200
 30
0
 11
8075
 21
1350
 31
0
  0
LINE
  5
419
100
AcDbEntity
  8
WALL
100
AcDbLine
 10
7925
 20
1350
 30
0
 11
8075
 21
1500
 31
0
  0
LINE
  5
41A
100
AcDbEntity
  8
WALL
100
AcDbLine
 10
7925
 20
1500
 30
0
 11
8075
 21
1650
 31
0
  0
LINE
  5
41B
100
AcDbEntity
  8
WALL
100
AcDbLine
 10
7925
 20
1650
 30
0
 11
8075
 21
1800
 31
0
  0
LINE
  5
41C
100
AcDbEntity
  8
WALL
100
AcDbLine
 10
7925
 20
1800
 30
0
 11
8075
 21
1950
 31
0
  0
LINE
  5
41D
100
AcDbEntity
  8
WALL
100
AcDbLine
 10
7925
 20
1950
 30
0
 11
8075
 21
2100
 31
0
  0
LINE
  5
41E
100
AcDbEntity
  8
WALL
100
AcDbLine
 10
7925
 20
2100
 30
0
 11
8075
 21
2250
 31
0
  0
LINE
  5
41F
100
AcDbEntity
  8
WALL
100
AcDbLine
 10
7925
 20
2250
 30
0
 11
8075
 21
2400
 31
0
  0
LINE
  5
420
100
AcDbEntity
  8
WALL
100
AcDbLine
 10
7925
 20
2400
 30
0
 11
8075
 21
2550
 31
0
  0
LINE
  5
421
100
AcDbEntity
  8
WALL
100
AcDbLine
 10
7925
 20
2550
 30
0
 11
8075
 21
2700
 31
0
  0
LINE
  5
422
100
AcDbEntity
  8
WALL
100
AcDbLine
 10
7925
 20
2700
 30
0
 11
8075
 21
2850
 31
0
  0
LINE
  5
423
100
AcDbEntity
  8
WALL
100
AcDbLine
 10
7925
 20
2850
 30
0
 11
8075
 21
3000
 31
0
  0
LINE
  5
424
100
AcDbEntity
  8
WALL
100
AcDbLine
 10
7925
 20
3000
 30
0
 11
8075
 21
3150
 31
0
  0
LINE
  5
425
100
AcDbEntity
  8
WALL
100
AcDbLine
 10
7925
 20
3150
 30
0
 11
8075
 21
3300
 31
0
  0
LINE
  5
426
100
AcDbEntity
  8
WALL
100
AcDbLine
 10
7925
 20
3300
 30
0
 11
8075
 21
3450
 31
0
  0
LINE
  5
427
100
AcDbEntity
  8
WALL
100
AcDbLine
370
50
 10
7925
 20
4450
 30
0
 11
7925
 21
8000
 31
0
  0
LINE
  5
428
100
AcDbEntity
  8
WALL
100
AcDbLine
370
50
 10
8075
 20
8000
 30
0
 11
8075
 21
4450
 31
0
  0
LINE
  5
429
100
AcDbEntity
  8
WALL
100
AcDbLine
 10
7925
 20
4450
 30
0
 11
8075
 21
4600
 31
0
  0
LINE
  5
42A
100
AcDbEntity
  8
WALL
100
AcDbLine
 10
7925
 20
4600
 30
0
 11
8075
 21
4750
 31
0
  0
LINE
  5
42B
100
AcDbEntity
  8
WALL
100
AcDbLine
 10
7925
 20
4750
 30
0
 11
8075
 21
4900
 31
0
  0
LINE
  5
42C
100
AcDbEntity
  8
WALL
100
AcDbLine
 10
7925
 20
4900
 30
0
 11
8075
 21
5050
 31
0
  0
LINE
  5
42D
100
AcDbEntity
  8
WALL
100
AcDbLine
 10
7925
 20
5050
 30
0
 11
8075
 21
5200
 31
0
  0
LINE
  5
42E
100
AcDbEntity
  8
WALL
100
AcDbLine
 10
7925
 20
5200
 30
0
 11
8075
 21
5350
 31
0
  0
LINE
  5
42F
100
AcDbEntity
  8
WALL
100
AcDbLine
 10
7925
 20
5350
 30
0
 11
8075
 21
5500
 31
0
  0
LINE
  5
430
100
AcDbEntity
  8
WALL
100
AcDbLine
 10
7925
 20
5500
 30
0
 11
8075
 21
5650
 31
0
  0
LINE
  5
431
100
AcDbEntity
  8
WALL
100
AcDbLine
 10
7925
 20
5650
 30
0
 11
8075
 21
5800
 31
0
  0
LINE
  5
432
100
AcDbEntity
  8
WALL
100
AcDbLine
 10
7925
 20
5800
 30
0
 11
8075
 21
5950
 31
0
  0
LINE
  5
433
100
AcDbEntity
  8
WALL
100
AcDbLine
 10
7925
 20
5950
 30
0
 11
8075
 21
6100
 31
0
  0
LINE
  5
434
100
AcDbEntity
  8
WALL
100
AcDbLine
 10
7925
 20
6100
 30
0
 11
8075
 21
6250
 31
0
  0
LINE
  5
435
100
AcDbEntity
  8
WALL
100
AcDbLine
 10
7925
 20
6250
 30
0
 11
8075
 21
6400
 31
0
  0
LINE
  5
436
100
AcDbEntity
  8
WALL
100
AcDbLine
 10
7925
 20
6400
 30
0
 11
8075
 21
6550
 31
0
  0
LINE
  5
437
100
AcDbEntity
  8
WALL
100
AcDbLine
 10
7925
 20
6550
 30
0
 11
8075
 21
6700
 31
0
  0
LINE
  5
438
100
AcDbEntity
  8
WALL
100
AcDbLine
 10
7925
 20
6700
 30
0
 11
8075
 21
6850
 31
0
  0
LINE
  5
439
100
AcDbEntity
  8
WALL
100
AcDbLine
 10
7925
 20
6850
 30
0
 11
8075
 21
7000
 31
0
  0
LINE
  5
43A
100
AcDbEntity
  8
WALL
100
AcDbLine
 10
7925
 20
7000
 30
0
 11
8075
 21
7150
 31
0
  0
LINE
  5
43B
100
AcDbEntity
  8
WALL
100
AcDbLine
 10
7925
 20
7150
 30
0
 11
8075
 21
7300
 31
0
  0
LINE
  5
43C
100
AcDbEntity
  8
WALL
100
AcDbLine
 10
7925
 20
7300
 30
0
 11
8075
 21
7450
 31
0
  0
LINE
  5
43D
100
AcDbEntity
  8
WALL
100
AcDbLine
 10
7925
 20
7450
 30
0
 11
8075
 21
7600
 31
0
  0
LINE
  5
43E
100
AcDbEntity
  8
WALL
100
AcDbLine
 10
7925
 20
7600
 30
0
 11
8075
 21
7750
 31
0
  0
LINE
  5
43F
100
AcDbEntity
  8
WALL
100
AcDbLine
 10
7925
 20
7750
 30
0
 11
8075
 21
7900
 31
0
  0
LINE
  5
440
100
AcDbEntity
  8
WALL
100
AcDbLine
370
50
 10
7925
 20
3550
 30
0
 11
8075
 21
3550
 31
0
  0
LINE
  5
441
100
AcDbEntity
  8
WALL
100
AcDbLine
370
50
 10
7925
 20
4450
 30
0
 11
8075
 21
4450
 31
0
  0
LINE
  5
442
100
AcDbEntity
  8
WALL
100
AcDbLine
370
50
 10
7925
 20
8000
 30
0
 11
7925
 21
11550
 31
0
  0
LINE
  5
443
100
AcDbEntity
  8
WALL
100
AcDbLine
370
50
 10
8075
 20
11550
 30
0
 11
8075
 21
8000
 31
0
  0
LINE
  5
444
100
AcDbEntity
  8
WALL
100
AcDbLine
 10
7925
 20
8000
 30
0
 11
8075
 21
8150
 31
0
  0
LINE
  5
445
100
AcDbEntity
  8
WALL
100
AcDbLine
 10
7925
 20
8150
 30
0
 11
8075
 21
8300
 31
0
  0
LINE
  5
446
100
AcDbEntity
  8
WALL
100
AcDbLine
 10
7925
 20
8300
 30
0
 11
8075
 21
8450
 31
0
  0
LINE
  5
447
100
AcDbEntity
  8
WALL
100
AcDbLine
 10
7925
 20
8450
 30
0
 11
8075
 21
8600
 31
0
  0
LINE
  5
448
100
AcDbEntity
  8
WALL
100
AcDbLine
 10
7925
 20
8600
 30
0
 11
8075
 21
8750
 31
0
  0
LINE
  5
449
100
AcDbEntity
  8
WALL
100
AcDbLine
 10
7925
 20
8750
 30
0
 11
8075
 21
8900
 31
0
  0
LINE
  5
44A
100
AcDbEntity
  8
WALL
100
AcDbLine
 10
7925
 20
8900
 30
0
 11
8075
 21
9050
 31
0
  0
LINE
  5
44B
100
AcDbEntity
  8
WALL
100
AcDbLine
 10
7925
 20
9050
 30
0
 11
8075
 21
9200
 31
0
  0
LINE
  5
44C
100
AcDbEntity
  8
WALL
100
AcDbLine
 10
7925
 20
9200
 30
0
 11
8075
 21
9350
 31
0
  0
LINE
  5
44D
100
AcDbEntity
  8
WALL
100
AcDbLine
 10
7925
 20
9350
 30
0
 11
8075
 21
9500
 31
0
  0
LINE
  5
44E
100
AcDbEntity
  8
WALL
100
AcDbLine
 10
7925
 20
9500
 30
0
 11
8075
 21
9650
 31
0
  0
LINE
  5
44F
100
AcDbEntity
  8
WALL
100
AcDbLine
 10
7925
 20
9650
 30
0
 11
8075
 21
9800
 31
0
  0
LINE
  5
450
100
AcDbEntity
  8
WALL
100
AcDbLine
 10
7925
 20
9800
 30
0
 11
8075
 21
9950
 31
0
  0
LINE
  5
451
100
AcDbEntity
  8
WALL
100
AcDbLine
 10
7925
 20
9950
 30
0
 11
8075
 21
10100
 31
0
  0
LINE
  5
452
100
AcDbEntity
  8
WALL
100
AcDbLine
 10
7925
 20
10100
 30
0
 11
8075
 21
10250
 31
0
  0
LINE
  5
453
100
AcDbEntity
  8
WALL
100
AcDbLine
 10
7925
 20
10250
 30
0
 11
8075
 21
10400
 31
0
  0
LINE
  5
454
100
AcDbEntity
  8
WALL
100
AcDbLine
 10
7925
 20
10400
 30
0
 11
8075
 21
10550
 31
0
  0
LINE
  5
455
100
AcDbEntity
  8
WALL
100
AcDbLine
 10
7925
 20
10550
 30
0
 11
8075
 21
10700
 31
0
  0
LINE
  5
456
100
AcDbEntity
  8
WALL
100
AcDbLine
 10
7925
 20
10700
 30
0
 11
8075
 21
10850
 31
0
  0
LINE
  5
457
100
AcDbEntity
  8
WALL
100
AcDbLine
 10
7925
 20
10850
 30
0
 11
8075
 21
11000
 31
0
  0
LINE
  5
458
100
AcDbEntity
  8
WALL
100
AcDbLine
 10
7925
 20
11000
 30
0
 11
8075
 21
11150
 31
0
  0
LINE
  5
459
100
AcDbEntity
  8
WALL
100
AcDbLine
 10
7925
 20
11150
 30
0
 11
8075
 21
11300
 31
0
  0
LINE
  5
45A
100
AcDbEntity
  8
WALL
100
AcDbLine
 10
7925
 20
11300
 30
0
 11
8075
 21
11450
 31
0
  0
LINE
  5
45B
100
AcDbEntity
  8
WALL
100
AcDbLine
370
50
 10
7925
 20
12450
 30
0
 11
7925
 21
16000
 31
0
  0
LINE
  5
45C
100
AcDbEntity
  8
WALL
100
AcDbLine
370
50
 10
8075
 20
16000
 30
0
 11
8075
 21
12450
 31
0
  0
LINE
  5
45D
100
AcDbEntity
  8
WALL
100
AcDbLine
 10
7925
 20
12450
 30
0
 11
8075
 21
12600
 31
0
  0
LINE
  5
45E
100
AcDbEntity
  8
WALL
100
AcDbLine
 10
7925
 20
12600
 30
0
 11
8075
 21
12750
 31
0
  0
LINE
  5
45F
100
AcDbEntity
  8
WALL
100
AcDbLine
 10
7925
 20
12750
 30
0
 11
8075
 21
12900
 31
0
  0
LINE
  5
460
100
AcDbEntity
  8
WALL
100
AcDbLine
 10
7925
 20
12900
 30
0
 11
8075
 21
13050
 31
0
  0
LINE
  5
461
100
AcDbEntity
  8
WALL
100
AcDbLine
 10
7925
 20
13050
 30
0
 11
8075
 21
13200
 31
0
  0
LINE
  5
462
100
AcDbEntity
  8
WALL
100
AcDbLine
 10
7925
 20
13200
 30
0
 11
8075
 21
13350
 31
0
  0
LINE
  5
463
100
AcDbEntity
  8
WALL
100
AcDbLine
 10
7925
 20
13350
 30
0
 11
8075
 21
13500
 31
0
  0
LINE
  5
464
100
AcDbEntity
  8
WALL
100
AcDbLine
 10
7925
 20
13500
 30
0
 11
8075
 21
13650
 31
0
  0
LINE
  5
465
100
AcDbEntity
  8
WALL
100
AcDbLine
 10
7925
 20
13650
 30
0
 11
8075
 21
13800
 31
0
  0
LINE
  5
466
100
AcDbEntity
  8
WALL
100
AcDbLine
 10
7925
 20
13800
 30
0
 11
8075
 21
13950
 31
0
  0
LINE
  5
467
100
AcDbEntity
  8
WALL
100
AcDbLine
 10
7925
 20
13950
 30
0
 11
8075
 21
14100
 31
0
  0
LINE
  5
468
100
AcDbEntity
  8
WALL
100
AcDbLine
 10
7925
 20
14100
 30
0
 11
8075
 21
14250
 31
0
  0
LINE
  5
469
100
AcDbEntity
  8
WALL
100
AcDbLine
 10
7925
 20
14250
 30
0
 11
8075
 21
14400
 31
0
  0
LINE
  5
46A
100
AcDbEntity
  8
WALL
100
AcDbLine
 10
7925
 20
14400
 30
0
 11
8075
 21
14550
 31
0
  0
LINE
  5
46B
100
AcDbEntity
  8
WALL
100
AcDbLine
 10
7925
 20
14550
 30
0
 11
8075
 21
14700
 31
0
  0
LINE
  5
46C
100
AcDbEntity
  8
WALL
100
AcDbLine
 10
7925
 20
14700
 30
0
 11
8075
 21
14850
 31
0
  0
LINE
  5
46D
100
AcDbEntity
  8
WALL
100
AcDbLine
 10
7925
 20
14850
 30
0
 11
8075
 21
15000
 31
0
  0
LINE
  5
46E
100
AcDbEntity
  8
WALL
100
AcDbLine
 10
7925
 20
15000
 30
0
 11
8075
 21
15150
 31
0
  0
LINE
  5
46F
100
AcDbEntity
  8
WALL
100
AcDbLine
 10
7925
 20
15150
 30
0
 11
8075
 21
15300
 31
0
  0
LINE
  5
470
100
AcDbEntity
  8
WALL
100
AcDbLine
 10
7925
 20
15300
 30
0
 11
8075
 21
15450
 31
0
  0
LINE
  5
471
100
AcDbEntity
  8
WALL
100
AcDbLine
 10
7925
 20
15450
 30
0
 11
8075
 21
15600
 31
0
  0
LINE
  5
472
100
AcDbEntity
  8
WALL
100
AcDbLine
 10
7925
 20
15600
 30
0
 11
8075
 21
15750
 31
0
  0
LINE
  5
473
100
AcDbEntity
  8
WALL
100
AcDbLine
 10
7925
 20
15750
 30
0
 11
8075
 21
15900
 31
0
  0
LINE
  5
474
100
AcDbEntity
  8
WALL
100
AcDbLine
370
50
 10
7925
 20
11550
 30
0
 11
8075
 21
11550
 31
0
  0
LINE
  5
475
100
AcDbEntity
  8
WALL
100
AcDbLine
370
50
 10
7925
 20
12450
 30
0
 11
8075
 21
12450
 31
0
  0
LINE
  5
476
100
AcDbEntity
  8
WALL
100
AcDbLine
370
50
 10
7925
 20
16000
 30
0
 11
7925
 21
19550
 31
0
  0
LINE
  5
477
100
AcDbEntity
  8
WALL
100
AcDbLine
370
50
 10
8075
 20
19550
 30
0
 11
8075
 21
16000
 31
0
  0
LINE
  5
478
100
AcDbEntity
  8
WALL
100
AcDbLine
 10
7925
 20
16000
 30
0
 11
8075
 21
16150
 31
0
  0
LINE
  5
479
100
AcDbEntity
  8
WALL
100
AcDbLine
 10
7925
 20
16150
 30
0
 11
8075
 21
16300
 31
0
  0
LINE
  5
47A
100
AcDbEntity
  8
WALL
100
AcDbLine
 10
7925
 20
16300
 30
0
 11
8075
 21
16450
 31
0
  0
LINE
  5
47B
100
AcDbEntity
  8
WALL
100
AcDbLine
 10
7925
 20
16450
 30
0
 11
8075
 21
16600
 31
0
  0
LINE
  5
47C
100
AcDbEntity
  8
WALL
100
AcDbLine
 10
7925
 20
16600
 30
0
 11
8075
 21
16750
 31
0
  0
LINE
  5
47D
100
AcDbEntity
  8
WALL
100
AcDbLine
 10
7925
 20
16750
 30
0
 11
8075
 21
16900
 31
0
  0
LINE
  5
47E
100
AcDbEntity
  8
WALL
100
AcDbLine
 10
7925
 20
16900
 30
0
 11
8075
 21
17050
 31
0
  0
LINE
  5
47F
100
AcDbEntity
  8
WALL
100
AcDbLine
 10
7925
 20
17050
 30
0
 11
8075
 21
17200
 31
0
  0
LINE
  5
480
100
AcDbEntity
  8
WALL
100
AcDbLine
 10
7925
 20
17200
 30
0
 11
8075
 21
17350
 31
0
  0
LINE
  5
481
100
AcDbEntity
  8
WALL
100
AcDbLine
 10
7925
 20
17350
 30
0
 11
8075
 21
17500
 31
0
  0
LINE
  5
482
100
AcDbEntity
  8
WALL
100
AcDbLine
 10
7925
 20
17500
 30
0
 11
8075
 21
17650
 31
0
  0
LINE
  5
483
100
AcDbEntity
  8
WALL
100
AcDbLine
 10
7925
 20
17650
 30
0
 11
8075
 21
17800
 31
0
  0
LINE
  5
484
100
AcDbEntity
  8
WALL
100
AcDbLine
 10
7925
 20
17800
 30
0
 11
8075
 21
17950
 31
0
  0
LINE
  5
485
100
AcDbEntity
  8
WALL
100
AcDbLine
 10
7925
 20
17950
 30
0
 11
8075
 21
18100
 31
0
  0
LINE
  5
486
100
AcDbEntity
  8
WALL
100
AcDbLine
 10
7925
 20
18100
 30
0
 11
8075
 21
18250
 31
0
  0
LINE
  5
487
100
AcDbEntity
  8
WALL
100
AcDbLine
 10
7925
 20
18250
 30
0
 11
8075
 21
18400
 31
0
  0
LINE
  5
488
100
AcDbEntity
  8
WALL
100
AcDbLine
 10
7925
 20
18400
 30
0
 11
8075
 21
18550
 31
0
  0
LINE
  5
489
100
AcDbEntity
  8
WALL
100
AcDbLine
 10
7925
 20
18550
 30
0
 11
8075
 21
18700
 31
0
  0
LINE
  5
48A
100
AcDbEntity
  8
WALL
100
AcDbLine
 10
7925
 20
18700
 30
0
 11
8075
 21
18850
 31
0
  0
LINE
  5
48B
100
AcDbEntity
  8
WALL
100
AcDbLine
 10
7925
 20
18850
 30
0
 11
8075
 21
19000
 31
0
  0
LINE
  5
48C
100
AcDbEntity
  8
WALL
100
AcDbLine
 10
7925
 20
19000
 30
0
 11
8075
 21
19150
 31
0
  0
LINE
  5
48D
100
AcDbEntity
  8
WALL
100
AcDbLine
 10
7925
 20
19150
 30
0
 11
8075
 21
19300
 31
0
  0
LINE
  5
48E
100
AcDbEntity
  8
WALL
100
AcDbLine
 10
7925
 20
19300
 30
0
 11
8075
 21
19450
 31
0
  0
LINE
  5
48F
100
AcDbEntity
  8
WALL
100
AcDbLine
370
50
 10
7925
 20
20450
 30
0
 11
7925
 21
24000
 31
0
  0
LINE
  5
490
100
AcDbEntity
  8
WALL
100
AcDbLine
370
50
 10
8075
 20
24000
 30
0
 11
8075
 21
20450
 31
0
  0
LINE
  5
491
100
AcDbEntity
  8
WALL
100
AcDbLine
 10
7925
 20
20450
 30
0
 11
8075
 21
20600
 31
0
  0
LINE
  5
492
100
AcDbEntity
  8
WALL
100
AcDbLine
 10
7925
 20
20600
 30
0
 11
8075
 21
20750
 31
0
  0
LINE
  5
493
100
AcDbEntity
  8
WALL
100
AcDbLine
 10
7925
 20
20750
 30
0
 11
8075
 21
20900
 31
0
  0
LINE
  5
494
100
AcDbEntity
  8
WALL
100
AcDbLine
 10
7925
 20
20900
 30
0
 11
8075
 21
21050
 31
0
  0
LINE
  5
495
100
AcDbEntity
  8
WALL
100
AcDbLine
 10
7925
 20
21050
 30
0
 11
8075
 21
21200
 31
0
  0
LINE
  5
496
100
AcDbEntity
  8
WALL
100
AcDbLine
 10
7925
 20
21200
 30
0
 11
8075
 21
21350
 31
0
  0
LINE
  5
497
100
AcDbEntity
  8
WALL
100
AcDbLine
 10
7925
 20
21350
 30
0
 11
8075
 21
21500
 31
0
  0
LINE
  5
498
100
AcDbEntity
  8
WALL
100
AcDbLine
 10
7925
 20
21500
 30
0
 11
8075
 21
21650
 31
0
  0
LINE
  5
499
100
AcDbEntity
  8
WALL
100
AcDbLine
 10
7925
 20
21650
 30
0
 11
8075
 21
21800
 31
0
  0
LINE
  5
49A
100
AcDbEntity
  8
WALL
100
AcDbLine
 10
7925
 20
21800
 30
0
 11
8075
 21
21950
 31
0
  0
LINE
  5
49B
100
AcDbEntity
  8
WALL
100
AcDbLine
 10
7925
 20
21950
 30
0
 11
8075
 21
22100
 31
0
  0
LINE
  5
49C
100
AcDbEntity
  8
WALL
100
AcDbLine
 10
7925
 20
22100
 30
0
 11
8075
 21
22250
 31
0
  0
LINE
  5
49D
100
AcDbEntity
  8
WALL
100
AcDbLine
 10
7925
 20
22250
 30
0
 11
8075
 21
22400
 31
0
  0
LINE
  5
49E
100
AcDbEntity
  8
WALL
100
AcDbLine
 10
7925
 20
22400
 30
0
 11
8075
 21
22550
 31
0
  0
LINE
  5
49F
100
AcDbEntity
  8
WALL
100
AcDbLine
 10
7925
 20
22550
 30
0
 11
8075
 21
22700
 31
0
  0
LINE
  5
4A0
100
AcDbEntity
  8
WALL
100
AcDbLine
 10
7925
 20
22700
 30
0
 11
8075
 21
22850
 31
0
  0
LINE
  5
4A1
100
AcDbEntity
  8
WALL
100
AcDbLine
 10
7925
 20
22850
 30
0
 11
8075
 21
23000
 31
0
  0
LINE
  5
4A2
100
AcDbEntity
  8
WALL
100
AcDbLine
 10
7925
 20
23000
 30
0
 11
8075
 21
23150
 31
0
  0
LINE
  5
4A3
100
AcDbEntity
  8
WALL
100
AcDbLine
 10
7925
 20
23150
 30
0
 11
8075
 21
23300
 31
0
  0
LINE
  5
4A4
100
AcDbEntity
  8
WALL
100
AcDbLine
 10
7925
 20
23300
 30
0
 11
8075
 21
23450
 31
0
  0
LINE
  5
4A5
100
AcDbEntity
  8
WALL
100
AcDbLine
 10
7925
 20
23450
 30
0
 11
8075
 21
23600
 31
0
  0
LINE
  5
4A6
100
AcDbEntity
  8
WALL
100
AcDbLine
 10
7925
 20
23600
 30
0
 11
8075
 21
23750
 31
0
  0
LINE
  5
4A7
100
AcDbEntity
  8
WALL
100
AcDbLine
 10
7925
 20
23750
 30
0
 11
8075
 21
23900
 31
0
  0
LINE
  5
4A8
100
AcDbEntity
  8
WALL
100
AcDbLine
370
50
 10
7925
 20
19550
 30
0
 11
8075
 21
19550
 31
0
  0
LINE
  5
4A9
100
AcDbEntity
  8
WALL
100
AcDbLine
370
50
 10
7925
 20
20450
 30
0
 11
8075
 21
20450
 31
0
  0
LINE
  5
4AA
100
AcDbEntity
  8
WALL
100
AcDbLine
370
50
 10
11925
 20
0
 30
0
 11
11925
 21
8000
 31
0
  0
LINE
  5
4AB
100
AcDbEntity
  8
WALL
100
AcDbLine
370
50
 10
12075
 20
8000
 30
0
 11
12075
 21
0
 31
0
  0
LINE
  5
4AC
100
AcDbEntity
  8
WALL
100
AcDbLine
 10
11925
 20
0
 30
0
 11
12075
 21
150
 31
0
  0
LINE
  5
4AD
100
AcDbEntity
  8
WALL
100
AcDbLine
 10
11925
 20
150
 30
0
 11
12075
 21
300
 31
0
  0
LINE
  5
4AE
100
AcDbEntity
  8
WALL
100
AcDbLine
 10
11925
 20
300
 30
0
 11
12075
 21
450
 31
0
  0
LINE
  5
4AF
100
AcDbEntity
  8
WALL
100
AcDbLine
 10
11925
 20
450
 30
0
 11
12075
 21
600
 31
0
  0
LINE
  5
4B0
100
AcDbEntity
  8
WALL
100
AcDbLine
 10
11925
 20
600
 30
0
 11
12075
 21
750
 31
0
  0
LINE
  5
4B1
100
AcDbEntity
  8
WALL
100
AcDbLine
 10
11925
 20
750
 30
0
 11
12075
 21
900
 31
0
  0
LINE
  5
4B2
100
AcDbEntity
  8
WALL
100
AcDbLine
 10
11925
 20
900
 30
0
 11
12075
 21
1050
 31
0
  0
LINE
  5
4B3
100
AcDbEntity
  8
WALL
100
AcDbLine
 10
11925
 20
1050
 30
0
 11
12075
 21
1200
 31
0
  0
LINE
  5
4B4
100
AcDbEntity
  8
WALL
100
AcDbLine
 10
11925
 20
1200
 30
0
 11
12075
 21
1350
 31
0
  0
LINE
  5
4B5
100
AcDbEntity
  8
WALL
100
AcDbLine
 10
11925
 20
1350
 30
0
 11
12075
 21
1500
 31
0
  0
LINE
  5
4B6
100
AcDbEntity
  8
WALL
100
AcDbLine
 10
11925
 20
1500
 30
0
 11
12075
 21
1650
 31
0
  0
LINE
  5
4B7
100
AcDbEntity
  8
WALL
100
AcDbLine
 10
11925
 20
1650
 30
0
 11
12075
 21
1800
 31
0
  0
LINE
  5
4B8
100
AcDbEntity
  8
WALL
100
AcDbLine
 10
11925
 20
1800
 30
0
 11
12075
 21
1950
 31
0
  0
LINE
  5
4B9
100
AcDbEntity
  8
WALL
100
AcDbLine
 10
11925
 20
1950
 30
0
 11
12075
 21
2100
 31
0
  0
LINE
  5
4BA
100
AcDbEntity
  8
WALL
100
AcDbLine
 10
11925
 20
2100
 30
0
 11
12075
 21
2250
 31
0
  0
LINE
  5
4BB
100
AcDbEntity
  8
WALL
100
AcDbLine
 10
11925
 20
2250
 30
0
 11
12075
 21
2400
 31
0
  0
LINE
  5
4BC
100
AcDbEntity
  8
WALL
100
AcDbLine
 10
11925
 20
2400
 30
0
 11
12075
 21
2550
 31
0
  0
LINE
  5
4BD
100
AcDbEntity
  8
WALL
100
AcDbLine
 10
11925
 20
2550
 30
0
 11
12075
 21
2700
 31
0
  0
LINE
  5
4BE
100
AcDbEntity
  8
WALL
100
AcDbLine
 10
11925
 20
2700
 30
0
 11
12075
 21
2850
 31
0
  0
LINE
  5
4BF
100
AcDbEntity
  8
WALL
100
AcDbLine
 10
11925
 20
2850
 30
0
 11
12075
 21
3000
 31
0
  0
LINE
  5
4C0
100
AcDbEntity
  8
WALL
100
AcDbLine
 10
11925
 20
3000
 30
0
 11
12075
 21
3150
 31
0
  0
LINE
  5
4C1
100
AcDbEntity
  8
WALL
100
AcDbLine
 10
11925
 20
3150
 30
0
 11
12075
 21
3300
 31
0
  0
LINE
  5
4C2
100
AcDbEntity
  8
WALL
100
AcDbLine
 10
11925
 20
3300
 30
0
 11
12075
 21
3450
 31
0
  0
LINE
  5
4C3
100
AcDbEntity
  8
WALL
100
AcDbLine
 10
11925
 20
3450
 30
0
 11
12075
 21
3600
 31
0
  0
LINE
  5
4C4
100
AcDbEntity
  8
WALL
100
AcDbLine
 10
11925
 20
3600
 30
0
 11
12075
 21
3750
 31
0
  0
LINE
  5
4C5
100
AcDbEntity
  8
WALL
100
AcDbLine
 10
11925
 20
3750
 30
0
 11
12075
 21
3900
 31
0
  0
LINE
  5
4C6
100
AcDbEntity
  8
WALL
100
AcDbLine
 10
11925
 20
3900
 30
0
 11
12075
 21
4050
 31
0
  0
LINE
  5
4C7
100
AcDbEntity
  8
WALL
100
AcDbLine
 10
11925
 20
4050
 30
0
 11
12075
 21
4200
 31
0
  0
LINE
  5
4C8
100
AcDbEntity
  8
WALL
100
AcDbLine
 10
11925
 20
4200
 30
0
 11
12075
 21
4350
 31
0
  0
LINE
  5
4C9
100
AcDbEntity
  8
WALL
100
AcDbLine
 10
11925
 20
4350
 30
0
 11
12075
 21
4500
 31
0
  0
LINE
  5
4CA
100
AcDbEntity
  8
WALL
100
AcDbLine
 10
11925
 20
4500
 30
0
 11
12075
 21
4650
 31
0
  0
LINE
  5
4CB
100
AcDbEntity
  8
WALL
100
AcDbLine
 10
11925
 20
4650
 30
0
 11
12075
 21
4800
 31
0
  0
LINE
  5
4CC
100
AcDbEntity
  8
WALL
100
AcDbLine
 10
11925
 20
4800
 30
0
 11
12075
 21
4950
 31
0
  0
LINE
  5
4CD
100
AcDbEntity
  8
WALL
100
AcDbLine
 10
11925
 20
4950
 30
0
 11
12075
 21
5100
 31
0
  0
LINE
  5
4CE
100
AcDbEntity
  8
WALL
100
AcDbLine
 10
11925
 20
5100
 30
0
 11
12075
 21
5250
 31
0
  0
LINE
  5
4CF
100
AcDbEntity
  8
WALL
100
AcDbLine
 10
11925
 20
5250
 30
0
 11
12075
 21
5400
 31
0
  0
LINE
  5
4D0
100
AcDbEntity
  8
WALL
100
AcDbLine
 10
11925
 20
5400
 30
0
 11
12075
 21
5550
 31
0
  0
LINE
  5
4D1
100
AcDbEntity
  8
WALL
100
AcDbLine
 10
11925
 20
5550
 30
0
 11
12075
 21
5700
 31
0
  0
LINE
  5
4D2
100
AcDbEntity
  8
WALL
100
AcDbLine
 10
11925
 20
5700
 30
0
 11
12075
 21
5850
 31
0
  0
LINE
  5
4D3
100
AcDbEntity
  8
WALL
100
AcDbLine
 10
11925
 20
5850
 30
0
 11
12075
 21
6000
 31
0
  0
LINE
  5
4D4
100
AcDbEntity
  8
WALL
100
AcDbLine
 10
11925
 20
6000
 30
0
 11
12075
 21
6150
 31
0
  0
LINE
  5
4D5
100
AcDbEntity
  8
WALL
100
AcDbLine
 10
11925
 20
6150
 30
0
 11
12075
 21
6300
 31
0
  0
LINE
  5
4D6
100
AcDbEntity
  8
WALL
100
AcDbLine
 10
11925
 20
6300
 30
0
 11
12075
 21
6450
 31
0
  0
LINE
  5
4D7
100
AcDbEntity
  8
WALL
100
AcDbLine
 10
11925
 20
6450
 30
0
 11
12075
 21
6600
 31
0
  0
LINE
  5
4D8
100
AcDbEntity
  8
WALL
100
AcDbLine
 10
11925
 20
6600
 30
0
 11
12075
 21
6750
 31
0
  0
LINE
  5
4D9
100
AcDbEntity
  8
WALL
100
AcDbLine
 10
11925
 20
6750
 30
0
 11
12075
 21
6900
 31
0
  0
LINE
  5
4DA
100
AcDbEntity
  8
WALL
100
AcDbLine
 10
11925
 20
6900
 30
0
 11
12075
 21
7050
 31
0
  0
LINE
  5
4DB
100
AcDbEntity
  8
WALL
100
AcDbLine
 10
11925
 20
7050
 30
0
 11
12075
 21
7200
 31
0
  0
LINE
  5
4DC
100
AcDbEntity
  8
WALL
100
AcDbLine
 10
11925
 20
7200
 30
0
 11
12075
 21
7350
 31
0
  0
LINE
  5
4DD
100
AcDbEntity
  8
WALL
100
AcDbLine
 10
11925
 20
7350
 30
0
 11
12075
 21
7500
 31
0
  0
LINE
  5
4DE
100
AcDbEntity
  8
WALL
100
AcDbLine
 10
11925
 20
7500
 30
0
 11
12075
 21
7650
 31
0
  0
LINE
  5
4DF
100
AcDbEntity
  8
WALL
100
AcDbLine
 10
11925
 20
7650
 30
0
 11
12075
 21
7800
 31
0
  0
LINE
  5
4E0
100
AcDbEntity
  8
WALL
100
AcDbLine
 10
11925
 20
7800
 30
0
 11
12075
 21
7950
 31
0
  0
LINE
  5
4E1
100
AcDbEntity
  8
WALL
100
AcDbLine
370
50
 10
11925
 20
8000
 30
0
 11
11925
 21
16000
 31
0
  0
LINE
  5
4E2
100
AcDbEntity
  8
WALL
100
AcDbLine
370
50
 10
12075
 20
16000
 30
0
 11
12075
 21
8000
 31
0
  0
LINE
  5
4E3
100
AcDbEntity
  8
WALL
100
AcDbLine
 10
11925
 20
8000
 30
0
 11
12075
 21
8150
 31
0
  0
LINE
  5
4E4
100
AcDbEntity
  8
WALL
100
AcDbLine
 10
11925
 20
8150
 30
0
 11
12075
 21
8300
 31
0
  0
LINE
  5
4E5
100
AcDbEntity
  8
WALL
100
AcDbLine
 10
11925
 20
8300
 30
0
 11
12075
 21
8450
 31
0
  0
LINE
  5
4E6
100
AcDbEntity
  8
WALL
100
AcDbLine
 10
11925
 20
8450
 30
0
 11
12075
 21
8600
 31
0
  0
LINE
  5
4E7
100
AcDbEntity
  8
WALL
100
AcDbLine
 10
11925
 20
8600
 30
0
 11
12075
 21
8750
 31
0
  0
LINE
  5
4E8
100
AcDbEntity
  8
WALL
100
AcDbLine
 10
11925
 20
8750
 30
0
 11
12075
 21
8900
 31
0
  0
LINE
  5
4E9
100
AcDbEntity
  8
WALL
100
AcDbLine
 10
11925
 20
8900
 30
0
 11
12075
 21
9050
 31
0
  0
LINE
  5
4EA
100
AcDbEntity
  8
WALL
100
AcDbLine
 10
11925
 20
9050
 30
0
 11
12075
 21
9200
 31
0
  0
LINE
  5
4EB
100
AcDbEntity
  8
WALL
100
AcDbLine
 10
11925
 20
9200
 30
0
 11
12075
 21
9350
 31
0
  0
LINE
  5
4EC
100
AcDbEntity
  8
WALL
100
AcDbLine
 10
11925
 20
9350
 30
0
 11
12075
 21
9500
 31
0
  0
LINE
  5
4ED
100
AcDbEntity
  8
WALL
100
AcDbLine
 10
11925
 20
9500
 30
0
 11
12075
 21
9650
 31
0
  0
LINE
  5
4EE
100
AcDbEntity
  8
WALL
100
AcDbLine
 10
11925
 20
9650
 30
0
 11
12075
 21
9800
 31
0
  0
LINE
  5
4EF
100
AcDbEntity
  8
WALL
100
AcDbLine
 10
11925
 20
9800
 30
0
 11
12075
 21
9950
 31
0
  0
LINE
  5
4F0
100
AcDbEntity
  8
WALL
100
AcDbLine
 10
11925
 20
9950
 30
0
 11
12075
 21
10100
 31
0
  0
LINE
  5
4F1
100
AcDbEntity
  8
WALL
100
AcDbLine
 10
11925
 20
10100
 30
0
 11
12075
 21
10250
 31
0
  0
LINE
  5
4F2
100
AcDbEntity
  8
WALL
100
AcDbLine
 10
11925
 20
10250
 30
0
 11
12075
 21
10400
 31
0
  0
LINE
  5
4F3
100
AcDbEntity
  8
WALL
100
AcDbLine
 10
11925
 20
10400
 30
0
 11
12075
 21
10550
 31
0
  0
LINE
  5
4F4
100
AcDbEntity
  8
WALL
100
AcDbLine
 10
11925
 20
10550
 30
0
 11
12075
 21
10700
 31
0
  0
LINE
  5
4F5
100
AcDbEntity
  8
WALL
100
AcDbLine
 10
11925
 20
10700
 30
0
 11
12075
 21
10850
 31
0
  0
LINE
  5
4F6
100
AcDbEntity
  8
WALL
100
AcDbLine
 10
11925
 20
10850
 30
0
 11
12075
 21
11000
 31
0
  0
LINE
  5
4F7
100
AcDbEntity
  8
WALL
100
AcDbLine
 10
11925
 20
11000
 30
0
 11
12075
 21
11150
 31
0
  0
LINE
  5
4F8
100
AcDbEntity
  8
WALL
100
AcDbLine
 10
11925
 20
11150
 30
0
 11
12075
 21
11300
 31
0
  0
LINE
  5
4F9
100
AcDbEntity
  8
WALL
100
AcDbLine
 10
11925
 20
11300
 30
0
 11
12075
 21
11450
 31
0
  0
LINE
  5
4FA
100
AcDbEntity
  8
WALL
100
AcDbLine
 10
11925
 20
11450
 30
0
 11
12075
 21
11600
 31
0
  0
LINE
  5
4FB
100
AcDbEntity
  8
WALL
100
AcDbLine
 10
11925
 20
11600
 30
0
 11
12075
 21
11750
 31
0
  0
LINE
  5
4FC
100
AcDbEntity
  8
WALL
100
AcDbLine
 10
11925
 20
11750
 30
0
 11
12075
 21
11900
 31
0
  0
LINE
  5
4FD
100
AcDbEntity
  8
WALL
100
AcDbLine
 10
11925
 20
11900
 30
0
 11
12075
 21
12050
 31
0
  0
LINE
  5
4FE
100
AcDbEntity
  8
WALL
100
AcDbLine
 10
11925
 20
12050
 30
0
 11
12075
 21
12200
 31
0
  0
LINE
  5
4FF
100
AcDbEntity
  8
WALL
100
AcDbLine
 10
11925
 20
12200
 30
0
 11
12075
 21
12350
 31
0
  0
LINE
  5
500
100
AcDbEntity
  8
WALL
100
AcDbLine
 10
11925
 20
12350
 30
0
 11
12075
 21
12500
 31
0
  0
LINE
  5
501
100
AcDbEntity
  8
WALL
100
AcDbLine
 10
11925
 20
12500
 30
0
 11
12075
 21
12650
 31
0
  0
LINE
  5
502
100
AcDbEntity
  8
WALL
100
AcDbLine
 10
11925
 20
12650
 30
0
 11
12075
 21
12800
 31
0
  0
LINE
  5
503
100
AcDbEntity
  8
WALL
100
AcDbLine
 10
11925
 20
12800
 30
0
 11
12075
 21
12950
 31
0
  0
LINE
  5
504
100
AcDbEntity
  8
WALL
100
AcDbLine
 10
11925
 20
12950
 30
0
 11
12075
 21
13100
 31
0
  0
LINE
  5
505
100
AcDbEntity
  8
WALL
100
AcDbLine
 10
11925
 20
13100
 30
0
 11
12075
 21
13250
 31
0
  0
LINE
  5
506
100
AcDbEntity
  8
WALL
100
AcDbLine
 10
11925
 20
13250
 30
0
 11
12075
 21
13400
 31
0
  0
LINE
  5
507
100
AcDbEntity
  8
WALL
100
AcDbLine
 10
11925
 20
13400
 30
0
 11
12075
 21
13550
 31
0
  0
LINE
  5
508
100
AcDbEntity
  8
WALL
100
AcDbLine
 10
11925
 20
13550
 30
0
 11
12075
 21
13700
 31
0
  0
LINE
  5
509
100
AcDbEntity
  8
WALL
100
AcDbLine
 10
11925
 20
13700
 30
0
 11
12075
 21
13850
 31
0
  0
LINE
  5
50A
100
AcDbEntity
  8
WALL
100
AcDbLine
 10
11925
 20
13850
 30
0
 11
12075
 21
14000
 31
0
  0
LINE
  5
50B
100
AcDbEntity
  8
WALL
100
AcDbLine
 10
11925
 20
14000
 30
0
 11
12075
 21
14150
 31
0
  0
LINE
  5
50C
100
AcDbEntity
  8
WALL
100
AcDbLine
 10
11925
 20
14150
 30
0
 11
12075
 21
14300
 31
0
  0
LINE
  5
50D
100
AcDbEntity
  8
WALL
100
AcDbLine
 10
11925
 20
14300
 30
0
 11
12075
 21
14450
 31
0
  0
LINE
  5
50E
100
AcDbEntity
  8
WALL
100
AcDbLine
 10
11925
 20
14450
 30
0
 11
12075
 21
14600
 31
0
  0
LINE
  5
50F
100
AcDbEntity
  8
WALL
100
AcDbLine
 10
11925
 20
14600
 30
0
 11
12075
 21
14750
 31
0
  0
LINE
  5
510
100
AcDbEntity
  8
WALL
100
AcDbLine
 10
11925
 20
14750
 30
0
 11
12075
 21
14900
 31
0
  0
LINE
  5
511
100
AcDbEntity
  8
WALL
100
AcDbLine
 10
11925
 20
14900
 30
0
 11
12075
 21
15050
 31
0
  0
LINE
  5
512
100
AcDbEntity
  8
WALL
100
AcDbLine
 10
11925
 20
15050
 30
0
 11
12075
 21
15200
 31
0
  0
LINE
  5
513
100
AcDbEntity
  8
WALL
100
AcDbLine
 10
11925
 20
15200
 30
0
 11
12075
 21
15350
 31
0
  0
LINE
  5
514
100
AcDbEntity
  8
WALL
100
AcDbLine
 10
11925
 20
15350
 30
0
 11
12075
 21
15500
 31
0
  0
LINE
  5
515
100
AcDbEntity
  8
WALL
100
AcDbLine
 10
11925
 20
15500
 30
0
 11
12075
 21
15650
 31
0
  0
LINE
  5
516
100
AcDbEntity
  8
WALL
100
AcDbLine
 10
11925
 20
15650
 30
0
 11
12075
 21
15800
 31
0
  0
LINE
  5
517
100
AcDbEntity
  8
WALL
100
AcDbLine
 10
11925
 20
15800
 30
0
 11
12075
 21
15950
 31
0
  0
LINE
  5
518
100
AcDbEntity
  8
WALL
100
AcDbLine
370
50
 10
11925
 20
16000
 30
0
 11
11925
 21
24000
 31
0
  0
LINE
  5
519
100
AcDbEntity
  8
WALL
100
AcDbLine
370
50
 10
12075
 20
24000
 30
0
 11
12075
 21
16000
 31
0
  0
LINE
  5
51A
100
AcDbEntity
  8
WALL
100
AcDbLine
 10
11925
 20
16000
 30
0
 11
12075
 21
16150
 31
0
  0
LINE
  5
51B
100
AcDbEntity
  8
WALL
100
AcDbLine
 10
11925
 20
16150
 30
0
 11
12075
 21
16300
 31
0
  0
LINE
  5
51C
100
AcDbEntity
  8
WALL
100
AcDbLine
 10
11925
 20
16300
 30
0
 11
12075
 21
16450
 31
0
  0
LINE
  5
51D
100
AcDbEntity
  8
WALL
100
AcDbLine
 10
11925
 20
16450
 30
0
 11
12075
 21
16600
 31
0
  0
LINE
  5
51E
100
AcDbEntity
  8
WALL
100
AcDbLine
 10
11925
 20
16600
 30
0
 11
12075
 21
16750
 31
0
  0
LINE
  5
51F
100
AcDbEntity
  8
WALL
100
AcDbLine
 10
11925
 20
16750
 30
0
 11
12075
 21
16900
 31
0
  0
LINE
  5
520
100
AcDbEntity
  8
WALL
100
AcDbLine
 10
11925
 20
16900
 30
0
 11
12075
 21
17050
 31
0
  0
LINE
  5
521
100
AcDbEntity
  8
WALL
100
AcDbLine
 10
11925
 20
17050
 30
0
 11
12075
 21
17200
 31
0
  0
LINE
  5
522
100
AcDbEntity
  8
WALL
100
AcDbLine
 10
11925
 20
17200
 30
0
 11
12075
 21
17350
 31
0
  0
LINE
  5
523
100
AcDbEntity
  8
WALL
100
AcDbLine
 10
11925
 20
17350
 30
0
 11
12075
 21
17500
 31
0
  0
LINE
  5
524
100
AcDbEntity
  8
WALL
100
AcDbLine
 10
11925
 20
17500
 30
0
 11
12075
 21
17650
 31
0
  0
LINE
  5
525
100
AcDbEntity
  8
WALL
100
AcDbLine
 10
11925
 20
17650
 30
0
 11
12075
 21
17800
 31
0
  0
LINE
  5
526
100
AcDbEntity
  8
WALL
100
AcDbLine
 10
11925
 20
17800
 30
0
 11
12075
 21
17950
 31
0
  0
LINE
  5
527
100
AcDbEntity
  8
WALL
100
AcDbLine
 10
11925
 20
17950
 30
0
 11
12075
 21
18100
 31
0
  0
LINE
  5
528
100
AcDbEntity
  8
WALL
100
AcDbLine
 10
11925
 20
18100
 30
0
 11
12075
 21
18250
 31
0
  0
LINE
  5
529
100
AcDbEntity
  8
WALL
100
AcDbLine
 10
11925
 20
18250
 30
0
 11
12075
 21
18400
 31
0
  0
LINE
  5
52A
100
AcDbEntity
  8
WALL
100
AcDbLine
 10
11925
 20
18400
 30
0
 11
12075
 21
18550
 31
0
  0
LINE
  5
52B
100
AcDbEntity
  8
WALL
100
AcDbLine
 10
11925
 20
18550
 30
0
 11
12075
 21
18700
 31
0
  0
LINE
  5
52C
100
AcDbEntity
  8
WALL
100
AcDbLine
 10
11925
 20
18700
 30
0
 11
12075
 21
18850
 31
0
  0
LINE
  5
52D
100
AcDbEntity
  8
WALL
100
AcDbLine
 10
11925
 20
18850
 30
0
 11
12075
 21
19000
 31
0
  0
LINE
  5
52E
100
AcDbEntity
  8
WALL
100
AcDbLine
 10
11925
 20
19000
 30
0
 11
12075
 21
19150
 31
0
  0
LINE
  5
52F
100
AcDbEntity
  8
WALL
100
AcDbLine
 10
11925
 20
19150
 30
0
 11
12075
 21
19300
 31
0
  0
LINE
  5
530
100
AcDbEntity
  8
WALL
100
AcDbLine
 10
11925
 20
19300
 30
0
 11
12075
 21
19450
 31
0
  0
LINE
  5
531
100
AcDbEntity
  8
WALL
100
AcDbLine
 10
11925
 20
19450
 30
0
 11
12075
 21
19600
 31
0
  0
LINE
  5
532
100
AcDbEntity
  8
WALL
100
AcDbLine
 10
11925
 20
19600
 30
0
 11
12075
 21
19750
 31
0
  0
LINE
  5
533
100
AcDbEntity
  8
WALL
100
AcDbLine
 10
11925
 20
19750
 30
0
 11
12075
 21
19900
 31
0
  0
LINE
  5
534
100
AcDbEntity
  8
WALL
100
AcDbLine
 10
11925
 20
19900
 30
0
 11
12075
 21
20050
 31
0
  0
LINE
  5
535
100
AcDbEntity
  8
WALL
100
AcDbLine
 10
11925
 20
20050
 30
0
 11
12075
 21
20200
 31
0
  0
LINE
  5
536
100
AcDbEntity
  8
WALL
100
AcDbLine
 10
11925
 20
20200
 30
0
 11
12075
 21
20350
 31
0
  0
LINE
  5
537
100
AcDbEntity
  8
WALL
100
AcDbLine
 10
11925
 20
20350
 30
0
 11
12075
 21
20500
 31
0
  0
LINE
  5
538
100
AcDbEntity
  8
WALL
100
AcDbLine
 10
11925
 20
20500
 30
0
 11
12075
 21
20650
 31
0
  0
LINE
  5
539
100
AcDbEntity
  8
WALL
100
AcDbLine
 10
11925
 20
20650
 30
0
 11
12075
 21
20800
 31
0
  0
LINE
  5
53A
100
AcDbEntity
  8
WALL
100
AcDbLine
 10
11925
 20
20800
 30
0
 11
12075
 21
20950
 31
0
  0
LINE
  5
53B
100
AcDbEntity
  8
WALL
100
AcDbLine
 10
11925
 20
20950
 30
0
 11
12075
 21
21100
 31
0
  0
LINE
  5
53C
100
AcDbEntity
  8
WALL
100
AcDbLine
 10
11925
 20
21100
 30
0
 11
12075
 21
21250
 31
0
  0
LINE
  5
53D
100
AcDbEntity
  8
WALL
100
AcDbLine
 10
11925
 20
21250
 30
0
 11
12075
 21
21400
 31
0
  0
LINE
  5
53E
100
AcDbEntity
  8
WALL
100
AcDbLine
 10
11925
 20
21400
 30
0
 11
12075
 21
21550
 31
0
  0
LINE
  5
53F
100
AcDbEntity
  8
WALL
100
AcDbLine
 10
11925
 20
21550
 30
0
 11
12075
 21
21700
 31
0
  0
LINE
  5
540
100
AcDbEntity
  8
WALL
100
AcDbLine
 10
11925
 20
21700
 30
0
 11
12075
 21
21850
 31
0
  0
LINE
  5
541
100
AcDbEntity
  8
WALL
100
AcDbLine
 10
11925
 20
21850
 30
0
 11
12075
 21
22000
 31
0
  0
LINE
  5
542
100
AcDbEntity
  8
WALL
100
AcDbLine
 10
11925
 20
22000
 30
0
 11
12075
 21
22150
 31
0
  0
LINE
  5
543
100
AcDbEntity
  8
WALL
100
AcDbLine
 10
11925
 20
22150
 30
0
 11
12075
 21
22300
 31
0
  0
LINE
  5
544
100
AcDbEntity
  8
WALL
100
AcDbLine
 10
11925
 20
22300
 30
0
 11
12075
 21
22450
 31
0
  0
LINE
  5
545
100
AcDbEntity
  8
WALL
100
AcDbLine
 10
11925
 20
22450
 30
0
 11
12075
 21
22600
 31
0
  0
LINE
  5
546
100
AcDbEntity
  8
WALL
100
AcDbLine
 10
11925
 20
22600
 30
0
 11
12075
 21
22750
 31
0
  0
LINE
  5
547
100
AcDbEntity
  8
WALL
100
AcDbLine
 10
11925
 20
22750
 30
0
 11
12075
 21
22900
 31
0
  0
LINE
  5
548
100
AcDbEntity
  8
WALL
100
AcDbLine
 10
11925
 20
22900
 30
0
 11
12075
 21
23050
 31
0
  0
LINE
  5
549
100
AcDbEntity
  8
WALL
100
AcDbLine
 10
11925
 20
23050
 30
0
 11
12075
 21
23200
 31
0
  0
LINE
  5
54A
100
AcDbEntity
  8
WALL
100
AcDbLine
 10
11925
 20
23200
 30
0
 11
12075
 21
23350
 31
0
  0
LINE
  5
54B
100
AcDbEntity
  8
WALL
100
AcDbLine
 10
11925
 20
23350
 30
0
 11
12075
 21
23500
 31
0
  0
LINE
  5
54C
100
AcDbEntity
  8
WALL
100
AcDbLine
 10
11925
 20
23500
 30
0
 11
12075
 21
23650
 31
0
  0
LINE
  5
54D
100
AcDbEntity
  8
WALL
100
AcDbLine
 10
11925
 20
23650
 30
0
 11
12075
 21
23800
 31
0
  0
LINE
  5
54E
100
AcDbEntity
  8
WALL
100
AcDbLine
 10
11925
 20
23800
 30
0
 11
12075
 21
23950
 31
0
  0
LINE
  5
54F
100
AcDbEntity
  8
WALL
100
AcDbLine
370
50
 10
15925
 20
0
 30
0
 11
15925
 21
3550
 31
0
  0
LINE
  5
550
100
AcDbEntity
  8
WALL
100
AcDbLine
370
50
 10
16075
 20
3550
 30
0
 11
16075
 21
0
 31
0
  0
LINE
  5
551
100
AcDbEntity
  8
WALL
100
AcDbLine
 10
15925
 20
0
 30
0
 11
16075
 21
150
 31
0
  0
LINE
  5
552
100
AcDbEntity
  8
WALL
100
AcDbLine
 10
15925
 20
150
 30
0
 11
16075
 21
300
 31
0
  0
LINE
  5
553
100
AcDbEntity
  8
WALL
100
AcDbLine
 10
15925
 20
300
 30
0
 11
16075
 21
450
 31
0
  0
LINE
  5
554
100
AcDbEntity
  8
WALL
100
AcDbLine
 10
15925
 20
450
 30
0
 11
16075
 21
600
 31
0
  0
LINE
  5
555
100
AcDbEntity
  8
WALL
100
AcDbLine
 10
15925
 20
600
 30
0
 11
16075
 21
750
 31
0
  0
LINE
  5
556
100
AcDbEntity
  8
WALL
100
AcDbLine
 10
15925
 20
750
 30
0
 11
16075
 21
900
 31
0
  0
LINE
  5
557
100
AcDbEntity
  8
WALL
100
AcDbLine
 10
15925
 20
900
 30
0
 11
16075
 21
1050
 31
0
  0
LINE
  5
558
100
AcDbEntity
  8
WALL
100
AcDbLine
 10
15925
 20
1050
 30
0
 11
16075
 21
1200
 31
0
  0
LINE
  5
559
100
AcDbEntity
  8
WALL
100
AcDbLine
 10
15925
 20
1200
 30
0
 11
16075
 21
1350
 31
0
  0
LINE
  5
55A
100
AcDbEntity
  8
WALL
100
AcDbLine
 10
15925
 20
1350
 30
0
 11
16075
 21
1500
 31
0
  0
LINE
  5
55B
100
AcDbEntity
  8
WALL
100
AcDbLine
 10
15925
 20
1500
 30
0
 11
16075
 21
1650
 31
0
  0
LINE
  5
55C
100
AcDbEntity
  8
WALL
100
AcDbLine
 10
15925
 20
1650
 30
0
 11
16075
 21
1800
 31
0
  0
LINE
  5
55D
100
AcDbEntity
  8
WALL
100
AcDbLine
 10
15925
 20
1800
 30
0
 11
16075
 21
1950
 31
0
  0
LINE
  5
55E
100
AcDbEntity
  8
WALL
100
AcDbLine
 10
15925
 20
1950
 30
0
 11
16075
 21
2100
 31
0
  0
LINE
  5
55F
100
AcDbEntity
  8
WALL
100
AcDbLine
 10
15925
 20
2100
 30
0
 11
16075
 21
2250
 31
0
  0
LINE
  5
560
100
AcDbEntity
  8
WALL
100
AcDbLine
 10
15925
 20
2250
 30
0
 11
16075
 21
2400
 31
0
  0
LINE
  5
561
100
AcDbEntity
  8
WALL
100
AcDbLine
 10
15925
 20
2400
 30
0
 11
16075
 21
2550
 31
0
  0
LINE
  5
562
100
AcDbEntity
  8
WALL
100
AcDbLine
 10
15925
 20
2550
 30
0
 11
16075
 21
2700
 31
0
  0
LINE
  5
563
100
AcDbEntity
  8
WALL
100
AcDbLine
 10
15925
 20
2700
 30
0
 11
16075
 21
2850
 31
0
  0
LINE
  5
564
100
AcDbEntity
  8
WALL
100
AcDbLine
 10
15925
 20
2850
 30
0
 11
16075
 21
3000
 31
0
  0
LINE
  5
565
100
AcDbEntity
  8
WALL
100
AcDbLine
 10
15925
 20
3000
 30
0
 11
16075
 21
3150
 31
0
  0
LINE
  5
566
100
AcDbEntity
  8
WALL
100
AcDbLine
 10
15925
 20
3150
 30
0
 11
16075
 21
3300
 31
0
  0
LINE
  5
567
100
AcDbEntity
  8
WALL
100
AcDbLine
 10
15925
 20
3300
 30
0
 11
16075
 21
3450
 31
0
  0
LINE
  5
568
100
AcDbEntity
  8
WALL
100
AcDbLine
370
50
 10
15925
 20
4450
 30
0
 11
15925
 21
8000
 31
0
  0
LINE
  5
569
100
AcDbEntity
  8
WALL
100
AcDbLine
370
50
 10
16075
 20
8000
 30
0
 11
16075
 21
4450
 31
0
  0
LINE
  5
56A
100
AcDbEntity
  8
WALL
100
AcDbLine
 10
15925
 20
4450
 30
0
 11
16075
 21
4600
 31
0
  0
LINE
  5
56B
100
AcDbEntity
  8
WALL
100
AcDbLine
 10
15925
 20
4600
 30
0
 11
16075
 21
4750
 31
0
  0
LINE
  5
56C
100
AcDbEntity
  8
WALL
100
AcDbLine
 10
15925
 20
4750
 30
0
 11
16075
 21
4900
 31
0
  0
LINE
  5
56D
100
AcDbEntity
  8
WALL
100
AcDbLine
 10
15925
 20
4900
 30
0
 11
16075
 21
5050
 31
0
  0
LINE
  5
56E
100
AcDbEntity
  8
WALL
100
AcDbLine
 10
15925
 20
5050
 30
0
 11
16075
 21
5200
 31
0
  0
LINE
  5
56F
100
AcDbEntity
  8
WALL
100
AcDbLine
 10
15925
 20
5200
 30
0
 11
16075
 21
5350
 31
0
  0
LINE
  5
570
100
AcDbEntity
  8
WALL
100
AcDbLine
 10
15925
 20
5350
 30
0
 11
16075
 21
5500
 31
0
  0
LINE
  5
571
100
AcDbEntity
  8
WALL
100
AcDbLine
 10
15925
 20
5500
 30
0
 11
16075
 21
5650
 31
0
  0
LINE
  5
572
100
AcDbEntity
  8
WALL
100
AcDbLine
 10
15925
 20
5650
 30
0
 11
16075
 21
5800
 31
0
  0
LINE
  5
573
100
AcDbEntity
  8
WALL
100
AcDbLine
 10
15925
 20
5800
 30
0
 11
16075
 21
5950
 31
0
  0
LINE
  5
574
100
AcDbEntity
  8
WALL
100
AcDbLine
 10
15925
 20
5950
 30
0
 11
16075
 21
6100
 31
0
  0
LINE
  5
575
100
AcDbEntity
  8
WALL
100
AcDbLine
 10
15925
 20
6100
 30
0
 11
16075
 21
6250
 31
0
  0
LINE
  5
576
100
AcDbEntity
  8
WALL
100
AcDbLine
 10
15925
 20
6250
 30
0
 11
16075
 21
6400
 31
0
  0
LINE
  5
577
100
AcDbEntity
  8
WALL
100
AcDbLine
 10
15925
 20
6400
 30
0
 11
16075
 21
6550
 31
0
  0
LINE
  5
578
100
AcDbEntity
  8
WALL
100
AcDbLine
 10
15925
 20
6550
 30
0
 11
16075
 21
6700
 31
0
  0
LINE
  5
579
100
AcDbEntity
  8
WALL
100
AcDbLine
 10
15925
 20
6700
 30
0
 11
16075
 21
6850
 31
0
  0
LINE
  5
57A
100
AcDbEntity
  8
WALL
100
AcDbLine
 10
15925
 20
6850
 30
0
 11
16075
 21
7000
 31
0
  0
LINE
  5
57B
100
AcDbEntity
  8
WALL
100
AcDbLine
 10
15925
 20
7000
 30
0
 11
16075
 21
7150
 31
0
  0
LINE
  5
57C
100
AcDbEntity
  8
WALL
100
AcDbLine
 10
15925
 20
7150
 30
0
 11
16075
 21
7300
 31
0
  0
LINE
  5
57D
100
AcDbEntity
  8
WALL
100
AcDbLine
 10
15925
 20
7300
 30
0
 11
16075
 21
7450
 31
0
  0
LINE
  5
57E
100
AcDbEntity
  8
WALL
100
AcDbLine
 10
15925
 20
7450
 30
0
 11
16075
 21
7600
 31
0
  0
LINE
  5
57F
100
AcDbEntity
  8
WALL
100
AcDbLine
 10
15925
 20
7600
 30
0
 11
16075
 21
7750
 31
0
  0
LINE
  5
580
100
AcDbEntity
  8
WALL
100
AcDbLine
 10
15925
 20
7750
 30
0
 11
16075
 21
7900
 31
0
  0
LINE
  5
581
100
AcDbEntity
  8
WALL
100
AcDbLine
370
50
 10
15925
 20
3550
 30
0
 11
16075
 21
3550
 31
0
  0
LINE
  5
582
100
AcDbEntity
  8
WALL
100
AcDbLine
370
50
 10
15925
 20
4450
 30
0
 11
16075
 21
4450
 31
0
  0
LINE
  5
583
100
AcDbEntity
  8
WALL
100
AcDbLine
370
50
 10
15925
 20
8000
 30
0
 11
15925
 21
11550
 31
0
  0
LINE
  5
584
100
AcDbEntity
  8
WALL
100
AcDbLine
370
50
 10
16075
 20
11550
 30
0
 11
16075
 21
8000
 31
0
  0
LINE
  5
585
100
AcDbEntity
  8
WALL
100
AcDbLine
 10
15925
 20
8000
 30
0
 11
16075
 21
8150
 31
0
  0
LINE
  5
586
100
AcDbEntity
  8
WALL
100
AcDbLine
 10
15925
 20
8150
 30
0
 11
16075
 21
8300
 31
0
  0
LINE
  5
587
100
AcDbEntity
  8
WALL
100
AcDbLine
 10
15925
 20
8300
 30
0
 11
16075
 21
8450
 31
0
  0
LINE
  5
588
100
AcDbEntity
  8
WALL
100
AcDbLine
 10
15925
 20
8450
 30
0
 11
16075
 21
8600
 31
0
  0
LINE
  5
589
100
AcDbEntity
  8
WALL
100
AcDbLine
 10
15925
 20
8600
 30
0
 11
16075
 21
8750
 31
0
  0
LINE
  5
58A
100
AcDbEntity
  8
WALL
100
AcDbLine
 10
15925
 20
8750
 30
0
 11
16075
 21
8900
 31
0
  0
LINE
  5
58B
100
AcDbEntity
  8
WALL
100
AcDbLine
 10
15925
 20
8900
 30
0
 11
16075
 21
9050
 31
0
  0
LINE
  5
58C
100
AcDbEntity
  8
WALL
100
AcDbLine
 10
15925
 20
9050
 30
0
 11
16075
 21
9200
 31
0
  0
LINE
  5
58D
100
AcDbEntity
  8
WALL
100
AcDbLine
 10
15925
 20
9200
 30
0
 11
16075
 21
9350
 31
0
  0
LINE
  5
58E
100
AcDbEntity
  8
WALL
100
AcDbLine
 10
15925
 20
9350
 30
0
 11
16075
 21
9500
 31
0
  0
LINE
  5
58F
100
AcDbEntity
  8
WALL
100
AcDbLine
 10
15925
 20
9500
 30
0
 11
16075
 21
9650
 31
0
  0
LINE
  5
590
100
AcDbEntity
  8
WALL
100
AcDbLine
 10
15925
 20
9650
 30
0
 11
16075
 21
9800
 31
0
  0
LINE
  5
591
100
AcDbEntity
  8
WALL
100
AcDbLine
 10
15925
 20
9800
 30
0
 11
16075
 21
9950
 31
0
  0
LINE
  5
592
100
AcDbEntity
  8
WALL
100
AcDbLine
 10
15925
 20
9950
 30
0
 11
16075
 21
10100
 31
0
  0
LINE
  5
593
100
AcDbEntity
  8
WALL
100
AcDbLine
 10
15925
 20
10100
 30
0
 11
16075
 21
10250
 31
0
  0
LINE
  5
594
100
AcDbEntity
  8
WALL
100
AcDbLine
 10
15925
 20
10250
 30
0
 11
16075
 21
10400
 31
0
  0
LINE
  5
595
100
AcDbEntity
  8
WALL
100
AcDbLine
 10
15925
 20
10400
 30
0
 11
16075
 21
10550
 31
0
  0
LINE
  5
596
100
AcDbEntity
  8
WALL
100
AcDbLine
 10
15925
 20
10550
 30
0
 11
16075
 21
10700
 31
0
  0
LINE
  5
597
100
AcDbEntity
  8
WALL
100
AcDbLine
 10
15925
 20
10700
 30
0
 11
16075
 21
10850
 31
0
  0
LINE
  5
598
100
AcDbEntity
  8
WALL
100
AcDbLine
 10
15925
 20
10850
 30
0
 11
16075
 21
11000
 31
0
  0
LINE
  5
599
100
AcDbEntity
  8
WALL
100
AcDbLine
 10
15925
 20
11000
 30
0
 11
16075
 21
11150
 31
0
  0
LINE
  5
59A
100
AcDbEntity
  8
WALL
100
AcDbLine
 10
15925
 20
11150
 30
0
 11
16075
 21
11300
 31
0
  0
LINE
  5
59B
100
AcDbEntity
  8
WALL
100
AcDbLine
 10
15925
 20
11300
 30
0
 11
16075
 21
11450
 31
0
  0
LINE
  5
59C
100
AcDbEntity
  8
WALL
100
AcDbLine
370
50
 10
15925
 20
12450
 30
0
 11
15925
 21
16000
 31
0
  0
LINE
  5
59D
100
AcDbEntity
  8
WALL
100
AcDbLine
370
50
 10
16075
 20
16000
 30
0
 11
16075
 21
12450
 31
0
  0
LINE
  5
59E
100
AcDbEntity
  8
WALL
100
AcDbLine
 10
15925
 20
12450
 30
0
 11
16075
 21
12600
 31
0
  0
LINE
  5
59F
100
AcDbEntity
  8
WALL
100
AcDbLine
 10
15925
 20
12600
 30
0
 11
16075
 21
12750
 31
0
  0
LINE
  5
5A0
100
AcDbEntity
  8
WALL
100
AcDbLine
 10
15925
 20
12750
 30
0
 11
16075
 21
12900
 31
0
  0
LINE
  5
5A1
100
AcDbEntity
  8
WALL
100
AcDbLine
 10
15925
 20
12900
 30
0
 11
16075
 21
13050
 31
0
  0
LINE
  5
5A2
100
AcDbEntity
  8
WALL
100
AcDbLine
 10
15925
 20
13050
 30
0
 11
16075
 21
13200
 31
0
  0
LINE
  5
5A3
100
AcDbEntity
  8
WALL
100
AcDbLine
 10
15925
 20
13200
 30
0
 11
16075
 21
13350
 31
0
  0
LINE
  5
5A4
100
AcDbEntity
  8
WALL
100
AcDbLine
 10
15925
 20
13350
 30
0
 11
16075
 21
13500
 31
0
  0
LINE
  5
5A5
100
AcDbEntity
  8
WALL
100
AcDbLine
 10
15925
 20
13500
 30
0
 11
16075
 21
13650
 31
0
  0
LINE
  5
5A6
100
AcDbEntity
  8
WALL
100
AcDbLine
 10
15925
 20
13650
 30
0
 11
16075
 21
13800
 31
0
  0
LINE
  5
5A7
100
AcDbEntity
  8
WALL
100
AcDbLine
 10
15925
 20
13800
 30
0
 11
16075
 21
13950
 31
0
  0
LINE
  5
5A8
100
AcDbEntity
  8
WALL
100
AcDbLine
 10
15925
 20
13950
 30
0
 11
16075
 21
14100
 31
0
  0
LINE
  5
5A9
100
AcDbEntity
  8
WALL
100
AcDbLine
 10
15925
 20
14100
 30
0
 11
16075
 21
14250
 31
0
  0
LINE
  5
5AA
100
AcDbEntity
  8
WALL
100
AcDbLine
 10
15925
 20
14250
 30
0
 11
16075
 21
14400
 31
0
  0
LINE
  5
5AB
100
AcDbEntity
  8
WALL
100
AcDbLine
 10
15925
 20
14400
 30
0
 11
16075
 21
14550
 31
0
  0
LINE
  5
5AC
100
AcDbEntity
  8
WALL
100
AcDbLine
 10
15925
 20
14550
 30
0
 11
16075
 21
14700
 31
0
  0
LINE
  5
5AD
100
AcDbEntity
  8
WALL
100
AcDbLine
 10
15925
 20
14700
 30
0
 11
16075
 21
14850
 31
0
  0
LINE
  5
5AE
100
AcDbEntity
  8
WALL
100
AcDbLine
 10
15925
 20
14850
 30
0
 11
16075
 21
15000
 31
0
  0
LINE
  5
5AF
100
AcDbEntity
  8
WALL
100
AcDbLine
 10
15925
 20
15000
 30
0
 11
16075
 21
15150
 31
0
  0
LINE
  5
5B0
100
AcDbEntity
  8
WALL
100
AcDbLine
 10
15925
 20
15150
 30
0
 11
16075
 21
15300
 31
0
  0
LINE
  5
5B1
100
AcDbEntity
  8
WALL
100
AcDbLine
 10
15925
 20
15300
 30
0
 11
16075
 21
15450
 31
0
  0
LINE
  5
5B2
100
AcDbEntity
  8
WALL
100
AcDbLine
 10
15925
 20
15450
 30
0
 11
16075
 21
15600
 31
0
  0
LINE
  5
5B3
100
AcDbEntity
  8
WALL
100
AcDbLine
 10
15925
 20
15600
 30
0
 11
16075
 21
15750
 31
0
  0
LINE
  5
5B4
100
AcDbEntity
  8
WALL
100
AcDbLine
 10
15925
 20
15750
 30
0
 11
16075
 21
15900
 31
0
  0
LINE
  5
5B5
100
AcDbEntity
  8
WALL
100
AcDbLine
370
50
 10
15925
 20
11550
 30
0
 11
16075
 21
11550
 31
0
  0
LINE
  5
5B6
100
AcDbEntity
  8
WALL
100
AcDbLine
370
50
 10
15925
 20
12450
 30
0
 11
16075
 21
12450
 31
0
  0
LINE
  5
5B7
100
AcDbEntity
  8
WALL
100
AcDbLine
370
50
 10
15925
 20
16000
 30
0
 11
15925
 21
19550
 31
0
  0
LINE
  5
5B8
100
AcDbEntity
  8
WALL
100
AcDbLine
370
50
 10
16075
 20
19550
 30
0
 11
16075
 21
16000
 31
0
  0
LINE
  5
5B9
100
AcDbEntity
  8
WALL
100
AcDbLine
 10
15925
 20
16000
 30
0
 11
16075
 21
16150
 31
0
  0
LINE
  5
5BA
100
AcDbEntity
  8
WALL
100
AcDbLine
 10
15925
 20
16150
 30
0
 11
16075
 21
16300
 31
0
  0
LINE
  5
5BB
100
AcDbEntity
  8
WALL
100
AcDbLine
 10
15925
 20
16300
 30
0
 11
16075
 21
16450
 31
0
  0
LINE
  5
5BC
100
AcDbEntity
  8
WALL
100
AcDbLine
 10
15925
 20
16450
 30
0
 11
16075
 21
16600
 31
0
  0
LINE
  5
5BD
100
AcDbEntity
  8
WALL
100
AcDbLine
 10
15925
 20
16600
 30
0
 11
16075
 21
16750
 31
0
  0
LINE
  5
5BE
100
AcDbEntity
  8
WALL
100
AcDbLine
 10
15925
 20
16750
 30
0
 11
16075
 21
16900
 31
0
  0
LINE
  5
5BF
100
AcDbEntity
  8
WALL
100
AcDbLine
 10
15925
 20
16900
 30
0
 11
16075
 21
17050
 31
0
  0
LINE
  5
5C0
100
AcDbEntity
  8
WALL
100
AcDbLine
 10
15925
 20
17050
 30
0
 11
16075
 21
17200
 31
0
  0
LINE
  5
5C1
100
AcDbEntity
  8
WALL
100
AcDbLine
 10
15925
 20
17200
 30
0
 11
16075
 21
17350
 31
0
  0
LINE
  5
5C2
100
AcDbEntity
  8
WALL
100
AcDbLine
 10
15925
 20
17350
 30
0
 11
16075
 21
17500
 31
0
  0
LINE
  5
5C3
100
AcDbEntity
  8
WALL
100
AcDbLine
 10
15925
 20
17500
 30
0
 11
16075
 21
17650
 31
0
  0
LINE
  5
5C4
100
AcDbEntity
  8
WALL
100
AcDbLine
 10
15925
 20
17650
 30
0
 11
16075
 21
17800
 31
0
  0
LINE
  5
5C5
100
AcDbEntity
  8
WALL
100
AcDbLine
 10
15925
 20
17800
 30
0
 11
16075
 21
17950
 31
0
  0
LINE
  5
5C6
100
AcDbEntity
  8
WALL
100
AcDbLine
 10
15925
 20
17950
 30
0
 11
16075
 21
18100
 31
0
  0
LINE
  5
5C7
100
AcDbEntity
  8
WALL
100
AcDbLine
 10
15925
 20
18100
 30
0
 11
16075
 21
18250
 31
0
  0
LINE
  5
5C8
100
AcDbEntity
  8
WALL
100
AcDbLine
 10
15925
 20
18250
 30
0
 11
16075
 21
18400
 31
0
  0
LINE
  5
5C9
100
AcDbEntity
  8
WALL
100
AcDbLine
 10
15925
 20
18400
 30
0
 11
16075
 21
18550
 31
0
  0
LINE
  5
5CA
100
AcDbEntity
  8
WALL
100
AcDbLine
 10
15925
 20
18550
 30
0
 11
16075
 21
18700
 31
0
  0
LINE
  5
5CB
100
AcDbEntity
  8
WALL
100
AcDbLine
 10
15925
 20
18700
 30
0
 11
16075
 21
18850
 31
0
  0
LINE
  5
5CC
100
AcDbEntity
  8
WALL
100
AcDbLine
 10
15925
 20
18850
 30
0
 11
16075
 21
19000
 31
0
  0
LINE
  5
5CD
100
AcDbEntity
  8
WALL
100
AcDbLine
 10
15925
 20
19000
 30
0
 11
16075
 21
19150
 31
0
  0
LINE
  5
5CE
100
AcDbEntity
  8
WALL
100
AcDbLine
 10
15925
 20
19150
 30
0
 11
16075
 21
19300
 31
0
  0
LINE
  5
5CF
100
AcDbEntity
  8
WALL
100
AcDbLine
 10
15925
 20
19300
 30
0
 11
16075
 21
19450
 31
0
  0
LINE
  5
5D0
100
AcDbEntity
  8
WALL
100
AcDbLine
370
50
 10
15925
 20
20450
 30
0
 11
15925
 21
24000
 31
0
  0
LINE
  5
5D1
100
AcDbEntity
  8
WALL
100
AcDbLine
370
50
 10
16075
 20
24000
 30
0
 11
16075
 21
20450
 31
0
  0
LINE
  5
5D2
100
AcDbEntity
  8
WALL
100
AcDbLine
 10
15925
 20
20450
 30
0
 11
16075
 21
20600
 31
0
  0
LINE
  5
5D3
100
AcDbEntity
  8
WALL
100
AcDbLine
 10
15925
 20
20600
 30
0
 11
16075
 21
20750
 31
0
  0
LINE
  5
5D4
100
AcDbEntity
  8
WALL
100
AcDbLine
 10
15925
 20
20750
 30
0
 11
16075
 21
20900
 31
0
  0
LINE
  5
5D5
100
AcDbEntity
  8
WALL
100
AcDbLine
 10
15925
 20
20900
 30
0
 11
16075
 21
21050
 31
0
  0
LINE
  5
5D6
100
AcDbEntity
  8
WALL
100
AcDbLine
 10
15925
 20
21050
 30
0
 11
16075
 21
21200
 31
0
  0
LINE
  5
5D7
100
AcDbEntity
  8
WALL
100
AcDbLine
 10
15925
 20
21200
 30
0
 11
16075
 21
21350
 31
0
  0
LINE
  5
5D8
100
AcDbEntity
  8
WALL
100
AcDbLine
 10
15925
 20
21350
 30
0
 11
16075
 21
21500
 31
0
  0
LINE
  5
5D9
100
AcDbEntity
  8
WALL
100
AcDbLine
 10
15925
 20
21500
 30
0
 11
16075
 21
21650
 31
0
  0
LINE
  5
5DA
100
AcDbEntity
  8
WALL
100
AcDbLine
 10
15925
 20
21650
 30
0
 11
16075
 21
21800
 31
0
  0
LINE
  5
5DB
100
AcDbEntity
  8
WALL
100
AcDbLine
 10
15925
 20
21800
 30
0
 11
16075
 21
21950
 31
0
  0
LINE
  5
5DC
100
AcDbEntity
  8
WALL
100
AcDbLine
 10
15925
 20
21950
 30
0
 11
16075
 21
22100
 31
0
  0
LINE
  5
5DD
100
AcDbEntity
  8
WALL
100
AcDbLine
 10
15925
 20
22100
 30
0
 11
16075
 21
22250
 31
0
  0
LINE
  5
5DE
100
AcDbEntity
  8
WALL
100
AcDbLine
 10
15925
 20
22250
 30
0
 11
16075
 21
22400
 31
0
  0
LINE
  5
5DF
100
AcDbEntity
  8
WALL
100
AcDbLine
 10
15925
 20
22400
 30
0
 11
16075
 21
22550
 31
0
  0
LINE
  5
5E0
100
AcDbEntity
  8
WALL
100
AcDbLine
 10
15925
 20
22550
 30
0
 11
16075
 21
22700
 31
0
  0
LINE
  5
5E1
100
AcDbEntity
  8
WALL
100
AcDbLine
 10
15925
 20
22700
 30
0
 11
16075
 21
22850
 31
0
  0
LINE
  5
5E2
100
AcDbEntity
  8
WALL
100
AcDbLine
 10
15925
 20
22850
 30
0
 11
16075
 21
23000
 31
0
  0
LINE
  5
5E3
100
AcDbEntity
  8
WALL
100
AcDbLine
 10
15925
 20
23000
 30
0
 11
16075
 21
23150
 31
0
  0
LINE
  5
5E4
100
AcDbEntity
  8
WALL
100
AcDbLine
 10
15925
 20
23150
 30
0
 11
16075
 21
23300
 31
0
  0
LINE
  5
5E5
100
AcDbEntity
  8
WALL
100
AcDbLine
 10
15925
 20
23300
 30
0
 11
16075
 21
23450
 31
0
  0
LINE
  5
5E6
100
AcDbEntity
  8
WALL
100
AcDbLine
 10
15925
 20
23450
 30
0
 11
16075
 21
23600
 31
0
  0
LINE
  5
5E7
100
AcDbEntity
  8
WALL
100
AcDbLine
 10
15925
 20
23600
 30
0
 11
16075
 21
23750
 31
0
  0
LINE
  5
5E8
100
AcDbEntity
  8
WALL
100
AcDbLine
 10
15925
 20
23750
 30
0
 11
16075
 21
23900
 31
0
  0
LINE
  5
5E9
100
AcDbEntity
  8
WALL
100
AcDbLine
370
50
 10
15925
 20
19550
 30
0
 11
16075
 21
19550
 31
0
  0
LINE
  5
5EA
100
AcDbEntity
  8
WALL
100
AcDbLine
370
50
 10
15925
 20
20450
 30
0
 11
16075
 21
20450
 31
0
  0
LINE
  5
5EB
100
AcDbEntity
  8
WALL
100
AcDbLine
370
50
 10
19925
 20
0
 30
0
 11
19925
 21
3550
 31
0
  0
LINE
  5
5EC
100
AcDbEntity
  8
WALL
100
AcDbLine
370
50
 10
20075
 20
3550
 30
0
 11
20075
 21
0
 31
0
  0
LINE
  5
5ED
100
AcDbEntity
  8
WALL
100
AcDbLine
 10
19925
 20
0
 30
0
 11
20075
 21
150
 31
0
  0
LINE
  5
5EE
100
AcDbEntity
  8
WALL
100
AcDbLine
 10
19925
 20
150
 30
0
 11
20075
 21
300
 31
0
  0
LINE
  5
5EF
100
AcDbEntity
  8
WALL
100
AcDbLine
 10
19925
 20
300
 30
0
 11
20075
 21
450
 31
0
  0
LINE
  5
5F0
100
AcDbEntity
  8
WALL
100
AcDbLine
 10
19925
 20
450
 30
0
 11
20075
 21
600
 31
0
  0
LINE
  5
5F1
100
AcDbEntity
  8
WALL
100
AcDbLine
 10
19925
 20
600
 30
0
 11
20075
 21
750
 31
0
  0
LINE
  5
5F2
100
AcDbEntity
  8
WALL
100
AcDbLine
 10
19925
 20
750
 30
0
 11
20075
 21
900
 31
0
  0
LINE
  5
5F3
100
AcDbEntity
  8
WALL
100
AcDbLine
 10
19925
 20
900
 30
0
 11
20075
 21
1050
 31
0
  0
LINE
  5
5F4
100
AcDbEntity
  8
WALL
100
AcDbLine
 10
19925
 20
1050
 30
0
 11
20075
 21
1200
 31
0
  0
LINE
  5
5F5
100
AcDbEntity
  8
WALL
100
AcDbLine
 10
19925
 20
1200
 30
0
 11
20075
 21
1350
 31
0
  0
LINE
  5
5F6
100
AcDbEntity
  8
WALL
100
AcDbLine
 10
19925
 20
1350
 30
0
 11
20075
 21
1500
 31
0
  0
LINE
  5
5F7
100
AcDbEntity
  8
WALL
100
AcDbLine
 10
19925
 20
1500
 30
0
 11
20075
 21
1650
 31
0
  0
LINE
  5
5F8
100
AcDbEntity
  8
WALL
100
AcDbLine
 10
19925
 20
1650
 30
0
 11
20075
 21
1800
 31
0
  0
LINE
  5
5F9
100
AcDbEntity
  8
WALL
100
AcDbLine
 10
19925
 20
1800
 30
0
 11
20075
 21
1950
 31
0
  0
LINE
  5
5FA
100
AcDbEntity
  8
WALL
100
AcDbLine
 10
19925
 20
1950
 30
0
 11
20075
 21
2100
 31
0
  0
LINE
  5
5FB
100
AcDbEntity
  8
WALL
100
AcDbLine
 10
19925
 20
2100
 30
0
 11
20075
 21
2250
 31
0
  0
LINE
  5
5FC
100
AcDbEntity
  8
WALL
100
AcDbLine
 10
19925
 20
2250
 30
0
 11
20075
 21
2400
 31
0
  0
LINE
  5
5FD
100
AcDbEntity
  8
WALL
100
AcDbLine
 10
19925
 20
2400
 30
0
 11
20075
 21
2550
 31
0
  0
LINE
  5
5FE
100
AcDbEntity
  8
WALL
100
AcDbLine
 10
19925
 20
2550
 30
0
 11
20075
 21
2700
 31
0
  0
LINE
  5
5FF
100
AcDbEntity
  8
WALL
100
AcDbLine
 10
19925
 20
2700
 30
0
 11
20075
 21
2850
 31
0
  0
LINE
  5
600
100
AcDbEntity
  8
WALL
100
AcDbLine
 10
19925
 20
2850
 30
0
 11
20075
 21
3000
 31
0
  0
LINE
  5
601
100
AcDbEntity
  8
WALL
100
AcDbLine
 10
19925
 20
3000
 30
0
 11
20075
 21
3150
 31
0
  0
LINE
  5
602
100
AcDbEntity
  8
WALL
100
AcDbLine
 10
19925
 20
3150
 30
0
 11
20075
 21
3300
 31
0
  0
LINE
  5
603
100
AcDbEntity
  8
WALL
100
AcDbLine
 10
19925
 20
3300
 30
0
 11
20075
 21
3450
 31
0
  0
LINE
  5
604
100
AcDbEntity
  8
WALL
100
AcDbLine
370
50
 10
19925
 20
4450
 30
0
 11
19925
 21
8000
 31
0
  0
LINE
  5
605
100
AcDbEntity
  8
WALL
100
AcDbLine
370
50
 10
20075
 20
8000
 30
0
 11
20075
 21
4450
 31
0
  0
LINE
  5
606
100
AcDbEntity
  8
WALL
100
AcDbLine
 10
19925
 20
4450
 30
0
 11
20075
 21
4600
 31
0
  0
LINE
  5
607
100
AcDbEntity
  8
WALL
100
AcDbLine
 10
19925
 20
4600
 30
0
 11
20075
 21
4750
 31
0
  0
LINE
  5
608
100
AcDbEntity
  8
WALL
100
AcDbLine
 10
19925
 20
4750
 30
0
 11
20075
 21
4900
 31
0
  0
LINE
  5
609
100
AcDbEntity
  8
WALL
100
AcDbLine
 10
19925
 20
4900
 30
0
 11
20075
 21
5050
 31
0
  0
LINE
  5
60A
100
AcDbEntity
  8
WALL
100
AcDbLine
 10
19925
 20
5050
 30
0
 11
20075
 21
5200
 31
0
  0
LINE
  5
60B
100
AcDbEntity
  8
WALL
100
AcDbLine
 10
19925
 20
5200
 30
0
 11
20075
 21
5350
 31
0
  0
LINE
  5
60C
100
AcDbEntity
  8
WALL
100
AcDbLine
 10
19925
 20
5350
 30
0
 11
20075
 21
5500
 31
0
  0
LINE
  5
60D
100
AcDbEntity
  8
WALL
100
AcDbLine
 10
19925
 20
5500
 30
0
 11
20075
 21
5650
 31
0
  0
LINE
  5
60E
100
AcDbEntity
  8
WALL
100
AcDbLine
 10
19925
 20
5650
 30
0
 11
20075
 21
5800
 31
0
  0
LINE
  5
60F
100
AcDbEntity
  8
WALL
100
AcDbLine
 10
19925
 20
5800
 30
0
 11
20075
 21
5950
 31
0
  0
LINE
  5
610
100
AcDbEntity
  8
WALL
100
AcDbLine
 10
19925
 20
5950
 30
0
 11
20075
 21
6100
 31
0
  0
LINE
  5
611
100
AcDbEntity
  8
WALL
100
AcDbLine
 10
19925
 20
6100
 30
0
 11
20075
 21
6250
 31
0
  0
LINE
  5
612
100
AcDbEntity
  8
WALL
100
AcDbLine
 10
19925
 20
6250
 30
0
 11
20075
 21
6400
 31
0
  0
LINE
  5
613
100
AcDbEntity
  8
WALL
100
AcDbLine
 10
19925
 20
6400
 30
0
 11
20075
 21
6550
 31
0
  0
LINE
  5
614
100
AcDbEntity
  8
WALL
100
AcDbLine
 10
19925
 20
6550
 30
0
 11
20075
 21
6700
 31
0
  0
LINE
  5
615
100
AcDbEntity
  8
WALL
100
AcDbLine
 10
19925
 20
6700
 30
0
 11
20075
 21
6850
 31
0
  0
LINE
  5
616
100
AcDbEntity
  8
WALL
100
AcDbLine
 10
19925
 20
6850
 30
0
 11
20075
 21
7000
 31
0
  0
LINE
  5
617
100
AcDbEntity
  8
WALL
100
AcDbLine
 10
19925
 20
7000
 30
0
 11
20075
 21
7150
 31
0
  0
LINE
  5
618
100
AcDbEntity
  8
WALL
100
AcDbLine
 10
19925
 20
7150
 30
0
 11
20075
 21
7300
 31
0
  0
LINE
  5
619
100
AcDbEntity
  8
WALL
100
AcDbLine
 10
19925
 20
7300
 30
0
 11
20075
 21
7450
 31
0
  0
LINE
  5
61A
100
AcDbEntity
  8
WALL
100
AcDbLine
 10
19925
 20
7450
 30
0
 11
20075
 21
7600
 31
0
  0
LINE
  5
61B
100
AcDbEntity
  8
WALL
100
AcDbLine
 10
19925
 20
7600
 30
0
 11
20075
 21
7750
 31
0
  0
LINE
  5
61C
100
AcDbEntity
  8
WALL
100
AcDbLine
 10
19925
 20
7750
 30
0
 11
20075
 21
7900
 31
0
  0
LINE
  5
61D
100
AcDbEntity
  8
WALL
100
AcDbLine
370
50
 10
19925
 20
3550
 30
0
 11
20075
 21
3550
 31
0
  0
LINE
  5
61E
100
AcDbEntity
  8
WALL
100
AcDbLine
370
50
 10
19925
 20
4450
 30
0
 11
20075
 21
4450
 31
0
  0
LINE
  5
61F
100
AcDbEntity
  8
WALL
100
AcDbLine
370
50
 10
19925
 20
8000
 30
0
 11
19925
 21
11550
 31
0
  0
LINE
  5
620
100
AcDbEntity
  8
WALL
100
AcDbLine
370
50
 10
20075
 20
11550
 30
0
 11
20075
 21
8000
 31
0
  0
LINE
  5
621
100
AcDbEntity
  8
WALL
100
AcDbLine
 10
19925
 20
8000
 30
0
 11
20075
 21
8150
 31
0
  0
LINE
  5
622
100
AcDbEntity
  8
WALL
100
AcDbLine
 10
19925
 20
8150
 30
0
 11
20075
 21
8300
 31
0
  0
LINE
  5
623
100
AcDbEntity
  8
WALL
100
AcDbLine
 10
19925
 20
8300
 30
0
 11
20075
 21
8450
 31
0
  0
LINE
  5
624
100
AcDbEntity
  8
WALL
100
AcDbLine
 10
19925
 20
8450
 30
0
 11
20075
 21
8600
 31
0
  0
LINE
  5
625
100
AcDbEntity
  8
WALL
100
AcDbLine
 10
19925
 20
8600
 30
0
 11
20075
 21
8750
 31
0
  0
LINE
  5
626
100
AcDbEntity
  8
WALL
100
AcDbLine
 10
19925
 20
8750
 30
0
 11
20075
 21
8900
 31
0
  0
LINE
  5
627
100
AcDbEntity
  8
WALL
100
AcDbLine
 10
19925
 20
8900
 30
0
 11
20075
 21
9050
 31
0
  0
LINE
  5
628
100
AcDbEntity
  8
WALL
100
AcDbLine
 10
19925
 20
9050
 30
0
 11
20075
 21
9200
 31
0
  0
LINE
  5
629
100
AcDbEntity
  8
WALL
100
AcDbLine
 10
19925
 20
9200
 30
0
 11
20075
 21
9350
 31
0
  0
LINE
  5
62A
100
AcDbEntity
  8
WALL
100
AcDbLine
 10
19925
 20
9350
 30
0
 11
20075
 21
9500
 31
0
  0
LINE
  5
62B
100
AcDbEntity
  8
WALL
100
AcDbLine
 10
19925
 20
9500
 30
0
 11
20075
 21
9650
 31
0
  0
LINE
  5
62C
100
AcDbEntity
  8
WALL
100
AcDbLine
 10
19925
 20
9650
 30
0
 11
20075
 21
9800
 31
0
  0
LINE
  5
62D
100
AcDbEntity
  8
WALL
100
AcDbLine
 10
19925
 20
9800
 30
0
 11
20075
 21
9950
 31
0
  0
LINE
  5
62E
100
AcDbEntity
  8
WALL
100
AcDbLine
 10
19925
 20
9950
 30
0
 11
20075
 21
10100
 31
0
  0
LINE
  5
62F
100
AcDbEntity
  8
WALL
100
AcDbLine
 10
19925
 20
10100
 30
0
 11
20075
 21
10250
 31
0
  0
LINE
  5
630
100
AcDbEntity
  8
WALL
100
AcDbLine
 10
19925
 20
10250
 30
0
 11
20075
 21
10400
 31
0
  0
LINE
  5
631
100
AcDbEntity
  8
WALL
100
AcDbLine
 10
19925
 20
10400
 30
0
 11
20075
 21
10550
 31
0
  0
LINE
  5
632
100
AcDbEntity
  8
WALL
100
AcDbLine
 10
19925
 20
10550
 30
0
 11
20075
 21
10700
 31
0
  0
LINE
  5
633
100
AcDbEntity
  8
WALL
100
AcDbLine
 10
19925
 20
10700
 30
0
 11
20075
 21
10850
 31
0
  0
LINE
  5
634
100
AcDbEntity
  8
WALL
100
AcDbLine
 10
19925
 20
10850
 30
0
 11
20075
 21
11000
 31
0
  0
LINE
  5
635
100
AcDbEntity
  8
WALL
100
AcDbLine
 10
19925
 20
11000
 30
0
 11
20075
 21
11150
 31
0
  0
LINE
  5
636
100
AcDbEntity
  8
WALL
100
AcDbLine
 10
19925
 20
11150
 30
0
 11
20075
 21
11300
 31
0
  0
LINE
  5
637
100
AcDbEntity
  8
WALL
100
AcDbLine
 10
19925
 20
11300
 30
0
 11
20075
 21
11450
 31
0
  0
LINE
  5
638
100
AcDbEntity
  8
WALL
100
AcDbLine
370
50
 10
19925
 20
12450
 30
0
 11
19925
 21
16000
 31
0
  0
LINE
  5
639
100
AcDbEntity
  8
WALL
100
AcDbLine
370
50
 10
20075
 20
16000
 30
0
 11
20075
 21
12450
 31
0
  0
LINE
  5
63A
100
AcDbEntity
  8
WALL
100
AcDbLine
 10
19925
 20
12450
 30
0
 11
20075
 21
12600
 31
0
  0
LINE
  5
63B
100
AcDbEntity
  8
WALL
100
AcDbLine
 10
19925
 20
12600
 30
0
 11
20075
 21
12750
 31
0
  0
LINE
  5
63C
100
AcDbEntity
  8
WALL
100
AcDbLine
 10
19925
 20
12750
 30
0
 11
20075
 21
12900
 31
0
  0
LINE
  5
63D
100
AcDbEntity
  8
WALL
100
AcDbLine
 10
19925
 20
12900
 30
0
 11
20075
 21
13050
 31
0
  0
LINE
  5
63E
100
AcDbEntity
  8
WALL
100
AcDbLine
 10
19925
 20
13050
 30
0
 11
20075
 21
13200
 31
0
  0
LINE
  5
63F
100
AcDbEntity
  8
WALL
100
AcDbLine
 10
19925
 20
13200
 30
0
 11
20075
 21
13350
 31
0
  0
LINE
  5
640
100
AcDbEntity
  8
WALL
100
AcDbLine
 10
19925
 20
13350
 30
0
 11
20075
 21
13500
 31
0
  0
LINE
  5
641
100
AcDbEntity
  8
WALL
100
AcDbLine
 10
19925
 20
13500
 30
0
 11
20075
 21
13650
 31
0
  0
LINE
  5
642
100
AcDbEntity
  8
WALL
100
AcDbLine
 10
19925
 20
13650
 30
0
 11
20075
 21
13800
 31
0
  0
LINE
  5
643
100
AcDbEntity
  8
WALL
100
AcDbLine
 10
19925
 20
13800
 30
0
 11
20075
 21
13950
 31
0
  0
LINE
  5
644
100
AcDbEntity
  8
WALL
100
AcDbLine
 10
19925
 20
13950
 30
0
 11
20075
 21
14100
 31
0
  0
LINE
  5
645
100
AcDbEntity
  8
WALL
100
AcDbLine
 10
19925
 20
14100
 30
0
 11
20075
 21
14250
 31
0
  0
LINE
  5
646
100
AcDbEntity
  8
WALL
100
AcDbLine
 10
19925
 20
14250
 30
0
 11
20075
 21
14400
 31
0
  0
LINE
  5
647
100
AcDbEntity
  8
WALL
100
AcDbLine
 10
19925
 20
14400
 30
0
 11
20075
 21
14550
 31
0
  0
LINE
  5
648
100
AcDbEntity
  8
WALL
100
AcDbLine
 10
19925
 20
14550
 30
0
 11
20075
 21
14700
 31
0
  0
LINE
  5
649
100
AcDbEntity
  8
WALL
100
AcDbLine
 10
19925
 20
14700
 30
0
 11
20075
 21
14850
 31
0
  0
LINE
  5
64A
100
AcDbEntity
  8
WALL
100
AcDbLine
 10
19925
 20
14850
 30
0
 11
20075
 21
15000
 31
0
  0
LINE
  5
64B
100
AcDbEntity
  8
WALL
100
AcDbLine
 10
19925
 20
15000
 30
0
 11
20075
 21
15150
 31
0
  0
LINE
  5
64C
100
AcDbEntity
  8
WALL
100
AcDbLine
 10
19925
 20
15150
 30
0
 11
20075
 21
15300
 31
0
  0
LINE
  5
64D
100
AcDbEntity
  8
WALL
100
AcDbLine
 10
19925
 20
15300
 30
0
 11
20075
 21
15450
 31
0
  0
LINE
  5
64E
100
AcDbEntity
  8
WALL
100
AcDbLine
 10
19925
 20
15450
 30
0
 11
20075
 21
15600
 31
0
  0
LINE
  5
64F
100
AcDbEntity
  8
WALL
100
AcDbLine
 10
19925
 20
15600
 30
0
 11
20075
 21
15750
 31
0
  0
LINE
  5
650
100
AcDbEntity
  8
WALL
100
AcDbLine
 10
19925
 20
15750
 30
0
 11
20075
 21
15900
 31
0
  0
LINE
  5
651
100
AcDbEntity
  8
WALL
100
AcDbLine
370
50
 10
19925
 20
11550
 30
0
 11
20075
 21
11550
 31
0
  0
LINE
  5
652
100
AcDbEntity
  8
WALL
100
AcDbLine
370
50
 10
19925
 20
12450
 30
0
 11
20075
 21
12450
 31
0
  0
LINE
  5
653
100
AcDbEntity
  8
WALL
100
AcDbLine
370
50
 10
19925
 20
16000
 30
0
 11
19925
 21
19550
 31
0
  0
LINE
  5
654
100
AcDbEntity
  8
WALL
100
AcDbLine
370
50
 10
20075
 20
19550
 30
0
 11
20075
 21
16000
 31
0
  0
LINE
  5
655
100
AcDbEntity
  8
WALL
100
AcDbLine
 10
19925
 20
16000
 30
0
 11
20075
 21
16150
 31
0
  0
LINE
  5
656
100
AcDbEntity
  8
WALL
100
AcDbLine
 10
19925
 20
16150
 30
0
 11
20075
 21
16300
 31
0
  0
LINE
  5
657
100
AcDbEntity
  8
WALL
100
AcDbLine
 10
19925
 20
16300
 30
0
 11
20075
 21
16450
 31
0
  0
LINE
  5
658
100
AcDbEntity
  8
WALL
100
AcDbLine
 10
19925
 20
16450
 30
0
 11
20075
 21
16600
 31
0
  0
LINE
  5
659
100
AcDbEntity
  8
WALL
100
AcDbLine
 10
19925
 20
16600
 30
0
 11
20075
 21
16750
 31
0
  0
LINE
  5
65A
100
AcDbEntity
  8
WALL
100
AcDbLine
 10
19925
 20
16750
 30
0
 11
20075
 21
16900
 31
0
  0
LINE
  5
65B
100
AcDbEntity
  8
WALL
100
AcDbLine
 10
19925
 20
16900
 30
0
 11
20075
 21
17050
 31
0
  0
LINE
  5
65C
100
AcDbEntity
  8
WALL
100
AcDbLine
 10
19925
 20
17050
 30
0
 11
20075
 21
17200
 31
0
  0
LINE
  5
65D
100
AcDbEntity
  8
WALL
100
AcDbLine
 10
19925
 20
17200
 30
0
 11
20075
 21
17350
 31
0
  0
LINE
  5
65E
100
AcDbEntity
  8
WALL
100
AcDbLine
 10
19925
 20
17350
 30
0
 11
20075
 21
17500
 31
0
  0
LINE
  5
65F
100
AcDbEntity
  8
WALL
100
AcDbLine
 10
19925
 20
17500
 30
0
 11
20075
 21
17650
 31
0
  0
LINE
  5
660
100
AcDbEntity
  8
WALL
100
AcDbLine
 10
19925
 20
17650
 30
0
 11
20075
 21
17800
 31
0
  0
LINE
  5
661
100
AcDbEntity
  8
WALL
100
AcDbLine
 10
19925
 20
17800
 30
0
 11
20075
 21
17950
 31
0
  0
LINE
  5
662
100
AcDbEntity
  8
WALL
100
AcDbLine
 10
19925
 20
17950
 30
0
 11
20075
 21
18100
 31
0
  0
LINE
  5
663
100
AcDbEntity
  8
WALL
100
AcDbLine
 10
19925
 20
18100
 30
0
 11
20075
 21
18250
 31
0
  0
LINE
  5
664
100
AcDbEntity
  8
WALL
100
AcDbLine
 10
19925
 20
18250
 30
0
 11
20075
 21
18400
 31
0
  0
LINE
  5
665
100
AcDbEntity
  8
WALL
100
AcDbLine
 10
19925
 20
18400
 30
0
 11
20075
 21
18550
 31
0
  0
LINE
  5
666
100
AcDbEntity
  8
WALL
100
AcDbLine
 10
19925
 20
18550
 30
0
 11
20075
 21
18700
 31
0
  0
LINE
  5
667
100
AcDbEntity
  8
WALL
100
AcDbLine
 10
19925
 20
18700
 30
0
 11
20075
 21
18850
 31
0
  0
LINE
  5
668
100
AcDbEntity
  8
WALL
100
AcDbLine
 10
19925
 20
18850
 30
0
 11
20075
 21
19000
 31
0
  0
LINE
  5
669
100
AcDbEntity
  8
WALL
100
AcDbLine
 10
19925
 20
19000
 30
0
 11
20075
 21
19150
 31
0
  0
LINE
  5
66A
100
AcDbEntity
  8
WALL
100
AcDbLine
 10
19925
 20
19150
 30
0
 11
20075
 21
19300
 31
0
  0
LINE
  5
66B
100
AcDbEntity
  8
WALL
100
AcDbLine
 10
19925
 20
19300
 30
0
 11
20075
 21
19450
 31
0
  0
LINE
  5
66C
100
AcDbEntity
  8
WALL
100
AcDbLine
370
50
 10
19925
 20
20450
 30
0
 11
19925
 21
24000
 31
0
  0
LINE
  5
66D
100
AcDbEntity
  8
WALL
100
AcDbLine
370
50
 10
20075
 20
24000
 30
0
 11
20075
 21
20450
 31
0
  0
LINE
  5
66E
100
AcDbEntity
  8
WALL
100
AcDbLine
 10
19925
 20
20450
 30
0
 11
20075
 21
20600
 31
0
  0
LINE
  5
66F
100
AcDbEntity
  8
WALL
100
AcDbLine
 10
19925
 20
20600
 30
0
 11
20075
 21
20750
 31
0
  0
LINE
  5
670
100
AcDbEntity
  8
WALL
100
AcDbLine
 10
19925
 20
20750
 30
0
 11
20075
 21
20900
 31
0
  0
LINE
  5
671
100
AcDbEntity
  8
WALL
100
AcDbLine
 10
19925
 20
20900
 30
0
 11
20075
 21
21050
 31
0
  0
LINE
  5
672
100
AcDbEntity
  8
WALL
100
AcDbLine
 10
19925
 20
21050
 30
0
 11
20075
 21
21200
 31
0
  0
LINE
  5
673
100
AcDbEntity
  8
WALL
100
AcDbLine
 10
19925
 20
21200
 30
0
 11
20075
 21
21350
 31
0
  0
LINE
  5
674
100
AcDbEntity
  8
WALL
100
AcDbLine
 10
19925
 20
21350
 30
0
 11
20075
 21
21500
 31
0
  0
LINE
  5
675
100
AcDbEntity
  8
WALL
100
AcDbLine
 10
19925
 20
21500
 30
0
 11
20075
 21
21650
 31
0
  0
LINE
  5
676
100
AcDbEntity
  8
WALL
100
AcDbLine
 10
19925
 20
21650
 30
0
 11
20075
 21
21800
 31
0
  0
LINE
  5
677
100
AcDbEntity
  8
WALL
100
AcDbLine
 10
19925
 20
21800
 30
0
 11
20075
 21
21950
 31
0
  0
LINE
  5
678
100
AcDbEntity
  8
WALL
100
AcDbLine
 10
19925
 20
21950
 30
0
 11
20075
 21
22100
 31
0
  0
LINE
  5
679
100
AcDbEntity
  8
WALL
100
AcDbLine
 10
19925
 20
22100
 30
0
 11
20075
 21
22250
 31
0
  0
LINE
  5
67A
100
AcDbEntity
  8
WALL
100
AcDbLine
 10
19925
 20
22250
 30
0
 11
20075
 21
22400
 31
0
  0
LINE
  5
67B
100
AcDbEntity
  8
WALL
100
AcDbLine
 10
19925
 20
22400
 30
0
 11
20075
 21
22550
 31
0
  0
LINE
  5
67C
100
AcDbEntity
  8
WALL
100
AcDbLine
 10
19925
 20
22550
 30
0
 11
20075
 21
22700
 31
0
  0
LINE
  5
67D
100
AcDbEntity
  8
WALL
100
AcDbLine
 10
19925
 20
22700
 30
0
 11
20075
 21
22850
 31
0
  0
LINE
  5
67E
100
AcDbEntity
  8
WALL
100
AcDbLine
 10
19925
 20
22850
 30
0
 11
20075
 21
23000
 31
0
  0
LINE
  5
67F
100
AcDbEntity
  8
WALL
100
AcDbLine
 10
19925
 20
23000
 30
0
 11
20075
 21
23150
 31
0
  0
LINE
  5
680
100
AcDbEntity
  8
WALL
100
AcDbLine
 10
19925
 20
23150
 30
0
 11
20075
 21
23300
 31
0
  0
LINE
  5
681
100
AcDbEntity
  8
WALL
100
AcDbLine
 10
19925
 20
23300
 30
0
 11
20075
 21
23450
 31
0
  0
LINE
  5
682
100
AcDbEntity
  8
WALL
100
AcDbLine
 10
19925
 20
23450
 30
0
 11
20075
 21
23600
 31
0
  0
LINE
  5
683
100
AcDbEntity
  8
WALL
100
AcDbLine
 10
19925
 20
23600
 30
0
 11
20075
 21
23750
 31
0
  0
LINE
  5
684
100
AcDbEntity
  8
WALL
100
AcDbLine
 10
19925
 20
23750
 30
0
 11
20075
 21
23900
 31
0
  0
LINE
  5
685
100
AcDbEntity
  8
WALL
100
AcDbLine
370
50
 10
19925
 20
19550
 30
0
 11
20075
 21
19550
 31
0
  0
LINE
  5
686
100
AcDbEntity
  8
WALL
100
AcDbLine
370
50
 10
19925
 20
20450
 30
0
 11
20075
 21
20450
 31
0
  0
LINE
  5
687
100
AcDbEntity
  8
WALL
100
AcDbLine
370
50
 10
0
 20
7925
 30
0
 11
4000
 21
7925
 31
0
  0
LINE
  5
688
100
AcDbEntity
  8
WALL
100
AcDbLine
370
50
 10
4000
 20
8075
 30
0
 11
0
 21
8075
 31
0
  0
LINE
  5
689
100
AcDbEntity
  8
WALL
100
AcDbLine
 10
0
 20
7925
 30
0
 11
150
 21
8075
 31
0
  0
LINE
  5
68A
100
AcDbEntity
  8
WALL
100
AcDbLine
 10
150
 20
7925
 30
0
 11
300
 21
8075
 31
0
  0
LINE
  5
68B
100
AcDbEntity
  8
WALL
100
AcDbLine
 10
300
 20
7925
 30
0
 11
450
 21
8075
 31
0
  0
LINE
  5
68C
100
AcDbEntity
  8
WALL
100
AcDbLine
 10
450
 20
7925
 30
0
 11
600
 21
8075
 31
0
  0
LINE
  5
68D
100
AcDbEntity
  8
WALL
100
AcDbLine
 10
600
 20
7925
 30
0
 11
750
 21
8075
 31
0
  0
LINE
  5
68E
100
AcDbEntity
  8
WALL
100
AcDbLine
 10
750
 20
7925
 30
0
 11
900
 21
8075
 31
0
  0
LINE
  5
68F
100
AcDbEntity
  8
WALL
100
AcDbLine
 10
900
 20
7925
 30
0
 11
1050
 21
8075
 31
0
  0
LINE
  5
690
100
AcDbEntity
  8
WALL
100
AcDbLine
 10
1050
 20
7925
 30
0
 11
1200
 21
8075
 31
0
  0
LINE
  5
691
100
AcDbEntity
  8
WALL
100
AcDbLine
 10
1200
 20
7925
 30
0
 11
1350
 21
8075
 31
0
  0
LINE
  5
692
100
AcDbEntity
  8
WALL
100
AcDbLine
 10
1350
 20
7925
 30
0
 11
1500
 21
8075
 31
0
  0
LINE
  5
693
100
AcDbEntity
  8
WALL
100
AcDbLine
 10
1500
 20
7925
 30
0
 11
1650
 21
8075
 31
0
  0
LINE
  5
694
100
AcDbEntity
  8
WALL
100
AcDbLine
 10
1650
 20
7925
 30
0
 11
1800
 21
8075
 31
0
  0
LINE
  5
695
100
AcDbEntity
  8
WALL
100
AcDbLine
 10
1800
 20
7925
 30
0
 11
1950
 21
8075
 31
0
  0
LINE
  5
696
100
AcDbEntity
  8
WALL
100
AcDbLine
 10
1950
 20
7925
 30
0
 11
2100
 21
8075
 31
0
  0
LINE
  5
697
100
AcDbEntity
  8
WALL
100
AcDbLine
 10
2100
 20
7925
 30
0
 11
2250
 21
8075
 31
0
  0
LINE
  5
698
100
AcDbEntity
  8
WALL
100
AcDbLine
 10
2250
 20
7925
 30
0
 11
2400
 21
8075
 31
0
  0
LINE
  5
699
100
AcDbEntity
  8
WALL
100
AcDbLine
 10
2400
 20
7925
 30
0
 11
2550
 21
8075
 31
0
  0
LINE
  5
69A
100
AcDbEntity
  8
WALL
100
AcDbLine
 10
2550
 20
7925
 30
0
 11
2700
 21
8075
 31
0
  0
LINE
  5
69B
100
AcDbEntity
  8
WALL
100
AcDbLine
 10
2700
 20
7925
 30
0
 11
2850
 21
8075
 31
0
  0
LINE
  5
69C
100
AcDbEntity
  8
WALL
100
AcDbLine
 10
2850
 20
7925
 30
0
 11
3000
 21
8075
 31
0
  0
LINE
  5
69D
100
AcDbEntity
  8
WALL
100
AcDbLine
 10
3000
 20
7925
 30
0
 11
3150
 21
8075
 31
0
  0
LINE
  5
69E
100
AcDbEntity
  8
WALL
100
AcDbLine
 10
3150
 20
7925
 30
0
 11
3300
 21
8075
 31
0
  0
LINE
  5
69F
100
AcDbEntity
  8
WALL
100
AcDbLine
 10
3300
 20
7925
 30
0
 11
3450
 21
8075
 31
0
  0
LINE
  5
6A0
100
AcDbEntity
  8
WALL
100
AcDbLine
 10
3450
 20
7925
 30
0
 11
3600
 21
8075
 31
0
  0
LINE
  5
6A1
100
AcDbEntity
  8
WALL
100
AcDbLine
 10
3600
 20
7925
 30
0
 11
3750
 21
8075
 31
0
  0
LINE
  5
6A2
100
AcDbEntity
  8
WALL
100
AcDbLine
 10
3750
 20
7925
 30
0
 11
3900
 21
8075
 31
0
  0
LINE
  5
6A3
100
AcDbEntity
  8
WALL
100
AcDbLine
370
50
 10
4000
 20
7925
 30
0
 11
5550
 21
7925
 31
0
  0
LINE
  5
6A4
100
AcDbEntity
  8
WALL
100
AcDbLine
370
50
 10
5550
 20
8075
 30
0
 11
4000
 21
8075
 31
0
  0
LINE
  5
6A5
100
AcDbEntity
  8
WALL
100
AcDbLine
 10
4000
 20
7925
 30
0
 11
4150
 21
8075
 31
0
  0
LINE
  5
6A6
100
AcDbEntity
  8
WALL
100
AcDbLine
 10
4150
 20
7925
 30
0
 11
4300
 21
8075
 31
0
  0
LINE
  5
6A7
100
AcDbEntity
  8
WALL
100
AcDbLine
 10
4300
 20
7925
 30
0
 11
4450
 21
8075
 31
0
  0
LINE
  5
6A8
100
AcDbEntity
  8
WALL
100
AcDbLine
 10
4450
 20
7925
 30
0
 11
4600
 21
8075
 31
0
  0
LINE
  5
6A9
100
AcDbEntity
  8
WALL
100
AcDbLine
 10
4600
 20
7925
 30
0
 11
4750
 21
8075
 31
0
  0
LINE
  5
6AA
100
AcDbEntity
  8
WALL
100
AcDbLine
 10
4750
 20
7925
 30
0
 11
4900
 21
8075
 31
0
  0
LINE
  5
6AB
100
AcDbEntity
  8
WALL
100
AcDbLine
 10
4900
 20
7925
 30
0
 11
5050
 21
8075
 31
0
  0
LINE
  5
6AC
100
AcDbEntity
  8
WALL
100
AcDbLine
 10
5050
 20
7925
 30
0
 11
5200
 21
8075
 31
0
  0
LINE
  5
6AD
100
AcDbEntity
  8
WALL
100
AcDbLine
 10
5200
 20
7925
 30
0
 11
5350
 21
8075
 31
0
  0
LINE
  5
6AE
100
AcDbEntity
  8
WALL
100
AcDbLine
 10
5350
 20
7925
 30
0
 11
5500
 21
8075
 31
0
  0
LINE
  5
6AF
100
AcDbEntity
  8
WALL
100
AcDbLine
370
50
 10
6450
 20
7925
 30
0
 11
8000
 21
7925
 31
0
  0
LINE
  5
6B0
100
AcDbEntity
  8
WALL
100
AcDbLine
370
50
 10
8000
 20
8075
 30
0
 11
6450
 21
8075
 31
0
  0
LINE
  5
6B1
100
AcDbEntity
  8
WALL
100
AcDbLine
 10
6450
 20
7925
 30
0
 11
6600
 21
8075
 31
0
  0
LINE
  5
6B2
100
AcDbEntity
  8
WALL
100
AcDbLine
 10
6600
 20
7925
 30
0
 11
6750
 21
8075
 31
0
  0
LINE
  5
6B3
100
AcDbEntity
  8
WALL
100
AcDbLine
 10
6750
 20
7925
 30
0
 11
6900
 21
8075
 31
0
  0
LINE
  5
6B4
100
AcDbEntity
  8
WALL
100
AcDbLine
 10
6900
 20
7925
 30
0
 11
7050
 21
8075
 31
0
  0
LINE
  5
6B5
100
AcDbEntity
  8
WALL
100
AcDbLine
 10
7050
 20
7925
 30
0
 11
7200
 21
8075
 31
0
  0
LINE
  5
6B6
100
AcDbEntity
  8
WALL
100
AcDbLine
 10
7200
 20
7925
 30
0
 11
7350
 21
8075
 31
0
  0
LINE
  5
6B7
100
AcDbEntity
  8
WALL
100
AcDbLine
 10
7350
 20
7925
 30
0
 11
7500
 21
8075
 31
0
  0
LINE
  5
6B8
100
AcDbEntity
  8
WALL
100
AcDbLine
 10
7500
 20
7925
 30
0
 11
7650
 21
8075
 31
0
  0
LINE
  5
6B9
100
AcDbEntity
  8
WALL
100
AcDbLine
 10
7650
 20
7925
 30
0
 11
7800
 21
8075
 31
0
  0
LINE
  5
6BA
100
AcDbEntity
  8
WALL
100
AcDbLine
 10
7800
 20
7925
 30
0
 11
7950
 21
8075
 31
0
  0
LINE
  5
6BB
100
AcDbEntity
  8
WALL
100
AcDbLine
370
50
 10
5550
 20
7925
 30
0
 11
5550
 21
8075
 31
0
  0
LINE
  5
6BC
100
AcDbEntity
  8
WALL
100
AcDbLine
370
50
 10
6450
 20
7925
 30
0
 11
6450
 21
8075
 31
0
  0
LINE
  5
6BD
100
AcDbEntity
  8
WALL
100
AcDbLine
370
50
 10
8000
 20
7925
 30
0
 11
9550
 21
7925
 31
0
  0
LINE
  5
6BE
100
AcDbEntity
  8
WALL
100
AcDbLine
370
50
 10
9550
 20
8075
 30
0
 11
8000
 21
8075
 31
0
  0
LINE
  5
6BF
100
AcDbEntity
  8
WALL
100
AcDbLine
 10
8000
 20
7925
 30
0
 11
8150
 21
8075
 31
0
  0
LINE
  5
6C0
100
AcDbEntity
  8
WALL
100
AcDbLine
 10
8150
 20
7925
 30
0
 11
8300
 21
8075
 31
0
  0
LINE
  5
6C1
100
AcDbEntity
  8
WALL
100
AcDbLine
 10
8300
 20
7925
 30
0
 11
8450
 21
8075
 31
0
  0
LINE
  5
6C2
100
AcDbEntity
  8
WALL
100
AcDbLine
 10
8450
 20
7925
 30
0
 11
8600
 21
8075
 31
0
  0
LINE
  5
6C3
100
AcDbEntity
  8
WALL
100
AcDbLine
 10
8600
 20
7925
 30
0
 11
8750
 21
8075
 31
0
  0
LINE
  5
6C4
100
AcDbEntity
  8
WALL
100
AcDbLine
 10
8750
 20
7925
 30
0
 11
8900
 21
8075
 31
0
  0
LINE
  5
6C5
100
AcDbEntity
  8
WALL
100
AcDbLine
 10
8900
 20
7925
 30
0
 11
9050
 21
8075
 31
0
  0
LINE
  5
6C6
100
AcDbEntity
  8
WALL
100
AcDbLine
 10
9050
 20
7925
 30
0
 11
9200
 21
8075
 31
0
  0
LINE
  5
6C7
100
AcDbEntity
  8
WALL
100
AcDbLine
 10
9200
 20
7925
 30
0
 11
9350
 21
8075
 31
0
  0
LINE
  5
6C8
100
AcDbEntity
  8
WALL
100
AcDbLine
 10
9350
 20
7925
 30
0
 11
9500
 21
8075
 31
0
  0
LINE
  5
6C9
100
AcDbEntity
  8
WALL
100
AcDbLine
370
50
 10
10450
 20
7925
 30
0
 11
12000
 21
7925
 31
0
  0
LINE
  5
6CA
100
AcDbEntity
  8
WALL
100
AcDbLine
370
50
 10
12000
 20
8075
 30
0
 11
10450
 21
8075
 31
0
  0
LINE
  5
6CB
100
AcDbEntity
  8
WALL
100
AcDbLine
 10
10450
 20
7925
 30
0
 11
10600
 21
8075
 31
0
  0
LINE
  5
6CC
100
AcDbEntity
  8
WALL
100
AcDbLine
 10
10600
 20
7925
 30
0
 11
10750
 21
8075
 31
0
  0
LINE
  5
6CD
100
AcDbEntity
  8
WALL
100
AcDbLine
 10
10750
 20
7925
 30
0
 11
10900
 21
8075
 31
0
  0
LINE
  5
6CE
100
AcDbEntity
  8
WALL
100
AcDbLine
 10
10900
 20
7925
 30
0
 11
11050
 21
8075
 31
0
  0
LINE
  5
6CF
100
AcDbEntity
  8
WALL
100
AcDbLine
 10
11050
 20
7925
 30
0
 11
11200
 21
8075
 31
0
  0
LINE
  5
6D0
100
AcDbEntity
  8
WALL
100
AcDbLine
 10
11200
 20
7925
 30
0
 11
11350
 21
8075
 31
0
  0
LINE
  5
6D1
100
AcDbEntity
  8
WALL
100
AcDbLine
 10
11350
 20
7925
 30
0
 11
11500
 21
8075
 31
0
  0
LINE
  5
6D2
100
AcDbEntity
  8
WALL
100
AcDbLine
 10
11500
 20
7925
 30
0
 11
11650
 21
8075
 31
0
  0
LINE
  5
6D3
100
AcDbEntity
  8
WALL
100
AcDbLine
 10
11650
 20
7925
 30
0
 11
11800
 21
8075
 31
0
  0
LINE
  5
6D4
100
AcDbEntity
  8
WALL
100
AcDbLine
 10
11800
 20
7925
 30
0
 11
11950
 21
8075
 31
0
  0
LINE
  5
6D5
100
AcDbEntity
  8
WALL
100
AcDbLine
370
50
 10
9550
 20
7925
 30
0
 11
9550
 21
8075
 31
0
  0
LINE
  5
6D6
100
AcDbEntity
  8
WALL
100
AcDbLine
370
50
 10
10450
 20
7925
 30
0
 11
10450
 21
8075
 31
0
  0
LINE
  5
6D7
100
AcDbEntity
  8
WALL
100
AcDbLine
370
50
 10
12000
 20
7925
 30
0
 11
13550
 21
7925
 31
0
  0
LINE
  5
6D8
100
AcDbEntity
  8
WALL
100
AcDbLine
370
50
 10
13550
 20
8075
 30
0
 11
12000
 21
8075
 31
0
  0
LINE
  5
6D9
100
AcDbEntity
  8
WALL
100
AcDbLine
 10
12000
 20
7925
 30
0
 11
12150
 21
8075
 31
0
  0
LINE
  5
6DA
100
AcDbEntity
  8
WALL
100
AcDbLine
 10
12150
 20
7925
 30
0
 11
12300
 21
8075
 31
0
  0
LINE
  5
6DB
100
AcDbEntity
  8
WALL
100
AcDbLine
 10
12300
 20
7925
 30
0
 11
12450
 21
8075
 31
0
  0
LINE
  5
6DC
100
AcDbEntity
  8
WALL
100
AcDbLine
 10
12450
 20
7925
 30
0
 11
12600
 21
8075
 31
0
  0
LINE
  5
6DD
100
AcDbEntity
  8
WALL
100
AcDbLine
 10
12600
 20
7925
 30
0
 11
12750
 21
8075
 31
0
  0
LINE
  5
6DE
100
AcDbEntity
  8
WALL
100
AcDbLine
 10
12750
 20
7925
 30
0
 11
12900
 21
8075
 31
0
  0
LINE
  5
6DF
100
AcDbEntity
  8
WALL
100
AcDbLine
 10
12900
 20
7925
 30
0
 11
13050
 21
8075
 31
0
  0
LINE
  5
6E0
100
AcDbEntity
  8
WALL
100
AcDbLine
 10
13050
 20
7925
 30
0
 11
13200
 21
8075
 31
0
  0
LINE
  5
6E1
100
AcDbEntity
  8
WALL
100
AcDbLine
 10
13200
 20
7925
 30
0
 11
13350
 21
8075
 31
0
  0
LINE
  5
6E2
100
AcDbEntity
  8
WALL
100
AcDbLine
 10
13350
 20
7925
 30
0
 11
13500
 21
8075
 31
0
  0
LINE
  5
6E3
100
AcDbEntity
  8
WALL
100
AcDbLine
370
50
 10
14450
 20
7925
 30
0
 11
16000
 21
7925
 31
0
  0
LINE
  5
6E4
100
AcDbEntity
  8
WALL
100
AcDbLine
370
50
 10
16000
 20
8075
 30
0
 11
14450
 21
8075
 31
0
  0
LINE
  5
6E5
100
AcDbEntity
  8
WALL
100
AcDbLine
 10
14450
 20
7925
 30
0
 11
14600
 21
8075
 31
0
  0
LINE
  5
6E6
100
AcDbEntity
  8
WALL
100
AcDbLine
 10
14600
 20
7925
 30
0
 11
14750
 21
8075
 31
0
  0
LINE
  5
6E7
100
AcDbEntity
  8
WALL
100
AcDbLine
 10
14750
 20
7925
 30
0
 11
14900
 21
8075
 31
0
  0
LINE
  5
6E8
100
AcDbEntity
  8
WALL
100
AcDbLine
 10
14900
 20
7925
 30
0
 11
15050
 21
8075
 31
0
  0
LINE
  5
6E9
100
AcDbEntity
  8
WALL
100
AcDbLine
 10
15050
 20
7925
 30
0
 11
15200
 21
8075
 31
0
  0
LINE
  5
6EA
100
AcDbEntity
  8
WALL
100
AcDbLine
 10
15200
 20
7925
 30
0
 11
15350
 21
8075
 31
0
  0
LINE
  5
6EB
100
AcDbEntity
  8
WALL
100
AcDbLine
 10
15350
 20
7925
 30
0
 11
15500
 21
8075
 31
0
  0
LINE
  5
6EC
100
AcDbEntity
  8
WALL
100
AcDbLine
 10
15500
 20
7925
 30
0
 11
15650
 21
8075
 31
0
  0
LINE
  5
6ED
100
AcDbEntity
  8
WALL
100
AcDbLine
 10
15650
 20
7925
 30
0
 11
15800
 21
8075
 31
0
  0
LINE
  5
6EE
100
AcDbEntity
  8
WALL
100
AcDbLine
 10
15800
 20
7925
 30
0
 11
15950
 21
8075
 31
0
  0
LINE
  5
6EF
100
AcDbEntity
  8
WALL
100
AcDbLine
370
50
 10
13550
 20
7925
 30
0
 11
13550
 21
8075
 31
0
  0
LINE
  5
6F0
100
AcDbEntity
  8
WALL
100
AcDbLine
370
50
 10
14450
 20
7925
 30
0
 11
14450
 21
8075
 31
0
  0
LINE
  5
6F1
100
AcDbEntity
  8
WALL
100
AcDbLine
370
50
 10
16000
 20
7925
 30
0
 11
17550
 21
7925
 31
0
  0
LINE
  5
6F2
100
AcDbEntity
  8
WALL
100
AcDbLine
370
50
 10
17550
 20
8075
 30
0
 11
16000
 21
8075
 31
0
  0
LINE
  5
6F3
100
AcDbEntity
  8
WALL
100
AcDbLine
 10
16000
 20
7925
 30
0
 11
16150
 21
8075
 31
0
  0
LINE
  5
6F4
100
AcDbEntity
  8
WALL
100
AcDbLine
 10
16150
 20
7925
 30
0
 11
16300
 21
8075
 31
0
  0
LINE
  5
6F5
100
AcDbEntity
  8
WALL
100
AcDbLine
 10
16300
 20
7925
 30
0
 11
16450
 21
8075
 31
0
  0
LINE
  5
6F6
100
AcDbEntity
  8
WALL
100
AcDbLine
 10
16450
 20
7925
 30
0
 11
16600
 21
8075
 31
0
  0
LINE
  5
6F7
100
AcDbEntity
  8
WALL
100
AcDbLine
 10
16600
 20
7925
 30
0
 11
16750
 21
8075
 31
0
  0
LINE
  5
6F8
100
AcDbEntity
  8
WALL
100
AcDbLine
 10
16750
 20
7925
 30
0
 11
16900
 21
8075
 31
0
  0
LINE
  5
6F9
100
AcDbEntity
  8
WALL
100
AcDbLine
 10
16900
 20
7925
 30
0
 11
17050
 21
8075
 31
0
  0
LINE
  5
6FA
100
AcDbEntity
  8
WALL
100
AcDbLine
 10
17050
 20
7925
 30
0
 11
17200
 21
8075
 31
0
  0
LINE
  5
6FB
100
AcDbEntity
  8
WALL
100
AcDbLine
 10
17200
 20
7925
 30
0
 11
17350
 21
8075
 31
0
  0
LINE
  5
6FC
100
AcDbEntity
  8
WALL
100
AcDbLine
 10
17350
 20
7925
 30
0
 11
17500
 21
8075
 31
0
  0
LINE
  5
6FD
100
AcDbEntity
  8
WALL
100
AcDbLine
370
50
 10
18450
 20
7925
 30
0
 11
20000
 21
7925
 31
0
  0
LINE
  5
6FE
100
AcDbEntity
  8
WALL
100
AcDbLine
370
50
 10
20000
 20
8075
 30
0
 11
18450
 21
8075
 31
0
  0
LINE
  5
6FF
100
AcDbEntity
  8
WALL
100
AcDbLine
 10
18450
 20
7925
 30
0
 11
18600
 21
8075
 31
0
  0
LINE
  5
700
100
AcDbEntity
  8
WALL
100
AcDbLine
 10
18600
 20
7925
 30
0
 11
18750
 21
8075
 31
0
  0
LINE
  5
701
100
AcDbEntity
  8
WALL
100
AcDbLine
 10
18750
 20
7925
 30
0
 11
18900
 21
8075
 31
0
  0
LINE
  5
702
100
AcDbEntity
  8
WALL
100
AcDbLine
 10
18900
 20
7925
 30
0
 11
19050
 21
8075
 31
0
  0
LINE
  5
703
100
AcDbEntity
  8
WALL
100
AcDbLine
 10
19050
 20
7925
 30
0
 11
19200
 21
8075
 31
0
  0
LINE
  5
704
100
AcDbEntity
  8
WALL
100
AcDbLine
 10
19200
 20
7925
 30
0
 11
19350
 21
8075
 31
0
  0
LINE
  5
705
100
AcDbEntity
  8
WALL
100
AcDbLine
 10
19350
 20
7925
 30
0
 11
19500
 21
8075
 31
0
  0
LINE
  5
706
100
AcDbEntity
  8
WALL
100
AcDbLine
 10
19500
 20
7925
 30
0
 11
19650
 21
8075
 31
0
  0
LINE
  5
707
100
AcDbEntity
  8
WALL
100
AcDbLine
 10
19650
 20
7925
 30
0
 11
19800
 21
8075
 31
0
  0
LINE
  5
708
100
AcDbEntity
  8
WALL
100
AcDbLine
 10
19800
 20
7925
 30
0
 11
19950
 21
8075
 31
0
  0
LINE
  5
709
100
AcDbEntity
  8
WALL
100
AcDbLine
370
50
 10
17550
 20
7925
 30
0
 11
17550
 21
8075
 31
0
  0
LINE
  5
70A
100
AcDbEntity
  8
WALL
100
AcDbLine
370
50
 10
18450
 20
7925
 30
0
 11
18450
 21
8075
 31
0
  0
LINE
  5
70B
100
AcDbEntity
  8
WALL
100
AcDbLine
370
50
 10
20000
 20
7925
 30
0
 11
24000
 21
7925
 31
0
  0
LINE
  5
70C
100
AcDbEntity
  8
WALL
100
AcDbLine
370
50
 10
24000
 20
8075
 30
0
 11
20000
 21
8075
 31
0
  0
LINE
  5
70D
100
AcDbEntity
  8
WALL
100
AcDbLine
 10
20000
 20
7925
 30
0
 11
20150
 21
8075
 31
0
  0
LINE
  5
70E
100
AcDbEntity
  8
WALL
100
AcDbLine
 10
20150
 20
7925
 30
0
 11
20300
 21
8075
 31
0
  0
LINE
  5
70F
100
AcDbEntity
  8
WALL
100
AcDbLine
 10
20300
 20
7925
 30
0
 11
20450
 21
8075
 31
0
  0
LINE
  5
710
100
AcDbEntity
  8
WALL
100
AcDbLine
 10
20450
 20
7925
 30
0
 11
20600
 21
8075
 31
0
  0
LINE
  5
711
100
AcDbEntity
  8
WALL
100
AcDbLine
 10
20600
 20
7925
 30
0
 11
20750
 21
8075
 31
0
  0
LINE
  5
712
100
AcDbEntity
  8
WALL
100
AcDbLine
 10
20750
 20
7925
 30
0
 11
20900
 21
8075
 31
0
  0
LINE
  5
713
100
AcDbEntity
  8
WALL
100
AcDbLine
 10
20900
 20
7925
 30
0
 11
21050
 21
8075
 31
0
  0
LINE
  5
714
100
AcDbEntity
  8
WALL
100
AcDbLine
 10
21050
 20
7925
 30
0
 11
21200
 21
8075
 31
0
  0
LINE
  5
715
100
AcDbEntity
  8
WALL
100
AcDbLine
 10
21200
 20
7925
 30
0
 11
21350
 21
8075
 31
0
  0
LINE
  5
716
100
AcDbEntity
  8
WALL
100
AcDbLine
 10
21350
 20
7925
 30
0
 11
21500
 21
8075
 31
0
  0
LINE
  5
717
100
AcDbEntity
  8
WALL
100
AcDbLine
 10
21500
 20
7925
 30
0
 11
21650
 21
8075
 31
0
  0
LINE
  5
718
100
AcDbEntity
  8
WALL
100
AcDbLine
 10
21650
 20
7925
 30
0
 11
21800
 21
8075
 31
0
  0
LINE
  5
719
100
AcDbEntity
  8
WALL
100
AcDbLine
 10
21800
 20
7925
 30
0
 11
21950
 21
8075
 31
0
  0
LINE
  5
71A
100
AcDbEntity
  8
WALL
100
AcDbLine
 10
21950
 20
7925
 30
0
 11
22100
 21
8075
 31
0
  0
LINE
  5
71B
100
AcDbEntity
  8
WALL
100
AcDbLine
 10
22100
 20
7925
 30
0
 11
22250
 21
8075
 31
0
  0
LINE
  5
71C
100
AcDbEntity
  8
WALL
100
AcDbLine
 10
22250
 20
7925
 30
0
 11
22400
 21
8075
 31
0
  0
LINE
  5
71D
100
AcDbEntity
  8
WALL
100
AcDbLine
 10
22400
 20
7925
 30
0
 11
22550
 21
8075
 31
0
  0
LINE
  5
71E
100
AcDbEntity
  8
WALL
100
AcDbLine
 10
22550
 20
7925
 30
0
 11
22700
 21
8075
 31
0
  0
LINE
  5
71F
100
AcDbEntity
  8
WALL
100
AcDbLine
 10
22700
 20
7925
 30
0
 11
22850
 21
8075
 31
0
  0
LINE
  5
720
100
AcDbEntity
  8
WALL
100
AcDbLine
 10
22850
 20
7925
 30
0
 11
23000
 21
8075
 31
0
  0
LINE
  5
721
100
AcDbEntity
  8
WALL
100
AcDbLine
 10
23000
 20
7925
 30
0
 11
23150
 21
8075
 31
0
  0
LINE
  5
722
100
AcDbEntity
  8
WALL
100
AcDbLine
 10
23150
 20
7925
 30
0
 11
23300
 21
8075
 31
0
  0
LINE
  5
723
100
AcDbEntity
  8
WALL
100
AcDbLine
 10
23300
 20
7925
 30
0
 11
23450
 21
8075
 31
0
  0
LINE
  5
724
100
AcDbEntity
  8
WALL
100
AcDbLine
 10
23450
 20
7925
 30
0
 11
23600
 21
8075
 31
0
  0
LINE
  5
725
100
AcDbEntity
  8
WALL
100
AcDbLine
 10
23600
 20
7925
 30
0
 11
23750
 21
8075
 31
0
  0
LINE
  5
726
100
AcDbEntity
  8
WALL
100
AcDbLine
 10
23750
 20
7925
 30
0
 11
23900
 21
8075
 31
0
  0
LINE
  5
727
100
AcDbEntity
  8
WALL
100
AcDbLine
370
50
 10
0
 20
15925
 30
0
 11
1550
 21
15925
 31
0
  0
LINE
  5
728
100
AcDbEntity
  8
WALL
100
AcDbLine
370
50
 10
1550
 20
16075
 30
0
 11
0
 21
16075
 31
0
  0
LINE
  5
729
100
AcDbEntity
  8
WALL
100
AcDbLine
 10
0
 20
15925
 30
0
 11
150
 21
16075
 31
0
  0
LINE
  5
72A
100
AcDbEntity
  8
WALL
100
AcDbLine
 10
150
 20
15925
 30
0
 11
300
 21
16075
 31
0
  0
LINE
  5
72B
100
AcDbEntity
  8
WALL
100
AcDbLine
 10
300
 20
15925
 30
0
 11
450
 21
16075
 31
0
  0
LINE
  5
72C
100
AcDbEntity
  8
WALL
100
AcDbLine
 10
450
 20
15925
 30
0
 11
600
 21
16075
 31
0
  0
LINE
  5
72D
100
AcDbEntity
  8
WALL
100
AcDbLine
 10
600
 20
15925
 30
0
 11
750
 21
16075
 31
0
  0
LINE
  5
72E
100
AcDbEntity
  8
WALL
100
AcDbLine
 10
750
 20
15925
 30
0
 11
900
 21
16075
 31
0
  0
LINE
  5
72F
100
AcDbEntity
  8
WALL
100
AcDbLine
 10
900
 20
15925
 30
0
 11
1050
 21
16075
 31
0
  0
LINE
  5
730
100
AcDbEntity
  8
WALL
100
AcDbLine
 10
1050
 20
15925
 30
0
 11
1200
 21
16075
 31
0
  0
LINE
  5
731
100
AcDbEntity
  8
WALL
100
AcDbLine
 10
1200
 20
15925
 30
0
 11
1350
 21
16075
 31
0
  0
LINE
  5
732
100
AcDbEntity
  8
WALL
100
AcDbLine
 10
1350
 20
15925
 30
0
 11
1500
 21
16075
 31
0
  0
LINE
  5
733
100
AcDbEntity
  8
WALL
100
AcDbLine
370
50
 10
2450
 20
15925
 30
0
 11
4000
 21
15925
 31
0
  0
LINE
  5
734
100
AcDbEntity
  8
WALL
100
AcDbLine
370
50
 10
4000
 20
16075
 30
0
 11
2450
 21
16075
 31
0
  0
LINE
  5
735
100
AcDbEntity
  8
WALL
100
AcDbLine
 10
2450
 20
15925
 30
0
 11
2600
 21
16075
 31
0
  0
LINE
  5
736
100
AcDbEntity
  8
WALL
100
AcDbLine
 10
2600
 20
15925
 30
0
 11
2750
 21
16075
 31
0
  0
LINE
  5
737
100
AcDbEntity
  8
WALL
100
AcDbLine
 10
2750
 20
15925
 30
0
 11
2900
 21
16075
 31
0
  0
LINE
  5
738
100
AcDbEntity
  8
WALL
100
AcDbLine
 10
2900
 20
15925
 30
0
 11
3050
 21
16075
 31
0
  0
LINE
  5
739
100
AcDbEntity
  8
WALL
100
AcDbLine
 10
3050
 20
15925
 30
0
 11
3200
 21
16075
 31
0
  0
LINE
  5
73A
100
AcDbEntity
  8
WALL
100
AcDbLine
 10
3200
 20
15925
 30
0
 11
3350
 21
16075
 31
0
  0
LINE
  5
73B
100
AcDbEntity
  8
WALL
100
AcDbLine
 10
3350
 20
15925
 30
0
 11
3500
 21
16075
 31
0
  0
LINE
  5
73C
100
AcDbEntity
  8
WALL
100
AcDbLine
 10
3500
 20
15925
 30
0
 11
3650
 21
16075
 31
0
  0
LINE
  5
73D
100
AcDbEntity
  8
WALL
100
AcDbLine
 10
3650
 20
15925
 30
0
 11
3800
 21
16075
 31
0
  0
LINE
  5
73E
100
AcDbEntity
  8
WALL
100
AcDbLine
 10
3800
 20
15925
 30
0
 11
3950
 21
16075
 31
0
  0
LINE
  5
73F
100
AcDbEntity
  8
WALL
100
AcDbLine
370
50
 10
1550
 20
15925
 30
0
 11
1550
 21
16075
 31
0
  0
LINE
  5
740
100
AcDbEntity
  8
WALL
100
AcDbLine
370
50
 10
2450
 20
15925
 30
0
 11
2450
 21
16075
 31
0
  0
LINE
  5
741
100
AcDbEntity
  8
WALL
100
AcDbLine
370
50
 10
4000
 20
15925
 30
0
 11
5550
 21
15925
 31
0
  0
LINE
  5
742
100
AcDbEntity
  8
WALL
100
AcDbLine
370
50
 10
5550
 20
16075
 30
0
 11
4000
 21
16075
 31
0
  0
LINE
  5
743
100
AcDbEntity
  8
WALL
100
AcDbLine
 10
4000
 20
15925
 30
0
 11
4150
 21
16075
 31
0
  0
LINE
  5
744
100
AcDbEntity
  8
WALL
100
AcDbLine
 10
4150
 20
15925
 30
0
 11
4300
 21
16075
 31
0
  0
LINE
  5
745
100
AcDbEntity
  8
WALL
100
AcDbLine
 10
4300
 20
15925
 30
0
 11
4450
 21
16075
 31
0
  0
LINE
  5
746
100
AcDbEntity
  8
WALL
100
AcDbLine
 10
4450
 20
15925
 30
0
 11
4600
 21
16075
 31
0
  0
LINE
  5
747
100
AcDbEntity
  8
WALL
100
AcDbLine
 10
4600
 20
15925
 30
0
 11
4750
 21
16075
 31
0
  0
LINE
  5
748
100
AcDbEntity
  8
WALL
100
AcDbLine
 10
4750
 20
15925
 30
0
 11
4900
 21
16075
 31
0
  0
LINE
  5
749
100
AcDbEntity
  8
WALL
100
AcDbLine
 10
4900
 20
15925
 30
0
 11
5050
 21
16075
 31
0
  0
LINE
  5
74A
100
AcDbEntity
  8
WALL
100
AcDbLine
 10
5050
 20
15925
 30
0
 11
5200
 21
16075
 31
0
  0
LINE
  5
74B
100
AcDbEntity
  8
WALL
100
AcDbLine
 10
5200
 20
15925
 30
0
 11
5350
 21
16075
 31
0
  0
LINE
  5
74C
100
AcDbEntity
  8
WALL
100
AcDbLine
 10
5350
 20
15925
 30
0
 11
5500
 21
16075
 31
0
  0
LINE
  5
74D
100
AcDbEntity
  8
WALL
100
AcDbLine
370
50
 10
6450
 20
15925
 30
0
 11
8000
 21
15925
 31
0
  0
LINE
  5
74E
100
AcDbEntity
  8
WALL
100
AcDbLine
370
50
 10
8000
 20
16075
 30
0
 11
6450
 21
16075
 31
0
  0
LINE
  5
74F
100
AcDbEntity
  8
WALL
100
AcDbLine
 10
6450
 20
15925
 30
0
 11
6600
 21
16075
 31
0
  0
LINE
  5
750
100
AcDbEntity
  8
WALL
100
AcDbLine
 10
6600
 20
15925
 30
0
 11
6750
 21
16075
 31
0
  0
LINE
  5
751
100
AcDbEntity
  8
WALL
100
AcDbLine
 10
6750
 20
15925
 30
0
 11
6900
 21
16075
 31
0
  0
LINE
  5
752
100
AcDbEntity
  8
WALL
100
AcDbLine
 10
6900
 20
15925
 30
0
 11
7050
 21
16075
 31
0
  0
LINE
  5
753
100
AcDbEntity
  8
WALL
100
AcDbLine
 10
7050
 20
15925
 30
0
 11
7200
 21
16075
 31
0
  0
LINE
  5
754
100
AcDbEntity
  8
WALL
100
AcDbLine
 10
7200
 20
15925
 30
0
 11
7350
 21
16075
 31
0
  0
LINE
  5
755
100
AcDbEntity
  8
WALL
100
AcDbLine
 10
7350
 20
15925
 30
0
 11
7500
 21
16075
 31
0
  0
LINE
  5
756
100
AcDbEntity
  8
WALL
100
AcDbLine
 10
7500
 20
15925
 30
0
 11
7650
 21
16075
 31
0
  0
LINE
  5
757
100
AcDbEntity
  8
WALL
100
AcDbLine
 10
7650
 20
15925
 30
0
 11
7800
 21
16075
 31
0
  0
LINE
  5
758
100
AcDbEntity
  8
WALL
100
AcDbLine
 10
7800
 20
15925
 30
0
 11
7950
 21
16075
 31
0
  0
LINE
  5
759
100
AcDbEntity
  8
WALL
100
AcDbLine
370
50
 10
5550
 20
15925
 30
0
 11
5550
 21
16075
 31
0
  0
LINE
  5
75A
100
AcDbEntity
  8
WALL
100
AcDbLine
370
50
 10
6450
 20
15925
 30
0
 11
6450
 21
16075
 31
0
  0
LINE
  5
75B
100
AcDbEntity
  8
WALL
100
AcDbLine
370
50
 10
8000
 20
15925
 30
0
 11
9550
 21
15925
 31
0
  0
LINE
  5
75C
100
AcDbEntity
  8
WALL
100
AcDbLine
370
50
 10
9550
 20
16075
 30
0
 11
8000
 21
16075
 31
0
  0
LINE
  5
75D
100
AcDbEntity
  8
WALL
100
AcDbLine
 10
8000
 20
15925
 30
0
 11
8150
 21
16075
 31
0
  0
LINE
  5
75E
100
AcDbEntity
  8
WALL
100
AcDbLine
 10
8150
 20
15925
 30
0
 11
8300
 21
16075
 31
0
  0
LINE
  5
75F
100
AcDbEntity
  8
WALL
100
AcDbLine
 10
8300
 20
15925
 30
0
 11
8450
 21
16075
 31
0
  0
LINE
  5
760
100
AcDbEntity
  8
WALL
100
AcDbLine
 10
8450
 20
15925
 30
0
 11
8600
 21
16075
 31
0
  0
LINE
  5
761
100
AcDbEntity
  8
WALL
100
AcDbLine
 10
8600
 20
15925
 30
0
 11
8750
 21
16075
 31
0
  0
LINE
  5
762
100
AcDbEntity
  8
WALL
100
AcDbLine
 10
8750
 20
15925
 30
0
 11
8900
 21
16075
 31
0
  0
LINE
  5
763
100
AcDbEntity
  8
WALL
100
AcDbLine
 10
8900
 20
15925
 30
0
 11
9050
 21
16075
 31
0
  0
LINE
  5
764
100
AcDbEntity
  8
WALL
100
AcDbLine
 10
9050
 20
15925
 30
0
 11
9200
 21
16075
 31
0
  0
LINE
  5
765
100
AcDbEntity
  8
WALL
100
AcDbLine
 10
9200
 20
15925
 30
0
 11
9350
 21
16075
 31
0
  0
LINE
  5
766
100
AcDbEntity
  8
WALL
100
AcDbLine
 10
9350
 20
15925
 30
0
 11
9500
 21
16075
 31
0
  0
LINE
  5
767
100
AcDbEntity
  8
WALL
100
AcDbLine
370
50
 10
10450
 20
15925
 30
0
 11
12000
 21
15925
 31
0
  0
LINE
  5
768
100
AcDbEntity
  8
WALL
100
AcDbLine
370
50
 10
12000
 20
16075
 30
0
 11
10450
 21
16075
 31
0
  0
LINE
  5
769
100
AcDbEntity
  8
WALL
100
AcDbLine
 10
10450
 20
15925
 30
0
 11
10600
 21
16075
 31
0
  0
LINE
  5
76A
100
AcDbEntity
  8
WALL
100
AcDbLine
 10
10600
 20
15925
 30
0
 11
10750
 21
16075
 31
0
  0
LINE
  5
76B
100
AcDbEntity
  8
WALL
100
AcDbLine
 10
10750
 20
15925
 30
0
 11
10900
 21
16075
 31
0
  0
LINE
  5
76C
100
AcDbEntity
  8
WALL
100
AcDbLine
 10
10900
 20
15925
 30
0
 11
11050
 21
16075
 31
0
  0
LINE
  5
76D
100
AcDbEntity
  8
WALL
100
AcDbLine
 10
11050
 20
15925
 30
0
 11
11200
 21
16075
 31
0
  0
LINE
  5
76E
100
AcDbEntity
  8
WALL
100
AcDbLine
 10
11200
 20
15925
 30
0
 11
11350
 21
16075
 31
0
  0
LINE
  5
76F
100
AcDbEntity
  8
WALL
100
AcDbLine
 10
11350
 20
15925
 30
0
 11
11500
 21
16075
 31
0
  0
LINE
  5
770
100
AcDbEntity
  8
WALL
100
AcDbLine
 10
11500
 20
15925
 30
0
 11
11650
 21
16075
 31
0
  0
LINE
  5
771
100
AcDbEntity
  8
WALL
100
AcDbLine
 10
11650
 20
15925
 30
0
 11
11800
 21
16075
 31
0
  0
LINE
  5
772
100
AcDbEntity
  8
WALL
100
AcDbLine
 10
11800
 20
15925
 30
0
 11
11950
 21
16075
 31
0
  0
LINE
  5
773
100
AcDbEntity
  8
WALL
100
AcDbLine
370
50
 10
9550
 20
15925
 30
0
 11
9550
 21
16075
 31
0
  0
LINE
  5
774
100
AcDbEntity
  8
WALL
100
AcDbLine
370
50
 10
10450
 20
15925
 30
0
 11
10450
 21
16075
 31
0
  0
LINE
  5
775
100
AcDbEntity
  8
WALL
100
AcDbLine
370
50
 10
12000
 20
15925
 30
0
 11
13550
 21
15925
 31
0
  0
LINE
  5
776
100
AcDbEntity
  8
WALL
100
AcDbLine
370
50
 10
13550
 20
16075
 30
0
 11
12000
 21
16075
 31
0
  0
LINE
  5
777
100
AcDbEntity
  8
WALL
100
AcDbLine
 10
12000
 20
15925
 30
0
 11
12150
 21
16075
 31
0
  0
LINE
  5
778
100
AcDbEntity
  8
WALL
100
AcDbLine
 10
12150
 20
15925
 30
0
 11
12300
 21
16075
 31
0
  0
LINE
  5
779
100
AcDbEntity
  8
WALL
100
AcDbLine
 10
12300
 20
15925
 30
0
 11
12450
 21
16075
 31
0
  0
LINE
  5
77A
100
AcDbEntity
  8
WALL
100
AcDbLine
 10
12450
 20
15925
 30
0
 11
12600
 21
16075
 31
0
  0
LINE
  5
77B
100
AcDbEntity
  8
WALL
100
AcDbLine
 10
12600
 20
15925
 30
0
 11
12750
 21
16075
 31
0
  0
LINE
  5
77C
100
AcDbEntity
  8
WALL
100
AcDbLine
 10
12750
 20
15925
 30
0
 11
12900
 21
16075
 31
0
  0
LINE
  5
77D
100
AcDbEntity
  8
WALL
100
AcDbLine
 10
12900
 20
15925
 30
0
 11
13050
 21
16075
 31
0
  0
LINE
  5
77E
100
AcDbEntity
  8
WALL
100
AcDbLine
 10
13050
 20
15925
 30
0
 11
13200
 21
16075
 31
0
  0
LINE
  5
77F
100
AcDbEntity
  8
WALL
100
AcDbLine
 10
13200
 20
15925
 30
0
 11
13350
 21
16075
 31
0
  0
LINE
  5
780
100
AcDbEntity
  8
WALL
100
AcDbLine
 10
13350
 20
15925
 30
0
 11
13500
 21
16075
 31
0
  0
LINE
  5
781
100
AcDbEntity
  8
WALL
100
AcDbLine
370
50
 10
14450
 20
15925
 30
0
 11
16000
 21
15925
 31
0
  0
LINE
  5
782
100
AcDbEntity
  8
WALL
100
AcDbLine
370
50
 10
16000
 20
16075
 30
0
 11
14450
 21
16075
 31
0
  0
LINE
  5
783
100
AcDbEntity
  8
WALL
100
AcDbLine
 10
14450
 20
15925
 30
0
 11
14600
 21
16075
 31
0
  0
LINE
  5
784
100
AcDbEntity
  8
WALL
100
AcDbLine
 10
14600
 20
15925
 30
0
 11
14750
 21
16075
 31
0
  0
LINE
  5
785
100
AcDbEntity
  8
WALL
100
AcDbLine
 10
14750
 20
15925
 30
0
 11
14900
 21
16075
 31
0
  0
LINE
  5
786
100
AcDbEntity
  8
WALL
100
AcDbLine
 10
14900
 20
15925
 30
0
 11
15050
 21
16075
 31
0
  0
LINE
  5
787
100
AcDbEntity
  8
WALL
100
AcDbLine
 10
15050
 20
15925
 30
0
 11
15200
 21
16075
 31
0
  0
LINE
  5
788
100
AcDbEntity
  8
WALL
100
AcDbLine
 10
15200
 20
15925
 30
0
 11
15350
 21
16075
 31
0
  0
LINE
  5
789
100
AcDbEntity
  8
WALL
100
AcDbLine
 10
15350
 20
15925
 30
0
 11
15500
 21
16075
 31
0
  0
LINE
  5
78A
100
AcDbEntity
  8
WALL
100
AcDbLine
 10
15500
 20
15925
 30
0
 11
15650
 21
16075
 31
0
  0
LINE
  5
78B
100
AcDbEntity
  8
WALL
100
AcDbLine
 10
15650
 20
15925
 30
0
 11
15800
 21
16075
 31
0
  0
LINE
  5
78C
100
AcDbEntity
  8
WALL
100
AcDbLine
 10
15800
 20
15925
 30
0
 11
15950
 21
16075
 31
0
  0
LINE
  5
78D
100
AcDbEntity
  8
WALL
100
AcDbLine
370
50
 10
13550
 20
15925
 30
0
 11
13550
 21
16075
 31
0
  0
LINE
  5
78E
100
AcDbEntity
  8
WALL
100
AcDbLine
370
50
 10
14450
 20
15925
 30
0
 11
14450
 21
16075
 31
0
  0
LINE
  5
78F
100
AcDbEntity
  8
WALL
100
AcDbLine
370
50
 10
16000
 20
15925
 30
0
 11
17550
 21
15925
 31
0
  0
LINE
  5
790
100
AcDbEntity
  8
WALL
100
AcDbLine
370
50
 10
17550
 20
16075
 30
0
 11
16000
 21
16075
 31
0
  0
LINE
  5
791
100
AcDbEntity
  8
WALL
100
AcDbLine
 10
16000
 20
15925
 30
0
 11
16150
 21
16075
 31
0
  0
LINE
  5
792
100
AcDbEntity
  8
WALL
100
AcDbLine
 10
16150
 20
15925
 30
0
 11
16300
 21
16075
 31
0
  0
LINE
  5
793
100
AcDbEntity
  8
WALL
100
AcDbLine
 10
16300
 20
15925
 30
0
 11
16450
 21
16075
 31
0
  0
LINE
  5
794
100
AcDbEntity
  8
WALL
100
AcDbLine
 10
16450
 20
15925
 30
0
 11
16600
 21
16075
 31
0
  0
LINE
  5
795
100
AcDbEntity
  8
WALL
100
AcDbLine
 10
16600
 20
15925
 30
0
 11
16750
 21
16075
 31
0
  0
LINE
  5
796
100
AcDbEntity
  8
WALL
100
AcDbLine
 10
16750
 20
15925
 30
0
 11
16900
 21
16075
 31
0
  0
LINE
  5
797
100
AcDbEntity
  8
WALL
100
AcDbLine
 10
16900
 20
15925
 30
0
 11
17050
 21
16075
 31
0
  0
LINE
  5
798
100
AcDbEntity
  8
WALL
100
AcDbLine
 10
17050
 20
15925
 30
0
 11
17200
 21
16075
 31
0
  0
LINE
  5
799
100
AcDbEntity
  8
WALL
100
AcDbLine
 10
17200
 20
15925
 30
0
 11
17350
 21
16075
 31
0
  0
LINE
  5
79A
100
AcDbEntity
  8
WALL
100
AcDbLine
 10
17350
 20
15925
 30
0
 11
17500
 21
16075
 31
0
  0
LINE
  5
79B
100
AcDbEntity
  8
WALL
100
AcDbLine
370
50
 10
18450
 20
15925
 30
0
 11
20000
 21
15925
 31
0
  0
LINE
  5
79C
100
AcDbEntity
  8
WALL
100
AcDbLine
370
50
 10
20000
 20
16075
 30
0
 11
18450
 21
16075
 31
0
  0
LINE
  5
79D
100
AcDbEntity
  8
WALL
100
AcDbLine
 10
18450
 20
15925
 30
0
 11
18600
 21
16075
 31
0
  0
LINE
  5
79E
100
AcDbEntity
  8
WALL
100
AcDbLine
 10
18600
 20
15925
 30
0
 11
18750
 21
16075
 31
0
  0
LINE
  5
79F
100
AcDbEntity
  8
WALL
100
AcDbLine
 10
18750
 20
15925
 30
0
 11
18900
 21
16075
 31
0
  0
LINE
  5
7A0
100
AcDbEntity
  8
WALL
100
AcDbLine
 10
18900
 20
15925
 30
0
 11
19050
 21
16075
 31
0
  0
LINE
  5
7A1
100
AcDbEntity
  8
WALL
100
AcDbLine
 10
19050
 20
15925
 30
0
 11
19200
 21
16075
 31
0
  0
LINE
  5
7A2
100
AcDbEntity
  8
WALL
100
AcDbLine
 10
19200
 20
15925
 30
0
 11
19350
 21
16075
 31
0
  0
LINE
  5
7A3
100
AcDbEntity
  8
WALL
100
AcDbLine
 10
19350
 20
15925
 30
0
 11
19500
 21
16075
 31
0
  0
LINE
  5
7A4
100
AcDbEntity
  8
WALL
100
AcDbLine
 10
19500
 20
15925
 30
0
 11
19650
 21
16075
 31
0
  0
LINE
  5
7A5
100
AcDbEntity
  8
WALL
100
AcDbLine
 10
19650
 20
15925
 30
0
 11
19800
 21
16075
 31
0
  0
LINE
  5
7A6
100
AcDbEntity
  8
WALL
100
AcDbLine
 10
19800
 20
15925
 30
0
 11
19950
 21
16075
 31
0
  0
LINE
  5
7A7
100
AcDbEntity
  8
WALL
100
AcDbLine
370
50
 10
17550
 20
15925
 30
0
 11
17550
 21
16075
 31
0
  0
LINE
  5
7A8
100
AcDbEntity
  8
WALL
100
AcDbLine
370
50
 10
18450
 20
15925
 30
0
 11
18450
 21
16075
 31
0
  0
LINE
  5
7A9
100
AcDbEntity
  8
WALL
100
AcDbLine
370
50
 10
20000
 20
15925
 30
0
 11
21550
 21
15925
 31
0
  0
LINE
  5
7AA
100
AcDbEntity
  8
WALL
100
AcDbLine
370
50
 10
21550
 20
16075
 30
0
 11
20000
 21
16075
 31
0
  0
LINE
  5
7AB
100
AcDbEntity
  8
WALL
100
AcDbLine
 10
20000
 20
15925
 30
0
 11
20150
 21
16075
 31
0
  0
LINE
  5
7AC
100
AcDbEntity
  8
WALL
100
AcDbLine
 10
20150
 20
15925
 30
0
 11
20300
 21
16075
 31
0
  0
LINE
  5
7AD
100
AcDbEntity
  8
WALL
100
AcDbLine
 10
20300
 20
15925
 30
0
 11
20450
 21
16075
 31
0
  0
LINE
  5
7AE
100
AcDbEntity
  8
WALL
100
AcDbLine
 10
20450
 20
15925
 30
0
 11
20600
 21
16075
 31
0
  0
LINE
  5
7AF
100
AcDbEntity
  8
WALL
100
AcDbLine
 10
20600
 20
15925
 30
0
 11
20750
 21
16075
 31
0
  0
LINE
  5
7B0
100
AcDbEntity
  8
WALL
100
AcDbLine
 10
20750
 20
15925
 30
0
 11
20900
 21
16075
 31
0
  0
LINE
  5
7B1
100
AcDbEntity
  8
WALL
100
AcDbLine
 10
20900
 20
15925
 30
0
 11
21050
 21
16075
 31
0
  0
LINE
  5
7B2
100
AcDbEntity
  8
WALL
100
AcDbLine
 10
21050
 20
15925
 30
0
 11
21200
 21
16075
 31
0
  0
LINE
  5
7B3
100
AcDbEntity
  8
WALL
100
AcDbLine
 10
21200
 20
15925
 30
0
 11
21350
 21
16075
 31
0
  0
LINE
  5
7B4
100
AcDbEntity
  8
WALL
100
AcDbLine
 10
21350
 20
15925
 30
0
 11
21500
 21
16075
 31
0
  0
LINE
  5
7B5
100
AcDbEntity
  8
WALL
100
AcDbLine
370
50
 10
22450
 20
15925
 30
0
 11
24000
 21
15925
 31
0
  0
LINE
  5
7B6
100
AcDbEntity
  8
WALL
100
AcDbLine
370
50
 10
24000
 20
16075
 30
0
 11
22450
 21
16075
 31
0
  0
LINE
  5
7B7
100
AcDbEntity
  8
WALL
100
AcDbLine
 10
22450
 20
15925
 30
0
 11
22600
 21
16075
 31
0
  0
LINE
  5
7B8
100
AcDbEntity
  8
WALL
100
AcDbLine
 10
22600
 20
15925
 30
0
 11
22750
 21
16075
 31
0
  0
LINE
  5
7B9
100
AcDbEntity
  8
WALL
100
AcDbLine
 10
22750
 20
15925
 30
0
 11
22900
 21
16075
 31
0
  0
LINE
  5
7BA
100
AcDbEntity
  8
WALL
100
AcDbLine
 10
22900
 20
15925
 30
0
 11
23050
 21
16075
 31
0
  0
LINE
  5
7BB
100
AcDbEntity
  8
WALL
100
AcDbLine
 10
23050
 20
15925
 30
0
 11
23200
 21
16075
 31
0
  0
LINE
  5
7BC
100
AcDbEntity
  8
WALL
100
AcDbLine
 10
23200
 20
15925
 30
0
 11
23350
 21
16075
 31
0
  0
LINE
  5
7BD
100
AcDbEntity
  8
WALL
100
AcDbLine
 10
23350
 20
15925
 30
0
 11
23500
 21
16075
 31
0
  0
LINE
  5
7BE
100
AcDbEntity
  8
WALL
100
AcDbLine
 10
23500
 20
15925
 30
0
 11
23650
 21
16075
 31
0
  0
LINE
  5
7BF
100
AcDbEntity
  8
WALL
100
AcDbLine
 10
23650
 20
15925
 30
0
 11
23800
 21
16075
 31
0
  0
LINE
  5
7C0
100
AcDbEntity
  8
WALL
100
AcDbLine
 10
23800
 20
15925
 30
0
 11
23950
 21
16075
 31
0
  0
LINE
  5
7C1
100
AcDbEntity
  8
WALL
100
AcDbLine
370
50
 10
21550
 20
15925
 30
0
 11
21550
 21
16075
 31
0
  0
LINE
  5
7C2
100
AcDbEntity
  8
WALL
100
AcDbLine
370
50
 10
22450
 20
15925
 30
0
 11
22450
 21
16075
 31
0
  0
LWPOLYLINE
  5
7C3
100
AcDbEntity
  8
COLUMN
100
AcDbPolyline
 90
4
 70
1
 10
-115
 20
-115
 10
115
 20
-115
 10
115
 20
115
 10
-115
 20
115
  0
LWPOLYLINE
  5
7C4
100
AcDbEntity
  8
COLUMN
100
AcDbPolyline
 90
4
 70
1
 10
-115
 20
7885
 10
115
 20
7885
 10
115
 20
8115
 10
-115
 20
8115
  0
LWPOLYLINE
  5
7C5
100
AcDbEntity
  8
COLUMN
100
AcDbPolyline
 90
4
 70
1
 10
-115
 20
15885
 10
115
 20
15885
 10
115
 20
16115
 10
-115
 20
16115
  0
LWPOLYLINE
  5
7C6
100
AcDbEntity
  8
COLUMN
100
AcDbPolyline
 90
4
 70
1
 10
-115
 20
23885
 10
115
 20
23885
 10
115
 20
24115
 10
-115
 20
24115
  0
LWPOLYLINE
  5
7C7
100
AcDbEntity
  8
COLUMN
100
AcDbPolyline
 90
4
 70
1
 10
3885
 20
-115
 10
4115
 20
-115
 10
4115
 20
115
 10
3885
 20
115
  0
LWPOLYLINE
  5
7C8
100
AcDbEntity
  8
COLUMN
100
AcDbPolyline
 90
4
 70
1
 10
3885
 20
7885
 10
4115
 20
7885
 10
4115
 20
8115
 10
3885
 20
8115
  0
LWPOLYLINE
  5
7C9
100
AcDbEntity
  8
COLUMN
100
AcDbPolyline
 90
4
 70
1
 10
3885
 20
15885
 10
4115
 20
15885
 10
4115
 20
16115
 10
3885
 20
16115
  0
LWPOLYLINE
  5
7CA
100
AcDbEntity
  8
COLUMN
100
AcDbPolyline
 90
4
 70
1
 10
3885
 20
23885
 10
4115
 20
23885
 10
4115
 20
24115
 10
3885
 20
24115
  0
LWPOLYLINE
  5
7CB
100
AcDbEntity
  8
COLUMN
100
AcDbPolyline
 90
4
 70
1
 10
7885
 20
-115
 10
8115
 20
-115
 10
8115
 20
115
 10
7885
 20
115
  0
LWPOLYLINE
  5
7CC
100
AcDbEntity
  8
COLUMN
100
AcDbPolyline
 90
4
 70
1
 10
7885
 20
7885
 10
8115
 20
7885
 10
8115
 20
8115
 10
7885
 20
8115
  0
LWPOLYLINE
  5
7CD
100
AcDbEntity
  8
COLUMN
100
AcDbPolyline
 90
4
 70
1
 10
7885
 20
15885
 10
8115
 20
15885
 10
8115
 20
16115
 10
7885
 20
16115
  0
LWPOLYLINE
  5
7CE
100
AcDbEntity
  8
COLUMN
100
AcDbPolyline
 90
4
 70
1
 10
7885
 20
23885
 10
8115
 20
23885
 10
8115
 20
24115
 10
7885
 20
24115
  0
LWPOLYLINE
  5
7CF
100
AcDbEntity
  8
COLUMN
100
AcDbPolyline
 90
4
 70
1
 10
11885
 20
-115
 10
12115
 20
-115
 10
12115
 20
115
 10
11885
 20
115
  0
LWPOLYLINE
  5
7D0
100
AcDbEntity
  8
COLUMN
100
AcDbPolyline
 90
4
 70
1
 10
11885
 20
7885
 10
12115
 20
7885
 10
12115
 20
8115
 10
11885
 20
8115
  0
LWPOLYLINE
  5
7D1
100
AcDbEntity
  8
COLUMN
100
AcDbPolyline
 90
4
 70
1
 10
11885
 20
15885
 10
12115
 20
15885
 10
12115
 20
16115
 10
11885
 20
16115
  0
LWPOLYLINE
  5
7D2
100
AcDbEntity
  8
COLUMN
100
AcDbPolyline
 90
4
 70
1
 10
11885
 20
23885
 10
12115
 20
23885
 10
12115
 20
24115
 10
11885
 20
24115
  0
LWPOLYLINE
  5
7D3
100
AcDbEntity
  8
COLUMN
100
AcDbPolyline
 90
4
 70
1
 10
15885
 20
-115
 10
16115
 20
-115
 10
16115
 20
115
 10
15885
 20
115
  0
LWPOLYLINE
  5
7D4
100
AcDbEntity
  8
COLUMN
100
AcDbPolyline
 90
4
 70
1
 10
15885
 20
7885
 10
16115
 20
7885
 10
16115
 20
8115
 10
15885
 20
8115
  0
LWPOLYLINE
  5
7D5
100
AcDbEntity
  8
COLUMN
100
AcDbPolyline
 90
4
 70
1
 10
15885
 20
15885
 10
16115
 20
15885
 10
16115
 20
16115
 10
15885
 20
16115
  0
LWPOLYLINE
  5
7D6
100
AcDbEntity
  8
COLUMN
100
AcDbPolyline
 90
4
 70
1
 10
15885
 20
23885
 10
16115
 20
23885
 10
16115
 20
24115
 10
15885
 20
24115
  0
LWPOLYLINE
  5
7D7
100
AcDbEntity
  8
COLUMN
100
AcDbPolyline
 90
4
 70
1
 10
19885
 20
-115
 10
20115
 20
-115
 10
20115
 20
115
 10
19885
 20
115
  0
LWPOLYLINE
  5
7D8
100
AcDbEntity
  8
COLUMN
100
AcDbPolyline
 90
4
 70
1
 10
19885
 20
7885
 10
20115
 20
7885
 10
20115
 20
8115
 10
19885
 20
8115
  0
LWPOLYLINE
  5
7D9
100
AcDbEntity
  8
COLUMN
100
AcDbPolyline
 90
4
 70
1
 10
19885
 20
15885
 10
20115
 20
15885
 10
20115
 20
16115
 10
19885
 20
16115
  0
LWPOLYLINE
  5
7DA
100
AcDbEntity
  8
COLUMN
100
AcDbPolyline
 90
4
 70
1
 10
19885
 20
23885
 10
20115
 20
23885
 10
20115
 20
24115
 10
19885
 20
24115
  0
LWPOLYLINE
  5
7DB
100
AcDbEntity
  8
COLUMN
100
AcDbPolyline
 90
4
 70
1
 10
23885
 20
-115
 10
24115
 20
-115
 10
24115
 20
115
 10
23885
 20
115
  0
LWPOLYLINE
  5
7DC
100
AcDbEntity
  8
COLUMN
100
AcDbPolyline
 90
4
 70
1
 10
23885
 20
7885
 10
24115
 20
7885
 10
24115
 20
8115
 10
23885
 20
8115
  0
LWPOLYLINE
  5
7DD
100
AcDbEntity
  8
COLUMN
100
AcDbPolyline
 90
4
 70
1
 10
23885
 20
15885
 10
24115
 20
15885
 10
24115
 20
16115
 10
23885
 20
16115
  0
LWPOLYLINE
  5
7DE
100
AcDbEntity
  8
COLUMN
100
AcDbPolyline
 90
4
 70
1
 10
23885
 20
23885
 10
24115
 20
23885
 10
24115
 20
24115
 10
23885
 20
24115
  0
TEXT
  5
7DF
100
AcDbEntity
  8
TEXT
100
AcDbText
 10
1518.7500
 20
4018.7500
 30
0
 40
250
  1
LOUNGE
100
AcDbText
  0
TEXT
  5
7E0
100
AcDbEntity
  8
TEXT
100
AcDbText
 10
5500
 20
4018.7500
 30
0
 40
250
  1
DINING
100
AcDbText
  0
TEXT
  5
7E1
100
AcDbEntity
  8
TEXT
100
AcDbText
 10
9500
 20
4018.7500
 30
0
 40
250
  1
KITCHEN
100
AcDbText
  0
TEXT
  5
7E2
100
AcDbEntity
  8
TEXT
100
AcDbText
 10
13500
 20
4018.7500
 30
0
 40
250
  1
KITCHEN
100
AcDbText
  0
TEXT
  5
7E3
100
AcDbEntity
  8
TEXT
100
AcDbText
 10
17500
 20
4018.7500
 30
0
 40
250
  1
DINING
100
AcDbText
  0
TEXT
  5
7E4
100
AcDbEntity
  8
TEXT
100
AcDbText
 10
21481.2500
 20
4018.7500
 30
0
 40
250
  1
LOUNGE
100
AcDbText
  0
TEXT
  5
7E5
100
AcDbEntity
  8
TEXT
100
AcDbText
 10
1518.7500
 20
12000
 30
0
 40
250
  1
STORE
100
AcDbText
  0
TEXT
  5
7E6
100
AcDbEntity
  8
TEXT
100
AcDbText
 10
5500
 20
12000
 30
0
 40
250
  1
STAIR HALL
100
AcDbText
  0
TEXT
  5
7E7
100
AcDbEntity
  8
TEXT
100
AcDbText
 10
9500
 20
12000
 30
0
 40
250
  1
DRESSING
100
AcDbText
  0
LWPOLYLINE
  5
7E8
100
AcDbEntity
  8
SANITARY
100
AcDbPolyline
 90
4
 70
1
 10
8475
 20
15025
 10
8875
 20
15025
 10
8875
 20
15625
 10
8475
 20
15625
  0
TEXT
  5
7E9
100
AcDbEntity
  8
TEXT
100
AcDbText
 10
13500
 20
12000
 30
0
 40
250
  1
DRESSING
100
AcDbText
  0
LWPOLYLINE
  5
7EA
100
AcDbEntity
  8
SANITARY
100
AcDbPolyline
 90
4
 70
1
 10
12475
 20
15025
 10
12875
 20
15025
 10
12875
 20
15625
 10
12475
 20
15625
  0
TEXT
  5
7EB
100
AcDbEntity
  8
TEXT
100
AcDbText
 10
17500
 20
12000
 30
0
 40
250
  1
STAIR HALL
100
AcDbText
  0
TEXT
  5
7EC
100
AcDbEntity
  8
TEXT
100
AcDbText
 10
21481.2500
 20
12000
 30
0
 40
250
  1
STORE
100
AcDbText
  0
TEXT
  5
7ED
100
AcDbEntity
  8
TEXT
100
AcDbText
 10
1518.7500
 20
19981.2500
 30
0
 40
250
  1
BEDROOM
100
AcDbText
  0
TEXT
  5
7EE
100
AcDbEntity
  8
TEXT
100
AcDbText
 10
5500
 20
19981.2500
 30
0
 40
250
  1
BEDROOM
100
AcDbText
  0
TEXT
  5
7EF
100
AcDbEntity
  8
TEXT
100
AcDbText
 10
9500
 20
19981.2500
 30
0
 40
250
  1
MASTER BEDROOM
100
AcDbText
  0
TEXT
  5
7F0
100
AcDbEntity
  8
TEXT
100
AcDbText
 10
13500
 20
19981.2500
 30
0
 40
250
  1
MASTER BEDROOM
100
AcDbText
  0
TEXT
  5
7F1
100
AcDbEntity
  8
TEXT
100
AcDbText
 10
17500
 20
19981.2500
 30
0
 40
250
  1
BEDROOM
100
AcDbText
  0
TEXT
  5
7F2
100
AcDbEntity
  8
TEXT
100
AcDbText
 10
21481.2500
 20
19981.2500
 30
0
 40
250
  1
BEDROOM
100
AcDbText
  0
DIMENSION
  5
7F3
100
AcDbEntity
  8
DIM
100
AcDbDimension
  2
*D
 10
0
 20
-1800
 30
0
 11
12000
 21
-1550
 31
0
 70
33
  1

 42
24000
100
AcDbAlignedDimension
 13
0
 23
0
 33
0
 14
24000
 24
0
 34
0
  0
DIMENSION
  5
7F4
100
AcDbEntity
  8
DIM
100
AcDbDimension
  2
*D
 10
-1800
 20
0
 30
0
 11
-1550
 21
12000
 31
0
 70
33
  1

 42
24000
100
AcDbAlignedDimension
 13
0
 23
0
 33
0
 14
0
 24
24000
 34
0
  0
DIMENSION
  5
7F5
100
AcDbEntity
  8
DIM
100
AcDbDimension
  2
*D
 10
0
 20
25200
 30
0
 11
2000
 21
25450
 31
0
 70
33
  1

 42
4000
100
AcDbAlignedDimension
 13
0
 23
24000
 33
0
 14
4000
 24
24000
 34
0
  0
DIMENSION
  5
7F6
100
AcDbEntity
  8
DIM
100
AcDbDimension
  2
*D
 10
4000
 20
25200
 30
0
 11
6000
 21
25450
 31
0
 70
33
  1

 42
4000
100
AcDbAlignedDimension
 13
4000
 23
24000
 33
0
 14
8000
 24
24000
 34
0
  0
DIMENSION
  5
7F7
100
AcDbEntity
  8
DIM
100
AcDbDimension
  2
*D
 10
8000
 20
25200
 30
0
 11
10000
 21
25450
 31
0
 70
33
  1

 42
4000
100
AcDbAlignedDimension
 13
8000
 23
24000
 33
0
 14
12000
 24
24000
 34
0
  0
DIMENSION
  5
7F8
100
AcDbEntity
  8
DIM
100
AcDbDimension
  2
*D
 10
12000
 20
25200
 30
0
 11
14000
 21
25450
 31
0
 70
33
  1

 42
4000
100
AcDbAlignedDimension
 13
12000
 23
24000
 33
0
 14
16000
 24
24000
 34
0
  0
DIMENSION
  5
7F9
100
AcDbEntity
  8
DIM
100
AcDbDimension
  2
*D
 10
16000
 20
25200
 30
0
 11
18000
 21
25450
 31
0
 70
33
  1

 42
4000
100
AcDbAlignedDimension
 13
16000
 23
24000
 33
0
 14
20000
 24
24000
 34
0
  0
DIMENSION
  5
7FA
100
AcDbEntity
  8
DIM
100
AcDbDimension
  2
*D
 10
20000
 20
25200
 30
0
 11
22000
 21
25450
 31
0
 70
33
  1

 42
4000
100
AcDbAlignedDimension
 13
20000
 23
24000
 33
0
 14
24000
 24
24000
 34
0
  0
DIMENSION
  5
7FB
100
AcDbEntity
  8
DIM
100
AcDbDimension
  2
*D
 10
25200
 20
0
 30
0
 11
25450
 21
4000
 31
0
 70
33
  1

 42
8000
100
AcDbAlignedDimension
 13
24000
 23
0
 33
0
 14
24000
 24
8000
 34
0
  0
DIMENSION
  5
7FC
100
AcDbEntity
  8
DIM
100
AcDbDimension
  2
*D
 10
25200
 20
8000
 30
0
 11
25450
 21
12000
 31
0
 70
33
  1

 42
8000
100
AcDbAlignedDimension
 13
24000
 23
8000
 33
0
 14
24000
 24
16000
 34
0
  0
DIMENSION
  5
7FD
100
AcDbEntity
  8
DIM
100
AcDbDimension
  2
*D
 10
25200
 20
16000
 30
0
 11
25450
 21
20000
 31
0
 70
33
  1

 42
8000
100
AcDbAlignedDimension
 13
24000
 23
16000
 33
0
 14
24000
 24
24000
 34
0
  0
TEXT
  5
7FE
100
AcDbEntity
  8
TEXT
100
AcDbText
 10
0
 20
-3200
 30
0
 40
450
  1
GROUND FLOOR PLAN
100
AcDbText
  0
TEXT
  5
7FF
100
AcDbEntity
  8
TEXT
100
AcDbText
 10
26600
 20
12000
 30
0
 40
300
  1
+450
100
AcDbText
  0
TEXT
  5
800
100
AcDbEntity
  8
TEXT
100
AcDbText
 10
0
 20
-4200
 30
0
 40
250
  1
EACH FLAT OCCUPIES 271 SQUARE METRES ONLY.
100
AcDbText
  0
LWPOLYLINE
  5
801
100
AcDbEntity
  8
WIND
100
AcDbPolyline
 90
4
 70
1
 10
35940
 20
3400
 10
36060
 20
3400
 10
36060
 20
4600
 10
35940
 20
4600
  0
LWPOLYLINE
  5
802
100
AcDbEntity
  8
WIND
100
AcDbPolyline
 90
4
 70
1
 10
35940
 20
11400
 10
36060
 20
11400
 10
36060
 20
12600
 10
35940
 20
12600
  0
LWPOLYLINE
  5
803
100
AcDbEntity
  8
WIND
100
AcDbPolyline
 90
4
 70
1
 10
35940
 20
19400
 10
36060
 20
19400
 10
36060
 20
20600
 10
35940
 20
20600
  0
LWPOLYLINE
  5
804
100
AcDbEntity
  8
WIND
100
AcDbPolyline
 90
4
 70
1
 10
59940
 20
3400
 10
60060
 20
3400
 10
60060
 20
4600
 10
59940
 20
4600
  0
LWPOLYLINE
  5
805
100
AcDbEntity
  8
WIND
100
AcDbPolyline
 90
4
 70
1
 10
59940
 20
11400
 10
60060
 20
11400
 10
60060
 20
12600
 10
59940
 20
12600
  0
LWPOLYLINE
  5
806
100
AcDbEntity
  8
WIND
100
AcDbPolyline
 90
4
 70
1
 10
59940
 20
19400
 10
60060
 20
19400
 10
60060
 20
20600
 10
59940
 20
20600
  0
LWPOLYLINE
  5
807
100
AcDbEntity
  8
WIND
100
AcDbPolyline
 90
4
 70
1
 10
37400
 20
-60
 10
38600
 20
-60
 10
38600
 20
60
 10
37400
 20
60
  0
LWPOLYLINE
  5
808
100
AcDbEntity
  8
WIND
100
AcDbPolyline
 90
4
 70
1
 10
41400
 20
-60
 10
42600
 20
-60
 10
42600
 20
60
 10
41400
 20
60
  0
LWPOLYLINE
  5
809
100
AcDbEntity
  8
WIND
100
AcDbPolyline
 90
4
 70
1
 10
45400
 20
-60
 10
46600
 20
-60
 10
46600
 20
60
 10
45400
 20
60
  0
LWPOLYLINE
  5
80A
100
AcDbEntity
  8
WIND
100
AcDbPolyline
 90
4
 70
1
 10
49400
 20
-60
 10
50600
 20
-60
 10
50600
 20
60
 10
49400
 20
60
  0
LWPOLYLINE
  5
80B
100
AcDbEntity
  8
WIND
100
AcDbPolyline
 90
4
 70
1
 10
53400
 20
-60
 10
54600
 20
-60
 10
54600
 20
60
 10
53400
 20
60
  0
LWPOLYLINE
  5
80C
100
AcDbEntity
  8
WIND
100
AcDbPolyline
 90
4
 70
1
 10
57400
 20
-60
 10
58600
 20
-60
 10
58600
 20
60
 10
57400
 20
60
  0
LWPOLYLINE
  5
80D
100
AcDbEntity
  8
WIND
100
AcDbPolyline
 90
4
 70
1
 10
37400
 20
23940
 10
38600
 20
23940
 10
38600
 20
24060
 10
37400
 20
24060
  0
LWPOLYLINE
  5
80E
100
AcDbEntity
  8
WIND
100
AcDbPolyline
 90
4
 70
1
 10
41400
 20
23940
 10
42600
 20
23940
 10
42600
 20
24060
 10
41400
 20
24060
  0
LWPOLYLINE
  5
80F
100
AcDbEntity
  8
WIND
100
AcDbPolyline
 90
4
 70
1
 10
45400
 20
23940
 10
46600
 20
23940
 10
46600
 20
24060
 10
45400
 20
24060
  0
LWPOLYLINE
  5
810
100
AcDbEntity
  8
WIND
100
AcDbPolyline
 90
4
 70
1
 10
49400
 20
23940
 10
50600
 20
23940
 10
50600
 20
24060
 10
49400
 20
24060
  0
LWPOLYLINE
  5
811
100
AcDbEntity
  8
WIND
100
AcDbPolyline
 90
4
 70
1
 10
53400
 20
23940
 10
54600
 20
23940
 10
54600
 20
24060
 10
53400
 20
24060
  0
LWPOLYLINE
  5
812
100
AcDbEntity
  8
WIND
100
AcDbPolyline
 90
4
 70
1
 10
57400
 20
23940
 10
58600
 20
23940
 10
58600
 20
24060
 10
57400
 20
24060
  0
ARC
  5
813
100
AcDbEntity
  8
DOOR
100
AcDbCircle
 10
40000
 20
3550
 30
0
 40
900
100
AcDbArc
 50
90
 51
180
  0
LINE
  5
814
100
AcDbEntity
  8
DOOR
100
AcDbLine
 10
40000
 20
3550
 30
0
 11
39100
 21
3550
 31
0
  0
ARC
  5
815
100
AcDbEntity
  8
DOOR
100
AcDbCircle
 10
40000
 20
11550
 30
0
 40
900
100
AcDbArc
 50
90
 51
180
  0
LINE
  5
816
100
AcDbEntity
  8
DOOR
100
AcDbLine
 10
40000
 20
11550
 30
0
 11
39100
 21
11550
 31
0
  0
ARC
  5
817
100
AcDbEntity
  8
DOOR
100
AcDbCircle
 10
40000
 20
19550
 30
0
 40
900
100
AcDbArc
 50
90
 51
180
  0
LINE
  5
818
100
AcDbEntity
  8
DOOR
100
AcDbLine
 10
40000
 20
19550
 30
0
 11
39100
 21
19550
 31
0
  0
ARC
  5
819
100
AcDbEntity
  8
DOOR
100
AcDbCircle
 10
44000
 20
3550
 30
0
 40
900
100
AcDbArc
 50
90
 51
180
  0
LINE
  5
81A
100
AcDbEntity
  8
DOOR
100
AcDbLine
 10
44000
 20
3550
 30
0
 11
43100
 21
3550
 31
0
  0
ARC
  5
81B
100
AcDbEntity
  8
DOOR
100
AcDbCircle
 10
44000
 20
11550
 30
0
 40
900
100
AcDbArc
 50
90
 51
180
  0
LINE
  5
81C
100
AcDbEntity
  8
DOOR
100
AcDbLine
 10
44000
 20
11550
 30
0
 11
43100
 21
11550
 31
0
  0
ARC
  5
81D
100
AcDbEntity
  8
DOOR
100
AcDbCircle
 10
44000
 20
19550
 30
0
 40
900
100
AcDbArc
 50
90
 51
180
  0
LINE
  5
81E
100
AcDbEntity
  8
DOOR
100
AcDbLine
 10
44000
 20
19550
 30
0
 11
43100
 21
19550
 31
0
  0
ARC
  5
81F
100
AcDbEntity
  8
DOOR
100
AcDbCircle
 10
52000
 20
3550
 30
0
 40
900
100
AcDbArc
 50
90
 51
180
  0
LINE
  5
820
100
AcDbEntity
  8
DOOR
100
AcDbLine
 10
52000
 20
3550
 30
0
 11
51100
 21
3550
 31
0
  0
ARC
  5
821
100
AcDbEntity
  8
DOOR
100
AcDbCircle
 10
52000
 20
11550
 30
0
 40
900
100
AcDbArc
 50
90
 51
180
  0
LINE
  5
822
100
AcDbEntity
  8
DOOR
100
AcDbLine
 10
52000
 20
11550
 30
0
 11
51100
 21
11550
 31
0
  0
ARC
  5
823
100
AcDbEntity
  8
DOOR
100
AcDbCircle
 10
52000
 20
19550
 30
0
 40
900
100
AcDbArc
 50
90
 51
180
  0
LINE
  5
824
100
AcDbEntity
  8
DOOR
100
AcDbLine
 10
52000
 20
19550
 30
0
 11
51100
 21
19550
 31
0
  0
ARC
  5
825
100
AcDbEntity
  8
DOOR
100
AcDbCircle
 10
56000
 20
3550
 30
0
 40
900
100
AcDbArc
 50
90
 51
180
  0
LINE
  5
826
100
AcDbEntity
  8
DOOR
100
AcDbLine
 10
56000
 20
3550
 30
0
 11
55100
 21
3550
 31
0
  0
ARC
  5
827
100
AcDbEntity
  8
DOOR
100
AcDbCircle
 10
56000
 20
11550
 30
0
 40
900
100
AcDbArc
 50
90
 51
180
  0
LINE
  5
828
100
AcDbEntity
  8
DOOR
100
AcDbLine
 10
56000
 20
11550
 30
0
 11
55100
 21
11550
 31
0
  0
ARC
  5
829
100
AcDbEntity
  8
DOOR
100
AcDbCircle
 10
56000
 20
19550
 30
0
 40
900
100
AcDbArc
 50
90
 51
180
  0
LINE
  5
82A
100
AcDbEntity
  8
DOOR
100
AcDbLine
 10
56000
 20
19550
 30
0
 11
55100
 21
19550
 31
0
  0
ARC
  5
82B
100
AcDbEntity
  8
DOOR
100
AcDbCircle
 10
41550
 20
8000
 30
0
 40
900
100
AcDbArc
 50
0
 51
90
  0
LINE
  5
82C
100
AcDbEntity
  8
DOOR
100
AcDbLine
 10
41550
 20
8000
 30
0
 11
41550
 21
8900
 31
0
  0
ARC
  5
82D
100
AcDbEntity
  8
DOOR
100
AcDbCircle
 10
45550
 20
8000
 30
0
 40
900
100
AcDbArc
 50
0
 51
90
  0
LINE
  5
82E
100
AcDbEntity
  8
DOOR
100
AcDbLine
 10
45550
 20
8000
 30
0
 11
45550
 21
8900
 31
0
  0
ARC
  5
82F
100
AcDbEntity
  8
DOOR
100
AcDbCircle
 10
49550
 20
8000
 30
0
 40
900
100
AcDbArc
 50
0
 51
90
  0
LINE
  5
830
100
AcDbEntity
  8
DOOR
100
AcDbLine
 10
49550
 20
8000
 30
0
 11
49550
 21
8900
 31
0
  0
ARC
  5
831
100
AcDbEntity
  8
DOOR
100
AcDbCircle
 10
53550
 20
8000
 30
0
 40
900
100
AcDbArc
 50
0
 51
90
  0
LINE
  5
832
100
AcDbEntity
  8
DOOR
100
AcDbLine
 10
53550
 20
8000
 30
0
 11
53550
 21
8900
 31
0
  0
ARC
  5
833
100
AcDbEntity
  8
DOOR
100
AcDbCircle
 10
37550
 20
16000
 30
0
 40
900
100
AcDbArc
 50
0
 51
90
  0
LINE
  5
834
100
AcDbEntity
  8
DOOR
100
AcDbLine
 10
37550
 20
16000
 30
0
 11
37550
 21
16900
 31
0
  0
ARC
  5
835
100
AcDbEntity
  8
DOOR
100
AcDbCircle
 10
41550
 20
16000
 30
0
 40
900
100
AcDbArc
 50
0
 51
90
  0
LINE
  5
836
100
AcDbEntity
  8
DOOR
100
AcDbLine
 10
41550
 20
16000
 30
0
 11
41550
 21
16900
 31
0
  0
ARC
  5
837
100
AcDbEntity
  8
DOOR
100
AcDbCircle
 10
45550
 20
16000
 30
0
 40
900
100
AcDbArc
 50
0
 51
90
  0
LINE
  5
838
100
AcDbEntity
  8
DOOR
100
AcDbLine
 10
45550
 20
16000
 30
0
 11
45550
 21
16900
 31
0
  0
ARC
  5
839
100
AcDbEntity
  8
DOOR
100
AcDbCircle
 10
49550
 20
16000
 30
0
 40
900
100
AcDbArc
 50
0
 51
90
  0
LINE
  5
83A
100
AcDbEntity
  8
DOOR
100
AcDbLine
 10
49550
 20
16000
 30
0
 11
49550
 21
16900
 31
0
  0
ARC
  5
83B
100
AcDbEntity
  8
DOOR
100
AcDbCircle
 10
53550
 20
16000
 30
0
 40
900
100
AcDbArc
 50
0
 51
90
  0
LINE
  5
83C
100
AcDbEntity
  8
DOOR
100
AcDbLine
 10
53550
 20
16000
 30
0
 11
53550
 21
16900
 31
0
  0
ARC
  5
83D
100
AcDbEntity
  8
DOOR
100
AcDbCircle
 10
57550
 20
16000
 30
0
 40
900
100
AcDbArc
 50
0
 51
90
  0
LINE
  5
83E
100
AcDbEntity
  8
DOOR
100
AcDbLine
 10
57550
 20
16000
 30
0
 11
57550
 21
16900
 31
0
  0
LINE
  5
83F
100
AcDbEntity
  8
WALL
100
AcDbLine
370
50
 10
35887.5000
 20
0
 30
0
 11
35887.5000
 21
3400
 31
0
  0
LINE
  5
840
100
AcDbEntity
  8
WALL
100
AcDbLine
370
50
 10
36112.5000
 20
3400
 30
0
 11
36112.5000
 21
0
 31
0
  0
LINE
  5
841
100
AcDbEntity
  8
WALL
100
AcDbLine
 10
35887.5000
 20
0
 30
0
 11
36112.5000
 21
225
 31
0
  0
LINE
  5
842
100
AcDbEntity
  8
WALL
100
AcDbLine
 10
35887.5000
 20
150
 30
0
 11
36112.5000
 21
375
 31
0
  0
LINE
  5
843
100
AcDbEntity
  8
WALL
100
AcDbLine
 10
35887.5000
 20
300
 30
0
 11
36112.5000
 21
525
 31
0
  0
LINE
  5
844
100
AcDbEntity
  8
WALL
100
AcDbLine
 10
35887.5000
 20
450
 30
0
 11
36112.5000
 21
675
 31
0
  0
LINE
  5
845
100
AcDbEntity
  8
WALL
100
AcDbLine
 10
35887.5000
 20
600
 30
0
 11
36112.5000
 21
825
 31
0
  0
LINE
  5
846
100
AcDbEntity
  8
WALL
100
AcDbLine
 10
35887.5000
 20
750
 30
0
 11
36112.5000
 21
975
 31
0
  0
LINE
  5
847
100
AcDbEntity
  8
WALL
100
AcDbLine
 10
35887.5000
 20
900
 30
0
 11
36112.5000
 21
1125
 31
0
  0
LINE
  5
848
100
AcDbEntity
  8
WALL
100
AcDbLine
 10
35887.5000
 20
1050
 30
0
 11
36112.5000
 21
1275
 31
0
  0
LINE
  5
849
100
AcDbEntity
  8
WALL
100
AcDbLine
 10
35887.5000
 20
1200
 30
0
 11
36112.5000
 21
1425
 31
0
  0
LINE
  5
84A
100
AcDbEntity
  8
WALL
100
AcDbLine
 10
35887.5000
 20
1350
 30
0
 11
36112.5000
 21
1575
 31
0
  0
LINE
  5
84B
100
AcDbEntity
  8
WALL
100
AcDbLine
 10
35887.5000
 20
1500
 30
0
 11
36112.5000
 21
1725
 31
0
  0
LINE
  5
84C
100
AcDbEntity
  8
WALL
100
AcDbLine
 10
35887.5000
 20
1650
 30
0
 11
36112.5000
 21
1875
 31
0
  0
LINE
  5
84D
100
AcDbEntity
  8
WALL
100
AcDbLine
 10
35887.5000
 20
1800
 30
0
 11
36112.5000
 21
2025
 31
0
  0
LINE
  5
84E
100
AcDbEntity
  8
WALL
100
AcDbLine
 10
35887.5000
 20
1950
 30
0
 11
36112.5000
 21
2175
 31
0
  0
LINE
  5
84F
100
AcDbEntity
  8
WALL
100
AcDbLine
 10
35887.5000
 20
2100
 30
0
 11
36112.5000
 21
2325
 31
0
  0
LINE
  5
850
100
AcDbEntity
  8
WALL
100
AcDbLine
 10
35887.5000
 20
2250
 30
0
 11
36112.5000
 21
2475
 31
0
  0
LINE
  5
851
100
AcDbEntity
  8
WALL
100
AcDbLine
 10
35887.5000
 20
2400
 30
0
 11
36112.5000
 21
2625
 31
0
  0
LINE
  5
852
100
AcDbEntity
  8
WALL
100
AcDbLine
 10
35887.5000
 20
2550
 30
0
 11
36112.5000
 21
2775
 31
0
  0
LINE
  5
853
100
AcDbEntity
  8
WALL
100
AcDbLine
 10
35887.5000
 20
2700
 30
0
 11
36112.5000
 21
2925
 31
0
  0
LINE
  5
854
100
AcDbEntity
  8
WALL
100
AcDbLine
 10
35887.5000
 20
2850
 30
0
 11
36112.5000
 21
3075
 31
0
  0
LINE
  5
855
100
AcDbEntity
  8
WALL
100
AcDbLine
 10
35887.5000
 20
3000
 30
0
 11
36112.5000
 21
3225
 31
0
  0
LINE
  5
856
100
AcDbEntity
  8
WALL
100
AcDbLine
 10
35887.5000
 20
3150
 30
0
 11
36112.5000
 21
3375
 31
0
  0
LINE
  5
857
100
AcDbEntity
  8
WALL
100
AcDbLine
370
50
 10
35887.5000
 20
4600
 30
0
 11
35887.5000
 21
8000
 31
0
  0
LINE
  5
858
100
AcDbEntity
  8
WALL
100
AcDbLine
370
50
 10
36112.5000
 20
8000
 30
0
 11
36112.5000
 21
4600
 31
0
  0
LINE
  5
859
100
AcDbEntity
  8
WALL
100
AcDbLine
 10
35887.5000
 20
4600
 30
0
 11
36112.5000
 21
4825
 31
0
  0
LINE
  5
85A
100
AcDbEntity
  8
WALL
100
AcDbLine
 10
35887.5000
 20
4750
 30
0
 11
36112.5000
 21
4975
 31
0
  0
LINE
  5
85B
100
AcDbEntity
  8
WALL
100
AcDbLine
 10
35887.5000
 20
4900
 30
0
 11
36112.5000
 21
5125
 31
0
  0
LINE
  5
85C
100
AcDbEntity
  8
WALL
100
AcDbLine
 10
35887.5000
 20
5050
 30
0
 11
36112.5000
 21
5275
 31
0
  0
LINE
  5
85D
100
AcDbEntity
  8
WALL
100
AcDbLine
 10
35887.5000
 20
5200
 30
0
 11
36112.5000
 21
5425
 31
0
  0
LINE
  5
85E
100
AcDbEntity
  8
WALL
100
AcDbLine
 10
35887.5000
 20
5350
 30
0
 11
36112.5000
 21
5575
 31
0
  0
LINE
  5
85F
100
AcDbEntity
  8
WALL
100
AcDbLine
 10
35887.5000
 20
5500
 30
0
 11
36112.5000
 21
5725
 31
0
  0
LINE
  5
860
100
AcDbEntity
  8
WALL
100
AcDbLine
 10
35887.5000
 20
5650
 30
0
 11
36112.5000
 21
5875
 31
0
  0
LINE
  5
861
100
AcDbEntity
  8
WALL
100
AcDbLine
 10
35887.5000
 20
5800
 30
0
 11
36112.5000
 21
6025
 31
0
  0
LINE
  5
862
100
AcDbEntity
  8
WALL
100
AcDbLine
 10
35887.5000
 20
5950
 30
0
 11
36112.5000
 21
6175
 31
0
  0
LINE
  5
863
100
AcDbEntity
  8
WALL
100
AcDbLine
 10
35887.5000
 20
6100
 30
0
 11
36112.5000
 21
6325
 31
0
  0
LINE
  5
864
100
AcDbEntity
  8
WALL
100
AcDbLine
 10
35887.5000
 20
6250
 30
0
 11
36112.5000
 21
6475
 31
0
  0
LINE
  5
865
100
AcDbEntity
  8
WALL
100
AcDbLine
 10
35887.5000
 20
6400
 30
0
 11
36112.5000
 21
6625
 31
0
  0
LINE
  5
866
100
AcDbEntity
  8
WALL
100
AcDbLine
 10
35887.5000
 20
6550
 30
0
 11
36112.5000
 21
6775
 31
0
  0
LINE
  5
867
100
AcDbEntity
  8
WALL
100
AcDbLine
 10
35887.5000
 20
6700
 30
0
 11
36112.5000
 21
6925
 31
0
  0
LINE
  5
868
100
AcDbEntity
  8
WALL
100
AcDbLine
 10
35887.5000
 20
6850
 30
0
 11
36112.5000
 21
7075
 31
0
  0
LINE
  5
869
100
AcDbEntity
  8
WALL
100
AcDbLine
 10
35887.5000
 20
7000
 30
0
 11
36112.5000
 21
7225
 31
0
  0
LINE
  5
86A
100
AcDbEntity
  8
WALL
100
AcDbLine
 10
35887.5000
 20
7150
 30
0
 11
36112.5000
 21
7375
 31
0
  0
LINE
  5
86B
100
AcDbEntity
  8
WALL
100
AcDbLine
 10
35887.5000
 20
7300
 30
0
 11
36112.5000
 21
7525
 31
0
  0
LINE
  5
86C
100
AcDbEntity
  8
WALL
100
AcDbLine
 10
35887.5000
 20
7450
 30
0
 11
36112.5000
 21
7675
 31
0
  0
LINE
  5
86D
100
AcDbEntity
  8
WALL
100
AcDbLine
 10
35887.5000
 20
7600
 30
0
 11
36112.5000
 21
7825
 31
0
  0
LINE
  5
86E
100
AcDbEntity
  8
WALL
100
AcDbLine
 10
35887.5000
 20
7750
 30
0
 11
36112.5000
 21
7975
 31
0
  0
LINE
  5
86F
100
AcDbEntity
  8
WALL
100
AcDbLine
370
50
 10
35887.5000
 20
3400
 30
0
 11
36112.5000
 21
3400
 31
0
  0
LINE
  5
870
100
AcDbEntity
  8
WALL
100
AcDbLine
370
50
 10
35887.5000
 20
4600
 30
0
 11
36112.5000
 21
4600
 31
0
  0
LINE
  5
871
100
AcDbEntity
  8
WALL
100
AcDbLine
370
50
 10
35887.5000
 20
8000
 30
0
 11
35887.5000
 21
11400
 31
0
  0
LINE
  5
872
100
AcDbEntity
  8
WALL
100
AcDbLine
370
50
 10
36112.5000
 20
11400
 30
0
 11
36112.5000
 21
8000
 31
0
  0
LINE
  5
873
100
AcDbEntity
  8
WALL
100
AcDbLine
 10
35887.5000
 20
8000
 30
0
 11
36112.5000
 21
8225
 31
0
  0
LINE
  5
874
100
AcDbEntity
  8
WALL
100
AcDbLine
 10
35887.5000
 20
8150
 30
0
 11
36112.5000
 21
8375
 31
0
  0
LINE
  5
875
100
AcDbEntity
  8
WALL
100
AcDbLine
 10
35887.5000
 20
8300
 30
0
 11
36112.5000
 21
8525
 31
0
  0
LINE
  5
876
100
AcDbEntity
  8
WALL
100
AcDbLine
 10
35887.5000
 20
8450
 30
0
 11
36112.5000
 21
8675
 31
0
  0
LINE
  5
877
100
AcDbEntity
  8
WALL
100
AcDbLine
 10
35887.5000
 20
8600
 30
0
 11
36112.5000
 21
8825
 31
0
  0
LINE
  5
878
100
AcDbEntity
  8
WALL
100
AcDbLine
 10
35887.5000
 20
8750
 30
0
 11
36112.5000
 21
8975
 31
0
  0
LINE
  5
879
100
AcDbEntity
  8
WALL
100
AcDbLine
 10
35887.5000
 20
8900
 30
0
 11
36112.5000
 21
9125
 31
0
  0
LINE
  5
87A
100
AcDbEntity
  8
WALL
100
AcDbLine
 10
35887.5000
 20
9050
 30
0
 11
36112.5000
 21
9275
 31
0
  0
LINE
  5
87B
100
AcDbEntity
  8
WALL
100
AcDbLine
 10
35887.5000
 20
9200
 30
0
 11
36112.5000
 21
9425
 31
0
  0
LINE
  5
87C
100
AcDbEntity
  8
WALL
100
AcDbLine
 10
35887.5000
 20
9350
 30
0
 11
36112.5000
 21
9575
 31
0
  0
LINE
  5
87D
100
AcDbEntity
  8
WALL
100
AcDbLine
 10
35887.5000
 20
9500
 30
0
 11
36112.5000
 21
9725
 31
0
  0
LINE
  5
87E
100
AcDbEntity
  8
WALL
100
AcDbLine
 10
35887.5000
 20
9650
 30
0
 11
36112.5000
 21
9875
 31
0
  0
LINE
  5
87F
100
AcDbEntity
  8
WALL
100
AcDbLine
 10
35887.5000
 20
9800
 30
0
 11
36112.5000
 21
10025
 31
0
  0
LINE
  5
880
100
AcDbEntity
  8
WALL
100
AcDbLine
 10
35887.5000
 20
9950
 30
0
 11
36112.5000
 21
10175
 31
0
  0
LINE
  5
881
100
AcDbEntity
  8
WALL
100
AcDbLine
 10
35887.5000
 20
10100
 30
0
 11
36112.5000
 21
10325
 31
0
  0
LINE
  5
882
100
AcDbEntity
  8
WALL
100
AcDbLine
 10
35887.5000
 20
10250
 30
0
 11
36112.5000
 21
10475
 31
0
  0
LINE
  5
883
100
AcDbEntity
  8
WALL
100
AcDbLine
 10
35887.5000
 20
10400
 30
0
 11
36112.5000
 21
10625
 31
0
  0
LINE
  5
884
100
AcDbEntity
  8
WALL
100
AcDbLine
 10
35887.5000
 20
10550
 30
0
 11
36112.5000
 21
10775
 31
0
  0
LINE
  5
885
100
AcDbEntity
  8
WALL
100
AcDbLine
 10
35887.5000
 20
10700
 30
0
 11
36112.5000
 21
10925
 31
0
  0
LINE
  5
886
100
AcDbEntity
  8
WALL
100
AcDbLine
 10
35887.5000
 20
10850
 30
0
 11
36112.5000
 21
11075
 31
0
  0
LINE
  5
887
100
AcDbEntity
  8
WALL
100
AcDbLine
 10
35887.5000
 20
11000
 30
0
 11
36112.5000
 21
11225
 31
0
  0
LINE
  5
888
100
AcDbEntity
  8
WALL
100
AcDbLine
 10
35887.5000
 20
11150
 30
0
 11
36112.5000
 21
11375
 31
0
  0
LINE
  5
889
100
AcDbEntity
  8
WALL
100
AcDbLine
370
50
 10
35887.5000
 20
12600
 30
0
 11
35887.5000
 21
16000
 31
0
  0
LINE
  5
88A
100
AcDbEntity
  8
WALL
100
AcDbLine
370
50
 10
36112.5000
 20
16000
 30
0
 11
36112.5000
 21
12600
 31
0
  0
LINE
  5
88B
100
AcDbEntity
  8
WALL
100
AcDbLine
 10
35887.5000
 20
12600
 30
0
 11
36112.5000
 21
12825
 31
0
  0
LINE
  5
88C
100
AcDbEntity
  8
WALL
100
AcDbLine
 10
35887.5000
 20
12750
 30
0
 11
36112.5000
 21
12975
 31
0
  0
LINE
  5
88D
100
AcDbEntity
  8
WALL
100
AcDbLine
 10
35887.5000
 20
12900
 30
0
 11
36112.5000
 21
13125
 31
0
  0
LINE
  5
88E
100
AcDbEntity
  8
WALL
100
AcDbLine
 10
35887.5000
 20
13050
 30
0
 11
36112.5000
 21
13275
 31
0
  0
LINE
  5
88F
100
AcDbEntity
  8
WALL
100
AcDbLine
 10
35887.5000
 20
13200
 30
0
 11
36112.5000
 21
13425
 31
0
  0
LINE
  5
890
100
AcDbEntity
  8
WALL
100
AcDbLine
 10
35887.5000
 20
13350
 30
0
 11
36112.5000
 21
13575
 31
0
  0
LINE
  5
891
100
AcDbEntity
  8
WALL
100
AcDbLine
 10
35887.5000
 20
13500
 30
0
 11
36112.5000
 21
13725
 31
0
  0
LINE
  5
892
100
AcDbEntity
  8
WALL
100
AcDbLine
 10
35887.5000
 20
13650
 30
0
 11
36112.5000
 21
13875
 31
0
  0
LINE
  5
893
100
AcDbEntity
  8
WALL
100
AcDbLine
 10
35887.5000
 20
13800
 30
0
 11
36112.5000
 21
14025
 31
0
  0
LINE
  5
894
100
AcDbEntity
  8
WALL
100
AcDbLine
 10
35887.5000
 20
13950
 30
0
 11
36112.5000
 21
14175
 31
0
  0
LINE
  5
895
100
AcDbEntity
  8
WALL
100
AcDbLine
 10
35887.5000
 20
14100
 30
0
 11
36112.5000
 21
14325
 31
0
  0
LINE
  5
896
100
AcDbEntity
  8
WALL
100
AcDbLine
 10
35887.5000
 20
14250
 30
0
 11
36112.5000
 21
14475
 31
0
  0
LINE
  5
897
100
AcDbEntity
  8
WALL
100
AcDbLine
 10
35887.5000
 20
14400
 30
0
 11
36112.5000
 21
14625
 31
0
  0
LINE
  5
898
100
AcDbEntity
  8
WALL
100
AcDbLine
 10
35887.5000
 20
14550
 30
0
 11
36112.5000
 21
14775
 31
0
  0
LINE
  5
899
100
AcDbEntity
  8
WALL
100
AcDbLine
 10
35887.5000
 20
14700
 30
0
 11
36112.5000
 21
14925
 31
0
  0
LINE
  5
89A
100
AcDbEntity
  8
WALL
100
AcDbLine
 10
35887.5000
 20
14850
 30
0
 11
36112.5000
 21
15075
 31
0
  0
LINE
  5
89B
100
AcDbEntity
  8
WALL
100
AcDbLine
 10
35887.5000
 20
15000
 30
0
 11
36112.5000
 21
15225
 31
0
  0
LINE
  5
89C
100
AcDbEntity
  8
WALL
100
AcDbLine
 10
35887.5000
 20
15150
 30
0
 11
36112.5000
 21
15375
 31
0
  0
LINE
  5
89D
100
AcDbEntity
  8
WALL
100
AcDbLine
 10
35887.5000
 20
15300
 30
0
 11
36112.5000
 21
15525
 31
0
  0
LINE
  5
89E
100
AcDbEntity
  8
WALL
100
AcDbLine
 10
35887.5000
 20
15450
 30
0
 11
36112.5000
 21
15675
 31
0
  0
LINE
  5
89F
100
AcDbEntity
  8
WALL
100
AcDbLine
 10
35887.5000
 20
15600
 30
0
 11
36112.5000
 21
15825
 31
0
  0
LINE
  5
8A0
100
AcDbEntity
  8
WALL
100
AcDbLine
 10
35887.5000
 20
15750
 30
0
 11
36112.5000
 21
15975
 31
0
  0
LINE
  5
8A1
100
AcDbEntity
  8
WALL
100
AcDbLine
370
50
 10
35887.5000
 20
11400
 30
0
 11
36112.5000
 21
11400
 31
0
  0
LINE
  5
8A2
100
AcDbEntity
  8
WALL
100
AcDbLine
370
50
 10
35887.5000
 20
12600
 30
0
 11
36112.5000
 21
12600
 31
0
  0
LINE
  5
8A3
100
AcDbEntity
  8
WALL
100
AcDbLine
370
50
 10
35887.5000
 20
16000
 30
0
 11
35887.5000
 21
19400
 31
0
  0
LINE
  5
8A4
100
AcDbEntity
  8
WALL
100
AcDbLine
370
50
 10
36112.5000
 20
19400
 30
0
 11
36112.5000
 21
16000
 31
0
  0
LINE
  5
8A5
100
AcDbEntity
  8
WALL
100
AcDbLine
 10
35887.5000
 20
16000
 30
0
 11
36112.5000
 21
16225
 31
0
  0
LINE
  5
8A6
100
AcDbEntity
  8
WALL
100
AcDbLine
 10
35887.5000
 20
16150
 30
0
 11
36112.5000
 21
16375
 31
0
  0
LINE
  5
8A7
100
AcDbEntity
  8
WALL
100
AcDbLine
 10
35887.5000
 20
16300
 30
0
 11
36112.5000
 21
16525
 31
0
  0
LINE
  5
8A8
100
AcDbEntity
  8
WALL
100
AcDbLine
 10
35887.5000
 20
16450
 30
0
 11
36112.5000
 21
16675
 31
0
  0
LINE
  5
8A9
100
AcDbEntity
  8
WALL
100
AcDbLine
 10
35887.5000
 20
16600
 30
0
 11
36112.5000
 21
16825
 31
0
  0
LINE
  5
8AA
100
AcDbEntity
  8
WALL
100
AcDbLine
 10
35887.5000
 20
16750
 30
0
 11
36112.5000
 21
16975
 31
0
  0
LINE
  5
8AB
100
AcDbEntity
  8
WALL
100
AcDbLine
 10
35887.5000
 20
16900
 30
0
 11
36112.5000
 21
17125
 31
0
  0
LINE
  5
8AC
100
AcDbEntity
  8
WALL
100
AcDbLine
 10
35887.5000
 20
17050
 30
0
 11
36112.5000
 21
17275
 31
0
  0
LINE
  5
8AD
100
AcDbEntity
  8
WALL
100
AcDbLine
 10
35887.5000
 20
17200
 30
0
 11
36112.5000
 21
17425
 31
0
  0
LINE
  5
8AE
100
AcDbEntity
  8
WALL
100
AcDbLine
 10
35887.5000
 20
17350
 30
0
 11
36112.5000
 21
17575
 31
0
  0
LINE
  5
8AF
100
AcDbEntity
  8
WALL
100
AcDbLine
 10
35887.5000
 20
17500
 30
0
 11
36112.5000
 21
17725
 31
0
  0
LINE
  5
8B0
100
AcDbEntity
  8
WALL
100
AcDbLine
 10
35887.5000
 20
17650
 30
0
 11
36112.5000
 21
17875
 31
0
  0
LINE
  5
8B1
100
AcDbEntity
  8
WALL
100
AcDbLine
 10
35887.5000
 20
17800
 30
0
 11
36112.5000
 21
18025
 31
0
  0
LINE
  5
8B2
100
AcDbEntity
  8
WALL
100
AcDbLine
 10
35887.5000
 20
17950
 30
0
 11
36112.5000
 21
18175
 31
0
  0
LINE
  5
8B3
100
AcDbEntity
  8
WALL
100
AcDbLine
 10
35887.5000
 20
18100
 30
0
 11
36112.5000
 21
18325
 31
0
  0
LINE
  5
8B4
100
AcDbEntity
  8
WALL
100
AcDbLine
 10
35887.5000
 20
18250
 30
0
 11
36112.5000
 21
18475
 31
0
  0
LINE
  5
8B5
100
AcDbEntity
  8
WALL
100
AcDbLine
 10
35887.5000
 20
18400
 30
0
 11
36112.5000
 21
18625
 31
0
  0
LINE
  5
8B6
100
AcDbEntity
  8
WALL
100
AcDbLine
 10
35887.5000
 20
18550
 30
0
 11
36112.5000
 21
18775
 31
0
  0
LINE
  5
8B7
100
AcDbEntity
  8
WALL
100
AcDbLine
 10
35887.5000
 20
18700
 30
0
 11
36112.5000
 21
18925
 31
0
  0
LINE
  5
8B8
100
AcDbEntity
  8
WALL
100
AcDbLine
 10
35887.5000
 20
18850
 30
0
 11
36112.5000
 21
19075
 31
0
  0
LINE
  5
8B9
100
AcDbEntity
  8
WALL
100
AcDbLine
 10
35887.5000
 20
19000
 30
0
 11
36112.5000
 21
19225
 31
0
  0
LINE
  5
8BA
100
AcDbEntity
  8
WALL
100
AcDbLine
 10
35887.5000
 20
19150
 30
0
 11
36112.5000
 21
19375
 31
0
  0
LINE
  5
8BB
100
AcDbEntity
  8
WALL
100
AcDbLine
370
50
 10
35887.5000
 20
20600
 30
0
 11
35887.5000
 21
24000
 31
0
  0
LINE
  5
8BC
100
AcDbEntity
  8
WALL
100
AcDbLine
370
50
 10
36112.5000
 20
24000
 30
0
 11
36112.5000
 21
20600
 31
0
  0
LINE
  5
8BD
100
AcDbEntity
  8
WALL
100
AcDbLine
 10
35887.5000
 20
20600
 30
0
 11
36112.5000
 21
20825
 31
0
  0
LINE
  5
8BE
100
AcDbEntity
  8
WALL
100
AcDbLine
 10
35887.5000
 20
20750
 30
0
 11
36112.5000
 21
20975
 31
0
  0
LINE
  5
8BF
100
AcDbEntity
  8
WALL
100
AcDbLine
 10
35887.5000
 20
20900
 30
0
 11
36112.5000
 21
21125
 31
0
  0
LINE
  5
8C0
100
AcDbEntity
  8
WALL
100
AcDbLine
 10
35887.5000
 20
21050
 30
0
 11
36112.5000
 21
21275
 31
0
  0
LINE
  5
8C1
100
AcDbEntity
  8
WALL
100
AcDbLine
 10
35887.5000
 20
21200
 30
0
 11
36112.5000
 21
21425
 31
0
  0
LINE
  5
8C2
100
AcDbEntity
  8
WALL
100
AcDbLine
 10
35887.5000
 20
21350
 30
0
 11
36112.5000
 21
21575
 31
0
  0
LINE
  5
8C3
100
AcDbEntity
  8
WALL
100
AcDbLine
 10
35887.5000
 20
21500
 30
0
 11
36112.5000
 21
21725
 31
0
  0
LINE
  5
8C4
100
AcDbEntity
  8
WALL
100
AcDbLine
 10
35887.5000
 20
21650
 30
0
 11
36112.5000
 21
21875
 31
0
  0
LINE
  5
8C5
100
AcDbEntity
  8
WALL
100
AcDbLine
 10
35887.5000
 20
21800
 30
0
 11
36112.5000
 21
22025
 31
0
  0
LINE
  5
8C6
100
AcDbEntity
  8
WALL
100
AcDbLine
 10
35887.5000
 20
21950
 30
0
 11
36112.5000
 21
22175
 31
0
  0
LINE
  5
8C7
100
AcDbEntity
  8
WALL
100
AcDbLine
 10
35887.5000
 20
22100
 30
0
 11
36112.5000
 21
22325
 31
0
  0
LINE
  5
8C8
100
AcDbEntity
  8
WALL
100
AcDbLine
 10
35887.5000
 20
22250
 30
0
 11
36112.5000
 21
22475
 31
0
  0
LINE
  5
8C9
100
AcDbEntity
  8
WALL
100
AcDbLine
 10
35887.5000
 20
22400
 30
0
 11
36112.5000
 21
22625
 31
0
  0
LINE
  5
8CA
100
AcDbEntity
  8
WALL
100
AcDbLine
 10
35887.5000
 20
22550
 30
0
 11
36112.5000
 21
22775
 31
0
  0
LINE
  5
8CB
100
AcDbEntity
  8
WALL
100
AcDbLine
 10
35887.5000
 20
22700
 30
0
 11
36112.5000
 21
22925
 31
0
  0
LINE
  5
8CC
100
AcDbEntity
  8
WALL
100
AcDbLine
 10
35887.5000
 20
22850
 30
0
 11
36112.5000
 21
23075
 31
0
  0
LINE
  5
8CD
100
AcDbEntity
  8
WALL
100
AcDbLine
 10
35887.5000
 20
23000
 30
0
 11
36112.5000
 21
23225
 31
0
  0
LINE
  5
8CE
100
AcDbEntity
  8
WALL
100
AcDbLine
 10
35887.5000
 20
23150
 30
0
 11
36112.5000
 21
23375
 31
0
  0
LINE
  5
8CF
100
AcDbEntity
  8
WALL
100
AcDbLine
 10
35887.5000
 20
23300
 30
0
 11
36112.5000
 21
23525
 31
0
  0
LINE
  5
8D0
100
AcDbEntity
  8
WALL
100
AcDbLine
 10
35887.5000
 20
23450
 30
0
 11
36112.5000
 21
23675
 31
0
  0
LINE
  5
8D1
100
AcDbEntity
  8
WALL
100
AcDbLine
 10
35887.5000
 20
23600
 30
0
 11
36112.5000
 21
23825
 31
0
  0
LINE
  5
8D2
100
AcDbEntity
  8
WALL
100
AcDbLine
 10
35887.5000
 20
23750
 30
0
 11
36112.5000
 21
23975
 31
0
  0
LINE
  5
8D3
100
AcDbEntity
  8
WALL
100
AcDbLine
370
50
 10
35887.5000
 20
19400
 30
0
 11
36112.5000
 21
19400
 31
0
  0
LINE
  5
8D4
100
AcDbEntity
  8
WALL
100
AcDbLine
370
50
 10
35887.5000
 20
20600
 30
0
 11
36112.5000
 21
20600
 31
0
  0
LINE
  5
8D5
100
AcDbEntity
  8
WALL
100
AcDbLine
370
50
 10
59887.5000
 20
0
 30
0
 11
59887.5000
 21
3400
 31
0
  0
LINE
  5
8D6
100
AcDbEntity
  8
WALL
100
AcDbLine
370
50
 10
60112.5000
 20
3400
 30
0
 11
60112.5000
 21
0
 31
0
  0
LINE
  5
8D7
100
AcDbEntity
  8
WALL
100
AcDbLine
 10
59887.5000
 20
0
 30
0
 11
60112.5000
 21
225
 31
0
  0
LINE
  5
8D8
100
AcDbEntity
  8
WALL
100
AcDbLine
 10
59887.5000
 20
150
 30
0
 11
60112.5000
 21
375
 31
0
  0
LINE
  5
8D9
100
AcDbEntity
  8
WALL
100
AcDbLine
 10
59887.5000
 20
300
 30
0
 11
60112.5000
 21
525
 31
0
  0
LINE
  5
8DA
100
AcDbEntity
  8
WALL
100
AcDbLine
 10
59887.5000
 20
450
 30
0
 11
60112.5000
 21
675
 31
0
  0
LINE
  5
8DB
100
AcDbEntity
  8
WALL
100
AcDbLine
 10
59887.5000
 20
600
 30
0
 11
60112.5000
 21
825
 31
0
  0
LINE
  5
8DC
100
AcDbEntity
  8
WALL
100
AcDbLine
 10
59887.5000
 20
750
 30
0
 11
60112.5000
 21
975
 31
0
  0
LINE
  5
8DD
100
AcDbEntity
  8
WALL
100
AcDbLine
 10
59887.5000
 20
900
 30
0
 11
60112.5000
 21
1125
 31
0
  0
LINE
  5
8DE
100
AcDbEntity
  8
WALL
100
AcDbLine
 10
59887.5000
 20
1050
 30
0
 11
60112.5000
 21
1275
 31
0
  0
LINE
  5
8DF
100
AcDbEntity
  8
WALL
100
AcDbLine
 10
59887.5000
 20
1200
 30
0
 11
60112.5000
 21
1425
 31
0
  0
LINE
  5
8E0
100
AcDbEntity
  8
WALL
100
AcDbLine
 10
59887.5000
 20
1350
 30
0
 11
60112.5000
 21
1575
 31
0
  0
LINE
  5
8E1
100
AcDbEntity
  8
WALL
100
AcDbLine
 10
59887.5000
 20
1500
 30
0
 11
60112.5000
 21
1725
 31
0
  0
LINE
  5
8E2
100
AcDbEntity
  8
WALL
100
AcDbLine
 10
59887.5000
 20
1650
 30
0
 11
60112.5000
 21
1875
 31
0
  0
LINE
  5
8E3
100
AcDbEntity
  8
WALL
100
AcDbLine
 10
59887.5000
 20
1800
 30
0
 11
60112.5000
 21
2025
 31
0
  0
LINE
  5
8E4
100
AcDbEntity
  8
WALL
100
AcDbLine
 10
59887.5000
 20
1950
 30
0
 11
60112.5000
 21
2175
 31
0
  0
LINE
  5
8E5
100
AcDbEntity
  8
WALL
100
AcDbLine
 10
59887.5000
 20
2100
 30
0
 11
60112.5000
 21
2325
 31
0
  0
LINE
  5
8E6
100
AcDbEntity
  8
WALL
100
AcDbLine
 10
59887.5000
 20
2250
 30
0
 11
60112.5000
 21
2475
 31
0
  0
LINE
  5
8E7
100
AcDbEntity
  8
WALL
100
AcDbLine
 10
59887.5000
 20
2400
 30
0
 11
60112.5000
 21
2625
 31
0
  0
LINE
  5
8E8
100
AcDbEntity
  8
WALL
100
AcDbLine
 10
59887.5000
 20
2550
 30
0
 11
60112.5000
 21
2775
 31
0
  0
LINE
  5
8E9
100
AcDbEntity
  8
WALL
100
AcDbLine
 10
59887.5000
 20
2700
 30
0
 11
60112.5000
 21
2925
 31
0
  0
LINE
  5
8EA
100
AcDbEntity
  8
WALL
100
AcDbLine
 10
59887.5000
 20
2850
 30
0
 11
60112.5000
 21
3075
 31
0
  0
LINE
  5
8EB
100
AcDbEntity
  8
WALL
100
AcDbLine
 10
59887.5000
 20
3000
 30
0
 11
60112.5000
 21
3225
 31
0
  0
LINE
  5
8EC
100
AcDbEntity
  8
WALL
100
AcDbLine
 10
59887.5000
 20
3150
 30
0
 11
60112.5000
 21
3375
 31
0
  0
LINE
  5
8ED
100
AcDbEntity
  8
WALL
100
AcDbLine
370
50
 10
59887.5000
 20
4600
 30
0
 11
59887.5000
 21
8000
 31
0
  0
LINE
  5
8EE
100
AcDbEntity
  8
WALL
100
AcDbLine
370
50
 10
60112.5000
 20
8000
 30
0
 11
60112.5000
 21
4600
 31
0
  0
LINE
  5
8EF
100
AcDbEntity
  8
WALL
100
AcDbLine
 10
59887.5000
 20
4600
 30
0
 11
60112.5000
 21
4825
 31
0
  0
LINE
  5
8F0
100
AcDbEntity
  8
WALL
100
AcDbLine
 10
59887.5000
 20
4750
 30
0
 11
60112.5000
 21
4975
 31
0
  0
LINE
  5
8F1
100
AcDbEntity
  8
WALL
100
AcDbLine
 10
59887.5000
 20
4900
 30
0
 11
60112.5000
 21
5125
 31
0
  0
LINE
  5
8F2
100
AcDbEntity
  8
WALL
100
AcDbLine
 10
59887.5000
 20
5050
 30
0
 11
60112.5000
 21
5275
 31
0
  0
LINE
  5
8F3
100
AcDbEntity
  8
WALL
100
AcDbLine
 10
59887.5000
 20
5200
 30
0
 11
60112.5000
 21
5425
 31
0
  0
LINE
  5
8F4
100
AcDbEntity
  8
WALL
100
AcDbLine
 10
59887.5000
 20
5350
 30
0
 11
60112.5000
 21
5575
 31
0
  0
LINE
  5
8F5
100
AcDbEntity
  8
WALL
100
AcDbLine
 10
59887.5000
 20
5500
 30
0
 11
60112.5000
 21
5725
 31
0
  0
LINE
  5
8F6
100
AcDbEntity
  8
WALL
100
AcDbLine
 10
59887.5000
 20
5650
 30
0
 11
60112.5000
 21
5875
 31
0
  0
LINE
  5
8F7
100
AcDbEntity
  8
WALL
100
AcDbLine
 10
59887.5000
 20
5800
 30
0
 11
60112.5000
 21
6025
 31
0
  0
LINE
  5
8F8
100
AcDbEntity
  8
WALL
100
AcDbLine
 10
59887.5000
 20
5950
 30
0
 11
60112.5000
 21
6175
 31
0
  0
LINE
  5
8F9
100
AcDbEntity
  8
WALL
100
AcDbLine
 10
59887.5000
 20
6100
 30
0
 11
60112.5000
 21
6325
 31
0
  0
LINE
  5
8FA
100
AcDbEntity
  8
WALL
100
AcDbLine
 10
59887.5000
 20
6250
 30
0
 11
60112.5000
 21
6475
 31
0
  0
LINE
  5
8FB
100
AcDbEntity
  8
WALL
100
AcDbLine
 10
59887.5000
 20
6400
 30
0
 11
60112.5000
 21
6625
 31
0
  0
LINE
  5
8FC
100
AcDbEntity
  8
WALL
100
AcDbLine
 10
59887.5000
 20
6550
 30
0
 11
60112.5000
 21
6775
 31
0
  0
LINE
  5
8FD
100
AcDbEntity
  8
WALL
100
AcDbLine
 10
59887.5000
 20
6700
 30
0
 11
60112.5000
 21
6925
 31
0
  0
LINE
  5
8FE
100
AcDbEntity
  8
WALL
100
AcDbLine
 10
59887.5000
 20
6850
 30
0
 11
60112.5000
 21
7075
 31
0
  0
LINE
  5
8FF
100
AcDbEntity
  8
WALL
100
AcDbLine
 10
59887.5000
 20
7000
 30
0
 11
60112.5000
 21
7225
 31
0
  0
LINE
  5
900
100
AcDbEntity
  8
WALL
100
AcDbLine
 10
59887.5000
 20
7150
 30
0
 11
60112.5000
 21
7375
 31
0
  0
LINE
  5
901
100
AcDbEntity
  8
WALL
100
AcDbLine
 10
59887.5000
 20
7300
 30
0
 11
60112.5000
 21
7525
 31
0
  0
LINE
  5
902
100
AcDbEntity
  8
WALL
100
AcDbLine
 10
59887.5000
 20
7450
 30
0
 11
60112.5000
 21
7675
 31
0
  0
LINE
  5
903
100
AcDbEntity
  8
WALL
100
AcDbLine
 10
59887.5000
 20
7600
 30
0
 11
60112.5000
 21
7825
 31
0
  0
LINE
  5
904
100
AcDbEntity
  8
WALL
100
AcDbLine
 10
59887.5000
 20
7750
 30
0
 11
60112.5000
 21
7975
 31
0
  0
LINE
  5
905
100
AcDbEntity
  8
WALL
100
AcDbLine
370
50
 10
59887.5000
 20
3400
 30
0
 11
60112.5000
 21
3400
 31
0
  0
LINE
  5
906
100
AcDbEntity
  8
WALL
100
AcDbLine
370
50
 10
59887.5000
 20
4600
 30
0
 11
60112.5000
 21
4600
 31
0
  0
LINE
  5
907
100
AcDbEntity
  8
WALL
100
AcDbLine
370
50
 10
59887.5000
 20
8000
 30
0
 11
59887.5000
 21
11400
 31
0
  0
LINE
  5
908
100
AcDbEntity
  8
WALL
100
AcDbLine
370
50
 10
60112.5000
 20
11400
 30
0
 11
60112.5000
 21
8000
 31
0
  0
LINE
  5
909
100
AcDbEntity
  8
WALL
100
AcDbLine
 10
59887.5000
 20
8000
 30
0
 11
60112.5000
 21
8225
 31
0
  0
LINE
  5
90A
100
AcDbEntity
  8
WALL
100
AcDbLine
 10
59887.5000
 20
8150
 30
0
 11
60112.5000
 21
8375
 31
0
  0
LINE
  5
90B
100
AcDbEntity
  8
WALL
100
AcDbLine
 10
59887.5000
 20
8300
 30
0
 11
60112.5000
 21
8525
 31
0
  0
LINE
  5
90C
100
AcDbEntity
  8
WALL
100
AcDbLine
 10
59887.5000
 20
8450
 30
0
 11
60112.5000
 21
8675
 31
0
  0
LINE
  5
90D
100
AcDbEntity
  8
WALL
100
AcDbLine
 10
59887.5000
 20
8600
 30
0
 11
60112.5000
 21
8825
 31
0
  0
LINE
  5
90E
100
AcDbEntity
  8
WALL
100
AcDbLine
 10
59887.5000
 20
8750
 30
0
 11
60112.5000
 21
8975
 31
0
  0
LINE
  5
90F
100
AcDbEntity
  8
WALL
100
AcDbLine
 10
59887.5000
 20
8900
 30
0
 11
60112.5000
 21
9125
 31
0
  0
LINE
  5
910
100
AcDbEntity
  8
WALL
100
AcDbLine
 10
59887.5000
 20
9050
 30
0
 11
60112.5000
 21
9275
 31
0
  0
LINE
  5
911
100
AcDbEntity
  8
WALL
100
AcDbLine
 10
59887.5000
 20
9200
 30
0
 11
60112.5000
 21
9425
 31
0
  0
LINE
  5
912
100
AcDbEntity
  8
WALL
100
AcDbLine
 10
59887.5000
 20
9350
 30
0
 11
60112.5000
 21
9575
 31
0
  0
LINE
  5
913
100
AcDbEntity
  8
WALL
100
AcDbLine
 10
59887.5000
 20
9500
 30
0
 11
60112.5000
 21
9725
 31
0
  0
LINE
  5
914
100
AcDbEntity
  8
WALL
100
AcDbLine
 10
59887.5000
 20
9650
 30
0
 11
60112.5000
 21
9875
 31
0
  0
LINE
  5
915
100
AcDbEntity
  8
WALL
100
AcDbLine
 10
59887.5000
 20
9800
 30
0
 11
60112.5000
 21
10025
 31
0
  0
LINE
  5
916
100
AcDbEntity
  8
WALL
100
AcDbLine
 10
59887.5000
 20
9950
 30
0
 11
60112.5000
 21
10175
 31
0
  0
LINE
  5
917
100
AcDbEntity
  8
WALL
100
AcDbLine
 10
59887.5000
 20
10100
 30
0
 11
60112.5000
 21
10325
 31
0
  0
LINE
  5
918
100
AcDbEntity
  8
WALL
100
AcDbLine
 10
59887.5000
 20
10250
 30
0
 11
60112.5000
 21
10475
 31
0
  0
LINE
  5
919
100
AcDbEntity
  8
WALL
100
AcDbLine
 10
59887.5000
 20
10400
 30
0
 11
60112.5000
 21
10625
 31
0
  0
LINE
  5
91A
100
AcDbEntity
  8
WALL
100
AcDbLine
 10
59887.5000
 20
10550
 30
0
 11
60112.5000
 21
10775
 31
0
  0
LINE
  5
91B
100
AcDbEntity
  8
WALL
100
AcDbLine
 10
59887.5000
 20
10700
 30
0
 11
60112.5000
 21
10925
 31
0
  0
LINE
  5
91C
100
AcDbEntity
  8
WALL
100
AcDbLine
 10
59887.5000
 20
10850
 30
0
 11
60112.5000
 21
11075
 31
0
  0
LINE
  5
91D
100
AcDbEntity
  8
WALL
100
AcDbLine
 10
59887.5000
 20
11000
 30
0
 11
60112.5000
 21
11225
 31
0
  0
LINE
  5
91E
100
AcDbEntity
  8
WALL
100
AcDbLine
 10
59887.5000
 20
11150
 30
0
 11
60112.5000
 21
11375
 31
0
  0
LINE
  5
91F
100
AcDbEntity
  8
WALL
100
AcDbLine
370
50
 10
59887.5000
 20
12600
 30
0
 11
59887.5000
 21
16000
 31
0
  0
LINE
  5
920
100
AcDbEntity
  8
WALL
100
AcDbLine
370
50
 10
60112.5000
 20
16000
 30
0
 11
60112.5000
 21
12600
 31
0
  0
LINE
  5
921
100
AcDbEntity
  8
WALL
100
AcDbLine
 10
59887.5000
 20
12600
 30
0
 11
60112.5000
 21
12825
 31
0
  0
LINE
  5
922
100
AcDbEntity
  8
WALL
100
AcDbLine
 10
59887.5000
 20
12750
 30
0
 11
60112.5000
 21
12975
 31
0
  0
LINE
  5
923
100
AcDbEntity
  8
WALL
100
AcDbLine
 10
59887.5000
 20
12900
 30
0
 11
60112.5000
 21
13125
 31
0
  0
LINE
  5
924
100
AcDbEntity
  8
WALL
100
AcDbLine
 10
59887.5000
 20
13050
 30
0
 11
60112.5000
 21
13275
 31
0
  0
LINE
  5
925
100
AcDbEntity
  8
WALL
100
AcDbLine
 10
59887.5000
 20
13200
 30
0
 11
60112.5000
 21
13425
 31
0
  0
LINE
  5
926
100
AcDbEntity
  8
WALL
100
AcDbLine
 10
59887.5000
 20
13350
 30
0
 11
60112.5000
 21
13575
 31
0
  0
LINE
  5
927
100
AcDbEntity
  8
WALL
100
AcDbLine
 10
59887.5000
 20
13500
 30
0
 11
60112.5000
 21
13725
 31
0
  0
LINE
  5
928
100
AcDbEntity
  8
WALL
100
AcDbLine
 10
59887.5000
 20
13650
 30
0
 11
60112.5000
 21
13875
 31
0
  0
LINE
  5
929
100
AcDbEntity
  8
WALL
100
AcDbLine
 10
59887.5000
 20
13800
 30
0
 11
60112.5000
 21
14025
 31
0
  0
LINE
  5
92A
100
AcDbEntity
  8
WALL
100
AcDbLine
 10
59887.5000
 20
13950
 30
0
 11
60112.5000
 21
14175
 31
0
  0
LINE
  5
92B
100
AcDbEntity
  8
WALL
100
AcDbLine
 10
59887.5000
 20
14100
 30
0
 11
60112.5000
 21
14325
 31
0
  0
LINE
  5
92C
100
AcDbEntity
  8
WALL
100
AcDbLine
 10
59887.5000
 20
14250
 30
0
 11
60112.5000
 21
14475
 31
0
  0
LINE
  5
92D
100
AcDbEntity
  8
WALL
100
AcDbLine
 10
59887.5000
 20
14400
 30
0
 11
60112.5000
 21
14625
 31
0
  0
LINE
  5
92E
100
AcDbEntity
  8
WALL
100
AcDbLine
 10
59887.5000
 20
14550
 30
0
 11
60112.5000
 21
14775
 31
0
  0
LINE
  5
92F
100
AcDbEntity
  8
WALL
100
AcDbLine
 10
59887.5000
 20
14700
 30
0
 11
60112.5000
 21
14925
 31
0
  0
LINE
  5
930
100
AcDbEntity
  8
WALL
100
AcDbLine
 10
59887.5000
 20
14850
 30
0
 11
60112.5000
 21
15075
 31
0
  0
LINE
  5
931
100
AcDbEntity
  8
WALL
100
AcDbLine
 10
59887.5000
 20
15000
 30
0
 11
60112.5000
 21
15225
 31
0
  0
LINE
  5
932
100
AcDbEntity
  8
WALL
100
AcDbLine
 10
59887.5000
 20
15150
 30
0
 11
60112.5000
 21
15375
 31
0
  0
LINE
  5
933
100
AcDbEntity
  8
WALL
100
AcDbLine
 10
59887.5000
 20
15300
 30
0
 11
60112.5000
 21
15525
 31
0
  0
LINE
  5
934
100
AcDbEntity
  8
WALL
100
AcDbLine
 10
59887.5000
 20
15450
 30
0
 11
60112.5000
 21
15675
 31
0
  0
LINE
  5
935
100
AcDbEntity
  8
WALL
100
AcDbLine
 10
59887.5000
 20
15600
 30
0
 11
60112.5000
 21
15825
 31
0
  0
LINE
  5
936
100
AcDbEntity
  8
WALL
100
AcDbLine
 10
59887.5000
 20
15750
 30
0
 11
60112.5000
 21
15975
 31
0
  0
LINE
  5
937
100
AcDbEntity
  8
WALL
100
AcDbLine
370
50
 10
59887.5000
 20
11400
 30
0
 11
60112.5000
 21
11400
 31
0
  0
LINE
  5
938
100
AcDbEntity
  8
WALL
100
AcDbLine
370
50
 10
59887.5000
 20
12600
 30
0
 11
60112.5000
 21
12600
 31
0
  0
LINE
  5
939
100
AcDbEntity
  8
WALL
100
AcDbLine
370
50
 10
59887.5000
 20
16000
 30
0
 11
59887.5000
 21
19400
 31
0
  0
LINE
  5
93A
100
AcDbEntity
  8
WALL
100
AcDbLine
370
50
 10
60112.5000
 20
19400
 30
0
 11
60112.5000
 21
16000
 31
0
  0
LINE
  5
93B
100
AcDbEntity
  8
WALL
100
AcDbLine
 10
59887.5000
 20
16000
 30
0
 11
60112.5000
 21
16225
 31
0
  0
LINE
  5
93C
100
AcDbEntity
  8
WALL
100
AcDbLine
 10
59887.5000
 20
16150
 30
0
 11
60112.5000
 21
16375
 31
0
  0
LINE
  5
93D
100
AcDbEntity
  8
WALL
100
AcDbLine
 10
59887.5000
 20
16300
 30
0
 11
60112.5000
 21
16525
 31
0
  0
LINE
  5
93E
100
AcDbEntity
  8
WALL
100
AcDbLine
 10
59887.5000
 20
16450
 30
0
 11
60112.5000
 21
16675
 31
0
  0
LINE
  5
93F
100
AcDbEntity
  8
WALL
100
AcDbLine
 10
59887.5000
 20
16600
 30
0
 11
60112.5000
 21
16825
 31
0
  0
LINE
  5
940
100
AcDbEntity
  8
WALL
100
AcDbLine
 10
59887.5000
 20
16750
 30
0
 11
60112.5000
 21
16975
 31
0
  0
LINE
  5
941
100
AcDbEntity
  8
WALL
100
AcDbLine
 10
59887.5000
 20
16900
 30
0
 11
60112.5000
 21
17125
 31
0
  0
LINE
  5
942
100
AcDbEntity
  8
WALL
100
AcDbLine
 10
59887.5000
 20
17050
 30
0
 11
60112.5000
 21
17275
 31
0
  0
LINE
  5
943
100
AcDbEntity
  8
WALL
100
AcDbLine
 10
59887.5000
 20
17200
 30
0
 11
60112.5000
 21
17425
 31
0
  0
LINE
  5
944
100
AcDbEntity
  8
WALL
100
AcDbLine
 10
59887.5000
 20
17350
 30
0
 11
60112.5000
 21
17575
 31
0
  0
LINE
  5
945
100
AcDbEntity
  8
WALL
100
AcDbLine
 10
59887.5000
 20
17500
 30
0
 11
60112.5000
 21
17725
 31
0
  0
LINE
  5
946
100
AcDbEntity
  8
WALL
100
AcDbLine
 10
59887.5000
 20
17650
 30
0
 11
60112.5000
 21
17875
 31
0
  0
LINE
  5
947
100
AcDbEntity
  8
WALL
100
AcDbLine
 10
59887.5000
 20
17800
 30
0
 11
60112.5000
 21
18025
 31
0
  0
LINE
  5
948
100
AcDbEntity
  8
WALL
100
AcDbLine
 10
59887.5000
 20
17950
 30
0
 11
60112.5000
 21
18175
 31
0
  0
LINE
  5
949
100
AcDbEntity
  8
WALL
100
AcDbLine
 10
59887.5000
 20
18100
 30
0
 11
60112.5000
 21
18325
 31
0
  0
LINE
  5
94A
100
AcDbEntity
  8
WALL
100
AcDbLine
 10
59887.5000
 20
18250
 30
0
 11
60112.5000
 21
18475
 31
0
  0
LINE
  5
94B
100
AcDbEntity
  8
WALL
100
AcDbLine
 10
59887.5000
 20
18400
 30
0
 11
60112.5000
 21
18625
 31
0
  0
LINE
  5
94C
100
AcDbEntity
  8
WALL
100
AcDbLine
 10
59887.5000
 20
18550
 30
0
 11
60112.5000
 21
18775
 31
0
  0
LINE
  5
94D
100
AcDbEntity
  8
WALL
100
AcDbLine
 10
59887.5000
 20
18700
 30
0
 11
60112.5000
 21
18925
 31
0
  0
LINE
  5
94E
100
AcDbEntity
  8
WALL
100
AcDbLine
 10
59887.5000
 20
18850
 30
0
 11
60112.5000
 21
19075
 31
0
  0
LINE
  5
94F
100
AcDbEntity
  8
WALL
100
AcDbLine
 10
59887.5000
 20
19000
 30
0
 11
60112.5000
 21
19225
 31
0
  0
LINE
  5
950
100
AcDbEntity
  8
WALL
100
AcDbLine
 10
59887.5000
 20
19150
 30
0
 11
60112.5000
 21
19375
 31
0
  0
LINE
  5
951
100
AcDbEntity
  8
WALL
100
AcDbLine
370
50
 10
59887.5000
 20
20600
 30
0
 11
59887.5000
 21
24000
 31
0
  0
LINE
  5
952
100
AcDbEntity
  8
WALL
100
AcDbLine
370
50
 10
60112.5000
 20
24000
 30
0
 11
60112.5000
 21
20600
 31
0
  0
LINE
  5
953
100
AcDbEntity
  8
WALL
100
AcDbLine
 10
59887.5000
 20
20600
 30
0
 11
60112.5000
 21
20825
 31
0
  0
LINE
  5
954
100
AcDbEntity
  8
WALL
100
AcDbLine
 10
59887.5000
 20
20750
 30
0
 11
60112.5000
 21
20975
 31
0
  0
LINE
  5
955
100
AcDbEntity
  8
WALL
100
AcDbLine
 10
59887.5000
 20
20900
 30
0
 11
60112.5000
 21
21125
 31
0
  0
LINE
  5
956
100
AcDbEntity
  8
WALL
100
AcDbLine
 10
59887.5000
 20
21050
 30
0
 11
60112.5000
 21
21275
 31
0
  0
LINE
  5
957
100
AcDbEntity
  8
WALL
100
AcDbLine
 10
59887.5000
 20
21200
 30
0
 11
60112.5000
 21
21425
 31
0
  0
LINE
  5
958
100
AcDbEntity
  8
WALL
100
AcDbLine
 10
59887.5000
 20
21350
 30
0
 11
60112.5000
 21
21575
 31
0
  0
LINE
  5
959
100
AcDbEntity
  8
WALL
100
AcDbLine
 10
59887.5000
 20
21500
 30
0
 11
60112.5000
 21
21725
 31
0
  0
LINE
  5
95A
100
AcDbEntity
  8
WALL
100
AcDbLine
 10
59887.5000
 20
21650
 30
0
 11
60112.5000
 21
21875
 31
0
  0
LINE
  5
95B
100
AcDbEntity
  8
WALL
100
AcDbLine
 10
59887.5000
 20
21800
 30
0
 11
60112.5000
 21
22025
 31
0
  0
LINE
  5
95C
100
AcDbEntity
  8
WALL
100
AcDbLine
 10
59887.5000
 20
21950
 30
0
 11
60112.5000
 21
22175
 31
0
  0
LINE
  5
95D
100
AcDbEntity
  8
WALL
100
AcDbLine
 10
59887.5000
 20
22100
 30
0
 11
60112.5000
 21
22325
 31
0
  0
LINE
  5
95E
100
AcDbEntity
  8
WALL
100
AcDbLine
 10
59887.5000
 20
22250
 30
0
 11
60112.5000
 21
22475
 31
0
  0
LINE
  5
95F
100
AcDbEntity
  8
WALL
100
AcDbLine
 10
59887.5000
 20
22400
 30
0
 11
60112.5000
 21
22625
 31
0
  0
LINE
  5
960
100
AcDbEntity
  8
WALL
100
AcDbLine
 10
59887.5000
 20
22550
 30
0
 11
60112.5000
 21
22775
 31
0
  0
LINE
  5
961
100
AcDbEntity
  8
WALL
100
AcDbLine
 10
59887.5000
 20
22700
 30
0
 11
60112.5000
 21
22925
 31
0
  0
LINE
  5
962
100
AcDbEntity
  8
WALL
100
AcDbLine
 10
59887.5000
 20
22850
 30
0
 11
60112.5000
 21
23075
 31
0
  0
LINE
  5
963
100
AcDbEntity
  8
WALL
100
AcDbLine
 10
59887.5000
 20
23000
 30
0
 11
60112.5000
 21
23225
 31
0
  0
LINE
  5
964
100
AcDbEntity
  8
WALL
100
AcDbLine
 10
59887.5000
 20
23150
 30
0
 11
60112.5000
 21
23375
 31
0
  0
LINE
  5
965
100
AcDbEntity
  8
WALL
100
AcDbLine
 10
59887.5000
 20
23300
 30
0
 11
60112.5000
 21
23525
 31
0
  0
LINE
  5
966
100
AcDbEntity
  8
WALL
100
AcDbLine
 10
59887.5000
 20
23450
 30
0
 11
60112.5000
 21
23675
 31
0
  0
LINE
  5
967
100
AcDbEntity
  8
WALL
100
AcDbLine
 10
59887.5000
 20
23600
 30
0
 11
60112.5000
 21
23825
 31
0
  0
LINE
  5
968
100
AcDbEntity
  8
WALL
100
AcDbLine
 10
59887.5000
 20
23750
 30
0
 11
60112.5000
 21
23975
 31
0
  0
LINE
  5
969
100
AcDbEntity
  8
WALL
100
AcDbLine
370
50
 10
59887.5000
 20
19400
 30
0
 11
60112.5000
 21
19400
 31
0
  0
LINE
  5
96A
100
AcDbEntity
  8
WALL
100
AcDbLine
370
50
 10
59887.5000
 20
20600
 30
0
 11
60112.5000
 21
20600
 31
0
  0
LINE
  5
96B
100
AcDbEntity
  8
WALL
100
AcDbLine
370
50
 10
36000
 20
-112.5000
 30
0
 11
37400
 21
-112.5000
 31
0
  0
LINE
  5
96C
100
AcDbEntity
  8
WALL
100
AcDbLine
370
50
 10
37400
 20
112.5000
 30
0
 11
36000
 21
112.5000
 31
0
  0
LINE
  5
96D
100
AcDbEntity
  8
WALL
100
AcDbLine
 10
36000
 20
-112.5000
 30
0
 11
36225
 21
112.5000
 31
0
  0
LINE
  5
96E
100
AcDbEntity
  8
WALL
100
AcDbLine
 10
36150
 20
-112.5000
 30
0
 11
36375
 21
112.5000
 31
0
  0
LINE
  5
96F
100
AcDbEntity
  8
WALL
100
AcDbLine
 10
36300
 20
-112.5000
 30
0
 11
36525
 21
112.5000
 31
0
  0
LINE
  5
970
100
AcDbEntity
  8
WALL
100
AcDbLine
 10
36450
 20
-112.5000
 30
0
 11
36675
 21
112.5000
 31
0
  0
LINE
  5
971
100
AcDbEntity
  8
WALL
100
AcDbLine
 10
36600
 20
-112.5000
 30
0
 11
36825
 21
112.5000
 31
0
  0
LINE
  5
972
100
AcDbEntity
  8
WALL
100
AcDbLine
 10
36750
 20
-112.5000
 30
0
 11
36975
 21
112.5000
 31
0
  0
LINE
  5
973
100
AcDbEntity
  8
WALL
100
AcDbLine
 10
36900
 20
-112.5000
 30
0
 11
37125
 21
112.5000
 31
0
  0
LINE
  5
974
100
AcDbEntity
  8
WALL
100
AcDbLine
 10
37050
 20
-112.5000
 30
0
 11
37275
 21
112.5000
 31
0
  0
LINE
  5
975
100
AcDbEntity
  8
WALL
100
AcDbLine
370
50
 10
38600
 20
-112.5000
 30
0
 11
40000
 21
-112.5000
 31
0
  0
LINE
  5
976
100
AcDbEntity
  8
WALL
100
AcDbLine
370
50
 10
40000
 20
112.5000
 30
0
 11
38600
 21
112.5000
 31
0
  0
LINE
  5
977
100
AcDbEntity
  8
WALL
100
AcDbLine
 10
38600
 20
-112.5000
 30
0
 11
38825
 21
112.5000
 31
0
  0
LINE
  5
978
100
AcDbEntity
  8
WALL
100
AcDbLine
 10
38750
 20
-112.5000
 30
0
 11
38975
 21
112.5000
 31
0
  0
LINE
  5
979
100
AcDbEntity
  8
WALL
100
AcDbLine
 10
38900
 20
-112.5000
 30
0
 11
39125
 21
112.5000
 31
0
  0
LINE
  5
97A
100
AcDbEntity
  8
WALL
100
AcDbLine
 10
39050
 20
-112.5000
 30
0
 11
39275
 21
112.5000
 31
0
  0
LINE
  5
97B
100
AcDbEntity
  8
WALL
100
AcDbLine
 10
39200
 20
-112.5000
 30
0
 11
39425
 21
112.5000
 31
0
  0
LINE
  5
97C
100
AcDbEntity
  8
WALL
100
AcDbLine
 10
39350
 20
-112.5000
 30
0
 11
39575
 21
112.5000
 31
0
  0
LINE
  5
97D
100
AcDbEntity
  8
WALL
100
AcDbLine
 10
39500
 20
-112.5000
 30
0
 11
39725
 21
112.5000
 31
0
  0
LINE
  5
97E
100
AcDbEntity
  8
WALL
100
AcDbLine
 10
39650
 20
-112.5000
 30
0
 11
39875
 21
112.5000
 31
0
  0
LINE
  5
97F
100
AcDbEntity
  8
WALL
100
AcDbLine
370
50
 10
37400
 20
-112.5000
 30
0
 11
37400
 21
112.5000
 31
0
  0
LINE
  5
980
100
AcDbEntity
  8
WALL
100
AcDbLine
370
50
 10
38600
 20
-112.5000
 30
0
 11
38600
 21
112.5000
 31
0
  0
LINE
  5
981
100
AcDbEntity
  8
WALL
100
AcDbLine
370
50
 10
40000
 20
-112.5000
 30
0
 11
41400
 21
-112.5000
 31
0
  0
LINE
  5
982
100
AcDbEntity
  8
WALL
100
AcDbLine
370
50
 10
41400
 20
112.5000
 30
0
 11
40000
 21
112.5000
 31
0
  0
LINE
  5
983
100
AcDbEntity
  8
WALL
100
AcDbLine
 10
40000
 20
-112.5000
 30
0
 11
40225
 21
112.5000
 31
0
  0
LINE
  5
984
100
AcDbEntity
  8
WALL
100
AcDbLine
 10
40150
 20
-112.5000
 30
0
 11
40375
 21
112.5000
 31
0
  0
LINE
  5
985
100
AcDbEntity
  8
WALL
100
AcDbLine
 10
40300
 20
-112.5000
 30
0
 11
40525
 21
112.5000
 31
0
  0
LINE
  5
986
100
AcDbEntity
  8
WALL
100
AcDbLine
 10
40450
 20
-112.5000
 30
0
 11
40675
 21
112.5000
 31
0
  0
LINE
  5
987
100
AcDbEntity
  8
WALL
100
AcDbLine
 10
40600
 20
-112.5000
 30
0
 11
40825
 21
112.5000
 31
0
  0
LINE
  5
988
100
AcDbEntity
  8
WALL
100
AcDbLine
 10
40750
 20
-112.5000
 30
0
 11
40975
 21
112.5000
 31
0
  0
LINE
  5
989
100
AcDbEntity
  8
WALL
100
AcDbLine
 10
40900
 20
-112.5000
 30
0
 11
41125
 21
112.5000
 31
0
  0
LINE
  5
98A
100
AcDbEntity
  8
WALL
100
AcDbLine
 10
41050
 20
-112.5000
 30
0
 11
41275
 21
112.5000
 31
0
  0
LINE
  5
98B
100
AcDbEntity
  8
WALL
100
AcDbLine
370
50
 10
42600
 20
-112.5000
 30
0
 11
44000
 21
-112.5000
 31
0
  0
LINE
  5
98C
100
AcDbEntity
  8
WALL
100
AcDbLine
370
50
 10
44000
 20
112.5000
 30
0
 11
42600
 21
112.5000
 31
0
  0
LINE
  5
98D
100
AcDbEntity
  8
WALL
100
AcDbLine
 10
42600
 20
-112.5000
 30
0
 11
42825
 21
112.5000
 31
0
  0
LINE
  5
98E
100
AcDbEntity
  8
WALL
100
AcDbLine
 10
42750
 20
-112.5000
 30
0
 11
42975
 21
112.5000
 31
0
  0
LINE
  5
98F
100
AcDbEntity
  8
WALL
100
AcDbLine
 10
42900
 20
-112.5000
 30
0
 11
43125
 21
112.5000
 31
0
  0
LINE
  5
990
100
AcDbEntity
  8
WALL
100
AcDbLine
 10
43050
 20
-112.5000
 30
0
 11
43275
 21
112.5000
 31
0
  0
LINE
  5
991
100
AcDbEntity
  8
WALL
100
AcDbLine
 10
43200
 20
-112.5000
 30
0
 11
43425
 21
112.5000
 31
0
  0
LINE
  5
992
100
AcDbEntity
  8
WALL
100
AcDbLine
 10
43350
 20
-112.5000
 30
0
 11
43575
 21
112.5000
 31
0
  0
LINE
  5
993
100
AcDbEntity
  8
WALL
100
AcDbLine
 10
43500
 20
-112.5000
 30
0
 11
43725
 21
112.5000
 31
0
  0
LINE
  5
994
100
AcDbEntity
  8
WALL
100
AcDbLine
 10
43650
 20
-112.5000
 30
0
 11
43875
 21
112.5000
 31
0
  0
LINE
  5
995
100
AcDbEntity
  8
WALL
100
AcDbLine
370
50
 10
41400
 20
-112.5000
 30
0
 11
41400
 21
112.5000
 31
0
  0
LINE
  5
996
100
AcDbEntity
  8
WALL
100
AcDbLine
370
50
 10
42600
 20
-112.5000
 30
0
 11
42600
 21
112.5000
 31
0
  0
LINE
  5
997
100
AcDbEntity
  8
WALL
100
AcDbLine
370
50
 10
44000
 20
-112.5000
 30
0
 11
45400
 21
-112.5000
 31
0
  0
LINE
  5
998
100
AcDbEntity
  8
WALL
100
AcDbLine
370
50
 10
45400
 20
112.5000
 30
0
 11
44000
 21
112.5000
 31
0
  0
LINE
  5
999
100
AcDbEntity
  8
WALL
100
AcDbLine
 10
44000
 20
-112.5000
 30
0
 11
44225
 21
112.5000
 31
0
  0
LINE
  5
99A
100
AcDbEntity
  8
WALL
100
AcDbLine
 10
44150
 20
-112.5000
 30
0
 11
44375
 21
112.5000
 31
0
  0
LINE
  5
99B
100
AcDbEntity
  8
WALL
100
AcDbLine
 10
44300
 20
-112.5000
 30
0
 11
44525
 21
112.5000
 31
0
  0
LINE
  5
99C
100
AcDbEntity
  8
WALL
100
AcDbLine
 10
44450
 20
-112.5000
 30
0
 11
44675
 21
112.5000
 31
0
  0
LINE
  5
99D
100
AcDbEntity
  8
WALL
100
AcDbLine
 10
44600
 20
-112.5000
 30
0
 11
44825
 21
112.5000
 31
0
  0
LINE
  5
99E
100
AcDbEntity
  8
WALL
100
AcDbLine
 10
44750
 20
-112.5000
 30
0
 11
44975
 21
112.5000
 31
0
  0
LINE
  5
99F
100
AcDbEntity
  8
WALL
100
AcDbLine
 10
44900
 20
-112.5000
 30
0
 11
45125
 21
112.5000
 31
0
  0
LINE
  5
9A0
100
AcDbEntity
  8
WALL
100
AcDbLine
 10
45050
 20
-112.5000
 30
0
 11
45275
 21
112.5000
 31
0
  0
LINE
  5
9A1
100
AcDbEntity
  8
WALL
100
AcDbLine
370
50
 10
46600
 20
-112.5000
 30
0
 11
48000
 21
-112.5000
 31
0
  0
LINE
  5
9A2
100
AcDbEntity
  8
WALL
100
AcDbLine
370
50
 10
48000
 20
112.5000
 30
0
 11
46600
 21
112.5000
 31
0
  0
LINE
  5
9A3
100
AcDbEntity
  8
WALL
100
AcDbLine
 10
46600
 20
-112.5000
 30
0
 11
46825
 21
112.5000
 31
0
  0
LINE
  5
9A4
100
AcDbEntity
  8
WALL
100
AcDbLine
 10
46750
 20
-112.5000
 30
0
 11
46975
 21
112.5000
 31
0
  0
LINE
  5
9A5
100
AcDbEntity
  8
WALL
100
AcDbLine
 10
46900
 20
-112.5000
 30
0
 11
47125
 21
112.5000
 31
0
  0
LINE
  5
9A6
100
AcDbEntity
  8
WALL
100
AcDbLine
 10
47050
 20
-112.5000
 30
0
 11
47275
 21
112.5000
 31
0
  0
LINE
  5
9A7
100
AcDbEntity
  8
WALL
100
AcDbLine
 10
47200
 20
-112.5000
 30
0
 11
47425
 21
112.5000
 31
0
  0
LINE
  5
9A8
100
AcDbEntity
  8
WALL
100
AcDbLine
 10
47350
 20
-112.5000
 30
0
 11
47575
 21
112.5000
 31
0
  0
LINE
  5
9A9
100
AcDbEntity
  8
WALL
100
AcDbLine
 10
47500
 20
-112.5000
 30
0
 11
47725
 21
112.5000
 31
0
  0
LINE
  5
9AA
100
AcDbEntity
  8
WALL
100
AcDbLine
 10
47650
 20
-112.5000
 30
0
 11
47875
 21
112.5000
 31
0
  0
LINE
  5
9AB
100
AcDbEntity
  8
WALL
100
AcDbLine
370
50
 10
45400
 20
-112.5000
 30
0
 11
45400
 21
112.5000
 31
0
  0
LINE
  5
9AC
100
AcDbEntity
  8
WALL
100
AcDbLine
370
50
 10
46600
 20
-112.5000
 30
0
 11
46600
 21
112.5000
 31
0
  0
LINE
  5
9AD
100
AcDbEntity
  8
WALL
100
AcDbLine
370
50
 10
48000
 20
-112.5000
 30
0
 11
49400
 21
-112.5000
 31
0
  0
LINE
  5
9AE
100
AcDbEntity
  8
WALL
100
AcDbLine
370
50
 10
49400
 20
112.5000
 30
0
 11
48000
 21
112.5000
 31
0
  0
LINE
  5
9AF
100
AcDbEntity
  8
WALL
100
AcDbLine
 10
48000
 20
-112.5000
 30
0
 11
48225
 21
112.5000
 31
0
  0
LINE
  5
9B0
100
AcDbEntity
  8
WALL
100
AcDbLine
 10
48150
 20
-112.5000
 30
0
 11
48375
 21
112.5000
 31
0
  0
LINE
  5
9B1
100
AcDbEntity
  8
WALL
100
AcDbLine
 10
48300
 20
-112.5000
 30
0
 11
48525
 21
112.5000
 31
0
  0
LINE
  5
9B2
100
AcDbEntity
  8
WALL
100
AcDbLine
 10
48450
 20
-112.5000
 30
0
 11
48675
 21
112.5000
 31
0
  0
LINE
  5
9B3
100
AcDbEntity
  8
WALL
100
AcDbLine
 10
48600
 20
-112.5000
 30
0
 11
48825
 21
112.5000
 31
0
  0
LINE
  5
9B4
100
AcDbEntity
  8
WALL
100
AcDbLine
 10
48750
 20
-112.5000
 30
0
 11
48975
 21
112.5000
 31
0
  0
LINE
  5
9B5
100
AcDbEntity
  8
WALL
100
AcDbLine
 10
48900
 20
-112.5000
 30
0
 11
49125
 21
112.5000
 31
0
  0
LINE
  5
9B6
100
AcDbEntity
  8
WALL
100
AcDbLine
 10
49050
 20
-112.5000
 30
0
 11
49275
 21
112.5000
 31
0
  0
LINE
  5
9B7
100
AcDbEntity
  8
WALL
100
AcDbLine
370
50
 10
50600
 20
-112.5000
 30
0
 11
52000
 21
-112.5000
 31
0
  0
LINE
  5
9B8
100
AcDbEntity
  8
WALL
100
AcDbLine
370
50
 10
52000
 20
112.5000
 30
0
 11
50600
 21
112.5000
 31
0
  0
LINE
  5
9B9
100
AcDbEntity
  8
WALL
100
AcDbLine
 10
50600
 20
-112.5000
 30
0
 11
50825
 21
112.5000
 31
0
  0
LINE
  5
9BA
100
AcDbEntity
  8
WALL
100
AcDbLine
 10
50750
 20
-112.5000
 30
0
 11
50975
 21
112.5000
 31
0
  0
LINE
  5
9BB
100
AcDbEntity
  8
WALL
100
AcDbLine
 10
50900
 20
-112.5000
 30
0
 11
51125
 21
112.5000
 31
0
  0
LINE
  5
9BC
100
AcDbEntity
  8
WALL
100
AcDbLine
 10
51050
 20
-112.5000
 30
0
 11
51275
 21
112.5000
 31
0
  0
LINE
  5
9BD
100
AcDbEntity
  8
WALL
100
AcDbLine
 10
51200
 20
-112.5000
 30
0
 11
51425
 21
112.5000
 31
0
  0
LINE
  5
9BE
100
AcDbEntity
  8
WALL
100
AcDbLine
 10
51350
 20
-112.5000
 30
0
 11
51575
 21
112.5000
 31
0
  0
LINE
  5
9BF
100
AcDbEntity
  8
WALL
100
AcDbLine
 10
51500
 20
-112.5000
 30
0
 11
51725
 21
112.5000
 31
0
  0
LINE
  5
9C0
100
AcDbEntity
  8
WALL
100
AcDbLine
 10
51650
 20
-112.5000
 30
0
 11
51875
 21
112.5000
 31
0
  0
LINE
  5
9C1
100
AcDbEntity
  8
WALL
100
AcDbLine
370
50
 10
49400
 20
-112.5000
 30
0
 11
49400
 21
112.5000
 31
0
  0
LINE
  5
9C2
100
AcDbEntity
  8
WALL
100
AcDbLine
370
50
 10
50600
 20
-112.5000
 30
0
 11
50600
 21
112.5000
 31
0
  0
LINE
  5
9C3
100
AcDbEntity
  8
WALL
100
AcDbLine
370
50
 10
52000
 20
-112.5000
 30
0
 11
53400
 21
-112.5000
 31
0
  0
LINE
  5
9C4
100
AcDbEntity
  8
WALL
100
AcDbLine
370
50
 10
53400
 20
112.5000
 30
0
 11
52000
 21
112.5000
 31
0
  0
LINE
  5
9C5
100
AcDbEntity
  8
WALL
100
AcDbLine
 10
52000
 20
-112.5000
 30
0
 11
52225
 21
112.5000
 31
0
  0
LINE
  5
9C6
100
AcDbEntity
  8
WALL
100
AcDbLine
 10
52150
 20
-112.5000
 30
0
 11
52375
 21
112.5000
 31
0
  0
LINE
  5
9C7
100
AcDbEntity
  8
WALL
100
AcDbLine
 10
52300
 20
-112.5000
 30
0
 11
52525
 21
112.5000
 31
0
  0
LINE
  5
9C8
100
AcDbEntity
  8
WALL
100
AcDbLine
 10
52450
 20
-112.5000
 30
0
 11
52675
 21
112.5000
 31
0
  0
LINE
  5
9C9
100
AcDbEntity
  8
WALL
100
AcDbLine
 10
52600
 20
-112.5000
 30
0
 11
52825
 21
112.5000
 31
0
  0
LINE
  5
9CA
100
AcDbEntity
  8
WALL
100
AcDbLine
 10
52750
 20
-112.5000
 30
0
 11
52975
 21
112.5000
 31
0
  0
LINE
  5
9CB
100
AcDbEntity
  8
WALL
100
AcDbLine
 10
52900
 20
-112.5000
 30
0
 11
53125
 21
112.5000
 31
0
  0
LINE
  5
9CC
100
AcDbEntity
  8
WALL
100
AcDbLine
 10
53050
 20
-112.5000
 30
0
 11
53275
 21
112.5000
 31
0
  0
LINE
  5
9CD
100
AcDbEntity
  8
WALL
100
AcDbLine
370
50
 10
54600
 20
-112.5000
 30
0
 11
56000
 21
-112.5000
 31
0
  0
LINE
  5
9CE
100
AcDbEntity
  8
WALL
100
AcDbLine
370
50
 10
56000
 20
112.5000
 30
0
 11
54600
 21
112.5000
 31
0
  0
LINE
  5
9CF
100
AcDbEntity
  8
WALL
100
AcDbLine
 10
54600
 20
-112.5000
 30
0
 11
54825
 21
112.5000
 31
0
  0
LINE
  5
9D0
100
AcDbEntity
  8
WALL
100
AcDbLine
 10
54750
 20
-112.5000
 30
0
 11
54975
 21
112.5000
 31
0
  0
LINE
  5
9D1
100
AcDbEntity
  8
WALL
100
AcDbLine
 10
54900
 20
-112.5000
 30
0
 11
55125
 21
112.5000
 31
0
  0
LINE
  5
9D2
100
AcDbEntity
  8
WALL
100
AcDbLine
 10
55050
 20
-112.5000
 30
0
 11
55275
 21
112.5000
 31
0
  0
LINE
  5
9D3
100
AcDbEntity
  8
WALL
100
AcDbLine
 10
55200
 20
-112.5000
 30
0
 11
55425
 21
112.5000
 31
0
  0
LINE
  5
9D4
100
AcDbEntity
  8
WALL
100
AcDbLine
 10
55350
 20
-112.5000
 30
0
 11
55575
 21
112.5000
 31
0
  0
LINE
  5
9D5
100
AcDbEntity
  8
WALL
100
AcDbLine
 10
55500
 20
-112.5000
 30
0
 11
55725
 21
112.5000
 31
0
  0
LINE
  5
9D6
100
AcDbEntity
  8
WALL
100
AcDbLine
 10
55650
 20
-112.5000
 30
0
 11
55875
 21
112.5000
 31
0
  0
LINE
  5
9D7
100
AcDbEntity
  8
WALL
100
AcDbLine
370
50
 10
53400
 20
-112.5000
 30
0
 11
53400
 21
112.5000
 31
0
  0
LINE
  5
9D8
100
AcDbEntity
  8
WALL
100
AcDbLine
370
50
 10
54600
 20
-112.5000
 30
0
 11
54600
 21
112.5000
 31
0
  0
LINE
  5
9D9
100
AcDbEntity
  8
WALL
100
AcDbLine
370
50
 10
56000
 20
-112.5000
 30
0
 11
57400
 21
-112.5000
 31
0
  0
LINE
  5
9DA
100
AcDbEntity
  8
WALL
100
AcDbLine
370
50
 10
57400
 20
112.5000
 30
0
 11
56000
 21
112.5000
 31
0
  0
LINE
  5
9DB
100
AcDbEntity
  8
WALL
100
AcDbLine
 10
56000
 20
-112.5000
 30
0
 11
56225
 21
112.5000
 31
0
  0
LINE
  5
9DC
100
AcDbEntity
  8
WALL
100
AcDbLine
 10
56150
 20
-112.5000
 30
0
 11
56375
 21
112.5000
 31
0
  0
LINE
  5
9DD
100
AcDbEntity
  8
WALL
100
AcDbLine
 10
56300
 20
-112.5000
 30
0
 11
56525
 21
112.5000
 31
0
  0
LINE
  5
9DE
100
AcDbEntity
  8
WALL
100
AcDbLine
 10
56450
 20
-112.5000
 30
0
 11
56675
 21
112.5000
 31
0
  0
LINE
  5
9DF
100
AcDbEntity
  8
WALL
100
AcDbLine
 10
56600
 20
-112.5000
 30
0
 11
56825
 21
112.5000
 31
0
  0
LINE
  5
9E0
100
AcDbEntity
  8
WALL
100
AcDbLine
 10
56750
 20
-112.5000
 30
0
 11
56975
 21
112.5000
 31
0
  0
LINE
  5
9E1
100
AcDbEntity
  8
WALL
100
AcDbLine
 10
56900
 20
-112.5000
 30
0
 11
57125
 21
112.5000
 31
0
  0
LINE
  5
9E2
100
AcDbEntity
  8
WALL
100
AcDbLine
 10
57050
 20
-112.5000
 30
0
 11
57275
 21
112.5000
 31
0
  0
LINE
  5
9E3
100
AcDbEntity
  8
WALL
100
AcDbLine
370
50
 10
58600
 20
-112.5000
 30
0
 11
60000
 21
-112.5000
 31
0
  0
LINE
  5
9E4
100
AcDbEntity
  8
WALL
100
AcDbLine
370
50
 10
60000
 20
112.5000
 30
0
 11
58600
 21
112.5000
 31
0
  0
LINE
  5
9E5
100
AcDbEntity
  8
WALL
100
AcDbLine
 10
58600
 20
-112.5000
 30
0
 11
58825
 21
112.5000
 31
0
  0
LINE
  5
9E6
100
AcDbEntity
  8
WALL
100
AcDbLine
 10
58750
 20
-112.5000
 30
0
 11
58975
 21
112.5000
 31
0
  0
LINE
  5
9E7
100
AcDbEntity
  8
WALL
100
AcDbLine
 10
58900
 20
-112.5000
 30
0
 11
59125
 21
112.5000
 31
0
  0
LINE
  5
9E8
100
AcDbEntity
  8
WALL
100
AcDbLine
 10
59050
 20
-112.5000
 30
0
 11
59275
 21
112.5000
 31
0
  0
LINE
  5
9E9
100
AcDbEntity
  8
WALL
100
AcDbLine
 10
59200
 20
-112.5000
 30
0
 11
59425
 21
112.5000
 31
0
  0
LINE
  5
9EA
100
AcDbEntity
  8
WALL
100
AcDbLine
 10
59350
 20
-112.5000
 30
0
 11
59575
 21
112.5000
 31
0
  0
LINE
  5
9EB
100
AcDbEntity
  8
WALL
100
AcDbLine
 10
59500
 20
-112.5000
 30
0
 11
59725
 21
112.5000
 31
0
  0
LINE
  5
9EC
100
AcDbEntity
  8
WALL
100
AcDbLine
 10
59650
 20
-112.5000
 30
0
 11
59875
 21
112.5000
 31
0
  0
LINE
  5
9ED
100
AcDbEntity
  8
WALL
100
AcDbLine
370
50
 10
57400
 20
-112.5000
 30
0
 11
57400
 21
112.5000
 31
0
  0
LINE
  5
9EE
100
AcDbEntity
  8
WALL
100
AcDbLine
370
50
 10
58600
 20
-112.5000
 30
0
 11
58600
 21
112.5000
 31
0
  0
LINE
  5
9EF
100
AcDbEntity
  8
WALL
100
AcDbLine
370
50
 10
36000
 20
23887.5000
 30
0
 11
37400
 21
23887.5000
 31
0
  0
LINE
  5
9F0
100
AcDbEntity
  8
WALL
100
AcDbLine
370
50
 10
37400
 20
24112.5000
 30
0
 11
36000
 21
24112.5000
 31
0
  0
LINE
  5
9F1
100
AcDbEntity
  8
WALL
100
AcDbLine
 10
36000
 20
23887.5000
 30
0
 11
36225
 21
24112.5000
 31
0
  0
LINE
  5
9F2
100
AcDbEntity
  8
WALL
100
AcDbLine
 10
36150
 20
23887.5000
 30
0
 11
36375
 21
24112.5000
 31
0
  0
LINE
  5
9F3
100
AcDbEntity
  8
WALL
100
AcDbLine
 10
36300
 20
23887.5000
 30
0
 11
36525
 21
24112.5000
 31
0
  0
LINE
  5
9F4
100
AcDbEntity
  8
WALL
100
AcDbLine
 10
36450
 20
23887.5000
 30
0
 11
36675
 21
24112.5000
 31
0
  0
LINE
  5
9F5
100
AcDbEntity
  8
WALL
100
AcDbLine
 10
36600
 20
23887.5000
 30
0
 11
36825
 21
24112.5000
 31
0
  0
LINE
  5
9F6
100
AcDbEntity
  8
WALL
100
AcDbLine
 10
36750
 20
23887.5000
 30
0
 11
36975
 21
24112.5000
 31
0
  0
LINE
  5
9F7
100
AcDbEntity
  8
WALL
100
AcDbLine
 10
36900
 20
23887.5000
 30
0
 11
37125
 21
24112.5000
 31
0
  0
LINE
  5
9F8
100
AcDbEntity
  8
WALL
100
AcDbLine
 10
37050
 20
23887.5000
 30
0
 11
37275
 21
24112.5000
 31
0
  0
LINE
  5
9F9
100
AcDbEntity
  8
WALL
100
AcDbLine
370
50
 10
38600
 20
23887.5000
 30
0
 11
40000
 21
23887.5000
 31
0
  0
LINE
  5
9FA
100
AcDbEntity
  8
WALL
100
AcDbLine
370
50
 10
40000
 20
24112.5000
 30
0
 11
38600
 21
24112.5000
 31
0
  0
LINE
  5
9FB
100
AcDbEntity
  8
WALL
100
AcDbLine
 10
38600
 20
23887.5000
 30
0
 11
38825
 21
24112.5000
 31
0
  0
LINE
  5
9FC
100
AcDbEntity
  8
WALL
100
AcDbLine
 10
38750
 20
23887.5000
 30
0
 11
38975
 21
24112.5000
 31
0
  0
LINE
  5
9FD
100
AcDbEntity
  8
WALL
100
AcDbLine
 10
38900
 20
23887.5000
 30
0
 11
39125
 21
24112.5000
 31
0
  0
LINE
  5
9FE
100
AcDbEntity
  8
WALL
100
AcDbLine
 10
39050
 20
23887.5000
 30
0
 11
39275
 21
24112.5000
 31
0
  0
LINE
  5
9FF
100
AcDbEntity
  8
WALL
100
AcDbLine
 10
39200
 20
23887.5000
 30
0
 11
39425
 21
24112.5000
 31
0
  0
LINE
  5
A00
100
AcDbEntity
  8
WALL
100
AcDbLine
 10
39350
 20
23887.5000
 30
0
 11
39575
 21
24112.5000
 31
0
  0
LINE
  5
A01
100
AcDbEntity
  8
WALL
100
AcDbLine
 10
39500
 20
23887.5000
 30
0
 11
39725
 21
24112.5000
 31
0
  0
LINE
  5
A02
100
AcDbEntity
  8
WALL
100
AcDbLine
 10
39650
 20
23887.5000
 30
0
 11
39875
 21
24112.5000
 31
0
  0
LINE
  5
A03
100
AcDbEntity
  8
WALL
100
AcDbLine
370
50
 10
37400
 20
23887.5000
 30
0
 11
37400
 21
24112.5000
 31
0
  0
LINE
  5
A04
100
AcDbEntity
  8
WALL
100
AcDbLine
370
50
 10
38600
 20
23887.5000
 30
0
 11
38600
 21
24112.5000
 31
0
  0
LINE
  5
A05
100
AcDbEntity
  8
WALL
100
AcDbLine
370
50
 10
40000
 20
23887.5000
 30
0
 11
41400
 21
23887.5000
 31
0
  0
LINE
  5
A06
100
AcDbEntity
  8
WALL
100
AcDbLine
370
50
 10
41400
 20
24112.5000
 30
0
 11
40000
 21
24112.5000
 31
0
  0
LINE
  5
A07
100
AcDbEntity
  8
WALL
100
AcDbLine
 10
40000
 20
23887.5000
 30
0
 11
40225
 21
24112.5000
 31
0
  0
LINE
  5
A08
100
AcDbEntity
  8
WALL
100
AcDbLine
 10
40150
 20
23887.5000
 30
0
 11
40375
 21
24112.5000
 31
0
  0
LINE
  5
A09
100
AcDbEntity
  8
WALL
100
AcDbLine
 10
40300
 20
23887.5000
 30
0
 11
40525
 21
24112.5000
 31
0
  0
LINE
  5
A0A
100
AcDbEntity
  8
WALL
100
AcDbLine
 10
40450
 20
23887.5000
 30
0
 11
40675
 21
24112.5000
 31
0
  0
LINE
  5
A0B
100
AcDbEntity
  8
WALL
100
AcDbLine
 10
40600
 20
23887.5000
 30
0
 11
40825
 21
24112.5000
 31
0
  0
LINE
  5
A0C
100
AcDbEntity
  8
WALL
100
AcDbLine
 10
40750
 20
23887.5000
 30
0
 11
40975
 21
24112.5000
 31
0
  0
LINE
  5
A0D
100
AcDbEntity
  8
WALL
100
AcDbLine
 10
40900
 20
23887.5000
 30
0
 11
41125
 21
24112.5000
 31
0
  0
LINE
  5
A0E
100
AcDbEntity
  8
WALL
100
AcDbLine
 10
41050
 20
23887.5000
 30
0
 11
41275
 21
24112.5000
 31
0
  0
LINE
  5
A0F
100
AcDbEntity
  8
WALL
100
AcDbLine
370
50
 10
42600
 20
23887.5000
 30
0
 11
44000
 21
23887.5000
 31
0
  0
LINE
  5
A10
100
AcDbEntity
  8
WALL
100
AcDbLine
370
50
 10
44000
 20
24112.5000
 30
0
 11
42600
 21
24112.5000
 31
0
  0
LINE
  5
A11
100
AcDbEntity
  8
WALL
100
AcDbLine
 10
42600
 20
23887.5000
 30
0
 11
42825
 21
24112.5000
 31
0
  0
LINE
  5
A12
100
AcDbEntity
  8
WALL
100
AcDbLine
 10
42750
 20
23887.5000
 30
0
 11
42975
 21
24112.5000
 31
0
  0
LINE
  5
A13
100
AcDbEntity
  8
WALL
100
AcDbLine
 10
42900
 20
23887.5000
 30
0
 11
43125
 21
24112.5000
 31
0
  0
LINE
  5
A14
100
AcDbEntity
  8
WALL
100
AcDbLine
 10
43050
 20
23887.5000
 30
0
 11
43275
 21
24112.5000
 31
0
  0
LINE
  5
A15
100
AcDbEntity
  8
WALL
100
AcDbLine
 10
43200
 20
23887.5000
 30
0
 11
43425
 21
24112.5000
 31
0
  0
LINE
  5
A16
100
AcDbEntity
  8
WALL
100
AcDbLine
 10
43350
 20
23887.5000
 30
0
 11
43575
 21
24112.5000
 31
0
  0
LINE
  5
A17
100
AcDbEntity
  8
WALL
100
AcDbLine
 10
43500
 20
23887.5000
 30
0
 11
43725
 21
24112.5000
 31
0
  0
LINE
  5
A18
100
AcDbEntity
  8
WALL
100
AcDbLine
 10
43650
 20
23887.5000
 30
0
 11
43875
 21
24112.5000
 31
0
  0
LINE
  5
A19
100
AcDbEntity
  8
WALL
100
AcDbLine
370
50
 10
41400
 20
23887.5000
 30
0
 11
41400
 21
24112.5000
 31
0
  0
LINE
  5
A1A
100
AcDbEntity
  8
WALL
100
AcDbLine
370
50
 10
42600
 20
23887.5000
 30
0
 11
42600
 21
24112.5000
 31
0
  0
LINE
  5
A1B
100
AcDbEntity
  8
WALL
100
AcDbLine
370
50
 10
44000
 20
23887.5000
 30
0
 11
45400
 21
23887.5000
 31
0
  0
LINE
  5
A1C
100
AcDbEntity
  8
WALL
100
AcDbLine
370
50
 10
45400
 20
24112.5000
 30
0
 11
44000
 21
24112.5000
 31
0
  0
LINE
  5
A1D
100
AcDbEntity
  8
WALL
100
AcDbLine
 10
44000
 20
23887.5000
 30
0
 11
44225
 21
24112.5000
 31
0
  0
LINE
  5
A1E
100
AcDbEntity
  8
WALL
100
AcDbLine
 10
44150
 20
23887.5000
 30
0
 11
44375
 21
24112.5000
 31
0
  0
LINE
  5
A1F
100
AcDbEntity
  8
WALL
100
AcDbLine
 10
44300
 20
23887.5000
 30
0
 11
44525
 21
24112.5000
 31
0
  0
LINE
  5
A20
100
AcDbEntity
  8
WALL
100
AcDbLine
 10
44450
 20
23887.5000
 30
0
 11
44675
 21
24112.5000
 31
0
  0
LINE
  5
A21
100
AcDbEntity
  8
WALL
100
AcDbLine
 10
44600
 20
23887.5000
 30
0
 11
44825
 21
24112.5000
 31
0
  0
LINE
  5
A22
100
AcDbEntity
  8
WALL
100
AcDbLine
 10
44750
 20
23887.5000
 30
0
 11
44975
 21
24112.5000
 31
0
  0
LINE
  5
A23
100
AcDbEntity
  8
WALL
100
AcDbLine
 10
44900
 20
23887.5000
 30
0
 11
45125
 21
24112.5000
 31
0
  0
LINE
  5
A24
100
AcDbEntity
  8
WALL
100
AcDbLine
 10
45050
 20
23887.5000
 30
0
 11
45275
 21
24112.5000
 31
0
  0
LINE
  5
A25
100
AcDbEntity
  8
WALL
100
AcDbLine
370
50
 10
46600
 20
23887.5000
 30
0
 11
48000
 21
23887.5000
 31
0
  0
LINE
  5
A26
100
AcDbEntity
  8
WALL
100
AcDbLine
370
50
 10
48000
 20
24112.5000
 30
0
 11
46600
 21
24112.5000
 31
0
  0
LINE
  5
A27
100
AcDbEntity
  8
WALL
100
AcDbLine
 10
46600
 20
23887.5000
 30
0
 11
46825
 21
24112.5000
 31
0
  0
LINE
  5
A28
100
AcDbEntity
  8
WALL
100
AcDbLine
 10
46750
 20
23887.5000
 30
0
 11
46975
 21
24112.5000
 31
0
  0
LINE
  5
A29
100
AcDbEntity
  8
WALL
100
AcDbLine
 10
46900
 20
23887.5000
 30
0
 11
47125
 21
24112.5000
 31
0
  0
LINE
  5
A2A
100
AcDbEntity
  8
WALL
100
AcDbLine
 10
47050
 20
23887.5000
 30
0
 11
47275
 21
24112.5000
 31
0
  0
LINE
  5
A2B
100
AcDbEntity
  8
WALL
100
AcDbLine
 10
47200
 20
23887.5000
 30
0
 11
47425
 21
24112.5000
 31
0
  0
LINE
  5
A2C
100
AcDbEntity
  8
WALL
100
AcDbLine
 10
47350
 20
23887.5000
 30
0
 11
47575
 21
24112.5000
 31
0
  0
LINE
  5
A2D
100
AcDbEntity
  8
WALL
100
AcDbLine
 10
47500
 20
23887.5000
 30
0
 11
47725
 21
24112.5000
 31
0
  0
LINE
  5
A2E
100
AcDbEntity
  8
WALL
100
AcDbLine
 10
47650
 20
23887.5000
 30
0
 11
47875
 21
24112.5000
 31
0
  0
LINE
  5
A2F
100
AcDbEntity
  8
WALL
100
AcDbLine
370
50
 10
45400
 20
23887.5000
 30
0
 11
45400
 21
24112.5000
 31
0
  0
LINE
  5
A30
100
AcDbEntity
  8
WALL
100
AcDbLine
370
50
 10
46600
 20
23887.5000
 30
0
 11
46600
 21
24112.5000
 31
0
  0
LINE
  5
A31
100
AcDbEntity
  8
WALL
100
AcDbLine
370
50
 10
48000
 20
23887.5000
 30
0
 11
49400
 21
23887.5000
 31
0
  0
LINE
  5
A32
100
AcDbEntity
  8
WALL
100
AcDbLine
370
50
 10
49400
 20
24112.5000
 30
0
 11
48000
 21
24112.5000
 31
0
  0
LINE
  5
A33
100
AcDbEntity
  8
WALL
100
AcDbLine
 10
48000
 20
23887.5000
 30
0
 11
48225
 21
24112.5000
 31
0
  0
LINE
  5
A34
100
AcDbEntity
  8
WALL
100
AcDbLine
 10
48150
 20
23887.5000
 30
0
 11
48375
 21
24112.5000
 31
0
  0
LINE
  5
A35
100
AcDbEntity
  8
WALL
100
AcDbLine
 10
48300
 20
23887.5000
 30
0
 11
48525
 21
24112.5000
 31
0
  0
LINE
  5
A36
100
AcDbEntity
  8
WALL
100
AcDbLine
 10
48450
 20
23887.5000
 30
0
 11
48675
 21
24112.5000
 31
0
  0
LINE
  5
A37
100
AcDbEntity
  8
WALL
100
AcDbLine
 10
48600
 20
23887.5000
 30
0
 11
48825
 21
24112.5000
 31
0
  0
LINE
  5
A38
100
AcDbEntity
  8
WALL
100
AcDbLine
 10
48750
 20
23887.5000
 30
0
 11
48975
 21
24112.5000
 31
0
  0
LINE
  5
A39
100
AcDbEntity
  8
WALL
100
AcDbLine
 10
48900
 20
23887.5000
 30
0
 11
49125
 21
24112.5000
 31
0
  0
LINE
  5
A3A
100
AcDbEntity
  8
WALL
100
AcDbLine
 10
49050
 20
23887.5000
 30
0
 11
49275
 21
24112.5000
 31
0
  0
LINE
  5
A3B
100
AcDbEntity
  8
WALL
100
AcDbLine
370
50
 10
50600
 20
23887.5000
 30
0
 11
52000
 21
23887.5000
 31
0
  0
LINE
  5
A3C
100
AcDbEntity
  8
WALL
100
AcDbLine
370
50
 10
52000
 20
24112.5000
 30
0
 11
50600
 21
24112.5000
 31
0
  0
LINE
  5
A3D
100
AcDbEntity
  8
WALL
100
AcDbLine
 10
50600
 20
23887.5000
 30
0
 11
50825
 21
24112.5000
 31
0
  0
LINE
  5
A3E
100
AcDbEntity
  8
WALL
100
AcDbLine
 10
50750
 20
23887.5000
 30
0
 11
50975
 21
24112.5000
 31
0
  0
LINE
  5
A3F
100
AcDbEntity
  8
WALL
100
AcDbLine
 10
50900
 20
23887.5000
 30
0
 11
51125
 21
24112.5000
 31
0
  0
LINE
  5
A40
100
AcDbEntity
  8
WALL
100
AcDbLine
 10
51050
 20
23887.5000
 30
0
 11
51275
 21
24112.5000
 31
0
  0
LINE
  5
A41
100
AcDbEntity
  8
WALL
100
AcDbLine
 10
51200
 20
23887.5000
 30
0
 11
51425
 21
24112.5000
 31
0
  0
LINE
  5
A42
100
AcDbEntity
  8
WALL
100
AcDbLine
 10
51350
 20
23887.5000
 30
0
 11
51575
 21
24112.5000
 31
0
  0
LINE
  5
A43
100
AcDbEntity
  8
WALL
100
AcDbLine
 10
51500
 20
23887.5000
 30
0
 11
51725
 21
24112.5000
 31
0
  0
LINE
  5
A44
100
AcDbEntity
  8
WALL
100
AcDbLine
 10
51650
 20
23887.5000
 30
0
 11
51875
 21
24112.5000
 31
0
  0
LINE
  5
A45
100
AcDbEntity
  8
WALL
100
AcDbLine
370
50
 10
49400
 20
23887.5000
 30
0
 11
49400
 21
24112.5000
 31
0
  0
LINE
  5
A46
100
AcDbEntity
  8
WALL
100
AcDbLine
370
50
 10
50600
 20
23887.5000
 30
0
 11
50600
 21
24112.5000
 31
0
  0
LINE
  5
A47
100
AcDbEntity
  8
WALL
100
AcDbLine
370
50
 10
52000
 20
23887.5000
 30
0
 11
53400
 21
23887.5000
 31
0
  0
LINE
  5
A48
100
AcDbEntity
  8
WALL
100
AcDbLine
370
50
 10
53400
 20
24112.5000
 30
0
 11
52000
 21
24112.5000
 31
0
  0
LINE
  5
A49
100
AcDbEntity
  8
WALL
100
AcDbLine
 10
52000
 20
23887.5000
 30
0
 11
52225
 21
24112.5000
 31
0
  0
LINE
  5
A4A
100
AcDbEntity
  8
WALL
100
AcDbLine
 10
52150
 20
23887.5000
 30
0
 11
52375
 21
24112.5000
 31
0
  0
LINE
  5
A4B
100
AcDbEntity
  8
WALL
100
AcDbLine
 10
52300
 20
23887.5000
 30
0
 11
52525
 21
24112.5000
 31
0
  0
LINE
  5
A4C
100
AcDbEntity
  8
WALL
100
AcDbLine
 10
52450
 20
23887.5000
 30
0
 11
52675
 21
24112.5000
 31
0
  0
LINE
  5
A4D
100
AcDbEntity
  8
WALL
100
AcDbLine
 10
52600
 20
23887.5000
 30
0
 11
52825
 21
24112.5000
 31
0
  0
LINE
  5
A4E
100
AcDbEntity
  8
WALL
100
AcDbLine
 10
52750
 20
23887.5000
 30
0
 11
52975
 21
24112.5000
 31
0
  0
LINE
  5
A4F
100
AcDbEntity
  8
WALL
100
AcDbLine
 10
52900
 20
23887.5000
 30
0
 11
53125
 21
24112.5000
 31
0
  0
LINE
  5
A50
100
AcDbEntity
  8
WALL
100
AcDbLine
 10
53050
 20
23887.5000
 30
0
 11
53275
 21
24112.5000
 31
0
  0
LINE
  5
A51
100
AcDbEntity
  8
WALL
100
AcDbLine
370
50
 10
54600
 20
23887.5000
 30
0
 11
56000
 21
23887.5000
 31
0
  0
LINE
  5
A52
100
AcDbEntity
  8
WALL
100
AcDbLine
370
50
 10
56000
 20
24112.5000
 30
0
 11
54600
 21
24112.5000
 31
0
  0
LINE
  5
A53
100
AcDbEntity
  8
WALL
100
AcDbLine
 10
54600
 20
23887.5000
 30
0
 11
54825
 21
24112.5000
 31
0
  0
LINE
  5
A54
100
AcDbEntity
  8
WALL
100
AcDbLine
 10
54750
 20
23887.5000
 30
0
 11
54975
 21
24112.5000
 31
0
  0
LINE
  5
A55
100
AcDbEntity
  8
WALL
100
AcDbLine
 10
54900
 20
23887.5000
 30
0
 11
55125
 21
24112.5000
 31
0
  0
LINE
  5
A56
100
AcDbEntity
  8
WALL
100
AcDbLine
 10
55050
 20
23887.5000
 30
0
 11
55275
 21
24112.5000
 31
0
  0
LINE
  5
A57
100
AcDbEntity
  8
WALL
100
AcDbLine
 10
55200
 20
23887.5000
 30
0
 11
55425
 21
24112.5000
 31
0
  0
LINE
  5
A58
100
AcDbEntity
  8
WALL
100
AcDbLine
 10
55350
 20
23887.5000
 30
0
 11
55575
 21
24112.5000
 31
0
  0
LINE
  5
A59
100
AcDbEntity
  8
WALL
100
AcDbLine
 10
55500
 20
23887.5000
 30
0
 11
55725
 21
24112.5000
 31
0
  0
LINE
  5
A5A
100
AcDbEntity
  8
WALL
100
AcDbLine
 10
55650
 20
23887.5000
 30
0
 11
55875
 21
24112.5000
 31
0
  0
LINE
  5
A5B
100
AcDbEntity
  8
WALL
100
AcDbLine
370
50
 10
53400
 20
23887.5000
 30
0
 11
53400
 21
24112.5000
 31
0
  0
LINE
  5
A5C
100
AcDbEntity
  8
WALL
100
AcDbLine
370
50
 10
54600
 20
23887.5000
 30
0
 11
54600
 21
24112.5000
 31
0
  0
LINE
  5
A5D
100
AcDbEntity
  8
WALL
100
AcDbLine
370
50
 10
56000
 20
23887.5000
 30
0
 11
57400
 21
23887.5000
 31
0
  0
LINE
  5
A5E
100
AcDbEntity
  8
WALL
100
AcDbLine
370
50
 10
57400
 20
24112.5000
 30
0
 11
56000
 21
24112.5000
 31
0
  0
LINE
  5
A5F
100
AcDbEntity
  8
WALL
100
AcDbLine
 10
56000
 20
23887.5000
 30
0
 11
56225
 21
24112.5000
 31
0
  0
LINE
  5
A60
100
AcDbEntity
  8
WALL
100
AcDbLine
 10
56150
 20
23887.5000
 30
0
 11
56375
 21
24112.5000
 31
0
  0
LINE
  5
A61
100
AcDbEntity
  8
WALL
100
AcDbLine
 10
56300
 20
23887.5000
 30
0
 11
56525
 21
24112.5000
 31
0
  0
LINE
  5
A62
100
AcDbEntity
  8
WALL
100
AcDbLine
 10
56450
 20
23887.5000
 30
0
 11
56675
 21
24112.5000
 31
0
  0
LINE
  5
A63
100
AcDbEntity
  8
WALL
100
AcDbLine
 10
56600
 20
23887.5000
 30
0
 11
56825
 21
24112.5000
 31
0
  0
LINE
  5
A64
100
AcDbEntity
  8
WALL
100
AcDbLine
 10
56750
 20
23887.5000
 30
0
 11
56975
 21
24112.5000
 31
0
  0
LINE
  5
A65
100
AcDbEntity
  8
WALL
100
AcDbLine
 10
56900
 20
23887.5000
 30
0
 11
57125
 21
24112.5000
 31
0
  0
LINE
  5
A66
100
AcDbEntity
  8
WALL
100
AcDbLine
 10
57050
 20
23887.5000
 30
0
 11
57275
 21
24112.5000
 31
0
  0
LINE
  5
A67
100
AcDbEntity
  8
WALL
100
AcDbLine
370
50
 10
58600
 20
23887.5000
 30
0
 11
60000
 21
23887.5000
 31
0
  0
LINE
  5
A68
100
AcDbEntity
  8
WALL
100
AcDbLine
370
50
 10
60000
 20
24112.5000
 30
0
 11
58600
 21
24112.5000
 31
0
  0
LINE
  5
A69
100
AcDbEntity
  8
WALL
100
AcDbLine
 10
58600
 20
23887.5000
 30
0
 11
58825
 21
24112.5000
 31
0
  0
LINE
  5
A6A
100
AcDbEntity
  8
WALL
100
AcDbLine
 10
58750
 20
23887.5000
 30
0
 11
58975
 21
24112.5000
 31
0
  0
LINE
  5
A6B
100
AcDbEntity
  8
WALL
100
AcDbLine
 10
58900
 20
23887.5000
 30
0
 11
59125
 21
24112.5000
 31
0
  0
LINE
  5
A6C
100
AcDbEntity
  8
WALL
100
AcDbLine
 10
59050
 20
23887.5000
 30
0
 11
59275
 21
24112.5000
 31
0
  0
LINE
  5
A6D
100
AcDbEntity
  8
WALL
100
AcDbLine
 10
59200
 20
23887.5000
 30
0
 11
59425
 21
24112.5000
 31
0
  0
LINE
  5
A6E
100
AcDbEntity
  8
WALL
100
AcDbLine
 10
59350
 20
23887.5000
 30
0
 11
59575
 21
24112.5000
 31
0
  0
LINE
  5
A6F
100
AcDbEntity
  8
WALL
100
AcDbLine
 10
59500
 20
23887.5000
 30
0
 11
59725
 21
24112.5000
 31
0
  0
LINE
  5
A70
100
AcDbEntity
  8
WALL
100
AcDbLine
 10
59650
 20
23887.5000
 30
0
 11
59875
 21
24112.5000
 31
0
  0
LINE
  5
A71
100
AcDbEntity
  8
WALL
100
AcDbLine
370
50
 10
57400
 20
23887.5000
 30
0
 11
57400
 21
24112.5000
 31
0
  0
LINE
  5
A72
100
AcDbEntity
  8
WALL
100
AcDbLine
370
50
 10
58600
 20
23887.5000
 30
0
 11
58600
 21
24112.5000
 31
0
  0
LINE
  5
A73
100
AcDbEntity
  8
WALL
100
AcDbLine
370
50
 10
39925
 20
0
 30
0
 11
39925
 21
3550
 31
0
  0
LINE
  5
A74
100
AcDbEntity
  8
WALL
100
AcDbLine
370
50
 10
40075
 20
3550
 30
0
 11
40075
 21
0
 31
0
  0
LINE
  5
A75
100
AcDbEntity
  8
WALL
100
AcDbLine
 10
39925
 20
0
 30
0
 11
40075
 21
150
 31
0
  0
LINE
  5
A76
100
AcDbEntity
  8
WALL
100
AcDbLine
 10
39925
 20
150
 30
0
 11
40075
 21
300
 31
0
  0
LINE
  5
A77
100
AcDbEntity
  8
WALL
100
AcDbLine
 10
39925
 20
300
 30
0
 11
40075
 21
450
 31
0
  0
LINE
  5
A78
100
AcDbEntity
  8
WALL
100
AcDbLine
 10
39925
 20
450
 30
0
 11
40075
 21
600
 31
0
  0
LINE
  5
A79
100
AcDbEntity
  8
WALL
100
AcDbLine
 10
39925
 20
600
 30
0
 11
40075
 21
750
 31
0
  0
LINE
  5
A7A
100
AcDbEntity
  8
WALL
100
AcDbLine
 10
39925
 20
750
 30
0
 11
40075
 21
900
 31
0
  0
LINE
  5
A7B
100
AcDbEntity
  8
WALL
100
AcDbLine
 10
39925
 20
900
 30
0
 11
40075
 21
1050
 31
0
  0
LINE
  5
A7C
100
AcDbEntity
  8
WALL
100
AcDbLine
 10
39925
 20
1050
 30
0
 11
40075
 21
1200
 31
0
  0
LINE
  5
A7D
100
AcDbEntity
  8
WALL
100
AcDbLine
 10
39925
 20
1200
 30
0
 11
40075
 21
1350
 31
0
  0
LINE
  5
A7E
100
AcDbEntity
  8
WALL
100
AcDbLine
 10
39925
 20
1350
 30
0
 11
40075
 21
1500
 31
0
  0
LINE
  5
A7F
100
AcDbEntity
  8
WALL
100
AcDbLine
 10
39925
 20
1500
 30
0
 11
40075
 21
1650
 31
0
  0
LINE
  5
A80
100
AcDbEntity
  8
WALL
100
AcDbLine
 10
39925
 20
1650
 30
0
 11
40075
 21
1800
 31
0
  0
LINE
  5
A81
100
AcDbEntity
  8
WALL
100
AcDbLine
 10
39925
 20
1800
 30
0
 11
40075
 21
1950
 31
0
  0
LINE
  5
A82
100
AcDbEntity
  8
WALL
100
AcDbLine
 10
39925
 20
1950
 30
0
 11
40075
 21
2100
 31
0
  0
LINE
  5
A83
100
AcDbEntity
  8
WALL
100
AcDbLine
 10
39925
 20
2100
 30
0
 11
40075
 21
2250
 31
0
  0
LINE
  5
A84
100
AcDbEntity
  8
WALL
100
AcDbLine
 10
39925
 20
2250
 30
0
 11
40075
 21
2400
 31
0
  0
LINE
  5
A85
100
AcDbEntity
  8
WALL
100
AcDbLine
 10
39925
 20
2400
 30
0
 11
40075
 21
2550
 31
0
  0
LINE
  5
A86
100
AcDbEntity
  8
WALL
100
AcDbLine
 10
39925
 20
2550
 30
0
 11
40075
 21
2700
 31
0
  0
LINE
  5
A87
100
AcDbEntity
  8
WALL
100
AcDbLine
 10
39925
 20
2700
 30
0
 11
40075
 21
2850
 31
0
  0
LINE
  5
A88
100
AcDbEntity
  8
WALL
100
AcDbLine
 10
39925
 20
2850
 30
0
 11
40075
 21
3000
 31
0
  0
LINE
  5
A89
100
AcDbEntity
  8
WALL
100
AcDbLine
 10
39925
 20
3000
 30
0
 11
40075
 21
3150
 31
0
  0
LINE
  5
A8A
100
AcDbEntity
  8
WALL
100
AcDbLine
 10
39925
 20
3150
 30
0
 11
40075
 21
3300
 31
0
  0
LINE
  5
A8B
100
AcDbEntity
  8
WALL
100
AcDbLine
 10
39925
 20
3300
 30
0
 11
40075
 21
3450
 31
0
  0
LINE
  5
A8C
100
AcDbEntity
  8
WALL
100
AcDbLine
370
50
 10
39925
 20
4450
 30
0
 11
39925
 21
8000
 31
0
  0
LINE
  5
A8D
100
AcDbEntity
  8
WALL
100
AcDbLine
370
50
 10
40075
 20
8000
 30
0
 11
40075
 21
4450
 31
0
  0
LINE
  5
A8E
100
AcDbEntity
  8
WALL
100
AcDbLine
 10
39925
 20
4450
 30
0
 11
40075
 21
4600
 31
0
  0
LINE
  5
A8F
100
AcDbEntity
  8
WALL
100
AcDbLine
 10
39925
 20
4600
 30
0
 11
40075
 21
4750
 31
0
  0
LINE
  5
A90
100
AcDbEntity
  8
WALL
100
AcDbLine
 10
39925
 20
4750
 30
0
 11
40075
 21
4900
 31
0
  0
LINE
  5
A91
100
AcDbEntity
  8
WALL
100
AcDbLine
 10
39925
 20
4900
 30
0
 11
40075
 21
5050
 31
0
  0
LINE
  5
A92
100
AcDbEntity
  8
WALL
100
AcDbLine
 10
39925
 20
5050
 30
0
 11
40075
 21
5200
 31
0
  0
LINE
  5
A93
100
AcDbEntity
  8
WALL
100
AcDbLine
 10
39925
 20
5200
 30
0
 11
40075
 21
5350
 31
0
  0
LINE
  5
A94
100
AcDbEntity
  8
WALL
100
AcDbLine
 10
39925
 20
5350
 30
0
 11
40075
 21
5500
 31
0
  0
LINE
  5
A95
100
AcDbEntity
  8
WALL
100
AcDbLine
 10
39925
 20
5500
 30
0
 11
40075
 21
5650
 31
0
  0
LINE
  5
A96
100
AcDbEntity
  8
WALL
100
AcDbLine
 10
39925
 20
5650
 30
0
 11
40075
 21
5800
 31
0
  0
LINE
  5
A97
100
AcDbEntity
  8
WALL
100
AcDbLine
 10
39925
 20
5800
 30
0
 11
40075
 21
5950
 31
0
  0
LINE
  5
A98
100
AcDbEntity
  8
WALL
100
AcDbLine
 10
39925
 20
5950
 30
0
 11
40075
 21
6100
 31
0
  0
LINE
  5
A99
100
AcDbEntity
  8
WALL
100
AcDbLine
 10
39925
 20
6100
 30
0
 11
40075
 21
6250
 31
0
  0
LINE
  5
A9A
100
AcDbEntity
  8
WALL
100
AcDbLine
 10
39925
 20
6250
 30
0
 11
40075
 21
6400
 31
0
  0
LINE
  5
A9B
100
AcDbEntity
  8
WALL
100
AcDbLine
 10
39925
 20
6400
 30
0
 11
40075
 21
6550
 31
0
  0
LINE
  5
A9C
100
AcDbEntity
  8
WALL
100
AcDbLine
 10
39925
 20
6550
 30
0
 11
40075
 21
6700
 31
0
  0
LINE
  5
A9D
100
AcDbEntity
  8
WALL
100
AcDbLine
 10
39925
 20
6700
 30
0
 11
40075
 21
6850
 31
0
  0
LINE
  5
A9E
100
AcDbEntity
  8
WALL
100
AcDbLine
 10
39925
 20
6850
 30
0
 11
40075
 21
7000
 31
0
  0
LINE
  5
A9F
100
AcDbEntity
  8
WALL
100
AcDbLine
 10
39925
 20
7000
 30
0
 11
40075
 21
7150
 31
0
  0
LINE
  5
AA0
100
AcDbEntity
  8
WALL
100
AcDbLine
 10
39925
 20
7150
 30
0
 11
40075
 21
7300
 31
0
  0
LINE
  5
AA1
100
AcDbEntity
  8
WALL
100
AcDbLine
 10
39925
 20
7300
 30
0
 11
40075
 21
7450
 31
0
  0
LINE
  5
AA2
100
AcDbEntity
  8
WALL
100
AcDbLine
 10
39925
 20
7450
 30
0
 11
40075
 21
7600
 31
0
  0
LINE
  5
AA3
100
AcDbEntity
  8
WALL
100
AcDbLine
 10
39925
 20
7600
 30
0
 11
40075
 21
7750
 31
0
  0
LINE
  5
AA4
100
AcDbEntity
  8
WALL
100
AcDbLine
 10
39925
 20
7750
 30
0
 11
40075
 21
7900
 31
0
  0
LINE
  5
AA5
100
AcDbEntity
  8
WALL
100
AcDbLine
370
50
 10
39925
 20
3550
 30
0
 11
40075
 21
3550
 31
0
  0
LINE
  5
AA6
100
AcDbEntity
  8
WALL
100
AcDbLine
370
50
 10
39925
 20
4450
 30
0
 11
40075
 21
4450
 31
0
  0
LINE
  5
AA7
100
AcDbEntity
  8
WALL
100
AcDbLine
370
50
 10
39925
 20
8000
 30
0
 11
39925
 21
11550
 31
0
  0
LINE
  5
AA8
100
AcDbEntity
  8
WALL
100
AcDbLine
370
50
 10
40075
 20
11550
 30
0
 11
40075
 21
8000
 31
0
  0
LINE
  5
AA9
100
AcDbEntity
  8
WALL
100
AcDbLine
 10
39925
 20
8000
 30
0
 11
40075
 21
8150
 31
0
  0
LINE
  5
AAA
100
AcDbEntity
  8
WALL
100
AcDbLine
 10
39925
 20
8150
 30
0
 11
40075
 21
8300
 31
0
  0
LINE
  5
AAB
100
AcDbEntity
  8
WALL
100
AcDbLine
 10
39925
 20
8300
 30
0
 11
40075
 21
8450
 31
0
  0
LINE
  5
AAC
100
AcDbEntity
  8
WALL
100
AcDbLine
 10
39925
 20
8450
 30
0
 11
40075
 21
8600
 31
0
  0
LINE
  5
AAD
100
AcDbEntity
  8
WALL
100
AcDbLine
 10
39925
 20
8600
 30
0
 11
40075
 21
8750
 31
0
  0
LINE
  5
AAE
100
AcDbEntity
  8
WALL
100
AcDbLine
 10
39925
 20
8750
 30
0
 11
40075
 21
8900
 31
0
  0
LINE
  5
AAF
100
AcDbEntity
  8
WALL
100
AcDbLine
 10
39925
 20
8900
 30
0
 11
40075
 21
9050
 31
0
  0
LINE
  5
AB0
100
AcDbEntity
  8
WALL
100
AcDbLine
 10
39925
 20
9050
 30
0
 11
40075
 21
9200
 31
0
  0
LINE
  5
AB1
100
AcDbEntity
  8
WALL
100
AcDbLine
 10
39925
 20
9200
 30
0
 11
40075
 21
9350
 31
0
  0
LINE
  5
AB2
100
AcDbEntity
  8
WALL
100
AcDbLine
 10
39925
 20
9350
 30
0
 11
40075
 21
9500
 31
0
  0
LINE
  5
AB3
100
AcDbEntity
  8
WALL
100
AcDbLine
 10
39925
 20
9500
 30
0
 11
40075
 21
9650
 31
0
  0
LINE
  5
AB4
100
AcDbEntity
  8
WALL
100
AcDbLine
 10
39925
 20
9650
 30
0
 11
40075
 21
9800
 31
0
  0
LINE
  5
AB5
100
AcDbEntity
  8
WALL
100
AcDbLine
 10
39925
 20
9800
 30
0
 11
40075
 21
9950
 31
0
  0
LINE
  5
AB6
100
AcDbEntity
  8
WALL
100
AcDbLine
 10
39925
 20
9950
 30
0
 11
40075
 21
10100
 31
0
  0
LINE
  5
AB7
100
AcDbEntity
  8
WALL
100
AcDbLine
 10
39925
 20
10100
 30
0
 11
40075
 21
10250
 31
0
  0
LINE
  5
AB8
100
AcDbEntity
  8
WALL
100
AcDbLine
 10
39925
 20
10250
 30
0
 11
40075
 21
10400
 31
0
  0
LINE
  5
AB9
100
AcDbEntity
  8
WALL
100
AcDbLine
 10
39925
 20
10400
 30
0
 11
40075
 21
10550
 31
0
  0
LINE
  5
ABA
100
AcDbEntity
  8
WALL
100
AcDbLine
 10
39925
 20
10550
 30
0
 11
40075
 21
10700
 31
0
  0
LINE
  5
ABB
100
AcDbEntity
  8
WALL
100
AcDbLine
 10
39925
 20
10700
 30
0
 11
40075
 21
10850
 31
0
  0
LINE
  5
ABC
100
AcDbEntity
  8
WALL
100
AcDbLine
 10
39925
 20
10850
 30
0
 11
40075
 21
11000
 31
0
  0
LINE
  5
ABD
100
AcDbEntity
  8
WALL
100
AcDbLine
 10
39925
 20
11000
 30
0
 11
40075
 21
11150
 31
0
  0
LINE
  5
ABE
100
AcDbEntity
  8
WALL
100
AcDbLine
 10
39925
 20
11150
 30
0
 11
40075
 21
11300
 31
0
  0
LINE
  5
ABF
100
AcDbEntity
  8
WALL
100
AcDbLine
 10
39925
 20
11300
 30
0
 11
40075
 21
11450
 31
0
  0
LINE
  5
AC0
100
AcDbEntity
  8
WALL
100
AcDbLine
370
50
 10
39925
 20
12450
 30
0
 11
39925
 21
16000
 31
0
  0
LINE
  5
AC1
100
AcDbEntity
  8
WALL
100
AcDbLine
370
50
 10
40075
 20
16000
 30
0
 11
40075
 21
12450
 31
0
  0
LINE
  5
AC2
100
AcDbEntity
  8
WALL
100
AcDbLine
 10
39925
 20
12450
 30
0
 11
40075
 21
12600
 31
0
  0
LINE
  5
AC3
100
AcDbEntity
  8
WALL
100
AcDbLine
 10
39925
 20
12600
 30
0
 11
40075
 21
12750
 31
0
  0
LINE
  5
AC4
100
AcDbEntity
  8
WALL
100
AcDbLine
 10
39925
 20
12750
 30
0
 11
40075
 21
12900
 31
0
  0
LINE
  5
AC5
100
AcDbEntity
  8
WALL
100
AcDbLine
 10
39925
 20
12900
 30
0
 11
40075
 21
13050
 31
0
  0
LINE
  5
AC6
100
AcDbEntity
  8
WALL
100
AcDbLine
 10
39925
 20
13050
 30
0
 11
40075
 21
13200
 31
0
  0
LINE
  5
AC7
100
AcDbEntity
  8
WALL
100
AcDbLine
 10
39925
 20
13200
 30
0
 11
40075
 21
13350
 31
0
  0
LINE
  5
AC8
100
AcDbEntity
  8
WALL
100
AcDbLine
 10
39925
 20
13350
 30
0
 11
40075
 21
13500
 31
0
  0
LINE
  5
AC9
100
AcDbEntity
  8
WALL
100
AcDbLine
 10
39925
 20
13500
 30
0
 11
40075
 21
13650
 31
0
  0
LINE
  5
ACA
100
AcDbEntity
  8
WALL
100
AcDbLine
 10
39925
 20
13650
 30
0
 11
40075
 21
13800
 31
0
  0
LINE
  5
ACB
100
AcDbEntity
  8
WALL
100
AcDbLine
 10
39925
 20
13800
 30
0
 11
40075
 21
13950
 31
0
  0
LINE
  5
ACC
100
AcDbEntity
  8
WALL
100
AcDbLine
 10
39925
 20
13950
 30
0
 11
40075
 21
14100
 31
0
  0
LINE
  5
ACD
100
AcDbEntity
  8
WALL
100
AcDbLine
 10
39925
 20
14100
 30
0
 11
40075
 21
14250
 31
0
  0
LINE
  5
ACE
100
AcDbEntity
  8
WALL
100
AcDbLine
 10
39925
 20
14250
 30
0
 11
40075
 21
14400
 31
0
  0
LINE
  5
ACF
100
AcDbEntity
  8
WALL
100
AcDbLine
 10
39925
 20
14400
 30
0
 11
40075
 21
14550
 31
0
  0
LINE
  5
AD0
100
AcDbEntity
  8
WALL
100
AcDbLine
 10
39925
 20
14550
 30
0
 11
40075
 21
14700
 31
0
  0
LINE
  5
AD1
100
AcDbEntity
  8
WALL
100
AcDbLine
 10
39925
 20
14700
 30
0
 11
40075
 21
14850
 31
0
  0
LINE
  5
AD2
100
AcDbEntity
  8
WALL
100
AcDbLine
 10
39925
 20
14850
 30
0
 11
40075
 21
15000
 31
0
  0
LINE
  5
AD3
100
AcDbEntity
  8
WALL
100
AcDbLine
 10
39925
 20
15000
 30
0
 11
40075
 21
15150
 31
0
  0
LINE
  5
AD4
100
AcDbEntity
  8
WALL
100
AcDbLine
 10
39925
 20
15150
 30
0
 11
40075
 21
15300
 31
0
  0
LINE
  5
AD5
100
AcDbEntity
  8
WALL
100
AcDbLine
 10
39925
 20
15300
 30
0
 11
40075
 21
15450
 31
0
  0
LINE
  5
AD6
100
AcDbEntity
  8
WALL
100
AcDbLine
 10
39925
 20
15450
 30
0
 11
40075
 21
15600
 31
0
  0
LINE
  5
AD7
100
AcDbEntity
  8
WALL
100
AcDbLine
 10
39925
 20
15600
 30
0
 11
40075
 21
15750
 31
0
  0
LINE
  5
AD8
100
AcDbEntity
  8
WALL
100
AcDbLine
 10
39925
 20
15750
 30
0
 11
40075
 21
15900
 31
0
  0
LINE
  5
AD9
100
AcDbEntity
  8
WALL
100
AcDbLine
370
50
 10
39925
 20
11550
 30
0
 11
40075
 21
11550
 31
0
  0
LINE
  5
ADA
100
AcDbEntity
  8
WALL
100
AcDbLine
370
50
 10
39925
 20
12450
 30
0
 11
40075
 21
12450
 31
0
  0
LINE
  5
ADB
100
AcDbEntity
  8
WALL
100
AcDbLine
370
50
 10
39925
 20
16000
 30
0
 11
39925
 21
19550
 31
0
  0
LINE
  5
ADC
100
AcDbEntity
  8
WALL
100
AcDbLine
370
50
 10
40075
 20
19550
 30
0
 11
40075
 21
16000
 31
0
  0
LINE
  5
ADD
100
AcDbEntity
  8
WALL
100
AcDbLine
 10
39925
 20
16000
 30
0
 11
40075
 21
16150
 31
0
  0
LINE
  5
ADE
100
AcDbEntity
  8
WALL
100
AcDbLine
 10
39925
 20
16150
 30
0
 11
40075
 21
16300
 31
0
  0
LINE
  5
ADF
100
AcDbEntity
  8
WALL
100
AcDbLine
 10
39925
 20
16300
 30
0
 11
40075
 21
16450
 31
0
  0
LINE
  5
AE0
100
AcDbEntity
  8
WALL
100
AcDbLine
 10
39925
 20
16450
 30
0
 11
40075
 21
16600
 31
0
  0
LINE
  5
AE1
100
AcDbEntity
  8
WALL
100
AcDbLine
 10
39925
 20
16600
 30
0
 11
40075
 21
16750
 31
0
  0
LINE
  5
AE2
100
AcDbEntity
  8
WALL
100
AcDbLine
 10
39925
 20
16750
 30
0
 11
40075
 21
16900
 31
0
  0
LINE
  5
AE3
100
AcDbEntity
  8
WALL
100
AcDbLine
 10
39925
 20
16900
 30
0
 11
40075
 21
17050
 31
0
  0
LINE
  5
AE4
100
AcDbEntity
  8
WALL
100
AcDbLine
 10
39925
 20
17050
 30
0
 11
40075
 21
17200
 31
0
  0
LINE
  5
AE5
100
AcDbEntity
  8
WALL
100
AcDbLine
 10
39925
 20
17200
 30
0
 11
40075
 21
17350
 31
0
  0
LINE
  5
AE6
100
AcDbEntity
  8
WALL
100
AcDbLine
 10
39925
 20
17350
 30
0
 11
40075
 21
17500
 31
0
  0
LINE
  5
AE7
100
AcDbEntity
  8
WALL
100
AcDbLine
 10
39925
 20
17500
 30
0
 11
40075
 21
17650
 31
0
  0
LINE
  5
AE8
100
AcDbEntity
  8
WALL
100
AcDbLine
 10
39925
 20
17650
 30
0
 11
40075
 21
17800
 31
0
  0
LINE
  5
AE9
100
AcDbEntity
  8
WALL
100
AcDbLine
 10
39925
 20
17800
 30
0
 11
40075
 21
17950
 31
0
  0
LINE
  5
AEA
100
AcDbEntity
  8
WALL
100
AcDbLine
 10
39925
 20
17950
 30
0
 11
40075
 21
18100
 31
0
  0
LINE
  5
AEB
100
AcDbEntity
  8
WALL
100
AcDbLine
 10
39925
 20
18100
 30
0
 11
40075
 21
18250
 31
0
  0
LINE
  5
AEC
100
AcDbEntity
  8
WALL
100
AcDbLine
 10
39925
 20
18250
 30
0
 11
40075
 21
18400
 31
0
  0
LINE
  5
AED
100
AcDbEntity
  8
WALL
100
AcDbLine
 10
39925
 20
18400
 30
0
 11
40075
 21
18550
 31
0
  0
LINE
  5
AEE
100
AcDbEntity
  8
WALL
100
AcDbLine
 10
39925
 20
18550
 30
0
 11
40075
 21
18700
 31
0
  0
LINE
  5
AEF
100
AcDbEntity
  8
WALL
100
AcDbLine
 10
39925
 20
18700
 30
0
 11
40075
 21
18850
 31
0
  0
LINE
  5
AF0
100
AcDbEntity
  8
WALL
100
AcDbLine
 10
39925
 20
18850
 30
0
 11
40075
 21
19000
 31
0
  0
LINE
  5
AF1
100
AcDbEntity
  8
WALL
100
AcDbLine
 10
39925
 20
19000
 30
0
 11
40075
 21
19150
 31
0
  0
LINE
  5
AF2
100
AcDbEntity
  8
WALL
100
AcDbLine
 10
39925
 20
19150
 30
0
 11
40075
 21
19300
 31
0
  0
LINE
  5
AF3
100
AcDbEntity
  8
WALL
100
AcDbLine
 10
39925
 20
19300
 30
0
 11
40075
 21
19450
 31
0
  0
LINE
  5
AF4
100
AcDbEntity
  8
WALL
100
AcDbLine
370
50
 10
39925
 20
20450
 30
0
 11
39925
 21
24000
 31
0
  0
LINE
  5
AF5
100
AcDbEntity
  8
WALL
100
AcDbLine
370
50
 10
40075
 20
24000
 30
0
 11
40075
 21
20450
 31
0
  0
LINE
  5
AF6
100
AcDbEntity
  8
WALL
100
AcDbLine
 10
39925
 20
20450
 30
0
 11
40075
 21
20600
 31
0
  0
LINE
  5
AF7
100
AcDbEntity
  8
WALL
100
AcDbLine
 10
39925
 20
20600
 30
0
 11
40075
 21
20750
 31
0
  0
LINE
  5
AF8
100
AcDbEntity
  8
WALL
100
AcDbLine
 10
39925
 20
20750
 30
0
 11
40075
 21
20900
 31
0
  0
LINE
  5
AF9
100
AcDbEntity
  8
WALL
100
AcDbLine
 10
39925
 20
20900
 30
0
 11
40075
 21
21050
 31
0
  0
LINE
  5
AFA
100
AcDbEntity
  8
WALL
100
AcDbLine
 10
39925
 20
21050
 30
0
 11
40075
 21
21200
 31
0
  0
LINE
  5
AFB
100
AcDbEntity
  8
WALL
100
AcDbLine
 10
39925
 20
21200
 30
0
 11
40075
 21
21350
 31
0
  0
LINE
  5
AFC
100
AcDbEntity
  8
WALL
100
AcDbLine
 10
39925
 20
21350
 30
0
 11
40075
 21
21500
 31
0
  0
LINE
  5
AFD
100
AcDbEntity
  8
WALL
100
AcDbLine
 10
39925
 20
21500
 30
0
 11
40075
 21
21650
 31
0
  0
LINE
  5
AFE
100
AcDbEntity
  8
WALL
100
AcDbLine
 10
39925
 20
21650
 30
0
 11
40075
 21
21800
 31
0
  0
LINE
  5
AFF
100
AcDbEntity
  8
WALL
100
AcDbLine
 10
39925
 20
21800
 30
0
 11
40075
 21
21950
 31
0
  0
LINE
  5
B00
100
AcDbEntity
  8
WALL
100
AcDbLine
 10
39925
 20
21950
 30
0
 11
40075
 21
22100
 31
0
  0
LINE
  5
B01
100
AcDbEntity
  8
WALL
100
AcDbLine
 10
39925
 20
22100
 30
0
 11
40075
 21
22250
 31
0
  0
LINE
  5
B02
100
AcDbEntity
  8
WALL
100
AcDbLine
 10
39925
 20
22250
 30
0
 11
40075
 21
22400
 31
0
  0
LINE
  5
B03
100
AcDbEntity
  8
WALL
100
AcDbLine
 10
39925
 20
22400
 30
0
 11
40075
 21
22550
 31
0
  0
LINE
  5
B04
100
AcDbEntity
  8
WALL
100
AcDbLine
 10
39925
 20
22550
 30
0
 11
40075
 21
22700
 31
0
  0
LINE
  5
B05
100
AcDbEntity
  8
WALL
100
AcDbLine
 10
39925
 20
22700
 30
0
 11
40075
 21
22850
 31
0
  0
LINE
  5
B06
100
AcDbEntity
  8
WALL
100
AcDbLine
 10
39925
 20
22850
 30
0
 11
40075
 21
23000
 31
0
  0
LINE
  5
B07
100
AcDbEntity
  8
WALL
100
AcDbLine
 10
39925
 20
23000
 30
0
 11
40075
 21
23150
 31
0
  0
LINE
  5
B08
100
AcDbEntity
  8
WALL
100
AcDbLine
 10
39925
 20
23150
 30
0
 11
40075
 21
23300
 31
0
  0
LINE
  5
B09
100
AcDbEntity
  8
WALL
100
AcDbLine
 10
39925
 20
23300
 30
0
 11
40075
 21
23450
 31
0
  0
LINE
  5
B0A
100
AcDbEntity
  8
WALL
100
AcDbLine
 10
39925
 20
23450
 30
0
 11
40075
 21
23600
 31
0
  0
LINE
  5
B0B
100
AcDbEntity
  8
WALL
100
AcDbLine
 10
39925
 20
23600
 30
0
 11
40075
 21
23750
 31
0
  0
LINE
  5
B0C
100
AcDbEntity
  8
WALL
100
AcDbLine
 10
39925
 20
23750
 30
0
 11
40075
 21
23900
 31
0
  0
LINE
  5
B0D
100
AcDbEntity
  8
WALL
100
AcDbLine
370
50
 10
39925
 20
19550
 30
0
 11
40075
 21
19550
 31
0
  0
LINE
  5
B0E
100
AcDbEntity
  8
WALL
100
AcDbLine
370
50
 10
39925
 20
20450
 30
0
 11
40075
 21
20450
 31
0
  0
LINE
  5
B0F
100
AcDbEntity
  8
WALL
100
AcDbLine
370
50
 10
43925
 20
0
 30
0
 11
43925
 21
3550
 31
0
  0
LINE
  5
B10
100
AcDbEntity
  8
WALL
100
AcDbLine
370
50
 10
44075
 20
3550
 30
0
 11
44075
 21
0
 31
0
  0
LINE
  5
B11
100
AcDbEntity
  8
WALL
100
AcDbLine
 10
43925
 20
0
 30
0
 11
44075
 21
150
 31
0
  0
LINE
  5
B12
100
AcDbEntity
  8
WALL
100
AcDbLine
 10
43925
 20
150
 30
0
 11
44075
 21
300
 31
0
  0
LINE
  5
B13
100
AcDbEntity
  8
WALL
100
AcDbLine
 10
43925
 20
300
 30
0
 11
44075
 21
450
 31
0
  0
LINE
  5
B14
100
AcDbEntity
  8
WALL
100
AcDbLine
 10
43925
 20
450
 30
0
 11
44075
 21
600
 31
0
  0
LINE
  5
B15
100
AcDbEntity
  8
WALL
100
AcDbLine
 10
43925
 20
600
 30
0
 11
44075
 21
750
 31
0
  0
LINE
  5
B16
100
AcDbEntity
  8
WALL
100
AcDbLine
 10
43925
 20
750
 30
0
 11
44075
 21
900
 31
0
  0
LINE
  5
B17
100
AcDbEntity
  8
WALL
100
AcDbLine
 10
43925
 20
900
 30
0
 11
44075
 21
1050
 31
0
  0
LINE
  5
B18
100
AcDbEntity
  8
WALL
100
AcDbLine
 10
43925
 20
1050
 30
0
 11
44075
 21
1200
 31
0
  0
LINE
  5
B19
100
AcDbEntity
  8
WALL
100
AcDbLine
 10
43925
 20
1200
 30
0
 11
44075
 21
1350
 31
0
  0
LINE
  5
B1A
100
AcDbEntity
  8
WALL
100
AcDbLine
 10
43925
 20
1350
 30
0
 11
44075
 21
1500
 31
0
  0
LINE
  5
B1B
100
AcDbEntity
  8
WALL
100
AcDbLine
 10
43925
 20
1500
 30
0
 11
44075
 21
1650
 31
0
  0
LINE
  5
B1C
100
AcDbEntity
  8
WALL
100
AcDbLine
 10
43925
 20
1650
 30
0
 11
44075
 21
1800
 31
0
  0
LINE
  5
B1D
100
AcDbEntity
  8
WALL
100
AcDbLine
 10
43925
 20
1800
 30
0
 11
44075
 21
1950
 31
0
  0
LINE
  5
B1E
100
AcDbEntity
  8
WALL
100
AcDbLine
 10
43925
 20
1950
 30
0
 11
44075
 21
2100
 31
0
  0
LINE
  5
B1F
100
AcDbEntity
  8
WALL
100
AcDbLine
 10
43925
 20
2100
 30
0
 11
44075
 21
2250
 31
0
  0
LINE
  5
B20
100
AcDbEntity
  8
WALL
100
AcDbLine
 10
43925
 20
2250
 30
0
 11
44075
 21
2400
 31
0
  0
LINE
  5
B21
100
AcDbEntity
  8
WALL
100
AcDbLine
 10
43925
 20
2400
 30
0
 11
44075
 21
2550
 31
0
  0
LINE
  5
B22
100
AcDbEntity
  8
WALL
100
AcDbLine
 10
43925
 20
2550
 30
0
 11
44075
 21
2700
 31
0
  0
LINE
  5
B23
100
AcDbEntity
  8
WALL
100
AcDbLine
 10
43925
 20
2700
 30
0
 11
44075
 21
2850
 31
0
  0
LINE
  5
B24
100
AcDbEntity
  8
WALL
100
AcDbLine
 10
43925
 20
2850
 30
0
 11
44075
 21
3000
 31
0
  0
LINE
  5
B25
100
AcDbEntity
  8
WALL
100
AcDbLine
 10
43925
 20
3000
 30
0
 11
44075
 21
3150
 31
0
  0
LINE
  5
B26
100
AcDbEntity
  8
WALL
100
AcDbLine
 10
43925
 20
3150
 30
0
 11
44075
 21
3300
 31
0
  0
LINE
  5
B27
100
AcDbEntity
  8
WALL
100
AcDbLine
 10
43925
 20
3300
 30
0
 11
44075
 21
3450
 31
0
  0
LINE
  5
B28
100
AcDbEntity
  8
WALL
100
AcDbLine
370
50
 10
43925
 20
4450
 30
0
 11
43925
 21
8000
 31
0
  0
LINE
  5
B29
100
AcDbEntity
  8
WALL
100
AcDbLine
370
50
 10
44075
 20
8000
 30
0
 11
44075
 21
4450
 31
0
  0
LINE
  5
B2A
100
AcDbEntity
  8
WALL
100
AcDbLine
 10
43925
 20
4450
 30
0
 11
44075
 21
4600
 31
0
  0
LINE
  5
B2B
100
AcDbEntity
  8
WALL
100
AcDbLine
 10
43925
 20
4600
 30
0
 11
44075
 21
4750
 31
0
  0
LINE
  5
B2C
100
AcDbEntity
  8
WALL
100
AcDbLine
 10
43925
 20
4750
 30
0
 11
44075
 21
4900
 31
0
  0
LINE
  5
B2D
100
AcDbEntity
  8
WALL
100
AcDbLine
 10
43925
 20
4900
 30
0
 11
44075
 21
5050
 31
0
  0
LINE
  5
B2E
100
AcDbEntity
  8
WALL
100
AcDbLine
 10
43925
 20
5050
 30
0
 11
44075
 21
5200
 31
0
  0
LINE
  5
B2F
100
AcDbEntity
  8
WALL
100
AcDbLine
 10
43925
 20
5200
 30
0
 11
44075
 21
5350
 31
0
  0
LINE
  5
B30
100
AcDbEntity
  8
WALL
100
AcDbLine
 10
43925
 20
5350
 30
0
 11
44075
 21
5500
 31
0
  0
LINE
  5
B31
100
AcDbEntity
  8
WALL
100
AcDbLine
 10
43925
 20
5500
 30
0
 11
44075
 21
5650
 31
0
  0
LINE
  5
B32
100
AcDbEntity
  8
WALL
100
AcDbLine
 10
43925
 20
5650
 30
0
 11
44075
 21
5800
 31
0
  0
LINE
  5
B33
100
AcDbEntity
  8
WALL
100
AcDbLine
 10
43925
 20
5800
 30
0
 11
44075
 21
5950
 31
0
  0
LINE
  5
B34
100
AcDbEntity
  8
WALL
100
AcDbLine
 10
43925
 20
5950
 30
0
 11
44075
 21
6100
 31
0
  0
LINE
  5
B35
100
AcDbEntity
  8
WALL
100
AcDbLine
 10
43925
 20
6100
 30
0
 11
44075
 21
6250
 31
0
  0
LINE
  5
B36
100
AcDbEntity
  8
WALL
100
AcDbLine
 10
43925
 20
6250
 30
0
 11
44075
 21
6400
 31
0
  0
LINE
  5
B37
100
AcDbEntity
  8
WALL
100
AcDbLine
 10
43925
 20
6400
 30
0
 11
44075
 21
6550
 31
0
  0
LINE
  5
B38
100
AcDbEntity
  8
WALL
100
AcDbLine
 10
43925
 20
6550
 30
0
 11
44075
 21
6700
 31
0
  0
LINE
  5
B39
100
AcDbEntity
  8
WALL
100
AcDbLine
 10
43925
 20
6700
 30
0
 11
44075
 21
6850
 31
0
  0
LINE
  5
B3A
100
AcDbEntity
  8
WALL
100
AcDbLine
 10
43925
 20
6850
 30
0
 11
44075
 21
7000
 31
0
  0
LINE
  5
B3B
100
AcDbEntity
  8
WALL
100
AcDbLine
 10
43925
 20
7000
 30
0
 11
44075
 21
7150
 31
0
  0
LINE
  5
B3C
100
AcDbEntity
  8
WALL
100
AcDbLine
 10
43925
 20
7150
 30
0
 11
44075
 21
7300
 31
0
  0
LINE
  5
B3D
100
AcDbEntity
  8
WALL
100
AcDbLine
 10
43925
 20
7300
 30
0
 11
44075
 21
7450
 31
0
  0
LINE
  5
B3E
100
AcDbEntity
  8
WALL
100
AcDbLine
 10
43925
 20
7450
 30
0
 11
44075
 21
7600
 31
0
  0
LINE
  5
B3F
100
AcDbEntity
  8
WALL
100
AcDbLine
 10
43925
 20
7600
 30
0
 11
44075
 21
7750
 31
0
  0
LINE
  5
B40
100
AcDbEntity
  8
WALL
100
AcDbLine
 10
43925
 20
7750
 30
0
 11
44075
 21
7900
 31
0
  0
LINE
  5
B41
100
AcDbEntity
  8
WALL
100
AcDbLine
370
50
 10
43925
 20
3550
 30
0
 11
44075
 21
3550
 31
0
  0
LINE
  5
B42
100
AcDbEntity
  8
WALL
100
AcDbLine
370
50
 10
43925
 20
4450
 30
0
 11
44075
 21
4450
 31
0
  0
LINE
  5
B43
100
AcDbEntity
  8
WALL
100
AcDbLine
370
50
 10
43925
 20
8000
 30
0
 11
43925
 21
11550
 31
0
  0
LINE
  5
B44
100
AcDbEntity
  8
WALL
100
AcDbLine
370
50
 10
44075
 20
11550
 30
0
 11
44075
 21
8000
 31
0
  0
LINE
  5
B45
100
AcDbEntity
  8
WALL
100
AcDbLine
 10
43925
 20
8000
 30
0
 11
44075
 21
8150
 31
0
  0
LINE
  5
B46
100
AcDbEntity
  8
WALL
100
AcDbLine
 10
43925
 20
8150
 30
0
 11
44075
 21
8300
 31
0
  0
LINE
  5
B47
100
AcDbEntity
  8
WALL
100
AcDbLine
 10
43925
 20
8300
 30
0
 11
44075
 21
8450
 31
0
  0
LINE
  5
B48
100
AcDbEntity
  8
WALL
100
AcDbLine
 10
43925
 20
8450
 30
0
 11
44075
 21
8600
 31
0
  0
LINE
  5
B49
100
AcDbEntity
  8
WALL
100
AcDbLine
 10
43925
 20
8600
 30
0
 11
44075
 21
8750
 31
0
  0
LINE
  5
B4A
100
AcDbEntity
  8
WALL
100
AcDbLine
 10
43925
 20
8750
 30
0
 11
44075
 21
8900
 31
0
  0
LINE
  5
B4B
100
AcDbEntity
  8
WALL
100
AcDbLine
 10
43925
 20
8900
 30
0
 11
44075
 21
9050
 31
0
  0
LINE
  5
B4C
100
AcDbEntity
  8
WALL
100
AcDbLine
 10
43925
 20
9050
 30
0
 11
44075
 21
9200
 31
0
  0
LINE
  5
B4D
100
AcDbEntity
  8
WALL
100
AcDbLine
 10
43925
 20
9200
 30
0
 11
44075
 21
9350
 31
0
  0
LINE
  5
B4E
100
AcDbEntity
  8
WALL
100
AcDbLine
 10
43925
 20
9350
 30
0
 11
44075
 21
9500
 31
0
  0
LINE
  5
B4F
100
AcDbEntity
  8
WALL
100
AcDbLine
 10
43925
 20
9500
 30
0
 11
44075
 21
9650
 31
0
  0
LINE
  5
B50
100
AcDbEntity
  8
WALL
100
AcDbLine
 10
43925
 20
9650
 30
0
 11
44075
 21
9800
 31
0
  0
LINE
  5
B51
100
AcDbEntity
  8
WALL
100
AcDbLine
 10
43925
 20
9800
 30
0
 11
44075
 21
9950
 31
0
  0
LINE
  5
B52
100
AcDbEntity
  8
WALL
100
AcDbLine
 10
43925
 20
9950
 30
0
 11
44075
 21
10100
 31
0
  0
LINE
  5
B53
100
AcDbEntity
  8
WALL
100
AcDbLine
 10
43925
 20
10100
 30
0
 11
44075
 21
10250
 31
0
  0
LINE
  5
B54
100
AcDbEntity
  8
WALL
100
AcDbLine
 10
43925
 20
10250
 30
0
 11
44075
 21
10400
 31
0
  0
LINE
  5
B55
100
AcDbEntity
  8
WALL
100
AcDbLine
 10
43925
 20
10400
 30
0
 11
44075
 21
10550
 31
0
  0
LINE
  5
B56
100
AcDbEntity
  8
WALL
100
AcDbLine
 10
43925
 20
10550
 30
0
 11
44075
 21
10700
 31
0
  0
LINE
  5
B57
100
AcDbEntity
  8
WALL
100
AcDbLine
 10
43925
 20
10700
 30
0
 11
44075
 21
10850
 31
0
  0
LINE
  5
B58
100
AcDbEntity
  8
WALL
100
AcDbLine
 10
43925
 20
10850
 30
0
 11
44075
 21
11000
 31
0
  0
LINE
  5
B59
100
AcDbEntity
  8
WALL
100
AcDbLine
 10
43925
 20
11000
 30
0
 11
44075
 21
11150
 31
0
  0
LINE
  5
B5A
100
AcDbEntity
  8
WALL
100
AcDbLine
 10
43925
 20
11150
 30
0
 11
44075
 21
11300
 31
0
  0
LINE
  5
B5B
100
AcDbEntity
  8
WALL
100
AcDbLine
 10
43925
 20
11300
 30
0
 11
44075
 21
11450
 31
0
  0
LINE
  5
B5C
100
AcDbEntity
  8
WALL
100
AcDbLine
370
50
 10
43925
 20
12450
 30
0
 11
43925
 21
16000
 31
0
  0
LINE
  5
B5D
100
AcDbEntity
  8
WALL
100
AcDbLine
370
50
 10
44075
 20
16000
 30
0
 11
44075
 21
12450
 31
0
  0
LINE
  5
B5E
100
AcDbEntity
  8
WALL
100
AcDbLine
 10
43925
 20
12450
 30
0
 11
44075
 21
12600
 31
0
  0
LINE
  5
B5F
100
AcDbEntity
  8
WALL
100
AcDbLine
 10
43925
 20
12600
 30
0
 11
44075
 21
12750
 31
0
  0
LINE
  5
B60
100
AcDbEntity
  8
WALL
100
AcDbLine
 10
43925
 20
12750
 30
0
 11
44075
 21
12900
 31
0
  0
LINE
  5
B61
100
AcDbEntity
  8
WALL
100
AcDbLine
 10
43925
 20
12900
 30
0
 11
44075
 21
13050
 31
0
  0
LINE
  5
B62
100
AcDbEntity
  8
WALL
100
AcDbLine
 10
43925
 20
13050
 30
0
 11
44075
 21
13200
 31
0
  0
LINE
  5
B63
100
AcDbEntity
  8
WALL
100
AcDbLine
 10
43925
 20
13200
 30
0
 11
44075
 21
13350
 31
0
  0
LINE
  5
B64
100
AcDbEntity
  8
WALL
100
AcDbLine
 10
43925
 20
13350
 30
0
 11
44075
 21
13500
 31
0
  0
LINE
  5
B65
100
AcDbEntity
  8
WALL
100
AcDbLine
 10
43925
 20
13500
 30
0
 11
44075
 21
13650
 31
0
  0
LINE
  5
B66
100
AcDbEntity
  8
WALL
100
AcDbLine
 10
43925
 20
13650
 30
0
 11
44075
 21
13800
 31
0
  0
LINE
  5
B67
100
AcDbEntity
  8
WALL
100
AcDbLine
 10
43925
 20
13800
 30
0
 11
44075
 21
13950
 31
0
  0
LINE
  5
B68
100
AcDbEntity
  8
WALL
100
AcDbLine
 10
43925
 20
13950
 30
0
 11
44075
 21
14100
 31
0
  0
LINE
  5
B69
100
AcDbEntity
  8
WALL
100
AcDbLine
 10
43925
 20
14100
 30
0
 11
44075
 21
14250
 31
0
  0
LINE
  5
B6A
100
AcDbEntity
  8
WALL
100
AcDbLine
 10
43925
 20
14250
 30
0
 11
44075
 21
14400
 31
0
  0
LINE
  5
B6B
100
AcDbEntity
  8
WALL
100
AcDbLine
 10
43925
 20
14400
 30
0
 11
44075
 21
14550
 31
0
  0
LINE
  5
B6C
100
AcDbEntity
  8
WALL
100
AcDbLine
 10
43925
 20
14550
 30
0
 11
44075
 21
14700
 31
0
  0
LINE
  5
B6D
100
AcDbEntity
  8
WALL
100
AcDbLine
 10
43925
 20
14700
 30
0
 11
44075
 21
14850
 31
0
  0
LINE
  5
B6E
100
AcDbEntity
  8
WALL
100
AcDbLine
 10
43925
 20
14850
 30
0
 11
44075
 21
15000
 31
0
  0
LINE
  5
B6F
100
AcDbEntity
  8
WALL
100
AcDbLine
 10
43925
 20
15000
 30
0
 11
44075
 21
15150
 31
0
  0
LINE
  5
B70
100
AcDbEntity
  8
WALL
100
AcDbLine
 10
43925
 20
15150
 30
0
 11
44075
 21
15300
 31
0
  0
LINE
  5
B71
100
AcDbEntity
  8
WALL
100
AcDbLine
 10
43925
 20
15300
 30
0
 11
44075
 21
15450
 31
0
  0
LINE
  5
B72
100
AcDbEntity
  8
WALL
100
AcDbLine
 10
43925
 20
15450
 30
0
 11
44075
 21
15600
 31
0
  0
LINE
  5
B73
100
AcDbEntity
  8
WALL
100
AcDbLine
 10
43925
 20
15600
 30
0
 11
44075
 21
15750
 31
0
  0
LINE
  5
B74
100
AcDbEntity
  8
WALL
100
AcDbLine
 10
43925
 20
15750
 30
0
 11
44075
 21
15900
 31
0
  0
LINE
  5
B75
100
AcDbEntity
  8
WALL
100
AcDbLine
370
50
 10
43925
 20
11550
 30
0
 11
44075
 21
11550
 31
0
  0
LINE
  5
B76
100
AcDbEntity
  8
WALL
100
AcDbLine
370
50
 10
43925
 20
12450
 30
0
 11
44075
 21
12450
 31
0
  0
LINE
  5
B77
100
AcDbEntity
  8
WALL
100
AcDbLine
370
50
 10
43925
 20
16000
 30
0
 11
43925
 21
19550
 31
0
  0
LINE
  5
B78
100
AcDbEntity
  8
WALL
100
AcDbLine
370
50
 10
44075
 20
19550
 30
0
 11
44075
 21
16000
 31
0
  0
LINE
  5
B79
100
AcDbEntity
  8
WALL
100
AcDbLine
 10
43925
 20
16000
 30
0
 11
44075
 21
16150
 31
0
  0
LINE
  5
B7A
100
AcDbEntity
  8
WALL
100
AcDbLine
 10
43925
 20
16150
 30
0
 11
44075
 21
16300
 31
0
  0
LINE
  5
B7B
100
AcDbEntity
  8
WALL
100
AcDbLine
 10
43925
 20
16300
 30
0
 11
44075
 21
16450
 31
0
  0
LINE
  5
B7C
100
AcDbEntity
  8
WALL
100
AcDbLine
 10
43925
 20
16450
 30
0
 11
44075
 21
16600
 31
0
  0
LINE
  5
B7D
100
AcDbEntity
  8
WALL
100
AcDbLine
 10
43925
 20
16600
 30
0
 11
44075
 21
16750
 31
0
  0
LINE
  5
B7E
100
AcDbEntity
  8
WALL
100
AcDbLine
 10
43925
 20
16750
 30
0
 11
44075
 21
16900
 31
0
  0
LINE
  5
B7F
100
AcDbEntity
  8
WALL
100
AcDbLine
 10
43925
 20
16900
 30
0
 11
44075
 21
17050
 31
0
  0
LINE
  5
B80
100
AcDbEntity
  8
WALL
100
AcDbLine
 10
43925
 20
17050
 30
0
 11
44075
 21
17200
 31
0
  0
LINE
  5
B81
100
AcDbEntity
  8
WALL
100
AcDbLine
 10
43925
 20
17200
 30
0
 11
44075
 21
17350
 31
0
  0
LINE
  5
B82
100
AcDbEntity
  8
WALL
100
AcDbLine
 10
43925
 20
17350
 30
0
 11
44075
 21
17500
 31
0
  0
LINE
  5
B83
100
AcDbEntity
  8
WALL
100
AcDbLine
 10
43925
 20
17500
 30
0
 11
44075
 21
17650
 31
0
  0
LINE
  5
B84
100
AcDbEntity
  8
WALL
100
AcDbLine
 10
43925
 20
17650
 30
0
 11
44075
 21
17800
 31
0
  0
LINE
  5
B85
100
AcDbEntity
  8
WALL
100
AcDbLine
 10
43925
 20
17800
 30
0
 11
44075
 21
17950
 31
0
  0
LINE
  5
B86
100
AcDbEntity
  8
WALL
100
AcDbLine
 10
43925
 20
17950
 30
0
 11
44075
 21
18100
 31
0
  0
LINE
  5
B87
100
AcDbEntity
  8
WALL
100
AcDbLine
 10
43925
 20
18100
 30
0
 11
44075
 21
18250
 31
0
  0
LINE
  5
B88
100
AcDbEntity
  8
WALL
100
AcDbLine
 10
43925
 20
18250
 30
0
 11
44075
 21
18400
 31
0
  0
LINE
  5
B89
100
AcDbEntity
  8
WALL
100
AcDbLine
 10
43925
 20
18400
 30
0
 11
44075
 21
18550
 31
0
  0
LINE
  5
B8A
100
AcDbEntity
  8
WALL
100
AcDbLine
 10
43925
 20
18550
 30
0
 11
44075
 21
18700
 31
0
  0
LINE
  5
B8B
100
AcDbEntity
  8
WALL
100
AcDbLine
 10
43925
 20
18700
 30
0
 11
44075
 21
18850
 31
0
  0
LINE
  5
B8C
100
AcDbEntity
  8
WALL
100
AcDbLine
 10
43925
 20
18850
 30
0
 11
44075
 21
19000
 31
0
  0
LINE
  5
B8D
100
AcDbEntity
  8
WALL
100
AcDbLine
 10
43925
 20
19000
 30
0
 11
44075
 21
19150
 31
0
  0
LINE
  5
B8E
100
AcDbEntity
  8
WALL
100
AcDbLine
 10
43925
 20
19150
 30
0
 11
44075
 21
19300
 31
0
  0
LINE
  5
B8F
100
AcDbEntity
  8
WALL
100
AcDbLine
 10
43925
 20
19300
 30
0
 11
44075
 21
19450
 31
0
  0
LINE
  5
B90
100
AcDbEntity
  8
WALL
100
AcDbLine
370
50
 10
43925
 20
20450
 30
0
 11
43925
 21
24000
 31
0
  0
LINE
  5
B91
100
AcDbEntity
  8
WALL
100
AcDbLine
370
50
 10
44075
 20
24000
 30
0
 11
44075
 21
20450
 31
0
  0
LINE
  5
B92
100
AcDbEntity
  8
WALL
100
AcDbLine
 10
43925
 20
20450
 30
0
 11
44075
 21
20600
 31
0
  0
LINE
  5
B93
100
AcDbEntity
  8
WALL
100
AcDbLine
 10
43925
 20
20600
 30
0
 11
44075
 21
20750
 31
0
  0
LINE
  5
B94
100
AcDbEntity
  8
WALL
100
AcDbLine
 10
43925
 20
20750
 30
0
 11
44075
 21
20900
 31
0
  0
LINE
  5
B95
100
AcDbEntity
  8
WALL
100
AcDbLine
 10
43925
 20
20900
 30
0
 11
44075
 21
21050
 31
0
  0
LINE
  5
B96
100
AcDbEntity
  8
WALL
100
AcDbLine
 10
43925
 20
21050
 30
0
 11
44075
 21
21200
 31
0
  0
LINE
  5
B97
100
AcDbEntity
  8
WALL
100
AcDbLine
 10
43925
 20
21200
 30
0
 11
44075
 21
21350
 31
0
  0
LINE
  5
B98
100
AcDbEntity
  8
WALL
100
AcDbLine
 10
43925
 20
21350
 30
0
 11
44075
 21
21500
 31
0
  0
LINE
  5
B99
100
AcDbEntity
  8
WALL
100
AcDbLine
 10
43925
 20
21500
 30
0
 11
44075
 21
21650
 31
0
  0
LINE
  5
B9A
100
AcDbEntity
  8
WALL
100
AcDbLine
 10
43925
 20
21650
 30
0
 11
44075
 21
21800
 31
0
  0
LINE
  5
B9B
100
AcDbEntity
  8
WALL
100
AcDbLine
 10
43925
 20
21800
 30
0
 11
44075
 21
21950
 31
0
  0
LINE
  5
B9C
100
AcDbEntity
  8
WALL
100
AcDbLine
 10
43925
 20
21950
 30
0
 11
44075
 21
22100
 31
0
  0
LINE
  5
B9D
100
AcDbEntity
  8
WALL
100
AcDbLine
 10
43925
 20
22100
 30
0
 11
44075
 21
22250
 31
0
  0
LINE
  5
B9E
100
AcDbEntity
  8
WALL
100
AcDbLine
 10
43925
 20
22250
 30
0
 11
44075
 21
22400
 31
0
  0
LINE
  5
B9F
100
AcDbEntity
  8
WALL
100
AcDbLine
 10
43925
 20
22400
 30
0
 11
44075
 21
22550
 31
0
  0
LINE
  5
BA0
100
AcDbEntity
  8
WALL
100
AcDbLine
 10
43925
 20
22550
 30
0
 11
44075
 21
22700
 31
0
  0
LINE
  5
BA1
100
AcDbEntity
  8
WALL
100
AcDbLine
 10
43925
 20
22700
 30
0
 11
44075
 21
22850
 31
0
  0
LINE
  5
BA2
100
AcDbEntity
  8
WALL
100
AcDbLine
 10
43925
 20
22850
 30
0
 11
44075
 21
23000
 31
0
  0
LINE
  5
BA3
100
AcDbEntity
  8
WALL
100
AcDbLine
 10
43925
 20
23000
 30
0
 11
44075
 21
23150
 31
0
  0
LINE
  5
BA4
100
AcDbEntity
  8
WALL
100
AcDbLine
 10
43925
 20
23150
 30
0
 11
44075
 21
23300
 31
0
  0
LINE
  5
BA5
100
AcDbEntity
  8
WALL
100
AcDbLine
 10
43925
 20
23300
 30
0
 11
44075
 21
23450
 31
0
  0
LINE
  5
BA6
100
AcDbEntity
  8
WALL
100
AcDbLine
 10
43925
 20
23450
 30
0
 11
44075
 21
23600
 31
0
  0
LINE
  5
BA7
100
AcDbEntity
  8
WALL
100
AcDbLine
 10
43925
 20
23600
 30
0
 11
44075
 21
23750
 31
0
  0
LINE
  5
BA8
100
AcDbEntity
  8
WALL
100
AcDbLine
 10
43925
 20
23750
 30
0
 11
44075
 21
23900
 31
0
  0
LINE
  5
BA9
100
AcDbEntity
  8
WALL
100
AcDbLine
370
50
 10
43925
 20
19550
 30
0
 11
44075
 21
19550
 31
0
  0
LINE
  5
BAA
100
AcDbEntity
  8
WALL
100
AcDbLine
370
50
 10
43925
 20
20450
 30
0
 11
44075
 21
20450
 31
0
  0
LINE
  5
BAB
100
AcDbEntity
  8
WALL
100
AcDbLine
370
50
 10
47925
 20
0
 30
0
 11
47925
 21
8000
 31
0
  0
LINE
  5
BAC
100
AcDbEntity
  8
WALL
100
AcDbLine
370
50
 10
48075
 20
8000
 30
0
 11
48075
 21
0
 31
0
  0
LINE
  5
BAD
100
AcDbEntity
  8
WALL
100
AcDbLine
 10
47925
 20
0
 30
0
 11
48075
 21
150
 31
0
  0
LINE
  5
BAE
100
AcDbEntity
  8
WALL
100
AcDbLine
 10
47925
 20
150
 30
0
 11
48075
 21
300
 31
0
  0
LINE
  5
BAF
100
AcDbEntity
  8
WALL
100
AcDbLine
 10
47925
 20
300
 30
0
 11
48075
 21
450
 31
0
  0
LINE
  5
BB0
100
AcDbEntity
  8
WALL
100
AcDbLine
 10
47925
 20
450
 30
0
 11
48075
 21
600
 31
0
  0
LINE
  5
BB1
100
AcDbEntity
  8
WALL
100
AcDbLine
 10
47925
 20
600
 30
0
 11
48075
 21
750
 31
0
  0
LINE
  5
BB2
100
AcDbEntity
  8
WALL
100
AcDbLine
 10
47925
 20
750
 30
0
 11
48075
 21
900
 31
0
  0
LINE
  5
BB3
100
AcDbEntity
  8
WALL
100
AcDbLine
 10
47925
 20
900
 30
0
 11
48075
 21
1050
 31
0
  0
LINE
  5
BB4
100
AcDbEntity
  8
WALL
100
AcDbLine
 10
47925
 20
1050
 30
0
 11
48075
 21
1200
 31
0
  0
LINE
  5
BB5
100
AcDbEntity
  8
WALL
100
AcDbLine
 10
47925
 20
1200
 30
0
 11
48075
 21
1350
 31
0
  0
LINE
  5
BB6
100
AcDbEntity
  8
WALL
100
AcDbLine
 10
47925
 20
1350
 30
0
 11
48075
 21
1500
 31
0
  0
LINE
  5
BB7
100
AcDbEntity
  8
WALL
100
AcDbLine
 10
47925
 20
1500
 30
0
 11
48075
 21
1650
 31
0
  0
LINE
  5
BB8
100
AcDbEntity
  8
WALL
100
AcDbLine
 10
47925
 20
1650
 30
0
 11
48075
 21
1800
 31
0
  0
LINE
  5
BB9
100
AcDbEntity
  8
WALL
100
AcDbLine
 10
47925
 20
1800
 30
0
 11
48075
 21
1950
 31
0
  0
LINE
  5
BBA
100
AcDbEntity
  8
WALL
100
AcDbLine
 10
47925
 20
1950
 30
0
 11
48075
 21
2100
 31
0
  0
LINE
  5
BBB
100
AcDbEntity
  8
WALL
100
AcDbLine
 10
47925
 20
2100
 30
0
 11
48075
 21
2250
 31
0
  0
LINE
  5
BBC
100
AcDbEntity
  8
WALL
100
AcDbLine
 10
47925
 20
2250
 30
0
 11
48075
 21
2400
 31
0
  0
LINE
  5
BBD
100
AcDbEntity
  8
WALL
100
AcDbLine
 10
47925
 20
2400
 30
0
 11
48075
 21
2550
 31
0
  0
LINE
  5
BBE
100
AcDbEntity
  8
WALL
100
AcDbLine
 10
47925
 20
2550
 30
0
 11
48075
 21
2700
 31
0
  0
LINE
  5
BBF
100
AcDbEntity
  8
WALL
100
AcDbLine
 10
47925
 20
2700
 30
0
 11
48075
 21
2850
 31
0
  0
LINE
  5
BC0
100
AcDbEntity
  8
WALL
100
AcDbLine
 10
47925
 20
2850
 30
0
 11
48075
 21
3000
 31
0
  0
LINE
  5
BC1
100
AcDbEntity
  8
WALL
100
AcDbLine
 10
47925
 20
3000
 30
0
 11
48075
 21
3150
 31
0
  0
LINE
  5
BC2
100
AcDbEntity
  8
WALL
100
AcDbLine
 10
47925
 20
3150
 30
0
 11
48075
 21
3300
 31
0
  0
LINE
  5
BC3
100
AcDbEntity
  8
WALL
100
AcDbLine
 10
47925
 20
3300
 30
0
 11
48075
 21
3450
 31
0
  0
LINE
  5
BC4
100
AcDbEntity
  8
WALL
100
AcDbLine
 10
47925
 20
3450
 30
0
 11
48075
 21
3600
 31
0
  0
LINE
  5
BC5
100
AcDbEntity
  8
WALL
100
AcDbLine
 10
47925
 20
3600
 30
0
 11
48075
 21
3750
 31
0
  0
LINE
  5
BC6
100
AcDbEntity
  8
WALL
100
AcDbLine
 10
47925
 20
3750
 30
0
 11
48075
 21
3900
 31
0
  0
LINE
  5
BC7
100
AcDbEntity
  8
WALL
100
AcDbLine
 10
47925
 20
3900
 30
0
 11
48075
 21
4050
 31
0
  0
LINE
  5
BC8
100
AcDbEntity
  8
WALL
100
AcDbLine
 10
47925
 20
4050
 30
0
 11
48075
 21
4200
 31
0
  0
LINE
  5
BC9
100
AcDbEntity
  8
WALL
100
AcDbLine
 10
47925
 20
4200
 30
0
 11
48075
 21
4350
 31
0
  0
LINE
  5
BCA
100
AcDbEntity
  8
WALL
100
AcDbLine
 10
47925
 20
4350
 30
0
 11
48075
 21
4500
 31
0
  0
LINE
  5
BCB
100
AcDbEntity
  8
WALL
100
AcDbLine
 10
47925
 20
4500
 30
0
 11
48075
 21
4650
 31
0
  0
LINE
  5
BCC
100
AcDbEntity
  8
WALL
100
AcDbLine
 10
47925
 20
4650
 30
0
 11
48075
 21
4800
 31
0
  0
LINE
  5
BCD
100
AcDbEntity
  8
WALL
100
AcDbLine
 10
47925
 20
4800
 30
0
 11
48075
 21
4950
 31
0
  0
LINE
  5
BCE
100
AcDbEntity
  8
WALL
100
AcDbLine
 10
47925
 20
4950
 30
0
 11
48075
 21
5100
 31
0
  0
LINE
  5
BCF
100
AcDbEntity
  8
WALL
100
AcDbLine
 10
47925
 20
5100
 30
0
 11
48075
 21
5250
 31
0
  0
LINE
  5
BD0
100
AcDbEntity
  8
WALL
100
AcDbLine
 10
47925
 20
5250
 30
0
 11
48075
 21
5400
 31
0
  0
LINE
  5
BD1
100
AcDbEntity
  8
WALL
100
AcDbLine
 10
47925
 20
5400
 30
0
 11
48075
 21
5550
 31
0
  0
LINE
  5
BD2
100
AcDbEntity
  8
WALL
100
AcDbLine
 10
47925
 20
5550
 30
0
 11
48075
 21
5700
 31
0
  0
LINE
  5
BD3
100
AcDbEntity
  8
WALL
100
AcDbLine
 10
47925
 20
5700
 30
0
 11
48075
 21
5850
 31
0
  0
LINE
  5
BD4
100
AcDbEntity
  8
WALL
100
AcDbLine
 10
47925
 20
5850
 30
0
 11
48075
 21
6000
 31
0
  0
LINE
  5
BD5
100
AcDbEntity
  8
WALL
100
AcDbLine
 10
47925
 20
6000
 30
0
 11
48075
 21
6150
 31
0
  0
LINE
  5
BD6
100
AcDbEntity
  8
WALL
100
AcDbLine
 10
47925
 20
6150
 30
0
 11
48075
 21
6300
 31
0
  0
LINE
  5
BD7
100
AcDbEntity
  8
WALL
100
AcDbLine
 10
47925
 20
6300
 30
0
 11
48075
 21
6450
 31
0
  0
LINE
  5
BD8
100
AcDbEntity
  8
WALL
100
AcDbLine
 10
47925
 20
6450
 30
0
 11
48075
 21
6600
 31
0
  0
LINE
  5
BD9
100
AcDbEntity
  8
WALL
100
AcDbLine
 10
47925
 20
6600
 30
0
 11
48075
 21
6750
 31
0
  0
LINE
  5
BDA
100
AcDbEntity
  8
WALL
100
AcDbLine
 10
47925
 20
6750
 30
0
 11
48075
 21
6900
 31
0
  0
LINE
  5
BDB
100
AcDbEntity
  8
WALL
100
AcDbLine
 10
47925
 20
6900
 30
0
 11
48075
 21
7050
 31
0
  0
LINE
  5
BDC
100
AcDbEntity
  8
WALL
100
AcDbLine
 10
47925
 20
7050
 30
0
 11
48075
 21
7200
 31
0
  0
LINE
  5
BDD
100
AcDbEntity
  8
WALL
100
AcDbLine
 10
47925
 20
7200
 30
0
 11
48075
 21
7350
 31
0
  0
LINE
  5
BDE
100
AcDbEntity
  8
WALL
100
AcDbLine
 10
47925
 20
7350
 30
0
 11
48075
 21
7500
 31
0
  0
LINE
  5
BDF
100
AcDbEntity
  8
WALL
100
AcDbLine
 10
47925
 20
7500
 30
0
 11
48075
 21
7650
 31
0
  0
LINE
  5
BE0
100
AcDbEntity
  8
WALL
100
AcDbLine
 10
47925
 20
7650
 30
0
 11
48075
 21
7800
 31
0
  0
LINE
  5
BE1
100
AcDbEntity
  8
WALL
100
AcDbLine
 10
47925
 20
7800
 30
0
 11
48075
 21
7950
 31
0
  0
LINE
  5
BE2
100
AcDbEntity
  8
WALL
100
AcDbLine
370
50
 10
47925
 20
8000
 30
0
 11
47925
 21
16000
 31
0
  0
LINE
  5
BE3
100
AcDbEntity
  8
WALL
100
AcDbLine
370
50
 10
48075
 20
16000
 30
0
 11
48075
 21
8000
 31
0
  0
LINE
  5
BE4
100
AcDbEntity
  8
WALL
100
AcDbLine
 10
47925
 20
8000
 30
0
 11
48075
 21
8150
 31
0
  0
LINE
  5
BE5
100
AcDbEntity
  8
WALL
100
AcDbLine
 10
47925
 20
8150
 30
0
 11
48075
 21
8300
 31
0
  0
LINE
  5
BE6
100
AcDbEntity
  8
WALL
100
AcDbLine
 10
47925
 20
8300
 30
0
 11
48075
 21
8450
 31
0
  0
LINE
  5
BE7
100
AcDbEntity
  8
WALL
100
AcDbLine
 10
47925
 20
8450
 30
0
 11
48075
 21
8600
 31
0
  0
LINE
  5
BE8
100
AcDbEntity
  8
WALL
100
AcDbLine
 10
47925
 20
8600
 30
0
 11
48075
 21
8750
 31
0
  0
LINE
  5
BE9
100
AcDbEntity
  8
WALL
100
AcDbLine
 10
47925
 20
8750
 30
0
 11
48075
 21
8900
 31
0
  0
LINE
  5
BEA
100
AcDbEntity
  8
WALL
100
AcDbLine
 10
47925
 20
8900
 30
0
 11
48075
 21
9050
 31
0
  0
LINE
  5
BEB
100
AcDbEntity
  8
WALL
100
AcDbLine
 10
47925
 20
9050
 30
0
 11
48075
 21
9200
 31
0
  0
LINE
  5
BEC
100
AcDbEntity
  8
WALL
100
AcDbLine
 10
47925
 20
9200
 30
0
 11
48075
 21
9350
 31
0
  0
LINE
  5
BED
100
AcDbEntity
  8
WALL
100
AcDbLine
 10
47925
 20
9350
 30
0
 11
48075
 21
9500
 31
0
  0
LINE
  5
BEE
100
AcDbEntity
  8
WALL
100
AcDbLine
 10
47925
 20
9500
 30
0
 11
48075
 21
9650
 31
0
  0
LINE
  5
BEF
100
AcDbEntity
  8
WALL
100
AcDbLine
 10
47925
 20
9650
 30
0
 11
48075
 21
9800
 31
0
  0
LINE
  5
BF0
100
AcDbEntity
  8
WALL
100
AcDbLine
 10
47925
 20
9800
 30
0
 11
48075
 21
9950
 31
0
  0
LINE
  5
BF1
100
AcDbEntity
  8
WALL
100
AcDbLine
 10
47925
 20
9950
 30
0
 11
48075
 21
10100
 31
0
  0
LINE
  5
BF2
100
AcDbEntity
  8
WALL
100
AcDbLine
 10
47925
 20
10100
 30
0
 11
48075
 21
10250
 31
0
  0
LINE
  5
BF3
100
AcDbEntity
  8
WALL
100
AcDbLine
 10
47925
 20
10250
 30
0
 11
48075
 21
10400
 31
0
  0
LINE
  5
BF4
100
AcDbEntity
  8
WALL
100
AcDbLine
 10
47925
 20
10400
 30
0
 11
48075
 21
10550
 31
0
  0
LINE
  5
BF5
100
AcDbEntity
  8
WALL
100
AcDbLine
 10
47925
 20
10550
 30
0
 11
48075
 21
10700
 31
0
  0
LINE
  5
BF6
100
AcDbEntity
  8
WALL
100
AcDbLine
 10
47925
 20
10700
 30
0
 11
48075
 21
10850
 31
0
  0
LINE
  5
BF7
100
AcDbEntity
  8
WALL
100
AcDbLine
 10
47925
 20
10850
 30
0
 11
48075
 21
11000
 31
0
  0
LINE
  5
BF8
100
AcDbEntity
  8
WALL
100
AcDbLine
 10
47925
 20
11000
 30
0
 11
48075
 21
11150
 31
0
  0
LINE
  5
BF9
100
AcDbEntity
  8
WALL
100
AcDbLine
 10
47925
 20
11150
 30
0
 11
48075
 21
11300
 31
0
  0
LINE
  5
BFA
100
AcDbEntity
  8
WALL
100
AcDbLine
 10
47925
 20
11300
 30
0
 11
48075
 21
11450
 31
0
  0
LINE
  5
BFB
100
AcDbEntity
  8
WALL
100
AcDbLine
 10
47925
 20
11450
 30
0
 11
48075
 21
11600
 31
0
  0
LINE
  5
BFC
100
AcDbEntity
  8
WALL
100
AcDbLine
 10
47925
 20
11600
 30
0
 11
48075
 21
11750
 31
0
  0
LINE
  5
BFD
100
AcDbEntity
  8
WALL
100
AcDbLine
 10
47925
 20
11750
 30
0
 11
48075
 21
11900
 31
0
  0
LINE
  5
BFE
100
AcDbEntity
  8
WALL
100
AcDbLine
 10
47925
 20
11900
 30
0
 11
48075
 21
12050
 31
0
  0
LINE
  5
BFF
100
AcDbEntity
  8
WALL
100
AcDbLine
 10
47925
 20
12050
 30
0
 11
48075
 21
12200
 31
0
  0
LINE
  5
C00
100
AcDbEntity
  8
WALL
100
AcDbLine
 10
47925
 20
12200
 30
0
 11
48075
 21
12350
 31
0
  0
LINE
  5
C01
100
AcDbEntity
  8
WALL
100
AcDbLine
 10
47925
 20
12350
 30
0
 11
48075
 21
12500
 31
0
  0
LINE
  5
C02
100
AcDbEntity
  8
WALL
100
AcDbLine
 10
47925
 20
12500
 30
0
 11
48075
 21
12650
 31
0
  0
LINE
  5
C03
100
AcDbEntity
  8
WALL
100
AcDbLine
 10
47925
 20
12650
 30
0
 11
48075
 21
12800
 31
0
  0
LINE
  5
C04
100
AcDbEntity
  8
WALL
100
AcDbLine
 10
47925
 20
12800
 30
0
 11
48075
 21
12950
 31
0
  0
LINE
  5
C05
100
AcDbEntity
  8
WALL
100
AcDbLine
 10
47925
 20
12950
 30
0
 11
48075
 21
13100
 31
0
  0
LINE
  5
C06
100
AcDbEntity
  8
WALL
100
AcDbLine
 10
47925
 20
13100
 30
0
 11
48075
 21
13250
 31
0
  0
LINE
  5
C07
100
AcDbEntity
  8
WALL
100
AcDbLine
 10
47925
 20
13250
 30
0
 11
48075
 21
13400
 31
0
  0
LINE
  5
C08
100
AcDbEntity
  8
WALL
100
AcDbLine
 10
47925
 20
13400
 30
0
 11
48075
 21
13550
 31
0
  0
LINE
  5
C09
100
AcDbEntity
  8
WALL
100
AcDbLine
 10
47925
 20
13550
 30
0
 11
48075
 21
13700
 31
0
  0
LINE
  5
C0A
100
AcDbEntity
  8
WALL
100
AcDbLine
 10
47925
 20
13700
 30
0
 11
48075
 21
13850
 31
0
  0
LINE
  5
C0B
100
AcDbEntity
  8
WALL
100
AcDbLine
 10
47925
 20
13850
 30
0
 11
48075
 21
14000
 31
0
  0
LINE
  5
C0C
100
AcDbEntity
  8
WALL
100
AcDbLine
 10
47925
 20
14000
 30
0
 11
48075
 21
14150
 31
0
  0
LINE
  5
C0D
100
AcDbEntity
  8
WALL
100
AcDbLine
 10
47925
 20
14150
 30
0
 11
48075
 21
14300
 31
0
  0
LINE
  5
C0E
100
AcDbEntity
  8
WALL
100
AcDbLine
 10
47925
 20
14300
 30
0
 11
48075
 21
14450
 31
0
  0
LINE
  5
C0F
100
AcDbEntity
  8
WALL
100
AcDbLine
 10
47925
 20
14450
 30
0
 11
48075
 21
14600
 31
0
  0
LINE
  5
C10
100
AcDbEntity
  8
WALL
100
AcDbLine
 10
47925
 20
14600
 30
0
 11
48075
 21
14750
 31
0
  0
LINE
  5
C11
100
AcDbEntity
  8
WALL
100
AcDbLine
 10
47925
 20
14750
 30
0
 11
48075
 21
14900
 31
0
  0
LINE
  5
C12
100
AcDbEntity
  8
WALL
100
AcDbLine
 10
47925
 20
14900
 30
0
 11
48075
 21
15050
 31
0
  0
LINE
  5
C13
100
AcDbEntity
  8
WALL
100
AcDbLine
 10
47925
 20
15050
 30
0
 11
48075
 21
15200
 31
0
  0
LINE
  5
C14
100
AcDbEntity
  8
WALL
100
AcDbLine
 10
47925
 20
15200
 30
0
 11
48075
 21
15350
 31
0
  0
LINE
  5
C15
100
AcDbEntity
  8
WALL
100
AcDbLine
 10
47925
 20
15350
 30
0
 11
48075
 21
15500
 31
0
  0
LINE
  5
C16
100
AcDbEntity
  8
WALL
100
AcDbLine
 10
47925
 20
15500
 30
0
 11
48075
 21
15650
 31
0
  0
LINE
  5
C17
100
AcDbEntity
  8
WALL
100
AcDbLine
 10
47925
 20
15650
 30
0
 11
48075
 21
15800
 31
0
  0
LINE
  5
C18
100
AcDbEntity
  8
WALL
100
AcDbLine
 10
47925
 20
15800
 30
0
 11
48075
 21
15950
 31
0
  0
LINE
  5
C19
100
AcDbEntity
  8
WALL
100
AcDbLine
370
50
 10
47925
 20
16000
 30
0
 11
47925
 21
24000
 31
0
  0
LINE
  5
C1A
100
AcDbEntity
  8
WALL
100
AcDbLine
370
50
 10
48075
 20
24000
 30
0
 11
48075
 21
16000
 31
0
  0
LINE
  5
C1B
100
AcDbEntity
  8
WALL
100
AcDbLine
 10
47925
 20
16000
 30
0
 11
48075
 21
16150
 31
0
  0
LINE
  5
C1C
100
AcDbEntity
  8
WALL
100
AcDbLine
 10
47925
 20
16150
 30
0
 11
48075
 21
16300
 31
0
  0
LINE
  5
C1D
100
AcDbEntity
  8
WALL
100
AcDbLine
 10
47925
 20
16300
 30
0
 11
48075
 21
16450
 31
0
  0
LINE
  5
C1E
100
AcDbEntity
  8
WALL
100
AcDbLine
 10
47925
 20
16450
 30
0
 11
48075
 21
16600
 31
0
  0
LINE
  5
C1F
100
AcDbEntity
  8
WALL
100
AcDbLine
 10
47925
 20
16600
 30
0
 11
48075
 21
16750
 31
0
  0
LINE
  5
C20
100
AcDbEntity
  8
WALL
100
AcDbLine
 10
47925
 20
16750
 30
0
 11
48075
 21
16900
 31
0
  0
LINE
  5
C21
100
AcDbEntity
  8
WALL
100
AcDbLine
 10
47925
 20
16900
 30
0
 11
48075
 21
17050
 31
0
  0
LINE
  5
C22
100
AcDbEntity
  8
WALL
100
AcDbLine
 10
47925
 20
17050
 30
0
 11
48075
 21
17200
 31
0
  0
LINE
  5
C23
100
AcDbEntity
  8
WALL
100
AcDbLine
 10
47925
 20
17200
 30
0
 11
48075
 21
17350
 31
0
  0
LINE
  5
C24
100
AcDbEntity
  8
WALL
100
AcDbLine
 10
47925
 20
17350
 30
0
 11
48075
 21
17500
 31
0
  0
LINE
  5
C25
100
AcDbEntity
  8
WALL
100
AcDbLine
 10
47925
 20
17500
 30
0
 11
48075
 21
17650
 31
0
  0
LINE
  5
C26
100
AcDbEntity
  8
WALL
100
AcDbLine
 10
47925
 20
17650
 30
0
 11
48075
 21
17800
 31
0
  0
LINE
  5
C27
100
AcDbEntity
  8
WALL
100
AcDbLine
 10
47925
 20
17800
 30
0
 11
48075
 21
17950
 31
0
  0
LINE
  5
C28
100
AcDbEntity
  8
WALL
100
AcDbLine
 10
47925
 20
17950
 30
0
 11
48075
 21
18100
 31
0
  0
LINE
  5
C29
100
AcDbEntity
  8
WALL
100
AcDbLine
 10
47925
 20
18100
 30
0
 11
48075
 21
18250
 31
0
  0
LINE
  5
C2A
100
AcDbEntity
  8
WALL
100
AcDbLine
 10
47925
 20
18250
 30
0
 11
48075
 21
18400
 31
0
  0
LINE
  5
C2B
100
AcDbEntity
  8
WALL
100
AcDbLine
 10
47925
 20
18400
 30
0
 11
48075
 21
18550
 31
0
  0
LINE
  5
C2C
100
AcDbEntity
  8
WALL
100
AcDbLine
 10
47925
 20
18550
 30
0
 11
48075
 21
18700
 31
0
  0
LINE
  5
C2D
100
AcDbEntity
  8
WALL
100
AcDbLine
 10
47925
 20
18700
 30
0
 11
48075
 21
18850
 31
0
  0
LINE
  5
C2E
100
AcDbEntity
  8
WALL
100
AcDbLine
 10
47925
 20
18850
 30
0
 11
48075
 21
19000
 31
0
  0
LINE
  5
C2F
100
AcDbEntity
  8
WALL
100
AcDbLine
 10
47925
 20
19000
 30
0
 11
48075
 21
19150
 31
0
  0
LINE
  5
C30
100
AcDbEntity
  8
WALL
100
AcDbLine
 10
47925
 20
19150
 30
0
 11
48075
 21
19300
 31
0
  0
LINE
  5
C31
100
AcDbEntity
  8
WALL
100
AcDbLine
 10
47925
 20
19300
 30
0
 11
48075
 21
19450
 31
0
  0
LINE
  5
C32
100
AcDbEntity
  8
WALL
100
AcDbLine
 10
47925
 20
19450
 30
0
 11
48075
 21
19600
 31
0
  0
LINE
  5
C33
100
AcDbEntity
  8
WALL
100
AcDbLine
 10
47925
 20
19600
 30
0
 11
48075
 21
19750
 31
0
  0
LINE
  5
C34
100
AcDbEntity
  8
WALL
100
AcDbLine
 10
47925
 20
19750
 30
0
 11
48075
 21
19900
 31
0
  0
LINE
  5
C35
100
AcDbEntity
  8
WALL
100
AcDbLine
 10
47925
 20
19900
 30
0
 11
48075
 21
20050
 31
0
  0
LINE
  5
C36
100
AcDbEntity
  8
WALL
100
AcDbLine
 10
47925
 20
20050
 30
0
 11
48075
 21
20200
 31
0
  0
LINE
  5
C37
100
AcDbEntity
  8
WALL
100
AcDbLine
 10
47925
 20
20200
 30
0
 11
48075
 21
20350
 31
0
  0
LINE
  5
C38
100
AcDbEntity
  8
WALL
100
AcDbLine
 10
47925
 20
20350
 30
0
 11
48075
 21
20500
 31
0
  0
LINE
  5
C39
100
AcDbEntity
  8
WALL
100
AcDbLine
 10
47925
 20
20500
 30
0
 11
48075
 21
20650
 31
0
  0
LINE
  5
C3A
100
AcDbEntity
  8
WALL
100
AcDbLine
 10
47925
 20
20650
 30
0
 11
48075
 21
20800
 31
0
  0
LINE
  5
C3B
100
AcDbEntity
  8
WALL
100
AcDbLine
 10
47925
 20
20800
 30
0
 11
48075
 21
20950
 31
0
  0
LINE
  5
C3C
100
AcDbEntity
  8
WALL
100
AcDbLine
 10
47925
 20
20950
 30
0
 11
48075
 21
21100
 31
0
  0
LINE
  5
C3D
100
AcDbEntity
  8
WALL
100
AcDbLine
 10
47925
 20
21100
 30
0
 11
48075
 21
21250
 31
0
  0
LINE
  5
C3E
100
AcDbEntity
  8
WALL
100
AcDbLine
 10
47925
 20
21250
 30
0
 11
48075
 21
21400
 31
0
  0
LINE
  5
C3F
100
AcDbEntity
  8
WALL
100
AcDbLine
 10
47925
 20
21400
 30
0
 11
48075
 21
21550
 31
0
  0
LINE
  5
C40
100
AcDbEntity
  8
WALL
100
AcDbLine
 10
47925
 20
21550
 30
0
 11
48075
 21
21700
 31
0
  0
LINE
  5
C41
100
AcDbEntity
  8
WALL
100
AcDbLine
 10
47925
 20
21700
 30
0
 11
48075
 21
21850
 31
0
  0
LINE
  5
C42
100
AcDbEntity
  8
WALL
100
AcDbLine
 10
47925
 20
21850
 30
0
 11
48075
 21
22000
 31
0
  0
LINE
  5
C43
100
AcDbEntity
  8
WALL
100
AcDbLine
 10
47925
 20
22000
 30
0
 11
48075
 21
22150
 31
0
  0
LINE
  5
C44
100
AcDbEntity
  8
WALL
100
AcDbLine
 10
47925
 20
22150
 30
0
 11
48075
 21
22300
 31
0
  0
LINE
  5
C45
100
AcDbEntity
  8
WALL
100
AcDbLine
 10
47925
 20
22300
 30
0
 11
48075
 21
22450
 31
0
  0
LINE
  5
C46
100
AcDbEntity
  8
WALL
100
AcDbLine
 10
47925
 20
22450
 30
0
 11
48075
 21
22600
 31
0
  0
LINE
  5
C47
100
AcDbEntity
  8
WALL
100
AcDbLine
 10
47925
 20
22600
 30
0
 11
48075
 21
22750
 31
0
  0
LINE
  5
C48
100
AcDbEntity
  8
WALL
100
AcDbLine
 10
47925
 20
22750
 30
0
 11
48075
 21
22900
 31
0
  0
LINE
  5
C49
100
AcDbEntity
  8
WALL
100
AcDbLine
 10
47925
 20
22900
 30
0
 11
48075
 21
23050
 31
0
  0
LINE
  5
C4A
100
AcDbEntity
  8
WALL
100
AcDbLine
 10
47925
 20
23050
 30
0
 11
48075
 21
23200
 31
0
  0
LINE
  5
C4B
100
AcDbEntity
  8
WALL
100
AcDbLine
 10
47925
 20
23200
 30
0
 11
48075
 21
23350
 31
0
  0
LINE
  5
C4C
100
AcDbEntity
  8
WALL
100
AcDbLine
 10
47925
 20
23350
 30
0
 11
48075
 21
23500
 31
0
  0
LINE
  5
C4D
100
AcDbEntity
  8
WALL
100
AcDbLine
 10
47925
 20
23500
 30
0
 11
48075
 21
23650
 31
0
  0
LINE
  5
C4E
100
AcDbEntity
  8
WALL
100
AcDbLine
 10
47925
 20
23650
 30
0
 11
48075
 21
23800
 31
0
  0
LINE
  5
C4F
100
AcDbEntity
  8
WALL
100
AcDbLine
 10
47925
 20
23800
 30
0
 11
48075
 21
23950
 31
0
  0
LINE
  5
C50
100
AcDbEntity
  8
WALL
100
AcDbLine
370
50
 10
51925
 20
0
 30
0
 11
51925
 21
3550
 31
0
  0
LINE
  5
C51
100
AcDbEntity
  8
WALL
100
AcDbLine
370
50
 10
52075
 20
3550
 30
0
 11
52075
 21
0
 31
0
  0
LINE
  5
C52
100
AcDbEntity
  8
WALL
100
AcDbLine
 10
51925
 20
0
 30
0
 11
52075
 21
150
 31
0
  0
LINE
  5
C53
100
AcDbEntity
  8
WALL
100
AcDbLine
 10
51925
 20
150
 30
0
 11
52075
 21
300
 31
0
  0
LINE
  5
C54
100
AcDbEntity
  8
WALL
100
AcDbLine
 10
51925
 20
300
 30
0
 11
52075
 21
450
 31
0
  0
LINE
  5
C55
100
AcDbEntity
  8
WALL
100
AcDbLine
 10
51925
 20
450
 30
0
 11
52075
 21
600
 31
0
  0
LINE
  5
C56
100
AcDbEntity
  8
WALL
100
AcDbLine
 10
51925
 20
600
 30
0
 11
52075
 21
750
 31
0
  0
LINE
  5
C57
100
AcDbEntity
  8
WALL
100
AcDbLine
 10
51925
 20
750
 30
0
 11
52075
 21
900
 31
0
  0
LINE
  5
C58
100
AcDbEntity
  8
WALL
100
AcDbLine
 10
51925
 20
900
 30
0
 11
52075
 21
1050
 31
0
  0
LINE
  5
C59
100
AcDbEntity
  8
WALL
100
AcDbLine
 10
51925
 20
1050
 30
0
 11
52075
 21
1200
 31
0
  0
LINE
  5
C5A
100
AcDbEntity
  8
WALL
100
AcDbLine
 10
51925
 20
1200
 30
0
 11
52075
 21
1350
 31
0
  0
LINE
  5
C5B
100
AcDbEntity
  8
WALL
100
AcDbLine
 10
51925
 20
1350
 30
0
 11
52075
 21
1500
 31
0
  0
LINE
  5
C5C
100
AcDbEntity
  8
WALL
100
AcDbLine
 10
51925
 20
1500
 30
0
 11
52075
 21
1650
 31
0
  0
LINE
  5
C5D
100
AcDbEntity
  8
WALL
100
AcDbLine
 10
51925
 20
1650
 30
0
 11
52075
 21
1800
 31
0
  0
LINE
  5
C5E
100
AcDbEntity
  8
WALL
100
AcDbLine
 10
51925
 20
1800
 30
0
 11
52075
 21
1950
 31
0
  0
LINE
  5
C5F
100
AcDbEntity
  8
WALL
100
AcDbLine
 10
51925
 20
1950
 30
0
 11
52075
 21
2100
 31
0
  0
LINE
  5
C60
100
AcDbEntity
  8
WALL
100
AcDbLine
 10
51925
 20
2100
 30
0
 11
52075
 21
2250
 31
0
  0
LINE
  5
C61
100
AcDbEntity
  8
WALL
100
AcDbLine
 10
51925
 20
2250
 30
0
 11
52075
 21
2400
 31
0
  0
LINE
  5
C62
100
AcDbEntity
  8
WALL
100
AcDbLine
 10
51925
 20
2400
 30
0
 11
52075
 21
2550
 31
0
  0
LINE
  5
C63
100
AcDbEntity
  8
WALL
100
AcDbLine
 10
51925
 20
2550
 30
0
 11
52075
 21
2700
 31
0
  0
LINE
  5
C64
100
AcDbEntity
  8
WALL
100
AcDbLine
 10
51925
 20
2700
 30
0
 11
52075
 21
2850
 31
0
  0
LINE
  5
C65
100
AcDbEntity
  8
WALL
100
AcDbLine
 10
51925
 20
2850
 30
0
 11
52075
 21
3000
 31
0
  0
LINE
  5
C66
100
AcDbEntity
  8
WALL
100
AcDbLine
 10
51925
 20
3000
 30
0
 11
52075
 21
3150
 31
0
  0
LINE
  5
C67
100
AcDbEntity
  8
WALL
100
AcDbLine
 10
51925
 20
3150
 30
0
 11
52075
 21
3300
 31
0
  0
LINE
  5
C68
100
AcDbEntity
  8
WALL
100
AcDbLine
 10
51925
 20
3300
 30
0
 11
52075
 21
3450
 31
0
  0
LINE
  5
C69
100
AcDbEntity
  8
WALL
100
AcDbLine
370
50
 10
51925
 20
4450
 30
0
 11
51925
 21
8000
 31
0
  0
LINE
  5
C6A
100
AcDbEntity
  8
WALL
100
AcDbLine
370
50
 10
52075
 20
8000
 30
0
 11
52075
 21
4450
 31
0
  0
LINE
  5
C6B
100
AcDbEntity
  8
WALL
100
AcDbLine
 10
51925
 20
4450
 30
0
 11
52075
 21
4600
 31
0
  0
LINE
  5
C6C
100
AcDbEntity
  8
WALL
100
AcDbLine
 10
51925
 20
4600
 30
0
 11
52075
 21
4750
 31
0
  0
LINE
  5
C6D
100
AcDbEntity
  8
WALL
100
AcDbLine
 10
51925
 20
4750
 30
0
 11
52075
 21
4900
 31
0
  0
LINE
  5
C6E
100
AcDbEntity
  8
WALL
100
AcDbLine
 10
51925
 20
4900
 30
0
 11
52075
 21
5050
 31
0
  0
LINE
  5
C6F
100
AcDbEntity
  8
WALL
100
AcDbLine
 10
51925
 20
5050
 30
0
 11
52075
 21
5200
 31
0
  0
LINE
  5
C70
100
AcDbEntity
  8
WALL
100
AcDbLine
 10
51925
 20
5200
 30
0
 11
52075
 21
5350
 31
0
  0
LINE
  5
C71
100
AcDbEntity
  8
WALL
100
AcDbLine
 10
51925
 20
5350
 30
0
 11
52075
 21
5500
 31
0
  0
LINE
  5
C72
100
AcDbEntity
  8
WALL
100
AcDbLine
 10
51925
 20
5500
 30
0
 11
52075
 21
5650
 31
0
  0
LINE
  5
C73
100
AcDbEntity
  8
WALL
100
AcDbLine
 10
51925
 20
5650
 30
0
 11
52075
 21
5800
 31
0
  0
LINE
  5
C74
100
AcDbEntity
  8
WALL
100
AcDbLine
 10
51925
 20
5800
 30
0
 11
52075
 21
5950
 31
0
  0
LINE
  5
C75
100
AcDbEntity
  8
WALL
100
AcDbLine
 10
51925
 20
5950
 30
0
 11
52075
 21
6100
 31
0
  0
LINE
  5
C76
100
AcDbEntity
  8
WALL
100
AcDbLine
 10
51925
 20
6100
 30
0
 11
52075
 21
6250
 31
0
  0
LINE
  5
C77
100
AcDbEntity
  8
WALL
100
AcDbLine
 10
51925
 20
6250
 30
0
 11
52075
 21
6400
 31
0
  0
LINE
  5
C78
100
AcDbEntity
  8
WALL
100
AcDbLine
 10
51925
 20
6400
 30
0
 11
52075
 21
6550
 31
0
  0
LINE
  5
C79
100
AcDbEntity
  8
WALL
100
AcDbLine
 10
51925
 20
6550
 30
0
 11
52075
 21
6700
 31
0
  0
LINE
  5
C7A
100
AcDbEntity
  8
WALL
100
AcDbLine
 10
51925
 20
6700
 30
0
 11
52075
 21
6850
 31
0
  0
LINE
  5
C7B
100
AcDbEntity
  8
WALL
100
AcDbLine
 10
51925
 20
6850
 30
0
 11
52075
 21
7000
 31
0
  0
LINE
  5
C7C
100
AcDbEntity
  8
WALL
100
AcDbLine
 10
51925
 20
7000
 30
0
 11
52075
 21
7150
 31
0
  0
LINE
  5
C7D
100
AcDbEntity
  8
WALL
100
AcDbLine
 10
51925
 20
7150
 30
0
 11
52075
 21
7300
 31
0
  0
LINE
  5
C7E
100
AcDbEntity
  8
WALL
100
AcDbLine
 10
51925
 20
7300
 30
0
 11
52075
 21
7450
 31
0
  0
LINE
  5
C7F
100
AcDbEntity
  8
WALL
100
AcDbLine
 10
51925
 20
7450
 30
0
 11
52075
 21
7600
 31
0
  0
LINE
  5
C80
100
AcDbEntity
  8
WALL
100
AcDbLine
 10
51925
 20
7600
 30
0
 11
52075
 21
7750
 31
0
  0
LINE
  5
C81
100
AcDbEntity
  8
WALL
100
AcDbLine
 10
51925
 20
7750
 30
0
 11
52075
 21
7900
 31
0
  0
LINE
  5
C82
100
AcDbEntity
  8
WALL
100
AcDbLine
370
50
 10
51925
 20
3550
 30
0
 11
52075
 21
3550
 31
0
  0
LINE
  5
C83
100
AcDbEntity
  8
WALL
100
AcDbLine
370
50
 10
51925
 20
4450
 30
0
 11
52075
 21
4450
 31
0
  0
LINE
  5
C84
100
AcDbEntity
  8
WALL
100
AcDbLine
370
50
 10
51925
 20
8000
 30
0
 11
51925
 21
11550
 31
0
  0
LINE
  5
C85
100
AcDbEntity
  8
WALL
100
AcDbLine
370
50
 10
52075
 20
11550
 30
0
 11
52075
 21
8000
 31
0
  0
LINE
  5
C86
100
AcDbEntity
  8
WALL
100
AcDbLine
 10
51925
 20
8000
 30
0
 11
52075
 21
8150
 31
0
  0
LINE
  5
C87
100
AcDbEntity
  8
WALL
100
AcDbLine
 10
51925
 20
8150
 30
0
 11
52075
 21
8300
 31
0
  0
LINE
  5
C88
100
AcDbEntity
  8
WALL
100
AcDbLine
 10
51925
 20
8300
 30
0
 11
52075
 21
8450
 31
0
  0
LINE
  5
C89
100
AcDbEntity
  8
WALL
100
AcDbLine
 10
51925
 20
8450
 30
0
 11
52075
 21
8600
 31
0
  0
LINE
  5
C8A
100
AcDbEntity
  8
WALL
100
AcDbLine
 10
51925
 20
8600
 30
0
 11
52075
 21
8750
 31
0
  0
LINE
  5
C8B
100
AcDbEntity
  8
WALL
100
AcDbLine
 10
51925
 20
8750
 30
0
 11
52075
 21
8900
 31
0
  0
LINE
  5
C8C
100
AcDbEntity
  8
WALL
100
AcDbLine
 10
51925
 20
8900
 30
0
 11
52075
 21
9050
 31
0
  0
LINE
  5
C8D
100
AcDbEntity
  8
WALL
100
AcDbLine
 10
51925
 20
9050
 30
0
 11
52075
 21
9200
 31
0
  0
LINE
  5
C8E
100
AcDbEntity
  8
WALL
100
AcDbLine
 10
51925
 20
9200
 30
0
 11
52075
 21
9350
 31
0
  0
LINE
  5
C8F
100
AcDbEntity
  8
WALL
100
AcDbLine
 10
51925
 20
9350
 30
0
 11
52075
 21
9500
 31
0
  0
LINE
  5
C90
100
AcDbEntity
  8
WALL
100
AcDbLine
 10
51925
 20
9500
 30
0
 11
52075
 21
9650
 31
0
  0
LINE
  5
C91
100
AcDbEntity
  8
WALL
100
AcDbLine
 10
51925
 20
9650
 30
0
 11
52075
 21
9800
 31
0
  0
LINE
  5
C92
100
AcDbEntity
  8
WALL
100
AcDbLine
 10
51925
 20
9800
 30
0
 11
52075
 21
9950
 31
0
  0
LINE
  5
C93
100
AcDbEntity
  8
WALL
100
AcDbLine
 10
51925
 20
9950
 30
0
 11
52075
 21
10100
 31
0
  0
LINE
  5
C94
100
AcDbEntity
  8
WALL
100
AcDbLine
 10
51925
 20
10100
 30
0
 11
52075
 21
10250
 31
0
  0
LINE
  5
C95
100
AcDbEntity
  8
WALL
100
AcDbLine
 10
51925
 20
10250
 30
0
 11
52075
 21
10400
 31
0
  0
LINE
  5
C96
100
AcDbEntity
  8
WALL
100
AcDbLine
 10
51925
 20
10400
 30
0
 11
52075
 21
10550
 31
0
  0
LINE
  5
C97
100
AcDbEntity
  8
WALL
100
AcDbLine
 10
51925
 20
10550
 30
0
 11
52075
 21
10700
 31
0
  0
LINE
  5
C98
100
AcDbEntity
  8
WALL
100
AcDbLine
 10
51925
 20
10700
 30
0
 11
52075
 21
10850
 31
0
  0
LINE
  5
C99
100
AcDbEntity
  8
WALL
100
AcDbLine
 10
51925
 20
10850
 30
0
 11
52075
 21
11000
 31
0
  0
LINE
  5
C9A
100
AcDbEntity
  8
WALL
100
AcDbLine
 10
51925
 20
11000
 30
0
 11
52075
 21
11150
 31
0
  0
LINE
  5
C9B
100
AcDbEntity
  8
WALL
100
AcDbLine
 10
51925
 20
11150
 30
0
 11
52075
 21
11300
 31
0
  0
LINE
  5
C9C
100
AcDbEntity
  8
WALL
100
AcDbLine
 10
51925
 20
11300
 30
0
 11
52075
 21
11450
 31
0
  0
LINE
  5
C9D
100
AcDbEntity
  8
WALL
100
AcDbLine
370
50
 10
51925
 20
12450
 30
0
 11
51925
 21
16000
 31
0
  0
LINE
  5
C9E
100
AcDbEntity
  8
WALL
100
AcDbLine
370
50
 10
52075
 20
16000
 30
0
 11
52075
 21
12450
 31
0
  0
LINE
  5
C9F
100
AcDbEntity
  8
WALL
100
AcDbLine
 10
51925
 20
12450
 30
0
 11
52075
 21
12600
 31
0
  0
LINE
  5
CA0
100
AcDbEntity
  8
WALL
100
AcDbLine
 10
51925
 20
12600
 30
0
 11
52075
 21
12750
 31
0
  0
LINE
  5
CA1
100
AcDbEntity
  8
WALL
100
AcDbLine
 10
51925
 20
12750
 30
0
 11
52075
 21
12900
 31
0
  0
LINE
  5
CA2
100
AcDbEntity
  8
WALL
100
AcDbLine
 10
51925
 20
12900
 30
0
 11
52075
 21
13050
 31
0
  0
LINE
  5
CA3
100
AcDbEntity
  8
WALL
100
AcDbLine
 10
51925
 20
13050
 30
0
 11
52075
 21
13200
 31
0
  0
LINE
  5
CA4
100
AcDbEntity
  8
WALL
100
AcDbLine
 10
51925
 20
13200
 30
0
 11
52075
 21
13350
 31
0
  0
LINE
  5
CA5
100
AcDbEntity
  8
WALL
100
AcDbLine
 10
51925
 20
13350
 30
0
 11
52075
 21
13500
 31
0
  0
LINE
  5
CA6
100
AcDbEntity
  8
WALL
100
AcDbLine
 10
51925
 20
13500
 30
0
 11
52075
 21
13650
 31
0
  0
LINE
  5
CA7
100
AcDbEntity
  8
WALL
100
AcDbLine
 10
51925
 20
13650
 30
0
 11
52075
 21
13800
 31
0
  0
LINE
  5
CA8
100
AcDbEntity
  8
WALL
100
AcDbLine
 10
51925
 20
13800
 30
0
 11
52075
 21
13950
 31
0
  0
LINE
  5
CA9
100
AcDbEntity
  8
WALL
100
AcDbLine
 10
51925
 20
13950
 30
0
 11
52075
 21
14100
 31
0
  0
LINE
  5
CAA
100
AcDbEntity
  8
WALL
100
AcDbLine
 10
51925
 20
14100
 30
0
 11
52075
 21
14250
 31
0
  0
LINE
  5
CAB
100
AcDbEntity
  8
WALL
100
AcDbLine
 10
51925
 20
14250
 30
0
 11
52075
 21
14400
 31
0
  0
LINE
  5
CAC
100
AcDbEntity
  8
WALL
100
AcDbLine
 10
51925
 20
14400
 30
0
 11
52075
 21
14550
 31
0
  0
LINE
  5
CAD
100
AcDbEntity
  8
WALL
100
AcDbLine
 10
51925
 20
14550
 30
0
 11
52075
 21
14700
 31
0
  0
LINE
  5
CAE
100
AcDbEntity
  8
WALL
100
AcDbLine
 10
51925
 20
14700
 30
0
 11
52075
 21
14850
 31
0
  0
LINE
  5
CAF
100
AcDbEntity
  8
WALL
100
AcDbLine
 10
51925
 20
14850
 30
0
 11
52075
 21
15000
 31
0
  0
LINE
  5
CB0
100
AcDbEntity
  8
WALL
100
AcDbLine
 10
51925
 20
15000
 30
0
 11
52075
 21
15150
 31
0
  0
LINE
  5
CB1
100
AcDbEntity
  8
WALL
100
AcDbLine
 10
51925
 20
15150
 30
0
 11
52075
 21
15300
 31
0
  0
LINE
  5
CB2
100
AcDbEntity
  8
WALL
100
AcDbLine
 10
51925
 20
15300
 30
0
 11
52075
 21
15450
 31
0
  0
LINE
  5
CB3
100
AcDbEntity
  8
WALL
100
AcDbLine
 10
51925
 20
15450
 30
0
 11
52075
 21
15600
 31
0
  0
LINE
  5
CB4
100
AcDbEntity
  8
WALL
100
AcDbLine
 10
51925
 20
15600
 30
0
 11
52075
 21
15750
 31
0
  0
LINE
  5
CB5
100
AcDbEntity
  8
WALL
100
AcDbLine
 10
51925
 20
15750
 30
0
 11
52075
 21
15900
 31
0
  0
LINE
  5
CB6
100
AcDbEntity
  8
WALL
100
AcDbLine
370
50
 10
51925
 20
11550
 30
0
 11
52075
 21
11550
 31
0
  0
LINE
  5
CB7
100
AcDbEntity
  8
WALL
100
AcDbLine
370
50
 10
51925
 20
12450
 30
0
 11
52075
 21
12450
 31
0
  0
LINE
  5
CB8
100
AcDbEntity
  8
WALL
100
AcDbLine
370
50
 10
51925
 20
16000
 30
0
 11
51925
 21
19550
 31
0
  0
LINE
  5
CB9
100
AcDbEntity
  8
WALL
100
AcDbLine
370
50
 10
52075
 20
19550
 30
0
 11
52075
 21
16000
 31
0
  0
LINE
  5
CBA
100
AcDbEntity
  8
WALL
100
AcDbLine
 10
51925
 20
16000
 30
0
 11
52075
 21
16150
 31
0
  0
LINE
  5
CBB
100
AcDbEntity
  8
WALL
100
AcDbLine
 10
51925
 20
16150
 30
0
 11
52075
 21
16300
 31
0
  0
LINE
  5
CBC
100
AcDbEntity
  8
WALL
100
AcDbLine
 10
51925
 20
16300
 30
0
 11
52075
 21
16450
 31
0
  0
LINE
  5
CBD
100
AcDbEntity
  8
WALL
100
AcDbLine
 10
51925
 20
16450
 30
0
 11
52075
 21
16600
 31
0
  0
LINE
  5
CBE
100
AcDbEntity
  8
WALL
100
AcDbLine
 10
51925
 20
16600
 30
0
 11
52075
 21
16750
 31
0
  0
LINE
  5
CBF
100
AcDbEntity
  8
WALL
100
AcDbLine
 10
51925
 20
16750
 30
0
 11
52075
 21
16900
 31
0
  0
LINE
  5
CC0
100
AcDbEntity
  8
WALL
100
AcDbLine
 10
51925
 20
16900
 30
0
 11
52075
 21
17050
 31
0
  0
LINE
  5
CC1
100
AcDbEntity
  8
WALL
100
AcDbLine
 10
51925
 20
17050
 30
0
 11
52075
 21
17200
 31
0
  0
LINE
  5
CC2
100
AcDbEntity
  8
WALL
100
AcDbLine
 10
51925
 20
17200
 30
0
 11
52075
 21
17350
 31
0
  0
LINE
  5
CC3
100
AcDbEntity
  8
WALL
100
AcDbLine
 10
51925
 20
17350
 30
0
 11
52075
 21
17500
 31
0
  0
LINE
  5
CC4
100
AcDbEntity
  8
WALL
100
AcDbLine
 10
51925
 20
17500
 30
0
 11
52075
 21
17650
 31
0
  0
LINE
  5
CC5
100
AcDbEntity
  8
WALL
100
AcDbLine
 10
51925
 20
17650
 30
0
 11
52075
 21
17800
 31
0
  0
LINE
  5
CC6
100
AcDbEntity
  8
WALL
100
AcDbLine
 10
51925
 20
17800
 30
0
 11
52075
 21
17950
 31
0
  0
LINE
  5
CC7
100
AcDbEntity
  8
WALL
100
AcDbLine
 10
51925
 20
17950
 30
0
 11
52075
 21
18100
 31
0
  0
LINE
  5
CC8
100
AcDbEntity
  8
WALL
100
AcDbLine
 10
51925
 20
18100
 30
0
 11
52075
 21
18250
 31
0
  0
LINE
  5
CC9
100
AcDbEntity
  8
WALL
100
AcDbLine
 10
51925
 20
18250
 30
0
 11
52075
 21
18400
 31
0
  0
LINE
  5
CCA
100
AcDbEntity
  8
WALL
100
AcDbLine
 10
51925
 20
18400
 30
0
 11
52075
 21
18550
 31
0
  0
LINE
  5
CCB
100
AcDbEntity
  8
WALL
100
AcDbLine
 10
51925
 20
18550
 30
0
 11
52075
 21
18700
 31
0
  0
LINE
  5
CCC
100
AcDbEntity
  8
WALL
100
AcDbLine
 10
51925
 20
18700
 30
0
 11
52075
 21
18850
 31
0
  0
LINE
  5
CCD
100
AcDbEntity
  8
WALL
100
AcDbLine
 10
51925
 20
18850
 30
0
 11
52075
 21
19000
 31
0
  0
LINE
  5
CCE
100
AcDbEntity
  8
WALL
100
AcDbLine
 10
51925
 20
19000
 30
0
 11
52075
 21
19150
 31
0
  0
LINE
  5
CCF
100
AcDbEntity
  8
WALL
100
AcDbLine
 10
51925
 20
19150
 30
0
 11
52075
 21
19300
 31
0
  0
LINE
  5
CD0
100
AcDbEntity
  8
WALL
100
AcDbLine
 10
51925
 20
19300
 30
0
 11
52075
 21
19450
 31
0
  0
LINE
  5
CD1
100
AcDbEntity
  8
WALL
100
AcDbLine
370
50
 10
51925
 20
20450
 30
0
 11
51925
 21
24000
 31
0
  0
LINE
  5
CD2
100
AcDbEntity
  8
WALL
100
AcDbLine
370
50
 10
52075
 20
24000
 30
0
 11
52075
 21
20450
 31
0
  0
LINE
  5
CD3
100
AcDbEntity
  8
WALL
100
AcDbLine
 10
51925
 20
20450
 30
0
 11
52075
 21
20600
 31
0
  0
LINE
  5
CD4
100
AcDbEntity
  8
WALL
100
AcDbLine
 10
51925
 20
20600
 30
0
 11
52075
 21
20750
 31
0
  0
LINE
  5
CD5
100
AcDbEntity
  8
WALL
100
AcDbLine
 10
51925
 20
20750
 30
0
 11
52075
 21
20900
 31
0
  0
LINE
  5
CD6
100
AcDbEntity
  8
WALL
100
AcDbLine
 10
51925
 20
20900
 30
0
 11
52075
 21
21050
 31
0
  0
LINE
  5
CD7
100
AcDbEntity
  8
WALL
100
AcDbLine
 10
51925
 20
21050
 30
0
 11
52075
 21
21200
 31
0
  0
LINE
  5
CD8
100
AcDbEntity
  8
WALL
100
AcDbLine
 10
51925
 20
21200
 30
0
 11
52075
 21
21350
 31
0
  0
LINE
  5
CD9
100
AcDbEntity
  8
WALL
100
AcDbLine
 10
51925
 20
21350
 30
0
 11
52075
 21
21500
 31
0
  0
LINE
  5
CDA
100
AcDbEntity
  8
WALL
100
AcDbLine
 10
51925
 20
21500
 30
0
 11
52075
 21
21650
 31
0
  0
LINE
  5
CDB
100
AcDbEntity
  8
WALL
100
AcDbLine
 10
51925
 20
21650
 30
0
 11
52075
 21
21800
 31
0
  0
LINE
  5
CDC
100
AcDbEntity
  8
WALL
100
AcDbLine
 10
51925
 20
21800
 30
0
 11
52075
 21
21950
 31
0
  0
LINE
  5
CDD
100
AcDbEntity
  8
WALL
100
AcDbLine
 10
51925
 20
21950
 30
0
 11
52075
 21
22100
 31
0
  0
LINE
  5
CDE
100
AcDbEntity
  8
WALL
100
AcDbLine
 10
51925
 20
22100
 30
0
 11
52075
 21
22250
 31
0
  0
LINE
  5
CDF
100
AcDbEntity
  8
WALL
100
AcDbLine
 10
51925
 20
22250
 30
0
 11
52075
 21
22400
 31
0
  0
LINE
  5
CE0
100
AcDbEntity
  8
WALL
100
AcDbLine
 10
51925
 20
22400
 30
0
 11
52075
 21
22550
 31
0
  0
LINE
  5
CE1
100
AcDbEntity
  8
WALL
100
AcDbLine
 10
51925
 20
22550
 30
0
 11
52075
 21
22700
 31
0
  0
LINE
  5
CE2
100
AcDbEntity
  8
WALL
100
AcDbLine
 10
51925
 20
22700
 30
0
 11
52075
 21
22850
 31
0
  0
LINE
  5
CE3
100
AcDbEntity
  8
WALL
100
AcDbLine
 10
51925
 20
22850
 30
0
 11
52075
 21
23000
 31
0
  0
LINE
  5
CE4
100
AcDbEntity
  8
WALL
100
AcDbLine
 10
51925
 20
23000
 30
0
 11
52075
 21
23150
 31
0
  0
LINE
  5
CE5
100
AcDbEntity
  8
WALL
100
AcDbLine
 10
51925
 20
23150
 30
0
 11
52075
 21
23300
 31
0
  0
LINE
  5
CE6
100
AcDbEntity
  8
WALL
100
AcDbLine
 10
51925
 20
23300
 30
0
 11
52075
 21
23450
 31
0
  0
LINE
  5
CE7
100
AcDbEntity
  8
WALL
100
AcDbLine
 10
51925
 20
23450
 30
0
 11
52075
 21
23600
 31
0
  0
LINE
  5
CE8
100
AcDbEntity
  8
WALL
100
AcDbLine
 10
51925
 20
23600
 30
0
 11
52075
 21
23750
 31
0
  0
LINE
  5
CE9
100
AcDbEntity
  8
WALL
100
AcDbLine
 10
51925
 20
23750
 30
0
 11
52075
 21
23900
 31
0
  0
LINE
  5
CEA
100
AcDbEntity
  8
WALL
100
AcDbLine
370
50
 10
51925
 20
19550
 30
0
 11
52075
 21
19550
 31
0
  0
LINE
  5
CEB
100
AcDbEntity
  8
WALL
100
AcDbLine
370
50
 10
51925
 20
20450
 30
0
 11
52075
 21
20450
 31
0
  0
LINE
  5
CEC
100
AcDbEntity
  8
WALL
100
AcDbLine
370
50
 10
55925
 20
0
 30
0
 11
55925
 21
3550
 31
0
  0
LINE
  5
CED
100
AcDbEntity
  8
WALL
100
AcDbLine
370
50
 10
56075
 20
3550
 30
0
 11
56075
 21
0
 31
0
  0
LINE
  5
CEE
100
AcDbEntity
  8
WALL
100
AcDbLine
 10
55925
 20
0
 30
0
 11
56075
 21
150
 31
0
  0
LINE
  5
CEF
100
AcDbEntity
  8
WALL
100
AcDbLine
 10
55925
 20
150
 30
0
 11
56075
 21
300
 31
0
  0
LINE
  5
CF0
100
AcDbEntity
  8
WALL
100
AcDbLine
 10
55925
 20
300
 30
0
 11
56075
 21
450
 31
0
  0
LINE
  5
CF1
100
AcDbEntity
  8
WALL
100
AcDbLine
 10
55925
 20
450
 30
0
 11
56075
 21
600
 31
0
  0
LINE
  5
CF2
100
AcDbEntity
  8
WALL
100
AcDbLine
 10
55925
 20
600
 30
0
 11
56075
 21
750
 31
0
  0
LINE
  5
CF3
100
AcDbEntity
  8
WALL
100
AcDbLine
 10
55925
 20
750
 30
0
 11
56075
 21
900
 31
0
  0
LINE
  5
CF4
100
AcDbEntity
  8
WALL
100
AcDbLine
 10
55925
 20
900
 30
0
 11
56075
 21
1050
 31
0
  0
LINE
  5
CF5
100
AcDbEntity
  8
WALL
100
AcDbLine
 10
55925
 20
1050
 30
0
 11
56075
 21
1200
 31
0
  0
LINE
  5
CF6
100
AcDbEntity
  8
WALL
100
AcDbLine
 10
55925
 20
1200
 30
0
 11
56075
 21
1350
 31
0
  0
LINE
  5
CF7
100
AcDbEntity
  8
WALL
100
AcDbLine
 10
55925
 20
1350
 30
0
 11
56075
 21
1500
 31
0
  0
LINE
  5
CF8
100
AcDbEntity
  8
WALL
100
AcDbLine
 10
55925
 20
1500
 30
0
 11
56075
 21
1650
 31
0
  0
LINE
  5
CF9
100
AcDbEntity
  8
WALL
100
AcDbLine
 10
55925
 20
1650
 30
0
 11
56075
 21
1800
 31
0
  0
LINE
  5
CFA
100
AcDbEntity
  8
WALL
100
AcDbLine
 10
55925
 20
1800
 30
0
 11
56075
 21
1950
 31
0
  0
LINE
  5
CFB
100
AcDbEntity
  8
WALL
100
AcDbLine
 10
55925
 20
1950
 30
0
 11
56075
 21
2100
 31
0
  0
LINE
  5
CFC
100
AcDbEntity
  8
WALL
100
AcDbLine
 10
55925
 20
2100
 30
0
 11
56075
 21
2250
 31
0
  0
LINE
  5
CFD
100
AcDbEntity
  8
WALL
100
AcDbLine
 10
55925
 20
2250
 30
0
 11
56075
 21
2400
 31
0
  0
LINE
  5
CFE
100
AcDbEntity
  8
WALL
100
AcDbLine
 10
55925
 20
2400
 30
0
 11
56075
 21
2550
 31
0
  0
LINE
  5
CFF
100
AcDbEntity
  8
WALL
100
AcDbLine
 10
55925
 20
2550
 30
0
 11
56075
 21
2700
 31
0
  0
LINE
  5
D00
100
AcDbEntity
  8
WALL
100
AcDbLine
 10
55925
 20
2700
 30
0
 11
56075
 21
2850
 31
0
  0
LINE
  5
D01
100
AcDbEntity
  8
WALL
100
AcDbLine
 10
55925
 20
2850
 30
0
 11
56075
 21
3000
 31
0
  0
LINE
  5
D02
100
AcDbEntity
  8
WALL
100
AcDbLine
 10
55925
 20
3000
 30
0
 11
56075
 21
3150
 31
0
  0
LINE
  5
D03
100
AcDbEntity
  8
WALL
100
AcDbLine
 10
55925
 20
3150
 30
0
 11
56075
 21
3300
 31
0
  0
LINE
  5
D04
100
AcDbEntity
  8
WALL
100
AcDbLine
 10
55925
 20
3300
 30
0
 11
56075
 21
3450
 31
0
  0
LINE
  5
D05
100
AcDbEntity
  8
WALL
100
AcDbLine
370
50
 10
55925
 20
4450
 30
0
 11
55925
 21
8000
 31
0
  0
LINE
  5
D06
100
AcDbEntity
  8
WALL
100
AcDbLine
370
50
 10
56075
 20
8000
 30
0
 11
56075
 21
4450
 31
0
  0
LINE
  5
D07
100
AcDbEntity
  8
WALL
100
AcDbLine
 10
55925
 20
4450
 30
0
 11
56075
 21
4600
 31
0
  0
LINE
  5
D08
100
AcDbEntity
  8
WALL
100
AcDbLine
 10
55925
 20
4600
 30
0
 11
56075
 21
4750
 31
0
  0
LINE
  5
D09
100
AcDbEntity
  8
WALL
100
AcDbLine
 10
55925
 20
4750
 30
0
 11
56075
 21
4900
 31
0
  0
LINE
  5
D0A
100
AcDbEntity
  8
WALL
100
AcDbLine
 10
55925
 20
4900
 30
0
 11
56075
 21
5050
 31
0
  0
LINE
  5
D0B
100
AcDbEntity
  8
WALL
100
AcDbLine
 10
55925
 20
5050
 30
0
 11
56075
 21
5200
 31
0
  0
LINE
  5
D0C
100
AcDbEntity
  8
WALL
100
AcDbLine
 10
55925
 20
5200
 30
0
 11
56075
 21
5350
 31
0
  0
LINE
  5
D0D
100
AcDbEntity
  8
WALL
100
AcDbLine
 10
55925
 20
5350
 30
0
 11
56075
 21
5500
 31
0
  0
LINE
  5
D0E
100
AcDbEntity
  8
WALL
100
AcDbLine
 10
55925
 20
5500
 30
0
 11
56075
 21
5650
 31
0
  0
LINE
  5
D0F
100
AcDbEntity
  8
WALL
100
AcDbLine
 10
55925
 20
5650
 30
0
 11
56075
 21
5800
 31
0
  0
LINE
  5
D10
100
AcDbEntity
  8
WALL
100
AcDbLine
 10
55925
 20
5800
 30
0
 11
56075
 21
5950
 31
0
  0
LINE
  5
D11
100
AcDbEntity
  8
WALL
100
AcDbLine
 10
55925
 20
5950
 30
0
 11
56075
 21
6100
 31
0
  0
LINE
  5
D12
100
AcDbEntity
  8
WALL
100
AcDbLine
 10
55925
 20
6100
 30
0
 11
56075
 21
6250
 31
0
  0
LINE
  5
D13
100
AcDbEntity
  8
WALL
100
AcDbLine
 10
55925
 20
6250
 30
0
 11
56075
 21
6400
 31
0
  0
LINE
  5
D14
100
AcDbEntity
  8
WALL
100
AcDbLine
 10
55925
 20
6400
 30
0
 11
56075
 21
6550
 31
0
  0
LINE
  5
D15
100
AcDbEntity
  8
WALL
100
AcDbLine
 10
55925
 20
6550
 30
0
 11
56075
 21
6700
 31
0
  0
LINE
  5
D16
100
AcDbEntity
  8
WALL
100
AcDbLine
 10
55925
 20
6700
 30
0
 11
56075
 21
6850
 31
0
  0
LINE
  5
D17
100
AcDbEntity
  8
WALL
100
AcDbLine
 10
55925
 20
6850
 30
0
 11
56075
 21
7000
 31
0
  0
LINE
  5
D18
100
AcDbEntity
  8
WALL
100
AcDbLine
 10
55925
 20
7000
 30
0
 11
56075
 21
7150
 31
0
  0
LINE
  5
D19
100
AcDbEntity
  8
WALL
100
AcDbLine
 10
55925
 20
7150
 30
0
 11
56075
 21
7300
 31
0
  0
LINE
  5
D1A
100
AcDbEntity
  8
WALL
100
AcDbLine
 10
55925
 20
7300
 30
0
 11
56075
 21
7450
 31
0
  0
LINE
  5
D1B
100
AcDbEntity
  8
WALL
100
AcDbLine
 10
55925
 20
7450
 30
0
 11
56075
 21
7600
 31
0
  0
LINE
  5
D1C
100
AcDbEntity
  8
WALL
100
AcDbLine
 10
55925
 20
7600
 30
0
 11
56075
 21
7750
 31
0
  0
LINE
  5
D1D
100
AcDbEntity
  8
WALL
100
AcDbLine
 10
55925
 20
7750
 30
0
 11
56075
 21
7900
 31
0
  0
LINE
  5
D1E
100
AcDbEntity
  8
WALL
100
AcDbLine
370
50
 10
55925
 20
3550
 30
0
 11
56075
 21
3550
 31
0
  0
LINE
  5
D1F
100
AcDbEntity
  8
WALL
100
AcDbLine
370
50
 10
55925
 20
4450
 30
0
 11
56075
 21
4450
 31
0
  0
LINE
  5
D20
100
AcDbEntity
  8
WALL
100
AcDbLine
370
50
 10
55925
 20
8000
 30
0
 11
55925
 21
11550
 31
0
  0
LINE
  5
D21
100
AcDbEntity
  8
WALL
100
AcDbLine
370
50
 10
56075
 20
11550
 30
0
 11
56075
 21
8000
 31
0
  0
LINE
  5
D22
100
AcDbEntity
  8
WALL
100
AcDbLine
 10
55925
 20
8000
 30
0
 11
56075
 21
8150
 31
0
  0
LINE
  5
D23
100
AcDbEntity
  8
WALL
100
AcDbLine
 10
55925
 20
8150
 30
0
 11
56075
 21
8300
 31
0
  0
LINE
  5
D24
100
AcDbEntity
  8
WALL
100
AcDbLine
 10
55925
 20
8300
 30
0
 11
56075
 21
8450
 31
0
  0
LINE
  5
D25
100
AcDbEntity
  8
WALL
100
AcDbLine
 10
55925
 20
8450
 30
0
 11
56075
 21
8600
 31
0
  0
LINE
  5
D26
100
AcDbEntity
  8
WALL
100
AcDbLine
 10
55925
 20
8600
 30
0
 11
56075
 21
8750
 31
0
  0
LINE
  5
D27
100
AcDbEntity
  8
WALL
100
AcDbLine
 10
55925
 20
8750
 30
0
 11
56075
 21
8900
 31
0
  0
LINE
  5
D28
100
AcDbEntity
  8
WALL
100
AcDbLine
 10
55925
 20
8900
 30
0
 11
56075
 21
9050
 31
0
  0
LINE
  5
D29
100
AcDbEntity
  8
WALL
100
AcDbLine
 10
55925
 20
9050
 30
0
 11
56075
 21
9200
 31
0
  0
LINE
  5
D2A
100
AcDbEntity
  8
WALL
100
AcDbLine
 10
55925
 20
9200
 30
0
 11
56075
 21
9350
 31
0
  0
LINE
  5
D2B
100
AcDbEntity
  8
WALL
100
AcDbLine
 10
55925
 20
9350
 30
0
 11
56075
 21
9500
 31
0
  0
LINE
  5
D2C
100
AcDbEntity
  8
WALL
100
AcDbLine
 10
55925
 20
9500
 30
0
 11
56075
 21
9650
 31
0
  0
LINE
  5
D2D
100
AcDbEntity
  8
WALL
100
AcDbLine
 10
55925
 20
9650
 30
0
 11
56075
 21
9800
 31
0
  0
LINE
  5
D2E
100
AcDbEntity
  8
WALL
100
AcDbLine
 10
55925
 20
9800
 30
0
 11
56075
 21
9950
 31
0
  0
LINE
  5
D2F
100
AcDbEntity
  8
WALL
100
AcDbLine
 10
55925
 20
9950
 30
0
 11
56075
 21
10100
 31
0
  0
LINE
  5
D30
100
AcDbEntity
  8
WALL
100
AcDbLine
 10
55925
 20
10100
 30
0
 11
56075
 21
10250
 31
0
  0
LINE
  5
D31
100
AcDbEntity
  8
WALL
100
AcDbLine
 10
55925
 20
10250
 30
0
 11
56075
 21
10400
 31
0
  0
LINE
  5
D32
100
AcDbEntity
  8
WALL
100
AcDbLine
 10
55925
 20
10400
 30
0
 11
56075
 21
10550
 31
0
  0
LINE
  5
D33
100
AcDbEntity
  8
WALL
100
AcDbLine
 10
55925
 20
10550
 30
0
 11
56075
 21
10700
 31
0
  0
LINE
  5
D34
100
AcDbEntity
  8
WALL
100
AcDbLine
 10
55925
 20
10700
 30
0
 11
56075
 21
10850
 31
0
  0
LINE
  5
D35
100
AcDbEntity
  8
WALL
100
AcDbLine
 10
55925
 20
10850
 30
0
 11
56075
 21
11000
 31
0
  0
LINE
  5
D36
100
AcDbEntity
  8
WALL
100
AcDbLine
 10
55925
 20
11000
 30
0
 11
56075
 21
11150
 31
0
  0
LINE
  5
D37
100
AcDbEntity
  8
WALL
100
AcDbLine
 10
55925
 20
11150
 30
0
 11
56075
 21
11300
 31
0
  0
LINE
  5
D38
100
AcDbEntity
  8
WALL
100
AcDbLine
 10
55925
 20
11300
 30
0
 11
56075
 21
11450
 31
0
  0
LINE
  5
D39
100
AcDbEntity
  8
WALL
100
AcDbLine
370
50
 10
55925
 20
12450
 30
0
 11
55925
 21
16000
 31
0
  0
LINE
  5
D3A
100
AcDbEntity
  8
WALL
100
AcDbLine
370
50
 10
56075
 20
16000
 30
0
 11
56075
 21
12450
 31
0
  0
LINE
  5
D3B
100
AcDbEntity
  8
WALL
100
AcDbLine
 10
55925
 20
12450
 30
0
 11
56075
 21
12600
 31
0
  0
LINE
  5
D3C
100
AcDbEntity
  8
WALL
100
AcDbLine
 10
55925
 20
12600
 30
0
 11
56075
 21
12750
 31
0
  0
LINE
  5
D3D
100
AcDbEntity
  8
WALL
100
AcDbLine
 10
55925
 20
12750
 30
0
 11
56075
 21
12900
 31
0
  0
LINE
  5
D3E
100
AcDbEntity
  8
WALL
100
AcDbLine
 10
55925
 20
12900
 30
0
 11
56075
 21
13050
 31
0
  0
LINE
  5
D3F
100
AcDbEntity
  8
WALL
100
AcDbLine
 10
55925
 20
13050
 30
0
 11
56075
 21
13200
 31
0
  0
LINE
  5
D40
100
AcDbEntity
  8
WALL
100
AcDbLine
 10
55925
 20
13200
 30
0
 11
56075
 21
13350
 31
0
  0
LINE
  5
D41
100
AcDbEntity
  8
WALL
100
AcDbLine
 10
55925
 20
13350
 30
0
 11
56075
 21
13500
 31
0
  0
LINE
  5
D42
100
AcDbEntity
  8
WALL
100
AcDbLine
 10
55925
 20
13500
 30
0
 11
56075
 21
13650
 31
0
  0
LINE
  5
D43
100
AcDbEntity
  8
WALL
100
AcDbLine
 10
55925
 20
13650
 30
0
 11
56075
 21
13800
 31
0
  0
LINE
  5
D44
100
AcDbEntity
  8
WALL
100
AcDbLine
 10
55925
 20
13800
 30
0
 11
56075
 21
13950
 31
0
  0
LINE
  5
D45
100
AcDbEntity
  8
WALL
100
AcDbLine
 10
55925
 20
13950
 30
0
 11
56075
 21
14100
 31
0
  0
LINE
  5
D46
100
AcDbEntity
  8
WALL
100
AcDbLine
 10
55925
 20
14100
 30
0
 11
56075
 21
14250
 31
0
  0
LINE
  5
D47
100
AcDbEntity
  8
WALL
100
AcDbLine
 10
55925
 20
14250
 30
0
 11
56075
 21
14400
 31
0
  0
LINE
  5
D48
100
AcDbEntity
  8
WALL
100
AcDbLine
 10
55925
 20
14400
 30
0
 11
56075
 21
14550
 31
0
  0
LINE
  5
D49
100
AcDbEntity
  8
WALL
100
AcDbLine
 10
55925
 20
14550
 30
0
 11
56075
 21
14700
 31
0
  0
LINE
  5
D4A
100
AcDbEntity
  8
WALL
100
AcDbLine
 10
55925
 20
14700
 30
0
 11
56075
 21
14850
 31
0
  0
LINE
  5
D4B
100
AcDbEntity
  8
WALL
100
AcDbLine
 10
55925
 20
14850
 30
0
 11
56075
 21
15000
 31
0
  0
LINE
  5
D4C
100
AcDbEntity
  8
WALL
100
AcDbLine
 10
55925
 20
15000
 30
0
 11
56075
 21
15150
 31
0
  0
LINE
  5
D4D
100
AcDbEntity
  8
WALL
100
AcDbLine
 10
55925
 20
15150
 30
0
 11
56075
 21
15300
 31
0
  0
LINE
  5
D4E
100
AcDbEntity
  8
WALL
100
AcDbLine
 10
55925
 20
15300
 30
0
 11
56075
 21
15450
 31
0
  0
LINE
  5
D4F
100
AcDbEntity
  8
WALL
100
AcDbLine
 10
55925
 20
15450
 30
0
 11
56075
 21
15600
 31
0
  0
LINE
  5
D50
100
AcDbEntity
  8
WALL
100
AcDbLine
 10
55925
 20
15600
 30
0
 11
56075
 21
15750
 31
0
  0
LINE
  5
D51
100
AcDbEntity
  8
WALL
100
AcDbLine
 10
55925
 20
15750
 30
0
 11
56075
 21
15900
 31
0
  0
LINE
  5
D52
100
AcDbEntity
  8
WALL
100
AcDbLine
370
50
 10
55925
 20
11550
 30
0
 11
56075
 21
11550
 31
0
  0
LINE
  5
D53
100
AcDbEntity
  8
WALL
100
AcDbLine
370
50
 10
55925
 20
12450
 30
0
 11
56075
 21
12450
 31
0
  0
LINE
  5
D54
100
AcDbEntity
  8
WALL
100
AcDbLine
370
50
 10
55925
 20
16000
 30
0
 11
55925
 21
19550
 31
0
  0
LINE
  5
D55
100
AcDbEntity
  8
WALL
100
AcDbLine
370
50
 10
56075
 20
19550
 30
0
 11
56075
 21
16000
 31
0
  0
LINE
  5
D56
100
AcDbEntity
  8
WALL
100
AcDbLine
 10
55925
 20
16000
 30
0
 11
56075
 21
16150
 31
0
  0
LINE
  5
D57
100
AcDbEntity
  8
WALL
100
AcDbLine
 10
55925
 20
16150
 30
0
 11
56075
 21
16300
 31
0
  0
LINE
  5
D58
100
AcDbEntity
  8
WALL
100
AcDbLine
 10
55925
 20
16300
 30
0
 11
56075
 21
16450
 31
0
  0
LINE
  5
D59
100
AcDbEntity
  8
WALL
100
AcDbLine
 10
55925
 20
16450
 30
0
 11
56075
 21
16600
 31
0
  0
LINE
  5
D5A
100
AcDbEntity
  8
WALL
100
AcDbLine
 10
55925
 20
16600
 30
0
 11
56075
 21
16750
 31
0
  0
LINE
  5
D5B
100
AcDbEntity
  8
WALL
100
AcDbLine
 10
55925
 20
16750
 30
0
 11
56075
 21
16900
 31
0
  0
LINE
  5
D5C
100
AcDbEntity
  8
WALL
100
AcDbLine
 10
55925
 20
16900
 30
0
 11
56075
 21
17050
 31
0
  0
LINE
  5
D5D
100
AcDbEntity
  8
WALL
100
AcDbLine
 10
55925
 20
17050
 30
0
 11
56075
 21
17200
 31
0
  0
LINE
  5
D5E
100
AcDbEntity
  8
WALL
100
AcDbLine
 10
55925
 20
17200
 30
0
 11
56075
 21
17350
 31
0
  0
LINE
  5
D5F
100
AcDbEntity
  8
WALL
100
AcDbLine
 10
55925
 20
17350
 30
0
 11
56075
 21
17500
 31
0
  0
LINE
  5
D60
100
AcDbEntity
  8
WALL
100
AcDbLine
 10
55925
 20
17500
 30
0
 11
56075
 21
17650
 31
0
  0
LINE
  5
D61
100
AcDbEntity
  8
WALL
100
AcDbLine
 10
55925
 20
17650
 30
0
 11
56075
 21
17800
 31
0
  0
LINE
  5
D62
100
AcDbEntity
  8
WALL
100
AcDbLine
 10
55925
 20
17800
 30
0
 11
56075
 21
17950
 31
0
  0
LINE
  5
D63
100
AcDbEntity
  8
WALL
100
AcDbLine
 10
55925
 20
17950
 30
0
 11
56075
 21
18100
 31
0
  0
LINE
  5
D64
100
AcDbEntity
  8
WALL
100
AcDbLine
 10
55925
 20
18100
 30
0
 11
56075
 21
18250
 31
0
  0
LINE
  5
D65
100
AcDbEntity
  8
WALL
100
AcDbLine
 10
55925
 20
18250
 30
0
 11
56075
 21
18400
 31
0
  0
LINE
  5
D66
100
AcDbEntity
  8
WALL
100
AcDbLine
 10
55925
 20
18400
 30
0
 11
56075
 21
18550
 31
0
  0
LINE
  5
D67
100
AcDbEntity
  8
WALL
100
AcDbLine
 10
55925
 20
18550
 30
0
 11
56075
 21
18700
 31
0
  0
LINE
  5
D68
100
AcDbEntity
  8
WALL
100
AcDbLine
 10
55925
 20
18700
 30
0
 11
56075
 21
18850
 31
0
  0
LINE
  5
D69
100
AcDbEntity
  8
WALL
100
AcDbLine
 10
55925
 20
18850
 30
0
 11
56075
 21
19000
 31
0
  0
LINE
  5
D6A
100
AcDbEntity
  8
WALL
100
AcDbLine
 10
55925
 20
19000
 30
0
 11
56075
 21
19150
 31
0
  0
LINE
  5
D6B
100
AcDbEntity
  8
WALL
100
AcDbLine
 10
55925
 20
19150
 30
0
 11
56075
 21
19300
 31
0
  0
LINE
  5
D6C
100
AcDbEntity
  8
WALL
100
AcDbLine
 10
55925
 20
19300
 30
0
 11
56075
 21
19450
 31
0
  0
LINE
  5
D6D
100
AcDbEntity
  8
WALL
100
AcDbLine
370
50
 10
55925
 20
20450
 30
0
 11
55925
 21
24000
 31
0
  0
LINE
  5
D6E
100
AcDbEntity
  8
WALL
100
AcDbLine
370
50
 10
56075
 20
24000
 30
0
 11
56075
 21
20450
 31
0
  0
LINE
  5
D6F
100
AcDbEntity
  8
WALL
100
AcDbLine
 10
55925
 20
20450
 30
0
 11
56075
 21
20600
 31
0
  0
LINE
  5
D70
100
AcDbEntity
  8
WALL
100
AcDbLine
 10
55925
 20
20600
 30
0
 11
56075
 21
20750
 31
0
  0
LINE
  5
D71
100
AcDbEntity
  8
WALL
100
AcDbLine
 10
55925
 20
20750
 30
0
 11
56075
 21
20900
 31
0
  0
LINE
  5
D72
100
AcDbEntity
  8
WALL
100
AcDbLine
 10
55925
 20
20900
 30
0
 11
56075
 21
21050
 31
0
  0
LINE
  5
D73
100
AcDbEntity
  8
WALL
100
AcDbLine
 10
55925
 20
21050
 30
0
 11
56075
 21
21200
 31
0
  0
LINE
  5
D74
100
AcDbEntity
  8
WALL
100
AcDbLine
 10
55925
 20
21200
 30
0
 11
56075
 21
21350
 31
0
  0
LINE
  5
D75
100
AcDbEntity
  8
WALL
100
AcDbLine
 10
55925
 20
21350
 30
0
 11
56075
 21
21500
 31
0
  0
LINE
  5
D76
100
AcDbEntity
  8
WALL
100
AcDbLine
 10
55925
 20
21500
 30
0
 11
56075
 21
21650
 31
0
  0
LINE
  5
D77
100
AcDbEntity
  8
WALL
100
AcDbLine
 10
55925
 20
21650
 30
0
 11
56075
 21
21800
 31
0
  0
LINE
  5
D78
100
AcDbEntity
  8
WALL
100
AcDbLine
 10
55925
 20
21800
 30
0
 11
56075
 21
21950
 31
0
  0
LINE
  5
D79
100
AcDbEntity
  8
WALL
100
AcDbLine
 10
55925
 20
21950
 30
0
 11
56075
 21
22100
 31
0
  0
LINE
  5
D7A
100
AcDbEntity
  8
WALL
100
AcDbLine
 10
55925
 20
22100
 30
0
 11
56075
 21
22250
 31
0
  0
LINE
  5
D7B
100
AcDbEntity
  8
WALL
100
AcDbLine
 10
55925
 20
22250
 30
0
 11
56075
 21
22400
 31
0
  0
LINE
  5
D7C
100
AcDbEntity
  8
WALL
100
AcDbLine
 10
55925
 20
22400
 30
0
 11
56075
 21
22550
 31
0
  0
LINE
  5
D7D
100
AcDbEntity
  8
WALL
100
AcDbLine
 10
55925
 20
22550
 30
0
 11
56075
 21
22700
 31
0
  0
LINE
  5
D7E
100
AcDbEntity
  8
WALL
100
AcDbLine
 10
55925
 20
22700
 30
0
 11
56075
 21
22850
 31
0
  0
LINE
  5
D7F
100
AcDbEntity
  8
WALL
100
AcDbLine
 10
55925
 20
22850
 30
0
 11
56075
 21
23000
 31
0
  0
LINE
  5
D80
100
AcDbEntity
  8
WALL
100
AcDbLine
 10
55925
 20
23000
 30
0
 11
56075
 21
23150
 31
0
  0
LINE
  5
D81
100
AcDbEntity
  8
WALL
100
AcDbLine
 10
55925
 20
23150
 30
0
 11
56075
 21
23300
 31
0
  0
LINE
  5
D82
100
AcDbEntity
  8
WALL
100
AcDbLine
 10
55925
 20
23300
 30
0
 11
56075
 21
23450
 31
0
  0
LINE
  5
D83
100
AcDbEntity
  8
WALL
100
AcDbLine
 10
55925
 20
23450
 30
0
 11
56075
 21
23600
 31
0
  0
LINE
  5
D84
100
AcDbEntity
  8
WALL
100
AcDbLine
 10
55925
 20
23600
 30
0
 11
56075
 21
23750
 31
0
  0
LINE
  5
D85
100
AcDbEntity
  8
WALL
100
AcDbLine
 10
55925
 20
23750
 30
0
 11
56075
 21
23900
 31
0
  0
LINE
  5
D86
100
AcDbEntity
  8
WALL
100
AcDbLine
370
50
 10
55925
 20
19550
 30
0
 11
56075
 21
19550
 31
0
  0
LINE
  5
D87
100
AcDbEntity
  8
WALL
100
AcDbLine
370
50
 10
55925
 20
20450
 30
0
 11
56075
 21
20450
 31
0
  0
LINE
  5
D88
100
AcDbEntity
  8
WALL
100
AcDbLine
370
50
 10
36000
 20
7925
 30
0
 11
40000
 21
7925
 31
0
  0
LINE
  5
D89
100
AcDbEntity
  8
WALL
100
AcDbLine
370
50
 10
40000
 20
8075
 30
0
 11
36000
 21
8075
 31
0
  0
LINE
  5
D8A
100
AcDbEntity
  8
WALL
100
AcDbLine
 10
36000
 20
7925
 30
0
 11
36150
 21
8075
 31
0
  0
LINE
  5
D8B
100
AcDbEntity
  8
WALL
100
AcDbLine
 10
36150
 20
7925
 30
0
 11
36300
 21
8075
 31
0
  0
LINE
  5
D8C
100
AcDbEntity
  8
WALL
100
AcDbLine
 10
36300
 20
7925
 30
0
 11
36450
 21
8075
 31
0
  0
LINE
  5
D8D
100
AcDbEntity
  8
WALL
100
AcDbLine
 10
36450
 20
7925
 30
0
 11
36600
 21
8075
 31
0
  0
LINE
  5
D8E
100
AcDbEntity
  8
WALL
100
AcDbLine
 10
36600
 20
7925
 30
0
 11
36750
 21
8075
 31
0
  0
LINE
  5
D8F
100
AcDbEntity
  8
WALL
100
AcDbLine
 10
36750
 20
7925
 30
0
 11
36900
 21
8075
 31
0
  0
LINE
  5
D90
100
AcDbEntity
  8
WALL
100
AcDbLine
 10
36900
 20
7925
 30
0
 11
37050
 21
8075
 31
0
  0
LINE
  5
D91
100
AcDbEntity
  8
WALL
100
AcDbLine
 10
37050
 20
7925
 30
0
 11
37200
 21
8075
 31
0
  0
LINE
  5
D92
100
AcDbEntity
  8
WALL
100
AcDbLine
 10
37200
 20
7925
 30
0
 11
37350
 21
8075
 31
0
  0
LINE
  5
D93
100
AcDbEntity
  8
WALL
100
AcDbLine
 10
37350
 20
7925
 30
0
 11
37500
 21
8075
 31
0
  0
LINE
  5
D94
100
AcDbEntity
  8
WALL
100
AcDbLine
 10
37500
 20
7925
 30
0
 11
37650
 21
8075
 31
0
  0
LINE
  5
D95
100
AcDbEntity
  8
WALL
100
AcDbLine
 10
37650
 20
7925
 30
0
 11
37800
 21
8075
 31
0
  0
LINE
  5
D96
100
AcDbEntity
  8
WALL
100
AcDbLine
 10
37800
 20
7925
 30
0
 11
37950
 21
8075
 31
0
  0
LINE
  5
D97
100
AcDbEntity
  8
WALL
100
AcDbLine
 10
37950
 20
7925
 30
0
 11
38100
 21
8075
 31
0
  0
LINE
  5
D98
100
AcDbEntity
  8
WALL
100
AcDbLine
 10
38100
 20
7925
 30
0
 11
38250
 21
8075
 31
0
  0
LINE
  5
D99
100
AcDbEntity
  8
WALL
100
AcDbLine
 10
38250
 20
7925
 30
0
 11
38400
 21
8075
 31
0
  0
LINE
  5
D9A
100
AcDbEntity
  8
WALL
100
AcDbLine
 10
38400
 20
7925
 30
0
 11
38550
 21
8075
 31
0
  0
LINE
  5
D9B
100
AcDbEntity
  8
WALL
100
AcDbLine
 10
38550
 20
7925
 30
0
 11
38700
 21
8075
 31
0
  0
LINE
  5
D9C
100
AcDbEntity
  8
WALL
100
AcDbLine
 10
38700
 20
7925
 30
0
 11
38850
 21
8075
 31
0
  0
LINE
  5
D9D
100
AcDbEntity
  8
WALL
100
AcDbLine
 10
38850
 20
7925
 30
0
 11
39000
 21
8075
 31
0
  0
LINE
  5
D9E
100
AcDbEntity
  8
WALL
100
AcDbLine
 10
39000
 20
7925
 30
0
 11
39150
 21
8075
 31
0
  0
LINE
  5
D9F
100
AcDbEntity
  8
WALL
100
AcDbLine
 10
39150
 20
7925
 30
0
 11
39300
 21
8075
 31
0
  0
LINE
  5
DA0
100
AcDbEntity
  8
WALL
100
AcDbLine
 10
39300
 20
7925
 30
0
 11
39450
 21
8075
 31
0
  0
LINE
  5
DA1
100
AcDbEntity
  8
WALL
100
AcDbLine
 10
39450
 20
7925
 30
0
 11
39600
 21
8075
 31
0
  0
LINE
  5
DA2
100
AcDbEntity
  8
WALL
100
AcDbLine
 10
39600
 20
7925
 30
0
 11
39750
 21
8075
 31
0
  0
LINE
  5
DA3
100
AcDbEntity
  8
WALL
100
AcDbLine
 10
39750
 20
7925
 30
0
 11
39900
 21
8075
 31
0
  0
LINE
  5
DA4
100
AcDbEntity
  8
WALL
100
AcDbLine
370
50
 10
40000
 20
7925
 30
0
 11
41550
 21
7925
 31
0
  0
LINE
  5
DA5
100
AcDbEntity
  8
WALL
100
AcDbLine
370
50
 10
41550
 20
8075
 30
0
 11
40000
 21
8075
 31
0
  0
LINE
  5
DA6
100
AcDbEntity
  8
WALL
100
AcDbLine
 10
40000
 20
7925
 30
0
 11
40150
 21
8075
 31
0
  0
LINE
  5
DA7
100
AcDbEntity
  8
WALL
100
AcDbLine
 10
40150
 20
7925
 30
0
 11
40300
 21
8075
 31
0
  0
LINE
  5
DA8
100
AcDbEntity
  8
WALL
100
AcDbLine
 10
40300
 20
7925
 30
0
 11
40450
 21
8075
 31
0
  0
LINE
  5
DA9
100
AcDbEntity
  8
WALL
100
AcDbLine
 10
40450
 20
7925
 30
0
 11
40600
 21
8075
 31
0
  0
LINE
  5
DAA
100
AcDbEntity
  8
WALL
100
AcDbLine
 10
40600
 20
7925
 30
0
 11
40750
 21
8075
 31
0
  0
LINE
  5
DAB
100
AcDbEntity
  8
WALL
100
AcDbLine
 10
40750
 20
7925
 30
0
 11
40900
 21
8075
 31
0
  0
LINE
  5
DAC
100
AcDbEntity
  8
WALL
100
AcDbLine
 10
40900
 20
7925
 30
0
 11
41050
 21
8075
 31
0
  0
LINE
  5
DAD
100
AcDbEntity
  8
WALL
100
AcDbLine
 10
41050
 20
7925
 30
0
 11
41200
 21
8075
 31
0
  0
LINE
  5
DAE
100
AcDbEntity
  8
WALL
100
AcDbLine
 10
41200
 20
7925
 30
0
 11
41350
 21
8075
 31
0
  0
LINE
  5
DAF
100
AcDbEntity
  8
WALL
100
AcDbLine
 10
41350
 20
7925
 30
0
 11
41500
 21
8075
 31
0
  0
LINE
  5
DB0
100
AcDbEntity
  8
WALL
100
AcDbLine
370
50
 10
42450
 20
7925
 30
0
 11
44000
 21
7925
 31
0
  0
LINE
  5
DB1
100
AcDbEntity
  8
WALL
100
AcDbLine
370
50
 10
44000
 20
8075
 30
0
 11
42450
 21
8075
 31
0
  0
LINE
  5
DB2
100
AcDbEntity
  8
WALL
100
AcDbLine
 10
42450
 20
7925
 30
0
 11
42600
 21
8075
 31
0
  0
LINE
  5
DB3
100
AcDbEntity
  8
WALL
100
AcDbLine
 10
42600
 20
7925
 30
0
 11
42750
 21
8075
 31
0
  0
LINE
  5
DB4
100
AcDbEntity
  8
WALL
100
AcDbLine
 10
42750
 20
7925
 30
0
 11
42900
 21
8075
 31
0
  0
LINE
  5
DB5
100
AcDbEntity
  8
WALL
100
AcDbLine
 10
42900
 20
7925
 30
0
 11
43050
 21
8075
 31
0
  0
LINE
  5
DB6
100
AcDbEntity
  8
WALL
100
AcDbLine
 10
43050
 20
7925
 30
0
 11
43200
 21
8075
 31
0
  0
LINE
  5
DB7
100
AcDbEntity
  8
WALL
100
AcDbLine
 10
43200
 20
7925
 30
0
 11
43350
 21
8075
 31
0
  0
LINE
  5
DB8
100
AcDbEntity
  8
WALL
100
AcDbLine
 10
43350
 20
7925
 30
0
 11
43500
 21
8075
 31
0
  0
LINE
  5
DB9
100
AcDbEntity
  8
WALL
100
AcDbLine
 10
43500
 20
7925
 30
0
 11
43650
 21
8075
 31
0
  0
LINE
  5
DBA
100
AcDbEntity
  8
WALL
100
AcDbLine
 10
43650
 20
7925
 30
0
 11
43800
 21
8075
 31
0
  0
LINE
  5
DBB
100
AcDbEntity
  8
WALL
100
AcDbLine
 10
43800
 20
7925
 30
0
 11
43950
 21
8075
 31
0
  0
LINE
  5
DBC
100
AcDbEntity
  8
WALL
100
AcDbLine
370
50
 10
41550
 20
7925
 30
0
 11
41550
 21
8075
 31
0
  0
LINE
  5
DBD
100
AcDbEntity
  8
WALL
100
AcDbLine
370
50
 10
42450
 20
7925
 30
0
 11
42450
 21
8075
 31
0
  0
LINE
  5
DBE
100
AcDbEntity
  8
WALL
100
AcDbLine
370
50
 10
44000
 20
7925
 30
0
 11
45550
 21
7925
 31
0
  0
LINE
  5
DBF
100
AcDbEntity
  8
WALL
100
AcDbLine
370
50
 10
45550
 20
8075
 30
0
 11
44000
 21
8075
 31
0
  0
LINE
  5
DC0
100
AcDbEntity
  8
WALL
100
AcDbLine
 10
44000
 20
7925
 30
0
 11
44150
 21
8075
 31
0
  0
LINE
  5
DC1
100
AcDbEntity
  8
WALL
100
AcDbLine
 10
44150
 20
7925
 30
0
 11
44300
 21
8075
 31
0
  0
LINE
  5
DC2
100
AcDbEntity
  8
WALL
100
AcDbLine
 10
44300
 20
7925
 30
0
 11
44450
 21
8075
 31
0
  0
LINE
  5
DC3
100
AcDbEntity
  8
WALL
100
AcDbLine
 10
44450
 20
7925
 30
0
 11
44600
 21
8075
 31
0
  0
LINE
  5
DC4
100
AcDbEntity
  8
WALL
100
AcDbLine
 10
44600
 20
7925
 30
0
 11
44750
 21
8075
 31
0
  0
LINE
  5
DC5
100
AcDbEntity
  8
WALL
100
AcDbLine
 10
44750
 20
7925
 30
0
 11
44900
 21
8075
 31
0
  0
LINE
  5
DC6
100
AcDbEntity
  8
WALL
100
AcDbLine
 10
44900
 20
7925
 30
0
 11
45050
 21
8075
 31
0
  0
LINE
  5
DC7
100
AcDbEntity
  8
WALL
100
AcDbLine
 10
45050
 20
7925
 30
0
 11
45200
 21
8075
 31
0
  0
LINE
  5
DC8
100
AcDbEntity
  8
WALL
100
AcDbLine
 10
45200
 20
7925
 30
0
 11
45350
 21
8075
 31
0
  0
LINE
  5
DC9
100
AcDbEntity
  8
WALL
100
AcDbLine
 10
45350
 20
7925
 30
0
 11
45500
 21
8075
 31
0
  0
LINE
  5
DCA
100
AcDbEntity
  8
WALL
100
AcDbLine
370
50
 10
46450
 20
7925
 30
0
 11
48000
 21
7925
 31
0
  0
LINE
  5
DCB
100
AcDbEntity
  8
WALL
100
AcDbLine
370
50
 10
48000
 20
8075
 30
0
 11
46450
 21
8075
 31
0
  0
LINE
  5
DCC
100
AcDbEntity
  8
WALL
100
AcDbLine
 10
46450
 20
7925
 30
0
 11
46600
 21
8075
 31
0
  0
LINE
  5
DCD
100
AcDbEntity
  8
WALL
100
AcDbLine
 10
46600
 20
7925
 30
0
 11
46750
 21
8075
 31
0
  0
LINE
  5
DCE
100
AcDbEntity
  8
WALL
100
AcDbLine
 10
46750
 20
7925
 30
0
 11
46900
 21
8075
 31
0
  0
LINE
  5
DCF
100
AcDbEntity
  8
WALL
100
AcDbLine
 10
46900
 20
7925
 30
0
 11
47050
 21
8075
 31
0
  0
LINE
  5
DD0
100
AcDbEntity
  8
WALL
100
AcDbLine
 10
47050
 20
7925
 30
0
 11
47200
 21
8075
 31
0
  0
LINE
  5
DD1
100
AcDbEntity
  8
WALL
100
AcDbLine
 10
47200
 20
7925
 30
0
 11
47350
 21
8075
 31
0
  0
LINE
  5
DD2
100
AcDbEntity
  8
WALL
100
AcDbLine
 10
47350
 20
7925
 30
0
 11
47500
 21
8075
 31
0
  0
LINE
  5
DD3
100
AcDbEntity
  8
WALL
100
AcDbLine
 10
47500
 20
7925
 30
0
 11
47650
 21
8075
 31
0
  0
LINE
  5
DD4
100
AcDbEntity
  8
WALL
100
AcDbLine
 10
47650
 20
7925
 30
0
 11
47800
 21
8075
 31
0
  0
LINE
  5
DD5
100
AcDbEntity
  8
WALL
100
AcDbLine
 10
47800
 20
7925
 30
0
 11
47950
 21
8075
 31
0
  0
LINE
  5
DD6
100
AcDbEntity
  8
WALL
100
AcDbLine
370
50
 10
45550
 20
7925
 30
0
 11
45550
 21
8075
 31
0
  0
LINE
  5
DD7
100
AcDbEntity
  8
WALL
100
AcDbLine
370
50
 10
46450
 20
7925
 30
0
 11
46450
 21
8075
 31
0
  0
LINE
  5
DD8
100
AcDbEntity
  8
WALL
100
AcDbLine
370
50
 10
48000
 20
7925
 30
0
 11
49550
 21
7925
 31
0
  0
LINE
  5
DD9
100
AcDbEntity
  8
WALL
100
AcDbLine
370
50
 10
49550
 20
8075
 30
0
 11
48000
 21
8075
 31
0
  0
LINE
  5
DDA
100
AcDbEntity
  8
WALL
100
AcDbLine
 10
48000
 20
7925
 30
0
 11
48150
 21
8075
 31
0
  0
LINE
  5
DDB
100
AcDbEntity
  8
WALL
100
AcDbLine
 10
48150
 20
7925
 30
0
 11
48300
 21
8075
 31
0
  0
LINE
  5
DDC
100
AcDbEntity
  8
WALL
100
AcDbLine
 10
48300
 20
7925
 30
0
 11
48450
 21
8075
 31
0
  0
LINE
  5
DDD
100
AcDbEntity
  8
WALL
100
AcDbLine
 10
48450
 20
7925
 30
0
 11
48600
 21
8075
 31
0
  0
LINE
  5
DDE
100
AcDbEntity
  8
WALL
100
AcDbLine
 10
48600
 20
7925
 30
0
 11
48750
 21
8075
 31
0
  0
LINE
  5
DDF
100
AcDbEntity
  8
WALL
100
AcDbLine
 10
48750
 20
7925
 30
0
 11
48900
 21
8075
 31
0
  0
LINE
  5
DE0
100
AcDbEntity
  8
WALL
100
AcDbLine
 10
48900
 20
7925
 30
0
 11
49050
 21
8075
 31
0
  0
LINE
  5
DE1
100
AcDbEntity
  8
WALL
100
AcDbLine
 10
49050
 20
7925
 30
0
 11
49200
 21
8075
 31
0
  0
LINE
  5
DE2
100
AcDbEntity
  8
WALL
100
AcDbLine
 10
49200
 20
7925
 30
0
 11
49350
 21
8075
 31
0
  0
LINE
  5
DE3
100
AcDbEntity
  8
WALL
100
AcDbLine
 10
49350
 20
7925
 30
0
 11
49500
 21
8075
 31
0
  0
LINE
  5
DE4
100
AcDbEntity
  8
WALL
100
AcDbLine
370
50
 10
50450
 20
7925
 30
0
 11
52000
 21
7925
 31
0
  0
LINE
  5
DE5
100
AcDbEntity
  8
WALL
100
AcDbLine
370
50
 10
52000
 20
8075
 30
0
 11
50450
 21
8075
 31
0
  0
LINE
  5
DE6
100
AcDbEntity
  8
WALL
100
AcDbLine
 10
50450
 20
7925
 30
0
 11
50600
 21
8075
 31
0
  0
LINE
  5
DE7
100
AcDbEntity
  8
WALL
100
AcDbLine
 10
50600
 20
7925
 30
0
 11
50750
 21
8075
 31
0
  0
LINE
  5
DE8
100
AcDbEntity
  8
WALL
100
AcDbLine
 10
50750
 20
7925
 30
0
 11
50900
 21
8075
 31
0
  0
LINE
  5
DE9
100
AcDbEntity
  8
WALL
100
AcDbLine
 10
50900
 20
7925
 30
0
 11
51050
 21
8075
 31
0
  0
LINE
  5
DEA
100
AcDbEntity
  8
WALL
100
AcDbLine
 10
51050
 20
7925
 30
0
 11
51200
 21
8075
 31
0
  0
LINE
  5
DEB
100
AcDbEntity
  8
WALL
100
AcDbLine
 10
51200
 20
7925
 30
0
 11
51350
 21
8075
 31
0
  0
LINE
  5
DEC
100
AcDbEntity
  8
WALL
100
AcDbLine
 10
51350
 20
7925
 30
0
 11
51500
 21
8075
 31
0
  0
LINE
  5
DED
100
AcDbEntity
  8
WALL
100
AcDbLine
 10
51500
 20
7925
 30
0
 11
51650
 21
8075
 31
0
  0
LINE
  5
DEE
100
AcDbEntity
  8
WALL
100
AcDbLine
 10
51650
 20
7925
 30
0
 11
51800
 21
8075
 31
0
  0
LINE
  5
DEF
100
AcDbEntity
  8
WALL
100
AcDbLine
 10
51800
 20
7925
 30
0
 11
51950
 21
8075
 31
0
  0
LINE
  5
DF0
100
AcDbEntity
  8
WALL
100
AcDbLine
370
50
 10
49550
 20
7925
 30
0
 11
49550
 21
8075
 31
0
  0
LINE
  5
DF1
100
AcDbEntity
  8
WALL
100
AcDbLine
370
50
 10
50450
 20
7925
 30
0
 11
50450
 21
8075
 31
0
  0
LINE
  5
DF2
100
AcDbEntity
  8
WALL
100
AcDbLine
370
50
 10
52000
 20
7925
 30
0
 11
53550
 21
7925
 31
0
  0
LINE
  5
DF3
100
AcDbEntity
  8
WALL
100
AcDbLine
370
50
 10
53550
 20
8075
 30
0
 11
52000
 21
8075
 31
0
  0
LINE
  5
DF4
100
AcDbEntity
  8
WALL
100
AcDbLine
 10
52000
 20
7925
 30
0
 11
52150
 21
8075
 31
0
  0
LINE
  5
DF5
100
AcDbEntity
  8
WALL
100
AcDbLine
 10
52150
 20
7925
 30
0
 11
52300
 21
8075
 31
0
  0
LINE
  5
DF6
100
AcDbEntity
  8
WALL
100
AcDbLine
 10
52300
 20
7925
 30
0
 11
52450
 21
8075
 31
0
  0
LINE
  5
DF7
100
AcDbEntity
  8
WALL
100
AcDbLine
 10
52450
 20
7925
 30
0
 11
52600
 21
8075
 31
0
  0
LINE
  5
DF8
100
AcDbEntity
  8
WALL
100
AcDbLine
 10
52600
 20
7925
 30
0
 11
52750
 21
8075
 31
0
  0
LINE
  5
DF9
100
AcDbEntity
  8
WALL
100
AcDbLine
 10
52750
 20
7925
 30
0
 11
52900
 21
8075
 31
0
  0
LINE
  5
DFA
100
AcDbEntity
  8
WALL
100
AcDbLine
 10
52900
 20
7925
 30
0
 11
53050
 21
8075
 31
0
  0
LINE
  5
DFB
100
AcDbEntity
  8
WALL
100
AcDbLine
 10
53050
 20
7925
 30
0
 11
53200
 21
8075
 31
0
  0
LINE
  5
DFC
100
AcDbEntity
  8
WALL
100
AcDbLine
 10
53200
 20
7925
 30
0
 11
53350
 21
8075
 31
0
  0
LINE
  5
DFD
100
AcDbEntity
  8
WALL
100
AcDbLine
 10
53350
 20
7925
 30
0
 11
53500
 21
8075
 31
0
  0
LINE
  5
DFE
100
AcDbEntity
  8
WALL
100
AcDbLine
370
50
 10
54450
 20
7925
 30
0
 11
56000
 21
7925
 31
0
  0
LINE
  5
DFF
100
AcDbEntity
  8
WALL
100
AcDbLine
370
50
 10
56000
 20
8075
 30
0
 11
54450
 21
8075
 31
0
  0
LINE
  5
E00
100
AcDbEntity
  8
WALL
100
AcDbLine
 10
54450
 20
7925
 30
0
 11
54600
 21
8075
 31
0
  0
LINE
  5
E01
100
AcDbEntity
  8
WALL
100
AcDbLine
 10
54600
 20
7925
 30
0
 11
54750
 21
8075
 31
0
  0
LINE
  5
E02
100
AcDbEntity
  8
WALL
100
AcDbLine
 10
54750
 20
7925
 30
0
 11
54900
 21
8075
 31
0
  0
LINE
  5
E03
100
AcDbEntity
  8
WALL
100
AcDbLine
 10
54900
 20
7925
 30
0
 11
55050
 21
8075
 31
0
  0
LINE
  5
E04
100
AcDbEntity
  8
WALL
100
AcDbLine
 10
55050
 20
7925
 30
0
 11
55200
 21
8075
 31
0
  0
LINE
  5
E05
100
AcDbEntity
  8
WALL
100
AcDbLine
 10
55200
 20
7925
 30
0
 11
55350
 21
8075
 31
0
  0
LINE
  5
E06
100
AcDbEntity
  8
WALL
100
AcDbLine
 10
55350
 20
7925
 30
0
 11
55500
 21
8075
 31
0
  0
LINE
  5
E07
100
AcDbEntity
  8
WALL
100
AcDbLine
 10
55500
 20
7925
 30
0
 11
55650
 21
8075
 31
0
  0
LINE
  5
E08
100
AcDbEntity
  8
WALL
100
AcDbLine
 10
55650
 20
7925
 30
0
 11
55800
 21
8075
 31
0
  0
LINE
  5
E09
100
AcDbEntity
  8
WALL
100
AcDbLine
 10
55800
 20
7925
 30
0
 11
55950
 21
8075
 31
0
  0
LINE
  5
E0A
100
AcDbEntity
  8
WALL
100
AcDbLine
370
50
 10
53550
 20
7925
 30
0
 11
53550
 21
8075
 31
0
  0
LINE
  5
E0B
100
AcDbEntity
  8
WALL
100
AcDbLine
370
50
 10
54450
 20
7925
 30
0
 11
54450
 21
8075
 31
0
  0
LINE
  5
E0C
100
AcDbEntity
  8
WALL
100
AcDbLine
370
50
 10
56000
 20
7925
 30
0
 11
60000
 21
7925
 31
0
  0
LINE
  5
E0D
100
AcDbEntity
  8
WALL
100
AcDbLine
370
50
 10
60000
 20
8075
 30
0
 11
56000
 21
8075
 31
0
  0
LINE
  5
E0E
100
AcDbEntity
  8
WALL
100
AcDbLine
 10
56000
 20
7925
 30
0
 11
56150
 21
8075
 31
0
  0
LINE
  5
E0F
100
AcDbEntity
  8
WALL
100
AcDbLine
 10
56150
 20
7925
 30
0
 11
56300
 21
8075
 31
0
  0
LINE
  5
E10
100
AcDbEntity
  8
WALL
100
AcDbLine
 10
56300
 20
7925
 30
0
 11
56450
 21
8075
 31
0
  0
LINE
  5
E11
100
AcDbEntity
  8
WALL
100
AcDbLine
 10
56450
 20
7925
 30
0
 11
56600
 21
8075
 31
0
  0
LINE
  5
E12
100
AcDbEntity
  8
WALL
100
AcDbLine
 10
56600
 20
7925
 30
0
 11
56750
 21
8075
 31
0
  0
LINE
  5
E13
100
AcDbEntity
  8
WALL
100
AcDbLine
 10
56750
 20
7925
 30
0
 11
56900
 21
8075
 31
0
  0
LINE
  5
E14
100
AcDbEntity
  8
WALL
100
AcDbLine
 10
56900
 20
7925
 30
0
 11
57050
 21
8075
 31
0
  0
LINE
  5
E15
100
AcDbEntity
  8
WALL
100
AcDbLine
 10
57050
 20
7925
 30
0
 11
57200
 21
8075
 31
0
  0
LINE
  5
E16
100
AcDbEntity
  8
WALL
100
AcDbLine
 10
57200
 20
7925
 30
0
 11
57350
 21
8075
 31
0
  0
LINE
  5
E17
100
AcDbEntity
  8
WALL
100
AcDbLine
 10
57350
 20
7925
 30
0
 11
57500
 21
8075
 31
0
  0
LINE
  5
E18
100
AcDbEntity
  8
WALL
100
AcDbLine
 10
57500
 20
7925
 30
0
 11
57650
 21
8075
 31
0
  0
LINE
  5
E19
100
AcDbEntity
  8
WALL
100
AcDbLine
 10
57650
 20
7925
 30
0
 11
57800
 21
8075
 31
0
  0
LINE
  5
E1A
100
AcDbEntity
  8
WALL
100
AcDbLine
 10
57800
 20
7925
 30
0
 11
57950
 21
8075
 31
0
  0
LINE
  5
E1B
100
AcDbEntity
  8
WALL
100
AcDbLine
 10
57950
 20
7925
 30
0
 11
58100
 21
8075
 31
0
  0
LINE
  5
E1C
100
AcDbEntity
  8
WALL
100
AcDbLine
 10
58100
 20
7925
 30
0
 11
58250
 21
8075
 31
0
  0
LINE
  5
E1D
100
AcDbEntity
  8
WALL
100
AcDbLine
 10
58250
 20
7925
 30
0
 11
58400
 21
8075
 31
0
  0
LINE
  5
E1E
100
AcDbEntity
  8
WALL
100
AcDbLine
 10
58400
 20
7925
 30
0
 11
58550
 21
8075
 31
0
  0
LINE
  5
E1F
100
AcDbEntity
  8
WALL
100
AcDbLine
 10
58550
 20
7925
 30
0
 11
58700
 21
8075
 31
0
  0
LINE
  5
E20
100
AcDbEntity
  8
WALL
100
AcDbLine
 10
58700
 20
7925
 30
0
 11
58850
 21
8075
 31
0
  0
LINE
  5
E21
100
AcDbEntity
  8
WALL
100
AcDbLine
 10
58850
 20
7925
 30
0
 11
59000
 21
8075
 31
0
  0
LINE
  5
E22
100
AcDbEntity
  8
WALL
100
AcDbLine
 10
59000
 20
7925
 30
0
 11
59150
 21
8075
 31
0
  0
LINE
  5
E23
100
AcDbEntity
  8
WALL
100
AcDbLine
 10
59150
 20
7925
 30
0
 11
59300
 21
8075
 31
0
  0
LINE
  5
E24
100
AcDbEntity
  8
WALL
100
AcDbLine
 10
59300
 20
7925
 30
0
 11
59450
 21
8075
 31
0
  0
LINE
  5
E25
100
AcDbEntity
  8
WALL
100
AcDbLine
 10
59450
 20
7925
 30
0
 11
59600
 21
8075
 31
0
  0
LINE
  5
E26
100
AcDbEntity
  8
WALL
100
AcDbLine
 10
59600
 20
7925
 30
0
 11
59750
 21
8075
 31
0
  0
LINE
  5
E27
100
AcDbEntity
  8
WALL
100
AcDbLine
 10
59750
 20
7925
 30
0
 11
59900
 21
8075
 31
0
  0
LINE
  5
E28
100
AcDbEntity
  8
WALL
100
AcDbLine
370
50
 10
36000
 20
15925
 30
0
 11
37550
 21
15925
 31
0
  0
LINE
  5
E29
100
AcDbEntity
  8
WALL
100
AcDbLine
370
50
 10
37550
 20
16075
 30
0
 11
36000
 21
16075
 31
0
  0
LINE
  5
E2A
100
AcDbEntity
  8
WALL
100
AcDbLine
 10
36000
 20
15925
 30
0
 11
36150
 21
16075
 31
0
  0
LINE
  5
E2B
100
AcDbEntity
  8
WALL
100
AcDbLine
 10
36150
 20
15925
 30
0
 11
36300
 21
16075
 31
0
  0
LINE
  5
E2C
100
AcDbEntity
  8
WALL
100
AcDbLine
 10
36300
 20
15925
 30
0
 11
36450
 21
16075
 31
0
  0
LINE
  5
E2D
100
AcDbEntity
  8
WALL
100
AcDbLine
 10
36450
 20
15925
 30
0
 11
36600
 21
16075
 31
0
  0
LINE
  5
E2E
100
AcDbEntity
  8
WALL
100
AcDbLine
 10
36600
 20
15925
 30
0
 11
36750
 21
16075
 31
0
  0
LINE
  5
E2F
100
AcDbEntity
  8
WALL
100
AcDbLine
 10
36750
 20
15925
 30
0
 11
36900
 21
16075
 31
0
  0
LINE
  5
E30
100
AcDbEntity
  8
WALL
100
AcDbLine
 10
36900
 20
15925
 30
0
 11
37050
 21
16075
 31
0
  0
LINE
  5
E31
100
AcDbEntity
  8
WALL
100
AcDbLine
 10
37050
 20
15925
 30
0
 11
37200
 21
16075
 31
0
  0
LINE
  5
E32
100
AcDbEntity
  8
WALL
100
AcDbLine
 10
37200
 20
15925
 30
0
 11
37350
 21
16075
 31
0
  0
LINE
  5
E33
100
AcDbEntity
  8
WALL
100
AcDbLine
 10
37350
 20
15925
 30
0
 11
37500
 21
16075
 31
0
  0
LINE
  5
E34
100
AcDbEntity
  8
WALL
100
AcDbLine
370
50
 10
38450
 20
15925
 30
0
 11
40000
 21
15925
 31
0
  0
LINE
  5
E35
100
AcDbEntity
  8
WALL
100
AcDbLine
370
50
 10
40000
 20
16075
 30
0
 11
38450
 21
16075
 31
0
  0
LINE
  5
E36
100
AcDbEntity
  8
WALL
100
AcDbLine
 10
38450
 20
15925
 30
0
 11
38600
 21
16075
 31
0
  0
LINE
  5
E37
100
AcDbEntity
  8
WALL
100
AcDbLine
 10
38600
 20
15925
 30
0
 11
38750
 21
16075
 31
0
  0
LINE
  5
E38
100
AcDbEntity
  8
WALL
100
AcDbLine
 10
38750
 20
15925
 30
0
 11
38900
 21
16075
 31
0
  0
LINE
  5
E39
100
AcDbEntity
  8
WALL
100
AcDbLine
 10
38900
 20
15925
 30
0
 11
39050
 21
16075
 31
0
  0
LINE
  5
E3A
100
AcDbEntity
  8
WALL
100
AcDbLine
 10
39050
 20
15925
 30
0
 11
39200
 21
16075
 31
0
  0
LINE
  5
E3B
100
AcDbEntity
  8
WALL
100
AcDbLine
 10
39200
 20
15925
 30
0
 11
39350
 21
16075
 31
0
  0
LINE
  5
E3C
100
AcDbEntity
  8
WALL
100
AcDbLine
 10
39350
 20
15925
 30
0
 11
39500
 21
16075
 31
0
  0
LINE
  5
E3D
100
AcDbEntity
  8
WALL
100
AcDbLine
 10
39500
 20
15925
 30
0
 11
39650
 21
16075
 31
0
  0
LINE
  5
E3E
100
AcDbEntity
  8
WALL
100
AcDbLine
 10
39650
 20
15925
 30
0
 11
39800
 21
16075
 31
0
  0
LINE
  5
E3F
100
AcDbEntity
  8
WALL
100
AcDbLine
 10
39800
 20
15925
 30
0
 11
39950
 21
16075
 31
0
  0
LINE
  5
E40
100
AcDbEntity
  8
WALL
100
AcDbLine
370
50
 10
37550
 20
15925
 30
0
 11
37550
 21
16075
 31
0
  0
LINE
  5
E41
100
AcDbEntity
  8
WALL
100
AcDbLine
370
50
 10
38450
 20
15925
 30
0
 11
38450
 21
16075
 31
0
  0
LINE
  5
E42
100
AcDbEntity
  8
WALL
100
AcDbLine
370
50
 10
40000
 20
15925
 30
0
 11
41550
 21
15925
 31
0
  0
LINE
  5
E43
100
AcDbEntity
  8
WALL
100
AcDbLine
370
50
 10
41550
 20
16075
 30
0
 11
40000
 21
16075
 31
0
  0
LINE
  5
E44
100
AcDbEntity
  8
WALL
100
AcDbLine
 10
40000
 20
15925
 30
0
 11
40150
 21
16075
 31
0
  0
LINE
  5
E45
100
AcDbEntity
  8
WALL
100
AcDbLine
 10
40150
 20
15925
 30
0
 11
40300
 21
16075
 31
0
  0
LINE
  5
E46
100
AcDbEntity
  8
WALL
100
AcDbLine
 10
40300
 20
15925
 30
0
 11
40450
 21
16075
 31
0
  0
LINE
  5
E47
100
AcDbEntity
  8
WALL
100
AcDbLine
 10
40450
 20
15925
 30
0
 11
40600
 21
16075
 31
0
  0
LINE
  5
E48
100
AcDbEntity
  8
WALL
100
AcDbLine
 10
40600
 20
15925
 30
0
 11
40750
 21
16075
 31
0
  0
LINE
  5
E49
100
AcDbEntity
  8
WALL
100
AcDbLine
 10
40750
 20
15925
 30
0
 11
40900
 21
16075
 31
0
  0
LINE
  5
E4A
100
AcDbEntity
  8
WALL
100
AcDbLine
 10
40900
 20
15925
 30
0
 11
41050
 21
16075
 31
0
  0
LINE
  5
E4B
100
AcDbEntity
  8
WALL
100
AcDbLine
 10
41050
 20
15925
 30
0
 11
41200
 21
16075
 31
0
  0
LINE
  5
E4C
100
AcDbEntity
  8
WALL
100
AcDbLine
 10
41200
 20
15925
 30
0
 11
41350
 21
16075
 31
0
  0
LINE
  5
E4D
100
AcDbEntity
  8
WALL
100
AcDbLine
 10
41350
 20
15925
 30
0
 11
41500
 21
16075
 31
0
  0
LINE
  5
E4E
100
AcDbEntity
  8
WALL
100
AcDbLine
370
50
 10
42450
 20
15925
 30
0
 11
44000
 21
15925
 31
0
  0
LINE
  5
E4F
100
AcDbEntity
  8
WALL
100
AcDbLine
370
50
 10
44000
 20
16075
 30
0
 11
42450
 21
16075
 31
0
  0
LINE
  5
E50
100
AcDbEntity
  8
WALL
100
AcDbLine
 10
42450
 20
15925
 30
0
 11
42600
 21
16075
 31
0
  0
LINE
  5
E51
100
AcDbEntity
  8
WALL
100
AcDbLine
 10
42600
 20
15925
 30
0
 11
42750
 21
16075
 31
0
  0
LINE
  5
E52
100
AcDbEntity
  8
WALL
100
AcDbLine
 10
42750
 20
15925
 30
0
 11
42900
 21
16075
 31
0
  0
LINE
  5
E53
100
AcDbEntity
  8
WALL
100
AcDbLine
 10
42900
 20
15925
 30
0
 11
43050
 21
16075
 31
0
  0
LINE
  5
E54
100
AcDbEntity
  8
WALL
100
AcDbLine
 10
43050
 20
15925
 30
0
 11
43200
 21
16075
 31
0
  0
LINE
  5
E55
100
AcDbEntity
  8
WALL
100
AcDbLine
 10
43200
 20
15925
 30
0
 11
43350
 21
16075
 31
0
  0
LINE
  5
E56
100
AcDbEntity
  8
WALL
100
AcDbLine
 10
43350
 20
15925
 30
0
 11
43500
 21
16075
 31
0
  0
LINE
  5
E57
100
AcDbEntity
  8
WALL
100
AcDbLine
 10
43500
 20
15925
 30
0
 11
43650
 21
16075
 31
0
  0
LINE
  5
E58
100
AcDbEntity
  8
WALL
100
AcDbLine
 10
43650
 20
15925
 30
0
 11
43800
 21
16075
 31
0
  0
LINE
  5
E59
100
AcDbEntity
  8
WALL
100
AcDbLine
 10
43800
 20
15925
 30
0
 11
43950
 21
16075
 31
0
  0
LINE
  5
E5A
100
AcDbEntity
  8
WALL
100
AcDbLine
370
50
 10
41550
 20
15925
 30
0
 11
41550
 21
16075
 31
0
  0
LINE
  5
E5B
100
AcDbEntity
  8
WALL
100
AcDbLine
370
50
 10
42450
 20
15925
 30
0
 11
42450
 21
16075
 31
0
  0
LINE
  5
E5C
100
AcDbEntity
  8
WALL
100
AcDbLine
370
50
 10
44000
 20
15925
 30
0
 11
45550
 21
15925
 31
0
  0
LINE
  5
E5D
100
AcDbEntity
  8
WALL
100
AcDbLine
370
50
 10
45550
 20
16075
 30
0
 11
44000
 21
16075
 31
0
  0
LINE
  5
E5E
100
AcDbEntity
  8
WALL
100
AcDbLine
 10
44000
 20
15925
 30
0
 11
44150
 21
16075
 31
0
  0
LINE
  5
E5F
100
AcDbEntity
  8
WALL
100
AcDbLine
 10
44150
 20
15925
 30
0
 11
44300
 21
16075
 31
0
  0
LINE
  5
E60
100
AcDbEntity
  8
WALL
100
AcDbLine
 10
44300
 20
15925
 30
0
 11
44450
 21
16075
 31
0
  0
LINE
  5
E61
100
AcDbEntity
  8
WALL
100
AcDbLine
 10
44450
 20
15925
 30
0
 11
44600
 21
16075
 31
0
  0
LINE
  5
E62
100
AcDbEntity
  8
WALL
100
AcDbLine
 10
44600
 20
15925
 30
0
 11
44750
 21
16075
 31
0
  0
LINE
  5
E63
100
AcDbEntity
  8
WALL
100
AcDbLine
 10
44750
 20
15925
 30
0
 11
44900
 21
16075
 31
0
  0
LINE
  5
E64
100
AcDbEntity
  8
WALL
100
AcDbLine
 10
44900
 20
15925
 30
0
 11
45050
 21
16075
 31
0
  0
LINE
  5
E65
100
AcDbEntity
  8
WALL
100
AcDbLine
 10
45050
 20
15925
 30
0
 11
45200
 21
16075
 31
0
  0
LINE
  5
E66
100
AcDbEntity
  8
WALL
100
AcDbLine
 10
45200
 20
15925
 30
0
 11
45350
 21
16075
 31
0
  0
LINE
  5
E67
100
AcDbEntity
  8
WALL
100
AcDbLine
 10
45350
 20
15925
 30
0
 11
45500
 21
16075
 31
0
  0
LINE
  5
E68
100
AcDbEntity
  8
WALL
100
AcDbLine
370
50
 10
46450
 20
15925
 30
0
 11
48000
 21
15925
 31
0
  0
LINE
  5
E69
100
AcDbEntity
  8
WALL
100
AcDbLine
370
50
 10
48000
 20
16075
 30
0
 11
46450
 21
16075
 31
0
  0
LINE
  5
E6A
100
AcDbEntity
  8
WALL
100
AcDbLine
 10
46450
 20
15925
 30
0
 11
46600
 21
16075
 31
0
  0
LINE
  5
E6B
100
AcDbEntity
  8
WALL
100
AcDbLine
 10
46600
 20
15925
 30
0
 11
46750
 21
16075
 31
0
  0
LINE
  5
E6C
100
AcDbEntity
  8
WALL
100
AcDbLine
 10
46750
 20
15925
 30
0
 11
46900
 21
16075
 31
0
  0
LINE
  5
E6D
100
AcDbEntity
  8
WALL
100
AcDbLine
 10
46900
 20
15925
 30
0
 11
47050
 21
16075
 31
0
  0
LINE
  5
E6E
100
AcDbEntity
  8
WALL
100
AcDbLine
 10
47050
 20
15925
 30
0
 11
47200
 21
16075
 31
0
  0
LINE
  5
E6F
100
AcDbEntity
  8
WALL
100
AcDbLine
 10
47200
 20
15925
 30
0
 11
47350
 21
16075
 31
0
  0
LINE
  5
E70
100
AcDbEntity
  8
WALL
100
AcDbLine
 10
47350
 20
15925
 30
0
 11
47500
 21
16075
 31
0
  0
LINE
  5
E71
100
AcDbEntity
  8
WALL
100
AcDbLine
 10
47500
 20
15925
 30
0
 11
47650
 21
16075
 31
0
  0
LINE
  5
E72
100
AcDbEntity
  8
WALL
100
AcDbLine
 10
47650
 20
15925
 30
0
 11
47800
 21
16075
 31
0
  0
LINE
  5
E73
100
AcDbEntity
  8
WALL
100
AcDbLine
 10
47800
 20
15925
 30
0
 11
47950
 21
16075
 31
0
  0
LINE
  5
E74
100
AcDbEntity
  8
WALL
100
AcDbLine
370
50
 10
45550
 20
15925
 30
0
 11
45550
 21
16075
 31
0
  0
LINE
  5
E75
100
AcDbEntity
  8
WALL
100
AcDbLine
370
50
 10
46450
 20
15925
 30
0
 11
46450
 21
16075
 31
0
  0
LINE
  5
E76
100
AcDbEntity
  8
WALL
100
AcDbLine
370
50
 10
48000
 20
15925
 30
0
 11
49550
 21
15925
 31
0
  0
LINE
  5
E77
100
AcDbEntity
  8
WALL
100
AcDbLine
370
50
 10
49550
 20
16075
 30
0
 11
48000
 21
16075
 31
0
  0
LINE
  5
E78
100
AcDbEntity
  8
WALL
100
AcDbLine
 10
48000
 20
15925
 30
0
 11
48150
 21
16075
 31
0
  0
LINE
  5
E79
100
AcDbEntity
  8
WALL
100
AcDbLine
 10
48150
 20
15925
 30
0
 11
48300
 21
16075
 31
0
  0
LINE
  5
E7A
100
AcDbEntity
  8
WALL
100
AcDbLine
 10
48300
 20
15925
 30
0
 11
48450
 21
16075
 31
0
  0
LINE
  5
E7B
100
AcDbEntity
  8
WALL
100
AcDbLine
 10
48450
 20
15925
 30
0
 11
48600
 21
16075
 31
0
  0
LINE
  5
E7C
100
AcDbEntity
  8
WALL
100
AcDbLine
 10
48600
 20
15925
 30
0
 11
48750
 21
16075
 31
0
  0
LINE
  5
E7D
100
AcDbEntity
  8
WALL
100
AcDbLine
 10
48750
 20
15925
 30
0
 11
48900
 21
16075
 31
0
  0
LINE
  5
E7E
100
AcDbEntity
  8
WALL
100
AcDbLine
 10
48900
 20
15925
 30
0
 11
49050
 21
16075
 31
0
  0
LINE
  5
E7F
100
AcDbEntity
  8
WALL
100
AcDbLine
 10
49050
 20
15925
 30
0
 11
49200
 21
16075
 31
0
  0
LINE
  5
E80
100
AcDbEntity
  8
WALL
100
AcDbLine
 10
49200
 20
15925
 30
0
 11
49350
 21
16075
 31
0
  0
LINE
  5
E81
100
AcDbEntity
  8
WALL
100
AcDbLine
 10
49350
 20
15925
 30
0
 11
49500
 21
16075
 31
0
  0
LINE
  5
E82
100
AcDbEntity
  8
WALL
100
AcDbLine
370
50
 10
50450
 20
15925
 30
0
 11
52000
 21
15925
 31
0
  0
LINE
  5
E83
100
AcDbEntity
  8
WALL
100
AcDbLine
370
50
 10
52000
 20
16075
 30
0
 11
50450
 21
16075
 31
0
  0
LINE
  5
E84
100
AcDbEntity
  8
WALL
100
AcDbLine
 10
50450
 20
15925
 30
0
 11
50600
 21
16075
 31
0
  0
LINE
  5
E85
100
AcDbEntity
  8
WALL
100
AcDbLine
 10
50600
 20
15925
 30
0
 11
50750
 21
16075
 31
0
  0
LINE
  5
E86
100
AcDbEntity
  8
WALL
100
AcDbLine
 10
50750
 20
15925
 30
0
 11
50900
 21
16075
 31
0
  0
LINE
  5
E87
100
AcDbEntity
  8
WALL
100
AcDbLine
 10
50900
 20
15925
 30
0
 11
51050
 21
16075
 31
0
  0
LINE
  5
E88
100
AcDbEntity
  8
WALL
100
AcDbLine
 10
51050
 20
15925
 30
0
 11
51200
 21
16075
 31
0
  0
LINE
  5
E89
100
AcDbEntity
  8
WALL
100
AcDbLine
 10
51200
 20
15925
 30
0
 11
51350
 21
16075
 31
0
  0
LINE
  5
E8A
100
AcDbEntity
  8
WALL
100
AcDbLine
 10
51350
 20
15925
 30
0
 11
51500
 21
16075
 31
0
  0
LINE
  5
E8B
100
AcDbEntity
  8
WALL
100
AcDbLine
 10
51500
 20
15925
 30
0
 11
51650
 21
16075
 31
0
  0
LINE
  5
E8C
100
AcDbEntity
  8
WALL
100
AcDbLine
 10
51650
 20
15925
 30
0
 11
51800
 21
16075
 31
0
  0
LINE
  5
E8D
100
AcDbEntity
  8
WALL
100
AcDbLine
 10
51800
 20
15925
 30
0
 11
51950
 21
16075
 31
0
  0
LINE
  5
E8E
100
AcDbEntity
  8
WALL
100
AcDbLine
370
50
 10
49550
 20
15925
 30
0
 11
49550
 21
16075
 31
0
  0
LINE
  5
E8F
100
AcDbEntity
  8
WALL
100
AcDbLine
370
50
 10
50450
 20
15925
 30
0
 11
50450
 21
16075
 31
0
  0
LINE
  5
E90
100
AcDbEntity
  8
WALL
100
AcDbLine
370
50
 10
52000
 20
15925
 30
0
 11
53550
 21
15925
 31
0
  0
LINE
  5
E91
100
AcDbEntity
  8
WALL
100
AcDbLine
370
50
 10
53550
 20
16075
 30
0
 11
52000
 21
16075
 31
0
  0
LINE
  5
E92
100
AcDbEntity
  8
WALL
100
AcDbLine
 10
52000
 20
15925
 30
0
 11
52150
 21
16075
 31
0
  0
LINE
  5
E93
100
AcDbEntity
  8
WALL
100
AcDbLine
 10
52150
 20
15925
 30
0
 11
52300
 21
16075
 31
0
  0
LINE
  5
E94
100
AcDbEntity
  8
WALL
100
AcDbLine
 10
52300
 20
15925
 30
0
 11
52450
 21
16075
 31
0
  0
LINE
  5
E95
100
AcDbEntity
  8
WALL
100
AcDbLine
 10
52450
 20
15925
 30
0
 11
52600
 21
16075
 31
0
  0
LINE
  5
E96
100
AcDbEntity
  8
WALL
100
AcDbLine
 10
52600
 20
15925
 30
0
 11
52750
 21
16075
 31
0
  0
LINE
  5
E97
100
AcDbEntity
  8
WALL
100
AcDbLine
 10
52750
 20
15925
 30
0
 11
52900
 21
16075
 31
0
  0
LINE
  5
E98
100
AcDbEntity
  8
WALL
100
AcDbLine
 10
52900
 20
15925
 30
0
 11
53050
 21
16075
 31
0
  0
LINE
  5
E99
100
AcDbEntity
  8
WALL
100
AcDbLine
 10
53050
 20
15925
 30
0
 11
53200
 21
16075
 31
0
  0
LINE
  5
E9A
100
AcDbEntity
  8
WALL
100
AcDbLine
 10
53200
 20
15925
 30
0
 11
53350
 21
16075
 31
0
  0
LINE
  5
E9B
100
AcDbEntity
  8
WALL
100
AcDbLine
 10
53350
 20
15925
 30
0
 11
53500
 21
16075
 31
0
  0
LINE
  5
E9C
100
AcDbEntity
  8
WALL
100
AcDbLine
370
50
 10
54450
 20
15925
 30
0
 11
56000
 21
15925
 31
0
  0
LINE
  5
E9D
100
AcDbEntity
  8
WALL
100
AcDbLine
370
50
 10
56000
 20
16075
 30
0
 11
54450
 21
16075
 31
0
  0
LINE
  5
E9E
100
AcDbEntity
  8
WALL
100
AcDbLine
 10
54450
 20
15925
 30
0
 11
54600
 21
16075
 31
0
  0
LINE
  5
E9F
100
AcDbEntity
  8
WALL
100
AcDbLine
 10
54600
 20
15925
 30
0
 11
54750
 21
16075
 31
0
  0
LINE
  5
EA0
100
AcDbEntity
  8
WALL
100
AcDbLine
 10
54750
 20
15925
 30
0
 11
54900
 21
16075
 31
0
  0
LINE
  5
EA1
100
AcDbEntity
  8
WALL
100
AcDbLine
 10
54900
 20
15925
 30
0
 11
55050
 21
16075
 31
0
  0
LINE
  5
EA2
100
AcDbEntity
  8
WALL
100
AcDbLine
 10
55050
 20
15925
 30
0
 11
55200
 21
16075
 31
0
  0
LINE
  5
EA3
100
AcDbEntity
  8
WALL
100
AcDbLine
 10
55200
 20
15925
 30
0
 11
55350
 21
16075
 31
0
  0
LINE
  5
EA4
100
AcDbEntity
  8
WALL
100
AcDbLine
 10
55350
 20
15925
 30
0
 11
55500
 21
16075
 31
0
  0
LINE
  5
EA5
100
AcDbEntity
  8
WALL
100
AcDbLine
 10
55500
 20
15925
 30
0
 11
55650
 21
16075
 31
0
  0
LINE
  5
EA6
100
AcDbEntity
  8
WALL
100
AcDbLine
 10
55650
 20
15925
 30
0
 11
55800
 21
16075
 31
0
  0
LINE
  5
EA7
100
AcDbEntity
  8
WALL
100
AcDbLine
 10
55800
 20
15925
 30
0
 11
55950
 21
16075
 31
0
  0
LINE
  5
EA8
100
AcDbEntity
  8
WALL
100
AcDbLine
370
50
 10
53550
 20
15925
 30
0
 11
53550
 21
16075
 31
0
  0
LINE
  5
EA9
100
AcDbEntity
  8
WALL
100
AcDbLine
370
50
 10
54450
 20
15925
 30
0
 11
54450
 21
16075
 31
0
  0
LINE
  5
EAA
100
AcDbEntity
  8
WALL
100
AcDbLine
370
50
 10
56000
 20
15925
 30
0
 11
57550
 21
15925
 31
0
  0
LINE
  5
EAB
100
AcDbEntity
  8
WALL
100
AcDbLine
370
50
 10
57550
 20
16075
 30
0
 11
56000
 21
16075
 31
0
  0
LINE
  5
EAC
100
AcDbEntity
  8
WALL
100
AcDbLine
 10
56000
 20
15925
 30
0
 11
56150
 21
16075
 31
0
  0
LINE
  5
EAD
100
AcDbEntity
  8
WALL
100
AcDbLine
 10
56150
 20
15925
 30
0
 11
56300
 21
16075
 31
0
  0
LINE
  5
EAE
100
AcDbEntity
  8
WALL
100
AcDbLine
 10
56300
 20
15925
 30
0
 11
56450
 21
16075
 31
0
  0
LINE
  5
EAF
100
AcDbEntity
  8
WALL
100
AcDbLine
 10
56450
 20
15925
 30
0
 11
56600
 21
16075
 31
0
  0
LINE
  5
EB0
100
AcDbEntity
  8
WALL
100
AcDbLine
 10
56600
 20
15925
 30
0
 11
56750
 21
16075
 31
0
  0
LINE
  5
EB1
100
AcDbEntity
  8
WALL
100
AcDbLine
 10
56750
 20
15925
 30
0
 11
56900
 21
16075
 31
0
  0
LINE
  5
EB2
100
AcDbEntity
  8
WALL
100
AcDbLine
 10
56900
 20
15925
 30
0
 11
57050
 21
16075
 31
0
  0
LINE
  5
EB3
100
AcDbEntity
  8
WALL
100
AcDbLine
 10
57050
 20
15925
 30
0
 11
57200
 21
16075
 31
0
  0
LINE
  5
EB4
100
AcDbEntity
  8
WALL
100
AcDbLine
 10
57200
 20
15925
 30
0
 11
57350
 21
16075
 31
0
  0
LINE
  5
EB5
100
AcDbEntity
  8
WALL
100
AcDbLine
 10
57350
 20
15925
 30
0
 11
57500
 21
16075
 31
0
  0
LINE
  5
EB6
100
AcDbEntity
  8
WALL
100
AcDbLine
370
50
 10
58450
 20
15925
 30
0
 11
60000
 21
15925
 31
0
  0
LINE
  5
EB7
100
AcDbEntity
  8
WALL
100
AcDbLine
370
50
 10
60000
 20
16075
 30
0
 11
58450
 21
16075
 31
0
  0
LINE
  5
EB8
100
AcDbEntity
  8
WALL
100
AcDbLine
 10
58450
 20
15925
 30
0
 11
58600
 21
16075
 31
0
  0
LINE
  5
EB9
100
AcDbEntity
  8
WALL
100
AcDbLine
 10
58600
 20
15925
 30
0
 11
58750
 21
16075
 31
0
  0
LINE
  5
EBA
100
AcDbEntity
  8
WALL
100
AcDbLine
 10
58750
 20
15925
 30
0
 11
58900
 21
16075
 31
0
  0
LINE
  5
EBB
100
AcDbEntity
  8
WALL
100
AcDbLine
 10
58900
 20
15925
 30
0
 11
59050
 21
16075
 31
0
  0
LINE
  5
EBC
100
AcDbEntity
  8
WALL
100
AcDbLine
 10
59050
 20
15925
 30
0
 11
59200
 21
16075
 31
0
  0
LINE
  5
EBD
100
AcDbEntity
  8
WALL
100
AcDbLine
 10
59200
 20
15925
 30
0
 11
59350
 21
16075
 31
0
  0
LINE
  5
EBE
100
AcDbEntity
  8
WALL
100
AcDbLine
 10
59350
 20
15925
 30
0
 11
59500
 21
16075
 31
0
  0
LINE
  5
EBF
100
AcDbEntity
  8
WALL
100
AcDbLine
 10
59500
 20
15925
 30
0
 11
59650
 21
16075
 31
0
  0
LINE
  5
EC0
100
AcDbEntity
  8
WALL
100
AcDbLine
 10
59650
 20
15925
 30
0
 11
59800
 21
16075
 31
0
  0
LINE
  5
EC1
100
AcDbEntity
  8
WALL
100
AcDbLine
 10
59800
 20
15925
 30
0
 11
59950
 21
16075
 31
0
  0
LINE
  5
EC2
100
AcDbEntity
  8
WALL
100
AcDbLine
370
50
 10
57550
 20
15925
 30
0
 11
57550
 21
16075
 31
0
  0
LINE
  5
EC3
100
AcDbEntity
  8
WALL
100
AcDbLine
370
50
 10
58450
 20
15925
 30
0
 11
58450
 21
16075
 31
0
  0
LWPOLYLINE
  5
EC4
100
AcDbEntity
  8
COLUMN
100
AcDbPolyline
 90
4
 70
1
 10
35885
 20
-115
 10
36115
 20
-115
 10
36115
 20
115
 10
35885
 20
115
  0
LWPOLYLINE
  5
EC5
100
AcDbEntity
  8
COLUMN
100
AcDbPolyline
 90
4
 70
1
 10
35885
 20
7885
 10
36115
 20
7885
 10
36115
 20
8115
 10
35885
 20
8115
  0
LWPOLYLINE
  5
EC6
100
AcDbEntity
  8
COLUMN
100
AcDbPolyline
 90
4
 70
1
 10
35885
 20
15885
 10
36115
 20
15885
 10
36115
 20
16115
 10
35885
 20
16115
  0
LWPOLYLINE
  5
EC7
100
AcDbEntity
  8
COLUMN
100
AcDbPolyline
 90
4
 70
1
 10
35885
 20
23885
 10
36115
 20
23885
 10
36115
 20
24115
 10
35885
 20
24115
  0
LWPOLYLINE
  5
EC8
100
AcDbEntity
  8
COLUMN
100
AcDbPolyline
 90
4
 70
1
 10
39885
 20
-115
 10
40115
 20
-115
 10
40115
 20
115
 10
39885
 20
115
  0
LWPOLYLINE
  5
EC9
100
AcDbEntity
  8
COLUMN
100
AcDbPolyline
 90
4
 70
1
 10
39885
 20
7885
 10
40115
 20
7885
 10
40115
 20
8115
 10
39885
 20
8115
  0
LWPOLYLINE
  5
ECA
100
AcDbEntity
  8
COLUMN
100
AcDbPolyline
 90
4
 70
1
 10
39885
 20
15885
 10
40115
 20
15885
 10
40115
 20
16115
 10
39885
 20
16115
  0
LWPOLYLINE
  5
ECB
100
AcDbEntity
  8
COLUMN
100
AcDbPolyline
 90
4
 70
1
 10
39885
 20
23885
 10
40115
 20
23885
 10
40115
 20
24115
 10
39885
 20
24115
  0
LWPOLYLINE
  5
ECC
100
AcDbEntity
  8
COLUMN
100
AcDbPolyline
 90
4
 70
1
 10
43885
 20
-115
 10
44115
 20
-115
 10
44115
 20
115
 10
43885
 20
115
  0
LWPOLYLINE
  5
ECD
100
AcDbEntity
  8
COLUMN
100
AcDbPolyline
 90
4
 70
1
 10
43885
 20
7885
 10
44115
 20
7885
 10
44115
 20
8115
 10
43885
 20
8115
  0
LWPOLYLINE
  5
ECE
100
AcDbEntity
  8
COLUMN
100
AcDbPolyline
 90
4
 70
1
 10
43885
 20
15885
 10
44115
 20
15885
 10
44115
 20
16115
 10
43885
 20
16115
  0
LWPOLYLINE
  5
ECF
100
AcDbEntity
  8
COLUMN
100
AcDbPolyline
 90
4
 70
1
 10
43885
 20
23885
 10
44115
 20
23885
 10
44115
 20
24115
 10
43885
 20
24115
  0
LWPOLYLINE
  5
ED0
100
AcDbEntity
  8
COLUMN
100
AcDbPolyline
 90
4
 70
1
 10
47885
 20
-115
 10
48115
 20
-115
 10
48115
 20
115
 10
47885
 20
115
  0
LWPOLYLINE
  5
ED1
100
AcDbEntity
  8
COLUMN
100
AcDbPolyline
 90
4
 70
1
 10
47885
 20
7885
 10
48115
 20
7885
 10
48115
 20
8115
 10
47885
 20
8115
  0
LWPOLYLINE
  5
ED2
100
AcDbEntity
  8
COLUMN
100
AcDbPolyline
 90
4
 70
1
 10
47885
 20
15885
 10
48115
 20
15885
 10
48115
 20
16115
 10
47885
 20
16115
  0
LWPOLYLINE
  5
ED3
100
AcDbEntity
  8
COLUMN
100
AcDbPolyline
 90
4
 70
1
 10
47885
 20
23885
 10
48115
 20
23885
 10
48115
 20
24115
 10
47885
 20
24115
  0
LWPOLYLINE
  5
ED4
100
AcDbEntity
  8
COLUMN
100
AcDbPolyline
 90
4
 70
1
 10
51885
 20
-115
 10
52115
 20
-115
 10
52115
 20
115
 10
51885
 20
115
  0
LWPOLYLINE
  5
ED5
100
AcDbEntity
  8
COLUMN
100
AcDbPolyline
 90
4
 70
1
 10
51885
 20
7885
 10
52115
 20
7885
 10
52115
 20
8115
 10
51885
 20
8115
  0
LWPOLYLINE
  5
ED6
100
AcDbEntity
  8
COLUMN
100
AcDbPolyline
 90
4
 70
1
 10
51885
 20
15885
 10
52115
 20
15885
 10
52115
 20
16115
 10
51885
 20
16115
  0
LWPOLYLINE
  5
ED7
100
AcDbEntity
  8
COLUMN
100
AcDbPolyline
 90
4
 70
1
 10
51885
 20
23885
 10
52115
 20
23885
 10
52115
 20
24115
 10
51885
 20
24115
  0
LWPOLYLINE
  5
ED8
100
AcDbEntity
  8
COLUMN
100
AcDbPolyline
 90
4
 70
1
 10
55885
 20
-115
 10
56115
 20
-115
 10
56115
 20
115
 10
55885
 20
115
  0
LWPOLYLINE
  5
ED9
100
AcDbEntity
  8
COLUMN
100
AcDbPolyline
 90
4
 70
1
 10
55885
 20
7885
 10
56115
 20
7885
 10
56115
 20
8115
 10
55885
 20
8115
  0
LWPOLYLINE
  5
EDA
100
AcDbEntity
  8
COLUMN
100
AcDbPolyline
 90
4
 70
1
 10
55885
 20
15885
 10
56115
 20
15885
 10
56115
 20
16115
 10
55885
 20
16115
  0
LWPOLYLINE
  5
EDB
100
AcDbEntity
  8
COLUMN
100
AcDbPolyline
 90
4
 70
1
 10
55885
 20
23885
 10
56115
 20
23885
 10
56115
 20
24115
 10
55885
 20
24115
  0
LWPOLYLINE
  5
EDC
100
AcDbEntity
  8
COLUMN
100
AcDbPolyline
 90
4
 70
1
 10
59885
 20
-115
 10
60115
 20
-115
 10
60115
 20
115
 10
59885
 20
115
  0
LWPOLYLINE
  5
EDD
100
AcDbEntity
  8
COLUMN
100
AcDbPolyline
 90
4
 70
1
 10
59885
 20
7885
 10
60115
 20
7885
 10
60115
 20
8115
 10
59885
 20
8115
  0
LWPOLYLINE
  5
EDE
100
AcDbEntity
  8
COLUMN
100
AcDbPolyline
 90
4
 70
1
 10
59885
 20
15885
 10
60115
 20
15885
 10
60115
 20
16115
 10
59885
 20
16115
  0
LWPOLYLINE
  5
EDF
100
AcDbEntity
  8
COLUMN
100
AcDbPolyline
 90
4
 70
1
 10
59885
 20
23885
 10
60115
 20
23885
 10
60115
 20
24115
 10
59885
 20
24115
  0
TEXT
  5
EE0
100
AcDbEntity
  8
TEXT
100
AcDbText
 10
37518.7500
 20
4018.7500
 30
0
 40
250
  1
LOUNGE
100
AcDbText
  0
TEXT
  5
EE1
100
AcDbEntity
  8
TEXT
100
AcDbText
 10
41500
 20
4018.7500
 30
0
 40
250
  1
DINING
100
AcDbText
  0
TEXT
  5
EE2
100
AcDbEntity
  8
TEXT
100
AcDbText
 10
45500
 20
4018.7500
 30
0
 40
250
  1
KITCHEN
100
AcDbText
  0
TEXT
  5
EE3
100
AcDbEntity
  8
TEXT
100
AcDbText
 10
49500
 20
4018.7500
 30
0
 40
250
  1
KITCHEN
100
AcDbText
  0
TEXT
  5
EE4
100
AcDbEntity
  8
TEXT
100
AcDbText
 10
53500
 20
4018.7500
 30
0
 40
250
  1
DINING
100
AcDbText
  0
TEXT
  5
EE5
100
AcDbEntity
  8
TEXT
100
AcDbText
 10
57481.2500
 20
4018.7500
 30
0
 40
250
  1
LOUNGE
100
AcDbText
  0
TEXT
  5
EE6
100
AcDbEntity
  8
TEXT
100
AcDbText
 10
37518.7500
 20
12000
 30
0
 40
250
  1
STORE
100
AcDbText
  0
TEXT
  5
EE7
100
AcDbEntity
  8
TEXT
100
AcDbText
 10
41500
 20
12000
 30
0
 40
250
  1
STAIR HALL
100
AcDbText
  0
TEXT
  5
EE8
100
AcDbEntity
  8
TEXT
100
AcDbText
 10
45500
 20
12000
 30
0
 40
250
  1
DRESSING
100
AcDbText
  0
LWPOLYLINE
  5
EE9
100
AcDbEntity
  8
SANITARY
100
AcDbPolyline
 90
4
 70
1
 10
44475
 20
15025
 10
44875
 20
15025
 10
44875
 20
15625
 10
44475
 20
15625
  0
TEXT
  5
EEA
100
AcDbEntity
  8
TEXT
100
AcDbText
 10
49500
 20
12000
 30
0
 40
250
  1
DRESSING
100
AcDbText
  0
LWPOLYLINE
  5
EEB
100
AcDbEntity
  8
SANITARY
100
AcDbPolyline
 90
4
 70
1
 10
48475
 20
15025
 10
48875
 20
15025
 10
48875
 20
15625
 10
48475
 20
15625
  0
TEXT
  5
EEC
100
AcDbEntity
  8
TEXT
100
AcDbText
 10
53500
 20
12000
 30
0
 40
250
  1
STAIR HALL
100
AcDbText
  0
TEXT
  5
EED
100
AcDbEntity
  8
TEXT
100
AcDbText
 10
57481.2500
 20
12000
 30
0
 40
250
  1
STORE
100
AcDbText
  0
TEXT
  5
EEE
100
AcDbEntity
  8
TEXT
100
AcDbText
 10
37518.7500
 20
19981.2500
 30
0
 40
250
  1
BEDROOM
100
AcDbText
  0
TEXT
  5
EEF
100
AcDbEntity
  8
TEXT
100
AcDbText
 10
41500
 20
19981.2500
 30
0
 40
250
  1
BEDROOM
100
AcDbText
  0
TEXT
  5
EF0
100
AcDbEntity
  8
TEXT
100
AcDbText
 10
45500
 20
19981.2500
 30
0
 40
250
  1
MASTER BEDROOM
100
AcDbText
  0
TEXT
  5
EF1
100
AcDbEntity
  8
TEXT
100
AcDbText
 10
49500
 20
19981.2500
 30
0
 40
250
  1
MASTER BEDROOM
100
AcDbText
  0
TEXT
  5
EF2
100
AcDbEntity
  8
TEXT
100
AcDbText
 10
53500
 20
19981.2500
 30
0
 40
250
  1
BEDROOM
100
AcDbText
  0
TEXT
  5
EF3
100
AcDbEntity
  8
TEXT
100
AcDbText
 10
57481.2500
 20
19981.2500
 30
0
 40
250
  1
BEDROOM
100
AcDbText
  0
DIMENSION
  5
EF4
100
AcDbEntity
  8
DIM
100
AcDbDimension
  2
*D
 10
36000
 20
-1800
 30
0
 11
48000
 21
-1550
 31
0
 70
33
  1

 42
24000
100
AcDbAlignedDimension
 13
36000
 23
0
 33
0
 14
60000
 24
0
 34
0
  0
DIMENSION
  5
EF5
100
AcDbEntity
  8
DIM
100
AcDbDimension
  2
*D
 10
34200
 20
0
 30
0
 11
34450
 21
12000
 31
0
 70
33
  1

 42
24000
100
AcDbAlignedDimension
 13
36000
 23
0
 33
0
 14
36000
 24
24000
 34
0
  0
DIMENSION
  5
EF6
100
AcDbEntity
  8
DIM
100
AcDbDimension
  2
*D
 10
36000
 20
25200
 30
0
 11
38000
 21
25450
 31
0
 70
33
  1

 42
4000
100
AcDbAlignedDimension
 13
36000
 23
24000
 33
0
 14
40000
 24
24000
 34
0
  0
DIMENSION
  5
EF7
100
AcDbEntity
  8
DIM
100
AcDbDimension
  2
*D
 10
40000
 20
25200
 30
0
 11
42000
 21
25450
 31
0
 70
33
  1

 42
4000
100
AcDbAlignedDimension
 13
40000
 23
24000
 33
0
 14
44000
 24
24000
 34
0
  0
DIMENSION
  5
EF8
100
AcDbEntity
  8
DIM
100
AcDbDimension
  2
*D
 10
44000
 20
25200
 30
0
 11
46000
 21
25450
 31
0
 70
33
  1

 42
4000
100
AcDbAlignedDimension
 13
44000
 23
24000
 33
0
 14
48000
 24
24000
 34
0
  0
DIMENSION
  5
EF9
100
AcDbEntity
  8
DIM
100
AcDbDimension
  2
*D
 10
48000
 20
25200
 30
0
 11
50000
 21
25450
 31
0
 70
33
  1

 42
4000
100
AcDbAlignedDimension
 13
48000
 23
24000
 33
0
 14
52000
 24
24000
 34
0
  0
DIMENSION
  5
EFA
100
AcDbEntity
  8
DIM
100
AcDbDimension
  2
*D
 10
52000
 20
25200
 30
0
 11
54000
 21
25450
 31
0
 70
33
  1

 42
4000
100
AcDbAlignedDimension
 13
52000
 23
24000
 33
0
 14
56000
 24
24000
 34
0
  0
DIMENSION
  5
EFB
100
AcDbEntity
  8
DIM
100
AcDbDimension
  2
*D
 10
56000
 20
25200
 30
0
 11
58000
 21
25450
 31
0
 70
33
  1

 42
4000
100
AcDbAlignedDimension
 13
56000
 23
24000
 33
0
 14
60000
 24
24000
 34
0
  0
DIMENSION
  5
EFC
100
AcDbEntity
  8
DIM
100
AcDbDimension
  2
*D
 10
61200
 20
0
 30
0
 11
61450
 21
4000
 31
0
 70
33
  1

 42
8000
100
AcDbAlignedDimension
 13
60000
 23
0
 33
0
 14
60000
 24
8000
 34
0
  0
DIMENSION
  5
EFD
100
AcDbEntity
  8
DIM
100
AcDbDimension
  2
*D
 10
61200
 20
8000
 30
0
 11
61450
 21
12000
 31
0
 70
33
  1

 42
8000
100
AcDbAlignedDimension
 13
60000
 23
8000
 33
0
 14
60000
 24
16000
 34
0
  0
DIMENSION
  5
EFE
100
AcDbEntity
  8
DIM
100
AcDbDimension
  2
*D
 10
61200
 20
16000
 30
0
 11
61450
 21
20000
 31
0
 70
33
  1

 42
8000
100
AcDbAlignedDimension
 13
60000
 23
16000
 33
0
 14
60000
 24
24000
 34
0
  0
TEXT
  5
EFF
100
AcDbEntity
  8
TEXT
100
AcDbText
 10
36000
 20
-3200
 30
0
 40
450
  1
FIRST FLOOR PLAN
100
AcDbText
  0
TEXT
  5
F00
100
AcDbEntity
  8
TEXT
100
AcDbText
 10
62600
 20
12000
 30
0
 40
300
  1
+3450
100
AcDbText
  0
TEXT
  5
F01
100
AcDbEntity
  8
TEXT
100
AcDbText
 10
36000
 20
-4200
 30
0
 40
250
  1
EACH FLAT OCCUPIES 271 SQUARE METRES ONLY.
100
AcDbText
  0
LWPOLYLINE
  5
F02
100
AcDbEntity
  8
WIND
100
AcDbPolyline
 90
4
 70
1
 10
71940
 20
3400
 10
72060
 20
3400
 10
72060
 20
4600
 10
71940
 20
4600
  0
LWPOLYLINE
  5
F03
100
AcDbEntity
  8
WIND
100
AcDbPolyline
 90
4
 70
1
 10
71940
 20
11400
 10
72060
 20
11400
 10
72060
 20
12600
 10
71940
 20
12600
  0
LWPOLYLINE
  5
F04
100
AcDbEntity
  8
WIND
100
AcDbPolyline
 90
4
 70
1
 10
71940
 20
19400
 10
72060
 20
19400
 10
72060
 20
20600
 10
71940
 20
20600
  0
LWPOLYLINE
  5
F05
100
AcDbEntity
  8
WIND
100
AcDbPolyline
 90
4
 70
1
 10
95940
 20
3400
 10
96060
 20
3400
 10
96060
 20
4600
 10
95940
 20
4600
  0
LWPOLYLINE
  5
F06
100
AcDbEntity
  8
WIND
100
AcDbPolyline
 90
4
 70
1
 10
95940
 20
11400
 10
96060
 20
11400
 10
96060
 20
12600
 10
95940
 20
12600
  0
LWPOLYLINE
  5
F07
100
AcDbEntity
  8
WIND
100
AcDbPolyline
 90
4
 70
1
 10
95940
 20
19400
 10
96060
 20
19400
 10
96060
 20
20600
 10
95940
 20
20600
  0
LWPOLYLINE
  5
F08
100
AcDbEntity
  8
WIND
100
AcDbPolyline
 90
4
 70
1
 10
73400
 20
-60
 10
74600
 20
-60
 10
74600
 20
60
 10
73400
 20
60
  0
LWPOLYLINE
  5
F09
100
AcDbEntity
  8
WIND
100
AcDbPolyline
 90
4
 70
1
 10
77400
 20
-60
 10
78600
 20
-60
 10
78600
 20
60
 10
77400
 20
60
  0
LWPOLYLINE
  5
F0A
100
AcDbEntity
  8
WIND
100
AcDbPolyline
 90
4
 70
1
 10
81400
 20
-60
 10
82600
 20
-60
 10
82600
 20
60
 10
81400
 20
60
  0
LWPOLYLINE
  5
F0B
100
AcDbEntity
  8
WIND
100
AcDbPolyline
 90
4
 70
1
 10
85400
 20
-60
 10
86600
 20
-60
 10
86600
 20
60
 10
85400
 20
60
  0
LWPOLYLINE
  5
F0C
100
AcDbEntity
  8
WIND
100
AcDbPolyline
 90
4
 70
1
 10
89400
 20
-60
 10
90600
 20
-60
 10
90600
 20
60
 10
89400
 20
60
  0
LWPOLYLINE
  5
F0D
100
AcDbEntity
  8
WIND
100
AcDbPolyline
 90
4
 70
1
 10
93400
 20
-60
 10
94600
 20
-60
 10
94600
 20
60
 10
93400
 20
60
  0
LWPOLYLINE
  5
F0E
100
AcDbEntity
  8
WIND
100
AcDbPolyline
 90
4
 70
1
 10
73400
 20
23940
 10
74600
 20
23940
 10
74600
 20
24060
 10
73400
 20
24060
  0
LWPOLYLINE
  5
F0F
100
AcDbEntity
  8
WIND
100
AcDbPolyline
 90
4
 70
1
 10
77400
 20
23940
 10
78600
 20
23940
 10
78600
 20
24060
 10
77400
 20
24060
  0
LWPOLYLINE
  5
F10
100
AcDbEntity
  8
WIND
100
AcDbPolyline
 90
4
 70
1
 10
81400
 20
23940
 10
82600
 20
23940
 10
82600
 20
24060
 10
81400
 20
24060
  0
LWPOLYLINE
  5
F11
100
AcDbEntity
  8
WIND
100
AcDbPolyline
 90
4
 70
1
 10
85400
 20
23940
 10
86600
 20
23940
 10
86600
 20
24060
 10
85400
 20
24060
  0
LWPOLYLINE
  5
F12
100
AcDbEntity
  8
WIND
100
AcDbPolyline
 90
4
 70
1
 10
89400
 20
23940
 10
90600
 20
23940
 10
90600
 20
24060
 10
89400
 20
24060
  0
LWPOLYLINE
  5
F13
100
AcDbEntity
  8
WIND
100
AcDbPolyline
 90
4
 70
1
 10
93400
 20
23940
 10
94600
 20
23940
 10
94600
 20
24060
 10
93400
 20
24060
  0
ARC
  5
F14
100
AcDbEntity
  8
DOOR
100
AcDbCircle
 10
76000
 20
3550
 30
0
 40
900
100
AcDbArc
 50
90
 51
180
  0
LINE
  5
F15
100
AcDbEntity
  8
DOOR
100
AcDbLine
 10
76000
 20
3550
 30
0
 11
75100
 21
3550
 31
0
  0
ARC
  5
F16
100
AcDbEntity
  8
DOOR
100
AcDbCircle
 10
76000
 20
11550
 30
0
 40
900
100
AcDbArc
 50
90
 51
180
  0
LINE
  5
F17
100
AcDbEntity
  8
DOOR
100
AcDbLine
 10
76000
 20
11550
 30
0
 11
75100
 21
11550
 31
0
  0
ARC
  5
F18
100
AcDbEntity
  8
DOOR
100
AcDbCircle
 10
76000
 20
19550
 30
0
 40
900
100
AcDbArc
 50
90
 51
180
  0
LINE
  5
F19
100
AcDbEntity
  8
DOOR
100
AcDbLine
 10
76000
 20
19550
 30
0
 11
75100
 21
19550
 31
0
  0
ARC
  5
F1A
100
AcDbEntity
  8
DOOR
100
AcDbCircle
 10
80000
 20
3550
 30
0
 40
900
100
AcDbArc
 50
90
 51
180
  0
LINE
  5
F1B
100
AcDbEntity
  8
DOOR
100
AcDbLine
 10
80000
 20
3550
 30
0
 11
79100
 21
3550
 31
0
  0
ARC
  5
F1C
100
AcDbEntity
  8
DOOR
100
AcDbCircle
 10
80000
 20
11550
 30
0
 40
900
100
AcDbArc
 50
90
 51
180
  0
LINE
  5
F1D
100
AcDbEntity
  8
DOOR
100
AcDbLine
 10
80000
 20
11550
 30
0
 11
79100
 21
11550
 31
0
  0
ARC
  5
F1E
100
AcDbEntity
  8
DOOR
100
AcDbCircle
 10
80000
 20
19550
 30
0
 40
900
100
AcDbArc
 50
90
 51
180
  0
LINE
  5
F1F
100
AcDbEntity
  8
DOOR
100
AcDbLine
 10
80000
 20
19550
 30
0
 11
79100
 21
19550
 31
0
  0
ARC
  5
F20
100
AcDbEntity
  8
DOOR
100
AcDbCircle
 10
88000
 20
3550
 30
0
 40
900
100
AcDbArc
 50
90
 51
180
  0
LINE
  5
F21
100
AcDbEntity
  8
DOOR
100
AcDbLine
 10
88000
 20
3550
 30
0
 11
87100
 21
3550
 31
0
  0
ARC
  5
F22
100
AcDbEntity
  8
DOOR
100
AcDbCircle
 10
88000
 20
11550
 30
0
 40
900
100
AcDbArc
 50
90
 51
180
  0
LINE
  5
F23
100
AcDbEntity
  8
DOOR
100
AcDbLine
 10
88000
 20
11550
 30
0
 11
87100
 21
11550
 31
0
  0
ARC
  5
F24
100
AcDbEntity
  8
DOOR
100
AcDbCircle
 10
88000
 20
19550
 30
0
 40
900
100
AcDbArc
 50
90
 51
180
  0
LINE
  5
F25
100
AcDbEntity
  8
DOOR
100
AcDbLine
 10
88000
 20
19550
 30
0
 11
87100
 21
19550
 31
0
  0
ARC
  5
F26
100
AcDbEntity
  8
DOOR
100
AcDbCircle
 10
92000
 20
3550
 30
0
 40
900
100
AcDbArc
 50
90
 51
180
  0
LINE
  5
F27
100
AcDbEntity
  8
DOOR
100
AcDbLine
 10
92000
 20
3550
 30
0
 11
91100
 21
3550
 31
0
  0
ARC
  5
F28
100
AcDbEntity
  8
DOOR
100
AcDbCircle
 10
92000
 20
11550
 30
0
 40
900
100
AcDbArc
 50
90
 51
180
  0
LINE
  5
F29
100
AcDbEntity
  8
DOOR
100
AcDbLine
 10
92000
 20
11550
 30
0
 11
91100
 21
11550
 31
0
  0
ARC
  5
F2A
100
AcDbEntity
  8
DOOR
100
AcDbCircle
 10
92000
 20
19550
 30
0
 40
900
100
AcDbArc
 50
90
 51
180
  0
LINE
  5
F2B
100
AcDbEntity
  8
DOOR
100
AcDbLine
 10
92000
 20
19550
 30
0
 11
91100
 21
19550
 31
0
  0
ARC
  5
F2C
100
AcDbEntity
  8
DOOR
100
AcDbCircle
 10
77550
 20
8000
 30
0
 40
900
100
AcDbArc
 50
0
 51
90
  0
LINE
  5
F2D
100
AcDbEntity
  8
DOOR
100
AcDbLine
 10
77550
 20
8000
 30
0
 11
77550
 21
8900
 31
0
  0
ARC
  5
F2E
100
AcDbEntity
  8
DOOR
100
AcDbCircle
 10
81550
 20
8000
 30
0
 40
900
100
AcDbArc
 50
0
 51
90
  0
LINE
  5
F2F
100
AcDbEntity
  8
DOOR
100
AcDbLine
 10
81550
 20
8000
 30
0
 11
81550
 21
8900
 31
0
  0
ARC
  5
F30
100
AcDbEntity
  8
DOOR
100
AcDbCircle
 10
85550
 20
8000
 30
0
 40
900
100
AcDbArc
 50
0
 51
90
  0
LINE
  5
F31
100
AcDbEntity
  8
DOOR
100
AcDbLine
 10
85550
 20
8000
 30
0
 11
85550
 21
8900
 31
0
  0
ARC
  5
F32
100
AcDbEntity
  8
DOOR
100
AcDbCircle
 10
89550
 20
8000
 30
0
 40
900
100
AcDbArc
 50
0
 51
90
  0
LINE
  5
F33
100
AcDbEntity
  8
DOOR
100
AcDbLine
 10
89550
 20
8000
 30
0
 11
89550
 21
8900
 31
0
  0
ARC
  5
F34
100
AcDbEntity
  8
DOOR
100
AcDbCircle
 10
73550
 20
16000
 30
0
 40
900
100
AcDbArc
 50
0
 51
90
  0
LINE
  5
F35
100
AcDbEntity
  8
DOOR
100
AcDbLine
 10
73550
 20
16000
 30
0
 11
73550
 21
16900
 31
0
  0
ARC
  5
F36
100
AcDbEntity
  8
DOOR
100
AcDbCircle
 10
77550
 20
16000
 30
0
 40
900
100
AcDbArc
 50
0
 51
90
  0
LINE
  5
F37
100
AcDbEntity
  8
DOOR
100
AcDbLine
 10
77550
 20
16000
 30
0
 11
77550
 21
16900
 31
0
  0
ARC
  5
F38
100
AcDbEntity
  8
DOOR
100
AcDbCircle
 10
81550
 20
16000
 30
0
 40
900
100
AcDbArc
 50
0
 51
90
  0
LINE
  5
F39
100
AcDbEntity
  8
DOOR
100
AcDbLine
 10
81550
 20
16000
 30
0
 11
81550
 21
16900
 31
0
  0
ARC
  5
F3A
100
AcDbEntity
  8
DOOR
100
AcDbCircle
 10
85550
 20
16000
 30
0
 40
900
100
AcDbArc
 50
0
 51
90
  0
LINE
  5
F3B
100
AcDbEntity
  8
DOOR
100
AcDbLine
 10
85550
 20
16000
 30
0
 11
85550
 21
16900
 31
0
  0
ARC
  5
F3C
100
AcDbEntity
  8
DOOR
100
AcDbCircle
 10
89550
 20
16000
 30
0
 40
900
100
AcDbArc
 50
0
 51
90
  0
LINE
  5
F3D
100
AcDbEntity
  8
DOOR
100
AcDbLine
 10
89550
 20
16000
 30
0
 11
89550
 21
16900
 31
0
  0
ARC
  5
F3E
100
AcDbEntity
  8
DOOR
100
AcDbCircle
 10
93550
 20
16000
 30
0
 40
900
100
AcDbArc
 50
0
 51
90
  0
LINE
  5
F3F
100
AcDbEntity
  8
DOOR
100
AcDbLine
 10
93550
 20
16000
 30
0
 11
93550
 21
16900
 31
0
  0
LINE
  5
F40
100
AcDbEntity
  8
WALL
100
AcDbLine
370
50
 10
71887.5000
 20
0
 30
0
 11
71887.5000
 21
3400
 31
0
  0
LINE
  5
F41
100
AcDbEntity
  8
WALL
100
AcDbLine
370
50
 10
72112.5000
 20
3400
 30
0
 11
72112.5000
 21
0
 31
0
  0
LINE
  5
F42
100
AcDbEntity
  8
WALL
100
AcDbLine
 10
71887.5000
 20
0
 30
0
 11
72112.5000
 21
225
 31
0
  0
LINE
  5
F43
100
AcDbEntity
  8
WALL
100
AcDbLine
 10
71887.5000
 20
150
 30
0
 11
72112.5000
 21
375
 31
0
  0
LINE
  5
F44
100
AcDbEntity
  8
WALL
100
AcDbLine
 10
71887.5000
 20
300
 30
0
 11
72112.5000
 21
525
 31
0
  0
LINE
  5
F45
100
AcDbEntity
  8
WALL
100
AcDbLine
 10
71887.5000
 20
450
 30
0
 11
72112.5000
 21
675
 31
0
  0
LINE
  5
F46
100
AcDbEntity
  8
WALL
100
AcDbLine
 10
71887.5000
 20
600
 30
0
 11
72112.5000
 21
825
 31
0
  0
LINE
  5
F47
100
AcDbEntity
  8
WALL
100
AcDbLine
 10
71887.5000
 20
750
 30
0
 11
72112.5000
 21
975
 31
0
  0
LINE
  5
F48
100
AcDbEntity
  8
WALL
100
AcDbLine
 10
71887.5000
 20
900
 30
0
 11
72112.5000
 21
1125
 31
0
  0
LINE
  5
F49
100
AcDbEntity
  8
WALL
100
AcDbLine
 10
71887.5000
 20
1050
 30
0
 11
72112.5000
 21
1275
 31
0
  0
LINE
  5
F4A
100
AcDbEntity
  8
WALL
100
AcDbLine
 10
71887.5000
 20
1200
 30
0
 11
72112.5000
 21
1425
 31
0
  0
LINE
  5
F4B
100
AcDbEntity
  8
WALL
100
AcDbLine
 10
71887.5000
 20
1350
 30
0
 11
72112.5000
 21
1575
 31
0
  0
LINE
  5
F4C
100
AcDbEntity
  8
WALL
100
AcDbLine
 10
71887.5000
 20
1500
 30
0
 11
72112.5000
 21
1725
 31
0
  0
LINE
  5
F4D
100
AcDbEntity
  8
WALL
100
AcDbLine
 10
71887.5000
 20
1650
 30
0
 11
72112.5000
 21
1875
 31
0
  0
LINE
  5
F4E
100
AcDbEntity
  8
WALL
100
AcDbLine
 10
71887.5000
 20
1800
 30
0
 11
72112.5000
 21
2025
 31
0
  0
LINE
  5
F4F
100
AcDbEntity
  8
WALL
100
AcDbLine
 10
71887.5000
 20
1950
 30
0
 11
72112.5000
 21
2175
 31
0
  0
LINE
  5
F50
100
AcDbEntity
  8
WALL
100
AcDbLine
 10
71887.5000
 20
2100
 30
0
 11
72112.5000
 21
2325
 31
0
  0
LINE
  5
F51
100
AcDbEntity
  8
WALL
100
AcDbLine
 10
71887.5000
 20
2250
 30
0
 11
72112.5000
 21
2475
 31
0
  0
LINE
  5
F52
100
AcDbEntity
  8
WALL
100
AcDbLine
 10
71887.5000
 20
2400
 30
0
 11
72112.5000
 21
2625
 31
0
  0
LINE
  5
F53
100
AcDbEntity
  8
WALL
100
AcDbLine
 10
71887.5000
 20
2550
 30
0
 11
72112.5000
 21
2775
 31
0
  0
LINE
  5
F54
100
AcDbEntity
  8
WALL
100
AcDbLine
 10
71887.5000
 20
2700
 30
0
 11
72112.5000
 21
2925
 31
0
  0
LINE
  5
F55
100
AcDbEntity
  8
WALL
100
AcDbLine
 10
71887.5000
 20
2850
 30
0
 11
72112.5000
 21
3075
 31
0
  0
LINE
  5
F56
100
AcDbEntity
  8
WALL
100
AcDbLine
 10
71887.5000
 20
3000
 30
0
 11
72112.5000
 21
3225
 31
0
  0
LINE
  5
F57
100
AcDbEntity
  8
WALL
100
AcDbLine
 10
71887.5000
 20
3150
 30
0
 11
72112.5000
 21
3375
 31
0
  0
LINE
  5
F58
100
AcDbEntity
  8
WALL
100
AcDbLine
370
50
 10
71887.5000
 20
4600
 30
0
 11
71887.5000
 21
8000
 31
0
  0
LINE
  5
F59
100
AcDbEntity
  8
WALL
100
AcDbLine
370
50
 10
72112.5000
 20
8000
 30
0
 11
72112.5000
 21
4600
 31
0
  0
LINE
  5
F5A
100
AcDbEntity
  8
WALL
100
AcDbLine
 10
71887.5000
 20
4600
 30
0
 11
72112.5000
 21
4825
 31
0
  0
LINE
  5
F5B
100
AcDbEntity
  8
WALL
100
AcDbLine
 10
71887.5000
 20
4750
 30
0
 11
72112.5000
 21
4975
 31
0
  0
LINE
  5
F5C
100
AcDbEntity
  8
WALL
100
AcDbLine
 10
71887.5000
 20
4900
 30
0
 11
72112.5000
 21
5125
 31
0
  0
LINE
  5
F5D
100
AcDbEntity
  8
WALL
100
AcDbLine
 10
71887.5000
 20
5050
 30
0
 11
72112.5000
 21
5275
 31
0
  0
LINE
  5
F5E
100
AcDbEntity
  8
WALL
100
AcDbLine
 10
71887.5000
 20
5200
 30
0
 11
72112.5000
 21
5425
 31
0
  0
LINE
  5
F5F
100
AcDbEntity
  8
WALL
100
AcDbLine
 10
71887.5000
 20
5350
 30
0
 11
72112.5000
 21
5575
 31
0
  0
LINE
  5
F60
100
AcDbEntity
  8
WALL
100
AcDbLine
 10
71887.5000
 20
5500
 30
0
 11
72112.5000
 21
5725
 31
0
  0
LINE
  5
F61
100
AcDbEntity
  8
WALL
100
AcDbLine
 10
71887.5000
 20
5650
 30
0
 11
72112.5000
 21
5875
 31
0
  0
LINE
  5
F62
100
AcDbEntity
  8
WALL
100
AcDbLine
 10
71887.5000
 20
5800
 30
0
 11
72112.5000
 21
6025
 31
0
  0
LINE
  5
F63
100
AcDbEntity
  8
WALL
100
AcDbLine
 10
71887.5000
 20
5950
 30
0
 11
72112.5000
 21
6175
 31
0
  0
LINE
  5
F64
100
AcDbEntity
  8
WALL
100
AcDbLine
 10
71887.5000
 20
6100
 30
0
 11
72112.5000
 21
6325
 31
0
  0
LINE
  5
F65
100
AcDbEntity
  8
WALL
100
AcDbLine
 10
71887.5000
 20
6250
 30
0
 11
72112.5000
 21
6475
 31
0
  0
LINE
  5
F66
100
AcDbEntity
  8
WALL
100
AcDbLine
 10
71887.5000
 20
6400
 30
0
 11
72112.5000
 21
6625
 31
0
  0
LINE
  5
F67
100
AcDbEntity
  8
WALL
100
AcDbLine
 10
71887.5000
 20
6550
 30
0
 11
72112.5000
 21
6775
 31
0
  0
LINE
  5
F68
100
AcDbEntity
  8
WALL
100
AcDbLine
 10
71887.5000
 20
6700
 30
0
 11
72112.5000
 21
6925
 31
0
  0
LINE
  5
F69
100
AcDbEntity
  8
WALL
100
AcDbLine
 10
71887.5000
 20
6850
 30
0
 11
72112.5000
 21
7075
 31
0
  0
LINE
  5
F6A
100
AcDbEntity
  8
WALL
100
AcDbLine
 10
71887.5000
 20
7000
 30
0
 11
72112.5000
 21
7225
 31
0
  0
LINE
  5
F6B
100
AcDbEntity
  8
WALL
100
AcDbLine
 10
71887.5000
 20
7150
 30
0
 11
72112.5000
 21
7375
 31
0
  0
LINE
  5
F6C
100
AcDbEntity
  8
WALL
100
AcDbLine
 10
71887.5000
 20
7300
 30
0
 11
72112.5000
 21
7525
 31
0
  0
LINE
  5
F6D
100
AcDbEntity
  8
WALL
100
AcDbLine
 10
71887.5000
 20
7450
 30
0
 11
72112.5000
 21
7675
 31
0
  0
LINE
  5
F6E
100
AcDbEntity
  8
WALL
100
AcDbLine
 10
71887.5000
 20
7600
 30
0
 11
72112.5000
 21
7825
 31
0
  0
LINE
  5
F6F
100
AcDbEntity
  8
WALL
100
AcDbLine
 10
71887.5000
 20
7750
 30
0
 11
72112.5000
 21
7975
 31
0
  0
LINE
  5
F70
100
AcDbEntity
  8
WALL
100
AcDbLine
370
50
 10
71887.5000
 20
3400
 30
0
 11
72112.5000
 21
3400
 31
0
  0
LINE
  5
F71
100
AcDbEntity
  8
WALL
100
AcDbLine
370
50
 10
71887.5000
 20
4600
 30
0
 11
72112.5000
 21
4600
 31
0
  0
LINE
  5
F72
100
AcDbEntity
  8
WALL
100
AcDbLine
370
50
 10
71887.5000
 20
8000
 30
0
 11
71887.5000
 21
11400
 31
0
  0
LINE
  5
F73
100
AcDbEntity
  8
WALL
100
AcDbLine
370
50
 10
72112.5000
 20
11400
 30
0
 11
72112.5000
 21
8000
 31
0
  0
LINE
  5
F74
100
AcDbEntity
  8
WALL
100
AcDbLine
 10
71887.5000
 20
8000
 30
0
 11
72112.5000
 21
8225
 31
0
  0
LINE
  5
F75
100
AcDbEntity
  8
WALL
100
AcDbLine
 10
71887.5000
 20
8150
 30
0
 11
72112.5000
 21
8375
 31
0
  0
LINE
  5
F76
100
AcDbEntity
  8
WALL
100
AcDbLine
 10
71887.5000
 20
8300
 30
0
 11
72112.5000
 21
8525
 31
0
  0
LINE
  5
F77
100
AcDbEntity
  8
WALL
100
AcDbLine
 10
71887.5000
 20
8450
 30
0
 11
72112.5000
 21
8675
 31
0
  0
LINE
  5
F78
100
AcDbEntity
  8
WALL
100
AcDbLine
 10
71887.5000
 20
8600
 30
0
 11
72112.5000
 21
8825
 31
0
  0
LINE
  5
F79
100
AcDbEntity
  8
WALL
100
AcDbLine
 10
71887.5000
 20
8750
 30
0
 11
72112.5000
 21
8975
 31
0
  0
LINE
  5
F7A
100
AcDbEntity
  8
WALL
100
AcDbLine
 10
71887.5000
 20
8900
 30
0
 11
72112.5000
 21
9125
 31
0
  0
LINE
  5
F7B
100
AcDbEntity
  8
WALL
100
AcDbLine
 10
71887.5000
 20
9050
 30
0
 11
72112.5000
 21
9275
 31
0
  0
LINE
  5
F7C
100
AcDbEntity
  8
WALL
100
AcDbLine
 10
71887.5000
 20
9200
 30
0
 11
72112.5000
 21
9425
 31
0
  0
LINE
  5
F7D
100
AcDbEntity
  8
WALL
100
AcDbLine
 10
71887.5000
 20
9350
 30
0
 11
72112.5000
 21
9575
 31
0
  0
LINE
  5
F7E
100
AcDbEntity
  8
WALL
100
AcDbLine
 10
71887.5000
 20
9500
 30
0
 11
72112.5000
 21
9725
 31
0
  0
LINE
  5
F7F
100
AcDbEntity
  8
WALL
100
AcDbLine
 10
71887.5000
 20
9650
 30
0
 11
72112.5000
 21
9875
 31
0
  0
LINE
  5
F80
100
AcDbEntity
  8
WALL
100
AcDbLine
 10
71887.5000
 20
9800
 30
0
 11
72112.5000
 21
10025
 31
0
  0
LINE
  5
F81
100
AcDbEntity
  8
WALL
100
AcDbLine
 10
71887.5000
 20
9950
 30
0
 11
72112.5000
 21
10175
 31
0
  0
LINE
  5
F82
100
AcDbEntity
  8
WALL
100
AcDbLine
 10
71887.5000
 20
10100
 30
0
 11
72112.5000
 21
10325
 31
0
  0
LINE
  5
F83
100
AcDbEntity
  8
WALL
100
AcDbLine
 10
71887.5000
 20
10250
 30
0
 11
72112.5000
 21
10475
 31
0
  0
LINE
  5
F84
100
AcDbEntity
  8
WALL
100
AcDbLine
 10
71887.5000
 20
10400
 30
0
 11
72112.5000
 21
10625
 31
0
  0
LINE
  5
F85
100
AcDbEntity
  8
WALL
100
AcDbLine
 10
71887.5000
 20
10550
 30
0
 11
72112.5000
 21
10775
 31
0
  0
LINE
  5
F86
100
AcDbEntity
  8
WALL
100
AcDbLine
 10
71887.5000
 20
10700
 30
0
 11
72112.5000
 21
10925
 31
0
  0
LINE
  5
F87
100
AcDbEntity
  8
WALL
100
AcDbLine
 10
71887.5000
 20
10850
 30
0
 11
72112.5000
 21
11075
 31
0
  0
LINE
  5
F88
100
AcDbEntity
  8
WALL
100
AcDbLine
 10
71887.5000
 20
11000
 30
0
 11
72112.5000
 21
11225
 31
0
  0
LINE
  5
F89
100
AcDbEntity
  8
WALL
100
AcDbLine
 10
71887.5000
 20
11150
 30
0
 11
72112.5000
 21
11375
 31
0
  0
LINE
  5
F8A
100
AcDbEntity
  8
WALL
100
AcDbLine
370
50
 10
71887.5000
 20
12600
 30
0
 11
71887.5000
 21
16000
 31
0
  0
LINE
  5
F8B
100
AcDbEntity
  8
WALL
100
AcDbLine
370
50
 10
72112.5000
 20
16000
 30
0
 11
72112.5000
 21
12600
 31
0
  0
LINE
  5
F8C
100
AcDbEntity
  8
WALL
100
AcDbLine
 10
71887.5000
 20
12600
 30
0
 11
72112.5000
 21
12825
 31
0
  0
LINE
  5
F8D
100
AcDbEntity
  8
WALL
100
AcDbLine
 10
71887.5000
 20
12750
 30
0
 11
72112.5000
 21
12975
 31
0
  0
LINE
  5
F8E
100
AcDbEntity
  8
WALL
100
AcDbLine
 10
71887.5000
 20
12900
 30
0
 11
72112.5000
 21
13125
 31
0
  0
LINE
  5
F8F
100
AcDbEntity
  8
WALL
100
AcDbLine
 10
71887.5000
 20
13050
 30
0
 11
72112.5000
 21
13275
 31
0
  0
LINE
  5
F90
100
AcDbEntity
  8
WALL
100
AcDbLine
 10
71887.5000
 20
13200
 30
0
 11
72112.5000
 21
13425
 31
0
  0
LINE
  5
F91
100
AcDbEntity
  8
WALL
100
AcDbLine
 10
71887.5000
 20
13350
 30
0
 11
72112.5000
 21
13575
 31
0
  0
LINE
  5
F92
100
AcDbEntity
  8
WALL
100
AcDbLine
 10
71887.5000
 20
13500
 30
0
 11
72112.5000
 21
13725
 31
0
  0
LINE
  5
F93
100
AcDbEntity
  8
WALL
100
AcDbLine
 10
71887.5000
 20
13650
 30
0
 11
72112.5000
 21
13875
 31
0
  0
LINE
  5
F94
100
AcDbEntity
  8
WALL
100
AcDbLine
 10
71887.5000
 20
13800
 30
0
 11
72112.5000
 21
14025
 31
0
  0
LINE
  5
F95
100
AcDbEntity
  8
WALL
100
AcDbLine
 10
71887.5000
 20
13950
 30
0
 11
72112.5000
 21
14175
 31
0
  0
LINE
  5
F96
100
AcDbEntity
  8
WALL
100
AcDbLine
 10
71887.5000
 20
14100
 30
0
 11
72112.5000
 21
14325
 31
0
  0
LINE
  5
F97
100
AcDbEntity
  8
WALL
100
AcDbLine
 10
71887.5000
 20
14250
 30
0
 11
72112.5000
 21
14475
 31
0
  0
LINE
  5
F98
100
AcDbEntity
  8
WALL
100
AcDbLine
 10
71887.5000
 20
14400
 30
0
 11
72112.5000
 21
14625
 31
0
  0
LINE
  5
F99
100
AcDbEntity
  8
WALL
100
AcDbLine
 10
71887.5000
 20
14550
 30
0
 11
72112.5000
 21
14775
 31
0
  0
LINE
  5
F9A
100
AcDbEntity
  8
WALL
100
AcDbLine
 10
71887.5000
 20
14700
 30
0
 11
72112.5000
 21
14925
 31
0
  0
LINE
  5
F9B
100
AcDbEntity
  8
WALL
100
AcDbLine
 10
71887.5000
 20
14850
 30
0
 11
72112.5000
 21
15075
 31
0
  0
LINE
  5
F9C
100
AcDbEntity
  8
WALL
100
AcDbLine
 10
71887.5000
 20
15000
 30
0
 11
72112.5000
 21
15225
 31
0
  0
LINE
  5
F9D
100
AcDbEntity
  8
WALL
100
AcDbLine
 10
71887.5000
 20
15150
 30
0
 11
72112.5000
 21
15375
 31
0
  0
LINE
  5
F9E
100
AcDbEntity
  8
WALL
100
AcDbLine
 10
71887.5000
 20
15300
 30
0
 11
72112.5000
 21
15525
 31
0
  0
LINE
  5
F9F
100
AcDbEntity
  8
WALL
100
AcDbLine
 10
71887.5000
 20
15450
 30
0
 11
72112.5000
 21
15675
 31
0
  0
LINE
  5
FA0
100
AcDbEntity
  8
WALL
100
AcDbLine
 10
71887.5000
 20
15600
 30
0
 11
72112.5000
 21
15825
 31
0
  0
LINE
  5
FA1
100
AcDbEntity
  8
WALL
100
AcDbLine
 10
71887.5000
 20
15750
 30
0
 11
72112.5000
 21
15975
 31
0
  0
LINE
  5
FA2
100
AcDbEntity
  8
WALL
100
AcDbLine
370
50
 10
71887.5000
 20
11400
 30
0
 11
72112.5000
 21
11400
 31
0
  0
LINE
  5
FA3
100
AcDbEntity
  8
WALL
100
AcDbLine
370
50
 10
71887.5000
 20
12600
 30
0
 11
72112.5000
 21
12600
 31
0
  0
LINE
  5
FA4
100
AcDbEntity
  8
WALL
100
AcDbLine
370
50
 10
71887.5000
 20
16000
 30
0
 11
71887.5000
 21
19400
 31
0
  0
LINE
  5
FA5
100
AcDbEntity
  8
WALL
100
AcDbLine
370
50
 10
72112.5000
 20
19400
 30
0
 11
72112.5000
 21
16000
 31
0
  0
LINE
  5
FA6
100
AcDbEntity
  8
WALL
100
AcDbLine
 10
71887.5000
 20
16000
 30
0
 11
72112.5000
 21
16225
 31
0
  0
LINE
  5
FA7
100
AcDbEntity
  8
WALL
100
AcDbLine
 10
71887.5000
 20
16150
 30
0
 11
72112.5000
 21
16375
 31
0
  0
LINE
  5
FA8
100
AcDbEntity
  8
WALL
100
AcDbLine
 10
71887.5000
 20
16300
 30
0
 11
72112.5000
 21
16525
 31
0
  0
LINE
  5
FA9
100
AcDbEntity
  8
WALL
100
AcDbLine
 10
71887.5000
 20
16450
 30
0
 11
72112.5000
 21
16675
 31
0
  0
LINE
  5
FAA
100
AcDbEntity
  8
WALL
100
AcDbLine
 10
71887.5000
 20
16600
 30
0
 11
72112.5000
 21
16825
 31
0
  0
LINE
  5
FAB
100
AcDbEntity
  8
WALL
100
AcDbLine
 10
71887.5000
 20
16750
 30
0
 11
72112.5000
 21
16975
 31
0
  0
LINE
  5
FAC
100
AcDbEntity
  8
WALL
100
AcDbLine
 10
71887.5000
 20
16900
 30
0
 11
72112.5000
 21
17125
 31
0
  0
LINE
  5
FAD
100
AcDbEntity
  8
WALL
100
AcDbLine
 10
71887.5000
 20
17050
 30
0
 11
72112.5000
 21
17275
 31
0
  0
LINE
  5
FAE
100
AcDbEntity
  8
WALL
100
AcDbLine
 10
71887.5000
 20
17200
 30
0
 11
72112.5000
 21
17425
 31
0
  0
LINE
  5
FAF
100
AcDbEntity
  8
WALL
100
AcDbLine
 10
71887.5000
 20
17350
 30
0
 11
72112.5000
 21
17575
 31
0
  0
LINE
  5
FB0
100
AcDbEntity
  8
WALL
100
AcDbLine
 10
71887.5000
 20
17500
 30
0
 11
72112.5000
 21
17725
 31
0
  0
LINE
  5
FB1
100
AcDbEntity
  8
WALL
100
AcDbLine
 10
71887.5000
 20
17650
 30
0
 11
72112.5000
 21
17875
 31
0
  0
LINE
  5
FB2
100
AcDbEntity
  8
WALL
100
AcDbLine
 10
71887.5000
 20
17800
 30
0
 11
72112.5000
 21
18025
 31
0
  0
LINE
  5
FB3
100
AcDbEntity
  8
WALL
100
AcDbLine
 10
71887.5000
 20
17950
 30
0
 11
72112.5000
 21
18175
 31
0
  0
LINE
  5
FB4
100
AcDbEntity
  8
WALL
100
AcDbLine
 10
71887.5000
 20
18100
 30
0
 11
72112.5000
 21
18325
 31
0
  0
LINE
  5
FB5
100
AcDbEntity
  8
WALL
100
AcDbLine
 10
71887.5000
 20
18250
 30
0
 11
72112.5000
 21
18475
 31
0
  0
LINE
  5
FB6
100
AcDbEntity
  8
WALL
100
AcDbLine
 10
71887.5000
 20
18400
 30
0
 11
72112.5000
 21
18625
 31
0
  0
LINE
  5
FB7
100
AcDbEntity
  8
WALL
100
AcDbLine
 10
71887.5000
 20
18550
 30
0
 11
72112.5000
 21
18775
 31
0
  0
LINE
  5
FB8
100
AcDbEntity
  8
WALL
100
AcDbLine
 10
71887.5000
 20
18700
 30
0
 11
72112.5000
 21
18925
 31
0
  0
LINE
  5
FB9
100
AcDbEntity
  8
WALL
100
AcDbLine
 10
71887.5000
 20
18850
 30
0
 11
72112.5000
 21
19075
 31
0
  0
LINE
  5
FBA
100
AcDbEntity
  8
WALL
100
AcDbLine
 10
71887.5000
 20
19000
 30
0
 11
72112.5000
 21
19225
 31
0
  0
LINE
  5
FBB
100
AcDbEntity
  8
WALL
100
AcDbLine
 10
71887.5000
 20
19150
 30
0
 11
72112.5000
 21
19375
 31
0
  0
LINE
  5
FBC
100
AcDbEntity
  8
WALL
100
AcDbLine
370
50
 10
71887.5000
 20
20600
 30
0
 11
71887.5000
 21
24000
 31
0
  0
LINE
  5
FBD
100
AcDbEntity
  8
WALL
100
AcDbLine
370
50
 10
72112.5000
 20
24000
 30
0
 11
72112.5000
 21
20600
 31
0
  0
LINE
  5
FBE
100
AcDbEntity
  8
WALL
100
AcDbLine
 10
71887.5000
 20
20600
 30
0
 11
72112.5000
 21
20825
 31
0
  0
LINE
  5
FBF
100
AcDbEntity
  8
WALL
100
AcDbLine
 10
71887.5000
 20
20750
 30
0
 11
72112.5000
 21
20975
 31
0
  0
LINE
  5
FC0
100
AcDbEntity
  8
WALL
100
AcDbLine
 10
71887.5000
 20
20900
 30
0
 11
72112.5000
 21
21125
 31
0
  0
LINE
  5
FC1
100
AcDbEntity
  8
WALL
100
AcDbLine
 10
71887.5000
 20
21050
 30
0
 11
72112.5000
 21
21275
 31
0
  0
LINE
  5
FC2
100
AcDbEntity
  8
WALL
100
AcDbLine
 10
71887.5000
 20
21200
 30
0
 11
72112.5000
 21
21425
 31
0
  0
LINE
  5
FC3
100
AcDbEntity
  8
WALL
100
AcDbLine
 10
71887.5000
 20
21350
 30
0
 11
72112.5000
 21
21575
 31
0
  0
LINE
  5
FC4
100
AcDbEntity
  8
WALL
100
AcDbLine
 10
71887.5000
 20
21500
 30
0
 11
72112.5000
 21
21725
 31
0
  0
LINE
  5
FC5
100
AcDbEntity
  8
WALL
100
AcDbLine
 10
71887.5000
 20
21650
 30
0
 11
72112.5000
 21
21875
 31
0
  0
LINE
  5
FC6
100
AcDbEntity
  8
WALL
100
AcDbLine
 10
71887.5000
 20
21800
 30
0
 11
72112.5000
 21
22025
 31
0
  0
LINE
  5
FC7
100
AcDbEntity
  8
WALL
100
AcDbLine
 10
71887.5000
 20
21950
 30
0
 11
72112.5000
 21
22175
 31
0
  0
LINE
  5
FC8
100
AcDbEntity
  8
WALL
100
AcDbLine
 10
71887.5000
 20
22100
 30
0
 11
72112.5000
 21
22325
 31
0
  0
LINE
  5
FC9
100
AcDbEntity
  8
WALL
100
AcDbLine
 10
71887.5000
 20
22250
 30
0
 11
72112.5000
 21
22475
 31
0
  0
LINE
  5
FCA
100
AcDbEntity
  8
WALL
100
AcDbLine
 10
71887.5000
 20
22400
 30
0
 11
72112.5000
 21
22625
 31
0
  0
LINE
  5
FCB
100
AcDbEntity
  8
WALL
100
AcDbLine
 10
71887.5000
 20
22550
 30
0
 11
72112.5000
 21
22775
 31
0
  0
LINE
  5
FCC
100
AcDbEntity
  8
WALL
100
AcDbLine
 10
71887.5000
 20
22700
 30
0
 11
72112.5000
 21
22925
 31
0
  0
LINE
  5
FCD
100
AcDbEntity
  8
WALL
100
AcDbLine
 10
71887.5000
 20
22850
 30
0
 11
72112.5000
 21
23075
 31
0
  0
LINE
  5
FCE
100
AcDbEntity
  8
WALL
100
AcDbLine
 10
71887.5000
 20
23000
 30
0
 11
72112.5000
 21
23225
 31
0
  0
LINE
  5
FCF
100
AcDbEntity
  8
WALL
100
AcDbLine
 10
71887.5000
 20
23150
 30
0
 11
72112.5000
 21
23375
 31
0
  0
LINE
  5
FD0
100
AcDbEntity
  8
WALL
100
AcDbLine
 10
71887.5000
 20
23300
 30
0
 11
72112.5000
 21
23525
 31
0
  0
LINE
  5
FD1
100
AcDbEntity
  8
WALL
100
AcDbLine
 10
71887.5000
 20
23450
 30
0
 11
72112.5000
 21
23675
 31
0
  0
LINE
  5
FD2
100
AcDbEntity
  8
WALL
100
AcDbLine
 10
71887.5000
 20
23600
 30
0
 11
72112.5000
 21
23825
 31
0
  0
LINE
  5
FD3
100
AcDbEntity
  8
WALL
100
AcDbLine
 10
71887.5000
 20
23750
 30
0
 11
72112.5000
 21
23975
 31
0
  0
LINE
  5
FD4
100
AcDbEntity
  8
WALL
100
AcDbLine
370
50
 10
71887.5000
 20
19400
 30
0
 11
72112.5000
 21
19400
 31
0
  0
LINE
  5
FD5
100
AcDbEntity
  8
WALL
100
AcDbLine
370
50
 10
71887.5000
 20
20600
 30
0
 11
72112.5000
 21
20600
 31
0
  0
LINE
  5
FD6
100
AcDbEntity
  8
WALL
100
AcDbLine
370
50
 10
95887.5000
 20
0
 30
0
 11
95887.5000
 21
3400
 31
0
  0
LINE
  5
FD7
100
AcDbEntity
  8
WALL
100
AcDbLine
370
50
 10
96112.5000
 20
3400
 30
0
 11
96112.5000
 21
0
 31
0
  0
LINE
  5
FD8
100
AcDbEntity
  8
WALL
100
AcDbLine
 10
95887.5000
 20
0
 30
0
 11
96112.5000
 21
225
 31
0
  0
LINE
  5
FD9
100
AcDbEntity
  8
WALL
100
AcDbLine
 10
95887.5000
 20
150
 30
0
 11
96112.5000
 21
375
 31
0
  0
LINE
  5
FDA
100
AcDbEntity
  8
WALL
100
AcDbLine
 10
95887.5000
 20
300
 30
0
 11
96112.5000
 21
525
 31
0
  0
LINE
  5
FDB
100
AcDbEntity
  8
WALL
100
AcDbLine
 10
95887.5000
 20
450
 30
0
 11
96112.5000
 21
675
 31
0
  0
LINE
  5
FDC
100
AcDbEntity
  8
WALL
100
AcDbLine
 10
95887.5000
 20
600
 30
0
 11
96112.5000
 21
825
 31
0
  0
LINE
  5
FDD
100
AcDbEntity
  8
WALL
100
AcDbLine
 10
95887.5000
 20
750
 30
0
 11
96112.5000
 21
975
 31
0
  0
LINE
  5
FDE
100
AcDbEntity
  8
WALL
100
AcDbLine
 10
95887.5000
 20
900
 30
0
 11
96112.5000
 21
1125
 31
0
  0
LINE
  5
FDF
100
AcDbEntity
  8
WALL
100
AcDbLine
 10
95887.5000
 20
1050
 30
0
 11
96112.5000
 21
1275
 31
0
  0
LINE
  5
FE0
100
AcDbEntity
  8
WALL
100
AcDbLine
 10
95887.5000
 20
1200
 30
0
 11
96112.5000
 21
1425
 31
0
  0
LINE
  5
FE1
100
AcDbEntity
  8
WALL
100
AcDbLine
 10
95887.5000
 20
1350
 30
0
 11
96112.5000
 21
1575
 31
0
  0
LINE
  5
FE2
100
AcDbEntity
  8
WALL
100
AcDbLine
 10
95887.5000
 20
1500
 30
0
 11
96112.5000
 21
1725
 31
0
  0
LINE
  5
FE3
100
AcDbEntity
  8
WALL
100
AcDbLine
 10
95887.5000
 20
1650
 30
0
 11
96112.5000
 21
1875
 31
0
  0
LINE
  5
FE4
100
AcDbEntity
  8
WALL
100
AcDbLine
 10
95887.5000
 20
1800
 30
0
 11
96112.5000
 21
2025
 31
0
  0
LINE
  5
FE5
100
AcDbEntity
  8
WALL
100
AcDbLine
 10
95887.5000
 20
1950
 30
0
 11
96112.5000
 21
2175
 31
0
  0
LINE
  5
FE6
100
AcDbEntity
  8
WALL
100
AcDbLine
 10
95887.5000
 20
2100
 30
0
 11
96112.5000
 21
2325
 31
0
  0
LINE
  5
FE7
100
AcDbEntity
  8
WALL
100
AcDbLine
 10
95887.5000
 20
2250
 30
0
 11
96112.5000
 21
2475
 31
0
  0
LINE
  5
FE8
100
AcDbEntity
  8
WALL
100
AcDbLine
 10
95887.5000
 20
2400
 30
0
 11
96112.5000
 21
2625
 31
0
  0
LINE
  5
FE9
100
AcDbEntity
  8
WALL
100
AcDbLine
 10
95887.5000
 20
2550
 30
0
 11
96112.5000
 21
2775
 31
0
  0
LINE
  5
FEA
100
AcDbEntity
  8
WALL
100
AcDbLine
 10
95887.5000
 20
2700
 30
0
 11
96112.5000
 21
2925
 31
0
  0
LINE
  5
FEB
100
AcDbEntity
  8
WALL
100
AcDbLine
 10
95887.5000
 20
2850
 30
0
 11
96112.5000
 21
3075
 31
0
  0
LINE
  5
FEC
100
AcDbEntity
  8
WALL
100
AcDbLine
 10
95887.5000
 20
3000
 30
0
 11
96112.5000
 21
3225
 31
0
  0
LINE
  5
FED
100
AcDbEntity
  8
WALL
100
AcDbLine
 10
95887.5000
 20
3150
 30
0
 11
96112.5000
 21
3375
 31
0
  0
LINE
  5
FEE
100
AcDbEntity
  8
WALL
100
AcDbLine
370
50
 10
95887.5000
 20
4600
 30
0
 11
95887.5000
 21
8000
 31
0
  0
LINE
  5
FEF
100
AcDbEntity
  8
WALL
100
AcDbLine
370
50
 10
96112.5000
 20
8000
 30
0
 11
96112.5000
 21
4600
 31
0
  0
LINE
  5
FF0
100
AcDbEntity
  8
WALL
100
AcDbLine
 10
95887.5000
 20
4600
 30
0
 11
96112.5000
 21
4825
 31
0
  0
LINE
  5
FF1
100
AcDbEntity
  8
WALL
100
AcDbLine
 10
95887.5000
 20
4750
 30
0
 11
96112.5000
 21
4975
 31
0
  0
LINE
  5
FF2
100
AcDbEntity
  8
WALL
100
AcDbLine
 10
95887.5000
 20
4900
 30
0
 11
96112.5000
 21
5125
 31
0
  0
LINE
  5
FF3
100
AcDbEntity
  8
WALL
100
AcDbLine
 10
95887.5000
 20
5050
 30
0
 11
96112.5000
 21
5275
 31
0
  0
LINE
  5
FF4
100
AcDbEntity
  8
WALL
100
AcDbLine
 10
95887.5000
 20
5200
 30
0
 11
96112.5000
 21
5425
 31
0
  0
LINE
  5
FF5
100
AcDbEntity
  8
WALL
100
AcDbLine
 10
95887.5000
 20
5350
 30
0
 11
96112.5000
 21
5575
 31
0
  0
LINE
  5
FF6
100
AcDbEntity
  8
WALL
100
AcDbLine
 10
95887.5000
 20
5500
 30
0
 11
96112.5000
 21
5725
 31
0
  0
LINE
  5
FF7
100
AcDbEntity
  8
WALL
100
AcDbLine
 10
95887.5000
 20
5650
 30
0
 11
96112.5000
 21
5875
 31
0
  0
LINE
  5
FF8
100
AcDbEntity
  8
WALL
100
AcDbLine
 10
95887.5000
 20
5800
 30
0
 11
96112.5000
 21
6025
 31
0
  0
LINE
  5
FF9
100
AcDbEntity
  8
WALL
100
AcDbLine
 10
95887.5000
 20
5950
 30
0
 11
96112.5000
 21
6175
 31
0
  0
LINE
  5
FFA
100
AcDbEntity
  8
WALL
100
AcDbLine
 10
95887.5000
 20
6100
 30
0
 11
96112.5000
 21
6325
 31
0
  0
LINE
  5
FFB
100
AcDbEntity
  8
WALL
100
AcDbLine
 10
95887.5000
 20
6250
 30
0
 11
96112.5000
 21
6475
 31
0
  0
LINE
  5
FFC
100
AcDbEntity
  8
WALL
100
AcDbLine
 10
95887.5000
 20
6400
 30
0
 11
96112.5000
 21
6625
 31
0
  0
LINE
  5
FFD
100
AcDbEntity
  8
WALL
100
AcDbLine
 10
95887.5000
 20
6550
 30
0
 11
96112.5000
 21
6775
 31
0
  0
LINE
  5
FFE
100
AcDbEntity
  8
WALL
100
AcDbLine
 10
95887.5000
 20
6700
 30
0
 11
96112.5000
 21
6925
 31
0
  0
LINE
  5
FFF
100
AcDbEntity
  8
WALL
100
AcDbLine
 10
95887.5000
 20
6850
 30
0
 11
96112.5000
 21
7075
 31
0
  0
LINE
  5
1000
100
AcDbEntity
  8
WALL
100
AcDbLine
 10
95887.5000
 20
7000
 30
0
 11
96112.5000
 21
7225
 31
0
  0
LINE
  5
1001
100
AcDbEntity
  8
WALL
100
AcDbLine
 10
95887.5000
 20
7150
 30
0
 11
96112.5000
 21
7375
 31
0
  0
LINE
  5
1002
100
AcDbEntity
  8
WALL
100
AcDbLine
 10
95887.5000
 20
7300
 30
0
 11
96112.5000
 21
7525
 31
0
  0
LINE
  5
1003
100
AcDbEntity
  8
WALL
100
AcDbLine
 10
95887.5000
 20
7450
 30
0
 11
96112.5000
 21
7675
 31
0
  0
LINE
  5
1004
100
AcDbEntity
  8
WALL
100
AcDbLine
 10
95887.5000
 20
7600
 30
0
 11
96112.5000
 21
7825
 31
0
  0
LINE
  5
1005
100
AcDbEntity
  8
WALL
100
AcDbLine
 10
95887.5000
 20
7750
 30
0
 11
96112.5000
 21
7975
 31
0
  0
LINE
  5
1006
100
AcDbEntity
  8
WALL
100
AcDbLine
370
50
 10
95887.5000
 20
3400
 30
0
 11
96112.5000
 21
3400
 31
0
  0
LINE
  5
1007
100
AcDbEntity
  8
WALL
100
AcDbLine
370
50
 10
95887.5000
 20
4600
 30
0
 11
96112.5000
 21
4600
 31
0
  0
LINE
  5
1008
100
AcDbEntity
  8
WALL
100
AcDbLine
370
50
 10
95887.5000
 20
8000
 30
0
 11
95887.5000
 21
11400
 31
0
  0
LINE
  5
1009
100
AcDbEntity
  8
WALL
100
AcDbLine
370
50
 10
96112.5000
 20
11400
 30
0
 11
96112.5000
 21
8000
 31
0
  0
LINE
  5
100A
100
AcDbEntity
  8
WALL
100
AcDbLine
 10
95887.5000
 20
8000
 30
0
 11
96112.5000
 21
8225
 31
0
  0
LINE
  5
100B
100
AcDbEntity
  8
WALL
100
AcDbLine
 10
95887.5000
 20
8150
 30
0
 11
96112.5000
 21
8375
 31
0
  0
LINE
  5
100C
100
AcDbEntity
  8
WALL
100
AcDbLine
 10
95887.5000
 20
8300
 30
0
 11
96112.5000
 21
8525
 31
0
  0
LINE
  5
100D
100
AcDbEntity
  8
WALL
100
AcDbLine
 10
95887.5000
 20
8450
 30
0
 11
96112.5000
 21
8675
 31
0
  0
LINE
  5
100E
100
AcDbEntity
  8
WALL
100
AcDbLine
 10
95887.5000
 20
8600
 30
0
 11
96112.5000
 21
8825
 31
0
  0
LINE
  5
100F
100
AcDbEntity
  8
WALL
100
AcDbLine
 10
95887.5000
 20
8750
 30
0
 11
96112.5000
 21
8975
 31
0
  0
LINE
  5
1010
100
AcDbEntity
  8
WALL
100
AcDbLine
 10
95887.5000
 20
8900
 30
0
 11
96112.5000
 21
9125
 31
0
  0
LINE
  5
1011
100
AcDbEntity
  8
WALL
100
AcDbLine
 10
95887.5000
 20
9050
 30
0
 11
96112.5000
 21
9275
 31
0
  0
LINE
  5
1012
100
AcDbEntity
  8
WALL
100
AcDbLine
 10
95887.5000
 20
9200
 30
0
 11
96112.5000
 21
9425
 31
0
  0
LINE
  5
1013
100
AcDbEntity
  8
WALL
100
AcDbLine
 10
95887.5000
 20
9350
 30
0
 11
96112.5000
 21
9575
 31
0
  0
LINE
  5
1014
100
AcDbEntity
  8
WALL
100
AcDbLine
 10
95887.5000
 20
9500
 30
0
 11
96112.5000
 21
9725
 31
0
  0
LINE
  5
1015
100
AcDbEntity
  8
WALL
100
AcDbLine
 10
95887.5000
 20
9650
 30
0
 11
96112.5000
 21
9875
 31
0
  0
LINE
  5
1016
100
AcDbEntity
  8
WALL
100
AcDbLine
 10
95887.5000
 20
9800
 30
0
 11
96112.5000
 21
10025
 31
0
  0
LINE
  5
1017
100
AcDbEntity
  8
WALL
100
AcDbLine
 10
95887.5000
 20
9950
 30
0
 11
96112.5000
 21
10175
 31
0
  0
LINE
  5
1018
100
AcDbEntity
  8
WALL
100
AcDbLine
 10
95887.5000
 20
10100
 30
0
 11
96112.5000
 21
10325
 31
0
  0
LINE
  5
1019
100
AcDbEntity
  8
WALL
100
AcDbLine
 10
95887.5000
 20
10250
 30
0
 11
96112.5000
 21
10475
 31
0
  0
LINE
  5
101A
100
AcDbEntity
  8
WALL
100
AcDbLine
 10
95887.5000
 20
10400
 30
0
 11
96112.5000
 21
10625
 31
0
  0
LINE
  5
101B
100
AcDbEntity
  8
WALL
100
AcDbLine
 10
95887.5000
 20
10550
 30
0
 11
96112.5000
 21
10775
 31
0
  0
LINE
  5
101C
100
AcDbEntity
  8
WALL
100
AcDbLine
 10
95887.5000
 20
10700
 30
0
 11
96112.5000
 21
10925
 31
0
  0
LINE
  5
101D
100
AcDbEntity
  8
WALL
100
AcDbLine
 10
95887.5000
 20
10850
 30
0
 11
96112.5000
 21
11075
 31
0
  0
LINE
  5
101E
100
AcDbEntity
  8
WALL
100
AcDbLine
 10
95887.5000
 20
11000
 30
0
 11
96112.5000
 21
11225
 31
0
  0
LINE
  5
101F
100
AcDbEntity
  8
WALL
100
AcDbLine
 10
95887.5000
 20
11150
 30
0
 11
96112.5000
 21
11375
 31
0
  0
LINE
  5
1020
100
AcDbEntity
  8
WALL
100
AcDbLine
370
50
 10
95887.5000
 20
12600
 30
0
 11
95887.5000
 21
16000
 31
0
  0
LINE
  5
1021
100
AcDbEntity
  8
WALL
100
AcDbLine
370
50
 10
96112.5000
 20
16000
 30
0
 11
96112.5000
 21
12600
 31
0
  0
LINE
  5
1022
100
AcDbEntity
  8
WALL
100
AcDbLine
 10
95887.5000
 20
12600
 30
0
 11
96112.5000
 21
12825
 31
0
  0
LINE
  5
1023
100
AcDbEntity
  8
WALL
100
AcDbLine
 10
95887.5000
 20
12750
 30
0
 11
96112.5000
 21
12975
 31
0
  0
LINE
  5
1024
100
AcDbEntity
  8
WALL
100
AcDbLine
 10
95887.5000
 20
12900
 30
0
 11
96112.5000
 21
13125
 31
0
  0
LINE
  5
1025
100
AcDbEntity
  8
WALL
100
AcDbLine
 10
95887.5000
 20
13050
 30
0
 11
96112.5000
 21
13275
 31
0
  0
LINE
  5
1026
100
AcDbEntity
  8
WALL
100
AcDbLine
 10
95887.5000
 20
13200
 30
0
 11
96112.5000
 21
13425
 31
0
  0
LINE
  5
1027
100
AcDbEntity
  8
WALL
100
AcDbLine
 10
95887.5000
 20
13350
 30
0
 11
96112.5000
 21
13575
 31
0
  0
LINE
  5
1028
100
AcDbEntity
  8
WALL
100
AcDbLine
 10
95887.5000
 20
13500
 30
0
 11
96112.5000
 21
13725
 31
0
  0
LINE
  5
1029
100
AcDbEntity
  8
WALL
100
AcDbLine
 10
95887.5000
 20
13650
 30
0
 11
96112.5000
 21
13875
 31
0
  0
LINE
  5
102A
100
AcDbEntity
  8
WALL
100
AcDbLine
 10
95887.5000
 20
13800
 30
0
 11
96112.5000
 21
14025
 31
0
  0
LINE
  5
102B
100
AcDbEntity
  8
WALL
100
AcDbLine
 10
95887.5000
 20
13950
 30
0
 11
96112.5000
 21
14175
 31
0
  0
LINE
  5
102C
100
AcDbEntity
  8
WALL
100
AcDbLine
 10
95887.5000
 20
14100
 30
0
 11
96112.5000
 21
14325
 31
0
  0
LINE
  5
102D
100
AcDbEntity
  8
WALL
100
AcDbLine
 10
95887.5000
 20
14250
 30
0
 11
96112.5000
 21
14475
 31
0
  0
LINE
  5
102E
100
AcDbEntity
  8
WALL
100
AcDbLine
 10
95887.5000
 20
14400
 30
0
 11
96112.5000
 21
14625
 31
0
  0
LINE
  5
102F
100
AcDbEntity
  8
WALL
100
AcDbLine
 10
95887.5000
 20
14550
 30
0
 11
96112.5000
 21
14775
 31
0
  0
LINE
  5
1030
100
AcDbEntity
  8
WALL
100
AcDbLine
 10
95887.5000
 20
14700
 30
0
 11
96112.5000
 21
14925
 31
0
  0
LINE
  5
1031
100
AcDbEntity
  8
WALL
100
AcDbLine
 10
95887.5000
 20
14850
 30
0
 11
96112.5000
 21
15075
 31
0
  0
LINE
  5
1032
100
AcDbEntity
  8
WALL
100
AcDbLine
 10
95887.5000
 20
15000
 30
0
 11
96112.5000
 21
15225
 31
0
  0
LINE
  5
1033
100
AcDbEntity
  8
WALL
100
AcDbLine
 10
95887.5000
 20
15150
 30
0
 11
96112.5000
 21
15375
 31
0
  0
LINE
  5
1034
100
AcDbEntity
  8
WALL
100
AcDbLine
 10
95887.5000
 20
15300
 30
0
 11
96112.5000
 21
15525
 31
0
  0
LINE
  5
1035
100
AcDbEntity
  8
WALL
100
AcDbLine
 10
95887.5000
 20
15450
 30
0
 11
96112.5000
 21
15675
 31
0
  0
LINE
  5
1036
100
AcDbEntity
  8
WALL
100
AcDbLine
 10
95887.5000
 20
15600
 30
0
 11
96112.5000
 21
15825
 31
0
  0
LINE
  5
1037
100
AcDbEntity
  8
WALL
100
AcDbLine
 10
95887.5000
 20
15750
 30
0
 11
96112.5000
 21
15975
 31
0
  0
LINE
  5
1038
100
AcDbEntity
  8
WALL
100
AcDbLine
370
50
 10
95887.5000
 20
11400
 30
0
 11
96112.5000
 21
11400
 31
0
  0
LINE
  5
1039
100
AcDbEntity
  8
WALL
100
AcDbLine
370
50
 10
95887.5000
 20
12600
 30
0
 11
96112.5000
 21
12600
 31
0
  0
LINE
  5
103A
100
AcDbEntity
  8
WALL
100
AcDbLine
370
50
 10
95887.5000
 20
16000
 30
0
 11
95887.5000
 21
19400
 31
0
  0
LINE
  5
103B
100
AcDbEntity
  8
WALL
100
AcDbLine
370
50
 10
96112.5000
 20
19400
 30
0
 11
96112.5000
 21
16000
 31
0
  0
LINE
  5
103C
100
AcDbEntity
  8
WALL
100
AcDbLine
 10
95887.5000
 20
16000
 30
0
 11
96112.5000
 21
16225
 31
0
  0
LINE
  5
103D
100
AcDbEntity
  8
WALL
100
AcDbLine
 10
95887.5000
 20
16150
 30
0
 11
96112.5000
 21
16375
 31
0
  0
LINE
  5
103E
100
AcDbEntity
  8
WALL
100
AcDbLine
 10
95887.5000
 20
16300
 30
0
 11
96112.5000
 21
16525
 31
0
  0
LINE
  5
103F
100
AcDbEntity
  8
WALL
100
AcDbLine
 10
95887.5000
 20
16450
 30
0
 11
96112.5000
 21
16675
 31
0
  0
LINE
  5
1040
100
AcDbEntity
  8
WALL
100
AcDbLine
 10
95887.5000
 20
16600
 30
0
 11
96112.5000
 21
16825
 31
0
  0
LINE
  5
1041
100
AcDbEntity
  8
WALL
100
AcDbLine
 10
95887.5000
 20
16750
 30
0
 11
96112.5000
 21
16975
 31
0
  0
LINE
  5
1042
100
AcDbEntity
  8
WALL
100
AcDbLine
 10
95887.5000
 20
16900
 30
0
 11
96112.5000
 21
17125
 31
0
  0
LINE
  5
1043
100
AcDbEntity
  8
WALL
100
AcDbLine
 10
95887.5000
 20
17050
 30
0
 11
96112.5000
 21
17275
 31
0
  0
LINE
  5
1044
100
AcDbEntity
  8
WALL
100
AcDbLine
 10
95887.5000
 20
17200
 30
0
 11
96112.5000
 21
17425
 31
0
  0
LINE
  5
1045
100
AcDbEntity
  8
WALL
100
AcDbLine
 10
95887.5000
 20
17350
 30
0
 11
96112.5000
 21
17575
 31
0
  0
LINE
  5
1046
100
AcDbEntity
  8
WALL
100
AcDbLine
 10
95887.5000
 20
17500
 30
0
 11
96112.5000
 21
17725
 31
0
  0
LINE
  5
1047
100
AcDbEntity
  8
WALL
100
AcDbLine
 10
95887.5000
 20
17650
 30
0
 11
96112.5000
 21
17875
 31
0
  0
LINE
  5
1048
100
AcDbEntity
  8
WALL
100
AcDbLine
 10
95887.5000
 20
17800
 30
0
 11
96112.5000
 21
18025
 31
0
  0
LINE
  5
1049
100
AcDbEntity
  8
WALL
100
AcDbLine
 10
95887.5000
 20
17950
 30
0
 11
96112.5000
 21
18175
 31
0
  0
LINE
  5
104A
100
AcDbEntity
  8
WALL
100
AcDbLine
 10
95887.5000
 20
18100
 30
0
 11
96112.5000
 21
18325
 31
0
  0
LINE
  5
104B
100
AcDbEntity
  8
WALL
100
AcDbLine
 10
95887.5000
 20
18250
 30
0
 11
96112.5000
 21
18475
 31
0
  0
LINE
  5
104C
100
AcDbEntity
  8
WALL
100
AcDbLine
 10
95887.5000
 20
18400
 30
0
 11
96112.5000
 21
18625
 31
0
  0
LINE
  5
104D
100
AcDbEntity
  8
WALL
100
AcDbLine
 10
95887.5000
 20
18550
 30
0
 11
96112.5000
 21
18775
 31
0
  0
LINE
  5
104E
100
AcDbEntity
  8
WALL
100
AcDbLine
 10
95887.5000
 20
18700
 30
0
 11
96112.5000
 21
18925
 31
0
  0
LINE
  5
104F
100
AcDbEntity
  8
WALL
100
AcDbLine
 10
95887.5000
 20
18850
 30
0
 11
96112.5000
 21
19075
 31
0
  0
LINE
  5
1050
100
AcDbEntity
  8
WALL
100
AcDbLine
 10
95887.5000
 20
19000
 30
0
 11
96112.5000
 21
19225
 31
0
  0
LINE
  5
1051
100
AcDbEntity
  8
WALL
100
AcDbLine
 10
95887.5000
 20
19150
 30
0
 11
96112.5000
 21
19375
 31
0
  0
LINE
  5
1052
100
AcDbEntity
  8
WALL
100
AcDbLine
370
50
 10
95887.5000
 20
20600
 30
0
 11
95887.5000
 21
24000
 31
0
  0
LINE
  5
1053
100
AcDbEntity
  8
WALL
100
AcDbLine
370
50
 10
96112.5000
 20
24000
 30
0
 11
96112.5000
 21
20600
 31
0
  0
LINE
  5
1054
100
AcDbEntity
  8
WALL
100
AcDbLine
 10
95887.5000
 20
20600
 30
0
 11
96112.5000
 21
20825
 31
0
  0
LINE
  5
1055
100
AcDbEntity
  8
WALL
100
AcDbLine
 10
95887.5000
 20
20750
 30
0
 11
96112.5000
 21
20975
 31
0
  0
LINE
  5
1056
100
AcDbEntity
  8
WALL
100
AcDbLine
 10
95887.5000
 20
20900
 30
0
 11
96112.5000
 21
21125
 31
0
  0
LINE
  5
1057
100
AcDbEntity
  8
WALL
100
AcDbLine
 10
95887.5000
 20
21050
 30
0
 11
96112.5000
 21
21275
 31
0
  0
LINE
  5
1058
100
AcDbEntity
  8
WALL
100
AcDbLine
 10
95887.5000
 20
21200
 30
0
 11
96112.5000
 21
21425
 31
0
  0
LINE
  5
1059
100
AcDbEntity
  8
WALL
100
AcDbLine
 10
95887.5000
 20
21350
 30
0
 11
96112.5000
 21
21575
 31
0
  0
LINE
  5
105A
100
AcDbEntity
  8
WALL
100
AcDbLine
 10
95887.5000
 20
21500
 30
0
 11
96112.5000
 21
21725
 31
0
  0
LINE
  5
105B
100
AcDbEntity
  8
WALL
100
AcDbLine
 10
95887.5000
 20
21650
 30
0
 11
96112.5000
 21
21875
 31
0
  0
LINE
  5
105C
100
AcDbEntity
  8
WALL
100
AcDbLine
 10
95887.5000
 20
21800
 30
0
 11
96112.5000
 21
22025
 31
0
  0
LINE
  5
105D
100
AcDbEntity
  8
WALL
100
AcDbLine
 10
95887.5000
 20
21950
 30
0
 11
96112.5000
 21
22175
 31
0
  0
LINE
  5
105E
100
AcDbEntity
  8
WALL
100
AcDbLine
 10
95887.5000
 20
22100
 30
0
 11
96112.5000
 21
22325
 31
0
  0
LINE
  5
105F
100
AcDbEntity
  8
WALL
100
AcDbLine
 10
95887.5000
 20
22250
 30
0
 11
96112.5000
 21
22475
 31
0
  0
LINE
  5
1060
100
AcDbEntity
  8
WALL
100
AcDbLine
 10
95887.5000
 20
22400
 30
0
 11
96112.5000
 21
22625
 31
0
  0
LINE
  5
1061
100
AcDbEntity
  8
WALL
100
AcDbLine
 10
95887.5000
 20
22550
 30
0
 11
96112.5000
 21
22775
 31
0
  0
LINE
  5
1062
100
AcDbEntity
  8
WALL
100
AcDbLine
 10
95887.5000
 20
22700
 30
0
 11
96112.5000
 21
22925
 31
0
  0
LINE
  5
1063
100
AcDbEntity
  8
WALL
100
AcDbLine
 10
95887.5000
 20
22850
 30
0
 11
96112.5000
 21
23075
 31
0
  0
LINE
  5
1064
100
AcDbEntity
  8
WALL
100
AcDbLine
 10
95887.5000
 20
23000
 30
0
 11
96112.5000
 21
23225
 31
0
  0
LINE
  5
1065
100
AcDbEntity
  8
WALL
100
AcDbLine
 10
95887.5000
 20
23150
 30
0
 11
96112.5000
 21
23375
 31
0
  0
LINE
  5
1066
100
AcDbEntity
  8
WALL
100
AcDbLine
 10
95887.5000
 20
23300
 30
0
 11
96112.5000
 21
23525
 31
0
  0
LINE
  5
1067
100
AcDbEntity
  8
WALL
100
AcDbLine
 10
95887.5000
 20
23450
 30
0
 11
96112.5000
 21
23675
 31
0
  0
LINE
  5
1068
100
AcDbEntity
  8
WALL
100
AcDbLine
 10
95887.5000
 20
23600
 30
0
 11
96112.5000
 21
23825
 31
0
  0
LINE
  5
1069
100
AcDbEntity
  8
WALL
100
AcDbLine
 10
95887.5000
 20
23750
 30
0
 11
96112.5000
 21
23975
 31
0
  0
LINE
  5
106A
100
AcDbEntity
  8
WALL
100
AcDbLine
370
50
 10
95887.5000
 20
19400
 30
0
 11
96112.5000
 21
19400
 31
0
  0
LINE
  5
106B
100
AcDbEntity
  8
WALL
100
AcDbLine
370
50
 10
95887.5000
 20
20600
 30
0
 11
96112.5000
 21
20600
 31
0
  0
LINE
  5
106C
100
AcDbEntity
  8
WALL
100
AcDbLine
370
50
 10
72000
 20
-112.5000
 30
0
 11
73400
 21
-112.5000
 31
0
  0
LINE
  5
106D
100
AcDbEntity
  8
WALL
100
AcDbLine
370
50
 10
73400
 20
112.5000
 30
0
 11
72000
 21
112.5000
 31
0
  0
LINE
  5
106E
100
AcDbEntity
  8
WALL
100
AcDbLine
 10
72000
 20
-112.5000
 30
0
 11
72225
 21
112.5000
 31
0
  0
LINE
  5
106F
100
AcDbEntity
  8
WALL
100
AcDbLine
 10
72150
 20
-112.5000
 30
0
 11
72375
 21
112.5000
 31
0
  0
LINE
  5
1070
100
AcDbEntity
  8
WALL
100
AcDbLine
 10
72300
 20
-112.5000
 30
0
 11
72525
 21
112.5000
 31
0
  0
LINE
  5
1071
100
AcDbEntity
  8
WALL
100
AcDbLine
 10
72450
 20
-112.5000
 30
0
 11
72675
 21
112.5000
 31
0
  0
LINE
  5
1072
100
AcDbEntity
  8
WALL
100
AcDbLine
 10
72600
 20
-112.5000
 30
0
 11
72825
 21
112.5000
 31
0
  0
LINE
  5
1073
100
AcDbEntity
  8
WALL
100
AcDbLine
 10
72750
 20
-112.5000
 30
0
 11
72975
 21
112.5000
 31
0
  0
LINE
  5
1074
100
AcDbEntity
  8
WALL
100
AcDbLine
 10
72900
 20
-112.5000
 30
0
 11
73125
 21
112.5000
 31
0
  0
LINE
  5
1075
100
AcDbEntity
  8
WALL
100
AcDbLine
 10
73050
 20
-112.5000
 30
0
 11
73275
 21
112.5000
 31
0
  0
LINE
  5
1076
100
AcDbEntity
  8
WALL
100
AcDbLine
370
50
 10
74600
 20
-112.5000
 30
0
 11
76000
 21
-112.5000
 31
0
  0
LINE
  5
1077
100
AcDbEntity
  8
WALL
100
AcDbLine
370
50
 10
76000
 20
112.5000
 30
0
 11
74600
 21
112.5000
 31
0
  0
LINE
  5
1078
100
AcDbEntity
  8
WALL
100
AcDbLine
 10
74600
 20
-112.5000
 30
0
 11
74825
 21
112.5000
 31
0
  0
LINE
  5
1079
100
AcDbEntity
  8
WALL
100
AcDbLine
 10
74750
 20
-112.5000
 30
0
 11
74975
 21
112.5000
 31
0
  0
LINE
  5
107A
100
AcDbEntity
  8
WALL
100
AcDbLine
 10
74900
 20
-112.5000
 30
0
 11
75125
 21
112.5000
 31
0
  0
LINE
  5
107B
100
AcDbEntity
  8
WALL
100
AcDbLine
 10
75050
 20
-112.5000
 30
0
 11
75275
 21
112.5000
 31
0
  0
LINE
  5
107C
100
AcDbEntity
  8
WALL
100
AcDbLine
 10
75200
 20
-112.5000
 30
0
 11
75425
 21
112.5000
 31
0
  0
LINE
  5
107D
100
AcDbEntity
  8
WALL
100
AcDbLine
 10
75350
 20
-112.5000
 30
0
 11
75575
 21
112.5000
 31
0
  0
LINE
  5
107E
100
AcDbEntity
  8
WALL
100
AcDbLine
 10
75500
 20
-112.5000
 30
0
 11
75725
 21
112.5000
 31
0
  0
LINE
  5
107F
100
AcDbEntity
  8
WALL
100
AcDbLine
 10
75650
 20
-112.5000
 30
0
 11
75875
 21
112.5000
 31
0
  0
LINE
  5
1080
100
AcDbEntity
  8
WALL
100
AcDbLine
370
50
 10
73400
 20
-112.5000
 30
0
 11
73400
 21
112.5000
 31
0
  0
LINE
  5
1081
100
AcDbEntity
  8
WALL
100
AcDbLine
370
50
 10
74600
 20
-112.5000
 30
0
 11
74600
 21
112.5000
 31
0
  0
LINE
  5
1082
100
AcDbEntity
  8
WALL
100
AcDbLine
370
50
 10
76000
 20
-112.5000
 30
0
 11
77400
 21
-112.5000
 31
0
  0
LINE
  5
1083
100
AcDbEntity
  8
WALL
100
AcDbLine
370
50
 10
77400
 20
112.5000
 30
0
 11
76000
 21
112.5000
 31
0
  0
LINE
  5
1084
100
AcDbEntity
  8
WALL
100
AcDbLine
 10
76000
 20
-112.5000
 30
0
 11
76225
 21
112.5000
 31
0
  0
LINE
  5
1085
100
AcDbEntity
  8
WALL
100
AcDbLine
 10
76150
 20
-112.5000
 30
0
 11
76375
 21
112.5000
 31
0
  0
LINE
  5
1086
100
AcDbEntity
  8
WALL
100
AcDbLine
 10
76300
 20
-112.5000
 30
0
 11
76525
 21
112.5000
 31
0
  0
LINE
  5
1087
100
AcDbEntity
  8
WALL
100
AcDbLine
 10
76450
 20
-112.5000
 30
0
 11
76675
 21
112.5000
 31
0
  0
LINE
  5
1088
100
AcDbEntity
  8
WALL
100
AcDbLine
 10
76600
 20
-112.5000
 30
0
 11
76825
 21
112.5000
 31
0
  0
LINE
  5
1089
100
AcDbEntity
  8
WALL
100
AcDbLine
 10
76750
 20
-112.5000
 30
0
 11
76975
 21
112.5000
 31
0
  0
LINE
  5
108A
100
AcDbEntity
  8
WALL
100
AcDbLine
 10
76900
 20
-112.5000
 30
0
 11
77125
 21
112.5000
 31
0
  0
LINE
  5
108B
100
AcDbEntity
  8
WALL
100
AcDbLine
 10
77050
 20
-112.5000
 30
0
 11
77275
 21
112.5000
 31
0
  0
LINE
  5
108C
100
AcDbEntity
  8
WALL
100
AcDbLine
370
50
 10
78600
 20
-112.5000
 30
0
 11
80000
 21
-112.5000
 31
0
  0
LINE
  5
108D
100
AcDbEntity
  8
WALL
100
AcDbLine
370
50
 10
80000
 20
112.5000
 30
0
 11
78600
 21
112.5000
 31
0
  0
LINE
  5
108E
100
AcDbEntity
  8
WALL
100
AcDbLine
 10
78600
 20
-112.5000
 30
0
 11
78825
 21
112.5000
 31
0
  0
LINE
  5
108F
100
AcDbEntity
  8
WALL
100
AcDbLine
 10
78750
 20
-112.5000
 30
0
 11
78975
 21
112.5000
 31
0
  0
LINE
  5
1090
100
AcDbEntity
  8
WALL
100
AcDbLine
 10
78900
 20
-112.5000
 30
0
 11
79125
 21
112.5000
 31
0
  0
LINE
  5
1091
100
AcDbEntity
  8
WALL
100
AcDbLine
 10
79050
 20
-112.5000
 30
0
 11
79275
 21
112.5000
 31
0
  0
LINE
  5
1092
100
AcDbEntity
  8
WALL
100
AcDbLine
 10
79200
 20
-112.5000
 30
0
 11
79425
 21
112.5000
 31
0
  0
LINE
  5
1093
100
AcDbEntity
  8
WALL
100
AcDbLine
 10
79350
 20
-112.5000
 30
0
 11
79575
 21
112.5000
 31
0
  0
LINE
  5
1094
100
AcDbEntity
  8
WALL
100
AcDbLine
 10
79500
 20
-112.5000
 30
0
 11
79725
 21
112.5000
 31
0
  0
LINE
  5
1095
100
AcDbEntity
  8
WALL
100
AcDbLine
 10
79650
 20
-112.5000
 30
0
 11
79875
 21
112.5000
 31
0
  0
LINE
  5
1096
100
AcDbEntity
  8
WALL
100
AcDbLine
370
50
 10
77400
 20
-112.5000
 30
0
 11
77400
 21
112.5000
 31
0
  0
LINE
  5
1097
100
AcDbEntity
  8
WALL
100
AcDbLine
370
50
 10
78600
 20
-112.5000
 30
0
 11
78600
 21
112.5000
 31
0
  0
LINE
  5
1098
100
AcDbEntity
  8
WALL
100
AcDbLine
370
50
 10
80000
 20
-112.5000
 30
0
 11
81400
 21
-112.5000
 31
0
  0
LINE
  5
1099
100
AcDbEntity
  8
WALL
100
AcDbLine
370
50
 10
81400
 20
112.5000
 30
0
 11
80000
 21
112.5000
 31
0
  0
LINE
  5
109A
100
AcDbEntity
  8
WALL
100
AcDbLine
 10
80000
 20
-112.5000
 30
0
 11
80225
 21
112.5000
 31
0
  0
LINE
  5
109B
100
AcDbEntity
  8
WALL
100
AcDbLine
 10
80150
 20
-112.5000
 30
0
 11
80375
 21
112.5000
 31
0
  0
LINE
  5
109C
100
AcDbEntity
  8
WALL
100
AcDbLine
 10
80300
 20
-112.5000
 30
0
 11
80525
 21
112.5000
 31
0
  0
LINE
  5
109D
100
AcDbEntity
  8
WALL
100
AcDbLine
 10
80450
 20
-112.5000
 30
0
 11
80675
 21
112.5000
 31
0
  0
LINE
  5
109E
100
AcDbEntity
  8
WALL
100
AcDbLine
 10
80600
 20
-112.5000
 30
0
 11
80825
 21
112.5000
 31
0
  0
LINE
  5
109F
100
AcDbEntity
  8
WALL
100
AcDbLine
 10
80750
 20
-112.5000
 30
0
 11
80975
 21
112.5000
 31
0
  0
LINE
  5
10A0
100
AcDbEntity
  8
WALL
100
AcDbLine
 10
80900
 20
-112.5000
 30
0
 11
81125
 21
112.5000
 31
0
  0
LINE
  5
10A1
100
AcDbEntity
  8
WALL
100
AcDbLine
 10
81050
 20
-112.5000
 30
0
 11
81275
 21
112.5000
 31
0
  0
LINE
  5
10A2
100
AcDbEntity
  8
WALL
100
AcDbLine
370
50
 10
82600
 20
-112.5000
 30
0
 11
84000
 21
-112.5000
 31
0
  0
LINE
  5
10A3
100
AcDbEntity
  8
WALL
100
AcDbLine
370
50
 10
84000
 20
112.5000
 30
0
 11
82600
 21
112.5000
 31
0
  0
LINE
  5
10A4
100
AcDbEntity
  8
WALL
100
AcDbLine
 10
82600
 20
-112.5000
 30
0
 11
82825
 21
112.5000
 31
0
  0
LINE
  5
10A5
100
AcDbEntity
  8
WALL
100
AcDbLine
 10
82750
 20
-112.5000
 30
0
 11
82975
 21
112.5000
 31
0
  0
LINE
  5
10A6
100
AcDbEntity
  8
WALL
100
AcDbLine
 10
82900
 20
-112.5000
 30
0
 11
83125
 21
112.5000
 31
0
  0
LINE
  5
10A7
100
AcDbEntity
  8
WALL
100
AcDbLine
 10
83050
 20
-112.5000
 30
0
 11
83275
 21
112.5000
 31
0
  0
LINE
  5
10A8
100
AcDbEntity
  8
WALL
100
AcDbLine
 10
83200
 20
-112.5000
 30
0
 11
83425
 21
112.5000
 31
0
  0
LINE
  5
10A9
100
AcDbEntity
  8
WALL
100
AcDbLine
 10
83350
 20
-112.5000
 30
0
 11
83575
 21
112.5000
 31
0
  0
LINE
  5
10AA
100
AcDbEntity
  8
WALL
100
AcDbLine
 10
83500
 20
-112.5000
 30
0
 11
83725
 21
112.5000
 31
0
  0
LINE
  5
10AB
100
AcDbEntity
  8
WALL
100
AcDbLine
 10
83650
 20
-112.5000
 30
0
 11
83875
 21
112.5000
 31
0
  0
LINE
  5
10AC
100
AcDbEntity
  8
WALL
100
AcDbLine
370
50
 10
81400
 20
-112.5000
 30
0
 11
81400
 21
112.5000
 31
0
  0
LINE
  5
10AD
100
AcDbEntity
  8
WALL
100
AcDbLine
370
50
 10
82600
 20
-112.5000
 30
0
 11
82600
 21
112.5000
 31
0
  0
LINE
  5
10AE
100
AcDbEntity
  8
WALL
100
AcDbLine
370
50
 10
84000
 20
-112.5000
 30
0
 11
85400
 21
-112.5000
 31
0
  0
LINE
  5
10AF
100
AcDbEntity
  8
WALL
100
AcDbLine
370
50
 10
85400
 20
112.5000
 30
0
 11
84000
 21
112.5000
 31
0
  0
LINE
  5
10B0
100
AcDbEntity
  8
WALL
100
AcDbLine
 10
84000
 20
-112.5000
 30
0
 11
84225
 21
112.5000
 31
0
  0
LINE
  5
10B1
100
AcDbEntity
  8
WALL
100
AcDbLine
 10
84150
 20
-112.5000
 30
0
 11
84375
 21
112.5000
 31
0
  0
LINE
  5
10B2
100
AcDbEntity
  8
WALL
100
AcDbLine
 10
84300
 20
-112.5000
 30
0
 11
84525
 21
112.5000
 31
0
  0
LINE
  5
10B3
100
AcDbEntity
  8
WALL
100
AcDbLine
 10
84450
 20
-112.5000
 30
0
 11
84675
 21
112.5000
 31
0
  0
LINE
  5
10B4
100
AcDbEntity
  8
WALL
100
AcDbLine
 10
84600
 20
-112.5000
 30
0
 11
84825
 21
112.5000
 31
0
  0
LINE
  5
10B5
100
AcDbEntity
  8
WALL
100
AcDbLine
 10
84750
 20
-112.5000
 30
0
 11
84975
 21
112.5000
 31
0
  0
LINE
  5
10B6
100
AcDbEntity
  8
WALL
100
AcDbLine
 10
84900
 20
-112.5000
 30
0
 11
85125
 21
112.5000
 31
0
  0
LINE
  5
10B7
100
AcDbEntity
  8
WALL
100
AcDbLine
 10
85050
 20
-112.5000
 30
0
 11
85275
 21
112.5000
 31
0
  0
LINE
  5
10B8
100
AcDbEntity
  8
WALL
100
AcDbLine
370
50
 10
86600
 20
-112.5000
 30
0
 11
88000
 21
-112.5000
 31
0
  0
LINE
  5
10B9
100
AcDbEntity
  8
WALL
100
AcDbLine
370
50
 10
88000
 20
112.5000
 30
0
 11
86600
 21
112.5000
 31
0
  0
LINE
  5
10BA
100
AcDbEntity
  8
WALL
100
AcDbLine
 10
86600
 20
-112.5000
 30
0
 11
86825
 21
112.5000
 31
0
  0
LINE
  5
10BB
100
AcDbEntity
  8
WALL
100
AcDbLine
 10
86750
 20
-112.5000
 30
0
 11
86975
 21
112.5000
 31
0
  0
LINE
  5
10BC
100
AcDbEntity
  8
WALL
100
AcDbLine
 10
86900
 20
-112.5000
 30
0
 11
87125
 21
112.5000
 31
0
  0
LINE
  5
10BD
100
AcDbEntity
  8
WALL
100
AcDbLine
 10
87050
 20
-112.5000
 30
0
 11
87275
 21
112.5000
 31
0
  0
LINE
  5
10BE
100
AcDbEntity
  8
WALL
100
AcDbLine
 10
87200
 20
-112.5000
 30
0
 11
87425
 21
112.5000
 31
0
  0
LINE
  5
10BF
100
AcDbEntity
  8
WALL
100
AcDbLine
 10
87350
 20
-112.5000
 30
0
 11
87575
 21
112.5000
 31
0
  0
LINE
  5
10C0
100
AcDbEntity
  8
WALL
100
AcDbLine
 10
87500
 20
-112.5000
 30
0
 11
87725
 21
112.5000
 31
0
  0
LINE
  5
10C1
100
AcDbEntity
  8
WALL
100
AcDbLine
 10
87650
 20
-112.5000
 30
0
 11
87875
 21
112.5000
 31
0
  0
LINE
  5
10C2
100
AcDbEntity
  8
WALL
100
AcDbLine
370
50
 10
85400
 20
-112.5000
 30
0
 11
85400
 21
112.5000
 31
0
  0
LINE
  5
10C3
100
AcDbEntity
  8
WALL
100
AcDbLine
370
50
 10
86600
 20
-112.5000
 30
0
 11
86600
 21
112.5000
 31
0
  0
LINE
  5
10C4
100
AcDbEntity
  8
WALL
100
AcDbLine
370
50
 10
88000
 20
-112.5000
 30
0
 11
89400
 21
-112.5000
 31
0
  0
LINE
  5
10C5
100
AcDbEntity
  8
WALL
100
AcDbLine
370
50
 10
89400
 20
112.5000
 30
0
 11
88000
 21
112.5000
 31
0
  0
LINE
  5
10C6
100
AcDbEntity
  8
WALL
100
AcDbLine
 10
88000
 20
-112.5000
 30
0
 11
88225
 21
112.5000
 31
0
  0
LINE
  5
10C7
100
AcDbEntity
  8
WALL
100
AcDbLine
 10
88150
 20
-112.5000
 30
0
 11
88375
 21
112.5000
 31
0
  0
LINE
  5
10C8
100
AcDbEntity
  8
WALL
100
AcDbLine
 10
88300
 20
-112.5000
 30
0
 11
88525
 21
112.5000
 31
0
  0
LINE
  5
10C9
100
AcDbEntity
  8
WALL
100
AcDbLine
 10
88450
 20
-112.5000
 30
0
 11
88675
 21
112.5000
 31
0
  0
LINE
  5
10CA
100
AcDbEntity
  8
WALL
100
AcDbLine
 10
88600
 20
-112.5000
 30
0
 11
88825
 21
112.5000
 31
0
  0
LINE
  5
10CB
100
AcDbEntity
  8
WALL
100
AcDbLine
 10
88750
 20
-112.5000
 30
0
 11
88975
 21
112.5000
 31
0
  0
LINE
  5
10CC
100
AcDbEntity
  8
WALL
100
AcDbLine
 10
88900
 20
-112.5000
 30
0
 11
89125
 21
112.5000
 31
0
  0
LINE
  5
10CD
100
AcDbEntity
  8
WALL
100
AcDbLine
 10
89050
 20
-112.5000
 30
0
 11
89275
 21
112.5000
 31
0
  0
LINE
  5
10CE
100
AcDbEntity
  8
WALL
100
AcDbLine
370
50
 10
90600
 20
-112.5000
 30
0
 11
92000
 21
-112.5000
 31
0
  0
LINE
  5
10CF
100
AcDbEntity
  8
WALL
100
AcDbLine
370
50
 10
92000
 20
112.5000
 30
0
 11
90600
 21
112.5000
 31
0
  0
LINE
  5
10D0
100
AcDbEntity
  8
WALL
100
AcDbLine
 10
90600
 20
-112.5000
 30
0
 11
90825
 21
112.5000
 31
0
  0
LINE
  5
10D1
100
AcDbEntity
  8
WALL
100
AcDbLine
 10
90750
 20
-112.5000
 30
0
 11
90975
 21
112.5000
 31
0
  0
LINE
  5
10D2
100
AcDbEntity
  8
WALL
100
AcDbLine
 10
90900
 20
-112.5000
 30
0
 11
91125
 21
112.5000
 31
0
  0
LINE
  5
10D3
100
AcDbEntity
  8
WALL
100
AcDbLine
 10
91050
 20
-112.5000
 30
0
 11
91275
 21
112.5000
 31
0
  0
LINE
  5
10D4
100
AcDbEntity
  8
WALL
100
AcDbLine
 10
91200
 20
-112.5000
 30
0
 11
91425
 21
112.5000
 31
0
  0
LINE
  5
10D5
100
AcDbEntity
  8
WALL
100
AcDbLine
 10
91350
 20
-112.5000
 30
0
 11
91575
 21
112.5000
 31
0
  0
LINE
  5
10D6
100
AcDbEntity
  8
WALL
100
AcDbLine
 10
91500
 20
-112.5000
 30
0
 11
91725
 21
112.5000
 31
0
  0
LINE
  5
10D7
100
AcDbEntity
  8
WALL
100
AcDbLine
 10
91650
 20
-112.5000
 30
0
 11
91875
 21
112.5000
 31
0
  0
LINE
  5
10D8
100
AcDbEntity
  8
WALL
100
AcDbLine
370
50
 10
89400
 20
-112.5000
 30
0
 11
89400
 21
112.5000
 31
0
  0
LINE
  5
10D9
100
AcDbEntity
  8
WALL
100
AcDbLine
370
50
 10
90600
 20
-112.5000
 30
0
 11
90600
 21
112.5000
 31
0
  0
LINE
  5
10DA
100
AcDbEntity
  8
WALL
100
AcDbLine
370
50
 10
92000
 20
-112.5000
 30
0
 11
93400
 21
-112.5000
 31
0
  0
LINE
  5
10DB
100
AcDbEntity
  8
WALL
100
AcDbLine
370
50
 10
93400
 20
112.5000
 30
0
 11
92000
 21
112.5000
 31
0
  0
LINE
  5
10DC
100
AcDbEntity
  8
WALL
100
AcDbLine
 10
92000
 20
-112.5000
 30
0
 11
92225
 21
112.5000
 31
0
  0
LINE
  5
10DD
100
AcDbEntity
  8
WALL
100
AcDbLine
 10
92150
 20
-112.5000
 30
0
 11
92375
 21
112.5000
 31
0
  0
LINE
  5
10DE
100
AcDbEntity
  8
WALL
100
AcDbLine
 10
92300
 20
-112.5000
 30
0
 11
92525
 21
112.5000
 31
0
  0
LINE
  5
10DF
100
AcDbEntity
  8
WALL
100
AcDbLine
 10
92450
 20
-112.5000
 30
0
 11
92675
 21
112.5000
 31
0
  0
LINE
  5
10E0
100
AcDbEntity
  8
WALL
100
AcDbLine
 10
92600
 20
-112.5000
 30
0
 11
92825
 21
112.5000
 31
0
  0
LINE
  5
10E1
100
AcDbEntity
  8
WALL
100
AcDbLine
 10
92750
 20
-112.5000
 30
0
 11
92975
 21
112.5000
 31
0
  0
LINE
  5
10E2
100
AcDbEntity
  8
WALL
100
AcDbLine
 10
92900
 20
-112.5000
 30
0
 11
93125
 21
112.5000
 31
0
  0
LINE
  5
10E3
100
AcDbEntity
  8
WALL
100
AcDbLine
 10
93050
 20
-112.5000
 30
0
 11
93275
 21
112.5000
 31
0
  0
LINE
  5
10E4
100
AcDbEntity
  8
WALL
100
AcDbLine
370
50
 10
94600
 20
-112.5000
 30
0
 11
96000
 21
-112.5000
 31
0
  0
LINE
  5
10E5
100
AcDbEntity
  8
WALL
100
AcDbLine
370
50
 10
96000
 20
112.5000
 30
0
 11
94600
 21
112.5000
 31
0
  0
LINE
  5
10E6
100
AcDbEntity
  8
WALL
100
AcDbLine
 10
94600
 20
-112.5000
 30
0
 11
94825
 21
112.5000
 31
0
  0
LINE
  5
10E7
100
AcDbEntity
  8
WALL
100
AcDbLine
 10
94750
 20
-112.5000
 30
0
 11
94975
 21
112.5000
 31
0
  0
LINE
  5
10E8
100
AcDbEntity
  8
WALL
100
AcDbLine
 10
94900
 20
-112.5000
 30
0
 11
95125
 21
112.5000
 31
0
  0
LINE
  5
10E9
100
AcDbEntity
  8
WALL
100
AcDbLine
 10
95050
 20
-112.5000
 30
0
 11
95275
 21
112.5000
 31
0
  0
LINE
  5
10EA
100
AcDbEntity
  8
WALL
100
AcDbLine
 10
95200
 20
-112.5000
 30
0
 11
95425
 21
112.5000
 31
0
  0
LINE
  5
10EB
100
AcDbEntity
  8
WALL
100
AcDbLine
 10
95350
 20
-112.5000
 30
0
 11
95575
 21
112.5000
 31
0
  0
LINE
  5
10EC
100
AcDbEntity
  8
WALL
100
AcDbLine
 10
95500
 20
-112.5000
 30
0
 11
95725
 21
112.5000
 31
0
  0
LINE
  5
10ED
100
AcDbEntity
  8
WALL
100
AcDbLine
 10
95650
 20
-112.5000
 30
0
 11
95875
 21
112.5000
 31
0
  0
LINE
  5
10EE
100
AcDbEntity
  8
WALL
100
AcDbLine
370
50
 10
93400
 20
-112.5000
 30
0
 11
93400
 21
112.5000
 31
0
  0
LINE
  5
10EF
100
AcDbEntity
  8
WALL
100
AcDbLine
370
50
 10
94600
 20
-112.5000
 30
0
 11
94600
 21
112.5000
 31
0
  0
LINE
  5
10F0
100
AcDbEntity
  8
WALL
100
AcDbLine
370
50
 10
72000
 20
23887.5000
 30
0
 11
73400
 21
23887.5000
 31
0
  0
LINE
  5
10F1
100
AcDbEntity
  8
WALL
100
AcDbLine
370
50
 10
73400
 20
24112.5000
 30
0
 11
72000
 21
24112.5000
 31
0
  0
LINE
  5
10F2
100
AcDbEntity
  8
WALL
100
AcDbLine
 10
72000
 20
23887.5000
 30
0
 11
72225
 21
24112.5000
 31
0
  0
LINE
  5
10F3
100
AcDbEntity
  8
WALL
100
AcDbLine
 10
72150
 20
23887.5000
 30
0
 11
72375
 21
24112.5000
 31
0
  0
LINE
  5
10F4
100
AcDbEntity
  8
WALL
100
AcDbLine
 10
72300
 20
23887.5000
 30
0
 11
72525
 21
24112.5000
 31
0
  0
LINE
  5
10F5
100
AcDbEntity
  8
WALL
100
AcDbLine
 10
72450
 20
23887.5000
 30
0
 11
72675
 21
24112.5000
 31
0
  0
LINE
  5
10F6
100
AcDbEntity
  8
WALL
100
AcDbLine
 10
72600
 20
23887.5000
 30
0
 11
72825
 21
24112.5000
 31
0
  0
LINE
  5
10F7
100
AcDbEntity
  8
WALL
100
AcDbLine
 10
72750
 20
23887.5000
 30
0
 11
72975
 21
24112.5000
 31
0
  0
LINE
  5
10F8
100
AcDbEntity
  8
WALL
100
AcDbLine
 10
72900
 20
23887.5000
 30
0
 11
73125
 21
24112.5000
 31
0
  0
LINE
  5
10F9
100
AcDbEntity
  8
WALL
100
AcDbLine
 10
73050
 20
23887.5000
 30
0
 11
73275
 21
24112.5000
 31
0
  0
LINE
  5
10FA
100
AcDbEntity
  8
WALL
100
AcDbLine
370
50
 10
74600
 20
23887.5000
 30
0
 11
76000
 21
23887.5000
 31
0
  0
LINE
  5
10FB
100
AcDbEntity
  8
WALL
100
AcDbLine
370
50
 10
76000
 20
24112.5000
 30
0
 11
74600
 21
24112.5000
 31
0
  0
LINE
  5
10FC
100
AcDbEntity
  8
WALL
100
AcDbLine
 10
74600
 20
23887.5000
 30
0
 11
74825
 21
24112.5000
 31
0
  0
LINE
  5
10FD
100
AcDbEntity
  8
WALL
100
AcDbLine
 10
74750
 20
23887.5000
 30
0
 11
74975
 21
24112.5000
 31
0
  0
LINE
  5
10FE
100
AcDbEntity
  8
WALL
100
AcDbLine
 10
74900
 20
23887.5000
 30
0
 11
75125
 21
24112.5000
 31
0
  0
LINE
  5
10FF
100
AcDbEntity
  8
WALL
100
AcDbLine
 10
75050
 20
23887.5000
 30
0
 11
75275
 21
24112.5000
 31
0
  0
LINE
  5
1100
100
AcDbEntity
  8
WALL
100
AcDbLine
 10
75200
 20
23887.5000
 30
0
 11
75425
 21
24112.5000
 31
0
  0
LINE
  5
1101
100
AcDbEntity
  8
WALL
100
AcDbLine
 10
75350
 20
23887.5000
 30
0
 11
75575
 21
24112.5000
 31
0
  0
LINE
  5
1102
100
AcDbEntity
  8
WALL
100
AcDbLine
 10
75500
 20
23887.5000
 30
0
 11
75725
 21
24112.5000
 31
0
  0
LINE
  5
1103
100
AcDbEntity
  8
WALL
100
AcDbLine
 10
75650
 20
23887.5000
 30
0
 11
75875
 21
24112.5000
 31
0
  0
LINE
  5
1104
100
AcDbEntity
  8
WALL
100
AcDbLine
370
50
 10
73400
 20
23887.5000
 30
0
 11
73400
 21
24112.5000
 31
0
  0
LINE
  5
1105
100
AcDbEntity
  8
WALL
100
AcDbLine
370
50
 10
74600
 20
23887.5000
 30
0
 11
74600
 21
24112.5000
 31
0
  0
LINE
  5
1106
100
AcDbEntity
  8
WALL
100
AcDbLine
370
50
 10
76000
 20
23887.5000
 30
0
 11
77400
 21
23887.5000
 31
0
  0
LINE
  5
1107
100
AcDbEntity
  8
WALL
100
AcDbLine
370
50
 10
77400
 20
24112.5000
 30
0
 11
76000
 21
24112.5000
 31
0
  0
LINE
  5
1108
100
AcDbEntity
  8
WALL
100
AcDbLine
 10
76000
 20
23887.5000
 30
0
 11
76225
 21
24112.5000
 31
0
  0
LINE
  5
1109
100
AcDbEntity
  8
WALL
100
AcDbLine
 10
76150
 20
23887.5000
 30
0
 11
76375
 21
24112.5000
 31
0
  0
LINE
  5
110A
100
AcDbEntity
  8
WALL
100
AcDbLine
 10
76300
 20
23887.5000
 30
0
 11
76525
 21
24112.5000
 31
0
  0
LINE
  5
110B
100
AcDbEntity
  8
WALL
100
AcDbLine
 10
76450
 20
23887.5000
 30
0
 11
76675
 21
24112.5000
 31
0
  0
LINE
  5
110C
100
AcDbEntity
  8
WALL
100
AcDbLine
 10
76600
 20
23887.5000
 30
0
 11
76825
 21
24112.5000
 31
0
  0
LINE
  5
110D
100
AcDbEntity
  8
WALL
100
AcDbLine
 10
76750
 20
23887.5000
 30
0
 11
76975
 21
24112.5000
 31
0
  0
LINE
  5
110E
100
AcDbEntity
  8
WALL
100
AcDbLine
 10
76900
 20
23887.5000
 30
0
 11
77125
 21
24112.5000
 31
0
  0
LINE
  5
110F
100
AcDbEntity
  8
WALL
100
AcDbLine
 10
77050
 20
23887.5000
 30
0
 11
77275
 21
24112.5000
 31
0
  0
LINE
  5
1110
100
AcDbEntity
  8
WALL
100
AcDbLine
370
50
 10
78600
 20
23887.5000
 30
0
 11
80000
 21
23887.5000
 31
0
  0
LINE
  5
1111
100
AcDbEntity
  8
WALL
100
AcDbLine
370
50
 10
80000
 20
24112.5000
 30
0
 11
78600
 21
24112.5000
 31
0
  0
LINE
  5
1112
100
AcDbEntity
  8
WALL
100
AcDbLine
 10
78600
 20
23887.5000
 30
0
 11
78825
 21
24112.5000
 31
0
  0
LINE
  5
1113
100
AcDbEntity
  8
WALL
100
AcDbLine
 10
78750
 20
23887.5000
 30
0
 11
78975
 21
24112.5000
 31
0
  0
LINE
  5
1114
100
AcDbEntity
  8
WALL
100
AcDbLine
 10
78900
 20
23887.5000
 30
0
 11
79125
 21
24112.5000
 31
0
  0
LINE
  5
1115
100
AcDbEntity
  8
WALL
100
AcDbLine
 10
79050
 20
23887.5000
 30
0
 11
79275
 21
24112.5000
 31
0
  0
LINE
  5
1116
100
AcDbEntity
  8
WALL
100
AcDbLine
 10
79200
 20
23887.5000
 30
0
 11
79425
 21
24112.5000
 31
0
  0
LINE
  5
1117
100
AcDbEntity
  8
WALL
100
AcDbLine
 10
79350
 20
23887.5000
 30
0
 11
79575
 21
24112.5000
 31
0
  0
LINE
  5
1118
100
AcDbEntity
  8
WALL
100
AcDbLine
 10
79500
 20
23887.5000
 30
0
 11
79725
 21
24112.5000
 31
0
  0
LINE
  5
1119
100
AcDbEntity
  8
WALL
100
AcDbLine
 10
79650
 20
23887.5000
 30
0
 11
79875
 21
24112.5000
 31
0
  0
LINE
  5
111A
100
AcDbEntity
  8
WALL
100
AcDbLine
370
50
 10
77400
 20
23887.5000
 30
0
 11
77400
 21
24112.5000
 31
0
  0
LINE
  5
111B
100
AcDbEntity
  8
WALL
100
AcDbLine
370
50
 10
78600
 20
23887.5000
 30
0
 11
78600
 21
24112.5000
 31
0
  0
LINE
  5
111C
100
AcDbEntity
  8
WALL
100
AcDbLine
370
50
 10
80000
 20
23887.5000
 30
0
 11
81400
 21
23887.5000
 31
0
  0
LINE
  5
111D
100
AcDbEntity
  8
WALL
100
AcDbLine
370
50
 10
81400
 20
24112.5000
 30
0
 11
80000
 21
24112.5000
 31
0
  0
LINE
  5
111E
100
AcDbEntity
  8
WALL
100
AcDbLine
 10
80000
 20
23887.5000
 30
0
 11
80225
 21
24112.5000
 31
0
  0
LINE
  5
111F
100
AcDbEntity
  8
WALL
100
AcDbLine
 10
80150
 20
23887.5000
 30
0
 11
80375
 21
24112.5000
 31
0
  0
LINE
  5
1120
100
AcDbEntity
  8
WALL
100
AcDbLine
 10
80300
 20
23887.5000
 30
0
 11
80525
 21
24112.5000
 31
0
  0
LINE
  5
1121
100
AcDbEntity
  8
WALL
100
AcDbLine
 10
80450
 20
23887.5000
 30
0
 11
80675
 21
24112.5000
 31
0
  0
LINE
  5
1122
100
AcDbEntity
  8
WALL
100
AcDbLine
 10
80600
 20
23887.5000
 30
0
 11
80825
 21
24112.5000
 31
0
  0
LINE
  5
1123
100
AcDbEntity
  8
WALL
100
AcDbLine
 10
80750
 20
23887.5000
 30
0
 11
80975
 21
24112.5000
 31
0
  0
LINE
  5
1124
100
AcDbEntity
  8
WALL
100
AcDbLine
 10
80900
 20
23887.5000
 30
0
 11
81125
 21
24112.5000
 31
0
  0
LINE
  5
1125
100
AcDbEntity
  8
WALL
100
AcDbLine
 10
81050
 20
23887.5000
 30
0
 11
81275
 21
24112.5000
 31
0
  0
LINE
  5
1126
100
AcDbEntity
  8
WALL
100
AcDbLine
370
50
 10
82600
 20
23887.5000
 30
0
 11
84000
 21
23887.5000
 31
0
  0
LINE
  5
1127
100
AcDbEntity
  8
WALL
100
AcDbLine
370
50
 10
84000
 20
24112.5000
 30
0
 11
82600
 21
24112.5000
 31
0
  0
LINE
  5
1128
100
AcDbEntity
  8
WALL
100
AcDbLine
 10
82600
 20
23887.5000
 30
0
 11
82825
 21
24112.5000
 31
0
  0
LINE
  5
1129
100
AcDbEntity
  8
WALL
100
AcDbLine
 10
82750
 20
23887.5000
 30
0
 11
82975
 21
24112.5000
 31
0
  0
LINE
  5
112A
100
AcDbEntity
  8
WALL
100
AcDbLine
 10
82900
 20
23887.5000
 30
0
 11
83125
 21
24112.5000
 31
0
  0
LINE
  5
112B
100
AcDbEntity
  8
WALL
100
AcDbLine
 10
83050
 20
23887.5000
 30
0
 11
83275
 21
24112.5000
 31
0
  0
LINE
  5
112C
100
AcDbEntity
  8
WALL
100
AcDbLine
 10
83200
 20
23887.5000
 30
0
 11
83425
 21
24112.5000
 31
0
  0
LINE
  5
112D
100
AcDbEntity
  8
WALL
100
AcDbLine
 10
83350
 20
23887.5000
 30
0
 11
83575
 21
24112.5000
 31
0
  0
LINE
  5
112E
100
AcDbEntity
  8
WALL
100
AcDbLine
 10
83500
 20
23887.5000
 30
0
 11
83725
 21
24112.5000
 31
0
  0
LINE
  5
112F
100
AcDbEntity
  8
WALL
100
AcDbLine
 10
83650
 20
23887.5000
 30
0
 11
83875
 21
24112.5000
 31
0
  0
LINE
  5
1130
100
AcDbEntity
  8
WALL
100
AcDbLine
370
50
 10
81400
 20
23887.5000
 30
0
 11
81400
 21
24112.5000
 31
0
  0
LINE
  5
1131
100
AcDbEntity
  8
WALL
100
AcDbLine
370
50
 10
82600
 20
23887.5000
 30
0
 11
82600
 21
24112.5000
 31
0
  0
LINE
  5
1132
100
AcDbEntity
  8
WALL
100
AcDbLine
370
50
 10
84000
 20
23887.5000
 30
0
 11
85400
 21
23887.5000
 31
0
  0
LINE
  5
1133
100
AcDbEntity
  8
WALL
100
AcDbLine
370
50
 10
85400
 20
24112.5000
 30
0
 11
84000
 21
24112.5000
 31
0
  0
LINE
  5
1134
100
AcDbEntity
  8
WALL
100
AcDbLine
 10
84000
 20
23887.5000
 30
0
 11
84225
 21
24112.5000
 31
0
  0
LINE
  5
1135
100
AcDbEntity
  8
WALL
100
AcDbLine
 10
84150
 20
23887.5000
 30
0
 11
84375
 21
24112.5000
 31
0
  0
LINE
  5
1136
100
AcDbEntity
  8
WALL
100
AcDbLine
 10
84300
 20
23887.5000
 30
0
 11
84525
 21
24112.5000
 31
0
  0
LINE
  5
1137
100
AcDbEntity
  8
WALL
100
AcDbLine
 10
84450
 20
23887.5000
 30
0
 11
84675
 21
24112.5000
 31
0
  0
LINE
  5
1138
100
AcDbEntity
  8
WALL
100
AcDbLine
 10
84600
 20
23887.5000
 30
0
 11
84825
 21
24112.5000
 31
0
  0
LINE
  5
1139
100
AcDbEntity
  8
WALL
100
AcDbLine
 10
84750
 20
23887.5000
 30
0
 11
84975
 21
24112.5000
 31
0
  0
LINE
  5
113A
100
AcDbEntity
  8
WALL
100
AcDbLine
 10
84900
 20
23887.5000
 30
0
 11
85125
 21
24112.5000
 31
0
  0
LINE
  5
113B
100
AcDbEntity
  8
WALL
100
AcDbLine
 10
85050
 20
23887.5000
 30
0
 11
85275
 21
24112.5000
 31
0
  0
LINE
  5
113C
100
AcDbEntity
  8
WALL
100
AcDbLine
370
50
 10
86600
 20
23887.5000
 30
0
 11
88000
 21
23887.5000
 31
0
  0
LINE
  5
113D
100
AcDbEntity
  8
WALL
100
AcDbLine
370
50
 10
88000
 20
24112.5000
 30
0
 11
86600
 21
24112.5000
 31
0
  0
LINE
  5
113E
100
AcDbEntity
  8
WALL
100
AcDbLine
 10
86600
 20
23887.5000
 30
0
 11
86825
 21
24112.5000
 31
0
  0
LINE
  5
113F
100
AcDbEntity
  8
WALL
100
AcDbLine
 10
86750
 20
23887.5000
 30
0
 11
86975
 21
24112.5000
 31
0
  0
LINE
  5
1140
100
AcDbEntity
  8
WALL
100
AcDbLine
 10
86900
 20
23887.5000
 30
0
 11
87125
 21
24112.5000
 31
0
  0
LINE
  5
1141
100
AcDbEntity
  8
WALL
100
AcDbLine
 10
87050
 20
23887.5000
 30
0
 11
87275
 21
24112.5000
 31
0
  0
LINE
  5
1142
100
AcDbEntity
  8
WALL
100
AcDbLine
 10
87200
 20
23887.5000
 30
0
 11
87425
 21
24112.5000
 31
0
  0
LINE
  5
1143
100
AcDbEntity
  8
WALL
100
AcDbLine
 10
87350
 20
23887.5000
 30
0
 11
87575
 21
24112.5000
 31
0
  0
LINE
  5
1144
100
AcDbEntity
  8
WALL
100
AcDbLine
 10
87500
 20
23887.5000
 30
0
 11
87725
 21
24112.5000
 31
0
  0
LINE
  5
1145
100
AcDbEntity
  8
WALL
100
AcDbLine
 10
87650
 20
23887.5000
 30
0
 11
87875
 21
24112.5000
 31
0
  0
LINE
  5
1146
100
AcDbEntity
  8
WALL
100
AcDbLine
370
50
 10
85400
 20
23887.5000
 30
0
 11
85400
 21
24112.5000
 31
0
  0
LINE
  5
1147
100
AcDbEntity
  8
WALL
100
AcDbLine
370
50
 10
86600
 20
23887.5000
 30
0
 11
86600
 21
24112.5000
 31
0
  0
LINE
  5
1148
100
AcDbEntity
  8
WALL
100
AcDbLine
370
50
 10
88000
 20
23887.5000
 30
0
 11
89400
 21
23887.5000
 31
0
  0
LINE
  5
1149
100
AcDbEntity
  8
WALL
100
AcDbLine
370
50
 10
89400
 20
24112.5000
 30
0
 11
88000
 21
24112.5000
 31
0
  0
LINE
  5
114A
100
AcDbEntity
  8
WALL
100
AcDbLine
 10
88000
 20
23887.5000
 30
0
 11
88225
 21
24112.5000
 31
0
  0
LINE
  5
114B
100
AcDbEntity
  8
WALL
100
AcDbLine
 10
88150
 20
23887.5000
 30
0
 11
88375
 21
24112.5000
 31
0
  0
LINE
  5
114C
100
AcDbEntity
  8
WALL
100
AcDbLine
 10
88300
 20
23887.5000
 30
0
 11
88525
 21
24112.5000
 31
0
  0
LINE
  5
114D
100
AcDbEntity
  8
WALL
100
AcDbLine
 10
88450
 20
23887.5000
 30
0
 11
88675
 21
24112.5000
 31
0
  0
LINE
  5
114E
100
AcDbEntity
  8
WALL
100
AcDbLine
 10
88600
 20
23887.5000
 30
0
 11
88825
 21
24112.5000
 31
0
  0
LINE
  5
114F
100
AcDbEntity
  8
WALL
100
AcDbLine
 10
88750
 20
23887.5000
 30
0
 11
88975
 21
24112.5000
 31
0
  0
LINE
  5
1150
100
AcDbEntity
  8
WALL
100
AcDbLine
 10
88900
 20
23887.5000
 30
0
 11
89125
 21
24112.5000
 31
0
  0
LINE
  5
1151
100
AcDbEntity
  8
WALL
100
AcDbLine
 10
89050
 20
23887.5000
 30
0
 11
89275
 21
24112.5000
 31
0
  0
LINE
  5
1152
100
AcDbEntity
  8
WALL
100
AcDbLine
370
50
 10
90600
 20
23887.5000
 30
0
 11
92000
 21
23887.5000
 31
0
  0
LINE
  5
1153
100
AcDbEntity
  8
WALL
100
AcDbLine
370
50
 10
92000
 20
24112.5000
 30
0
 11
90600
 21
24112.5000
 31
0
  0
LINE
  5
1154
100
AcDbEntity
  8
WALL
100
AcDbLine
 10
90600
 20
23887.5000
 30
0
 11
90825
 21
24112.5000
 31
0
  0
LINE
  5
1155
100
AcDbEntity
  8
WALL
100
AcDbLine
 10
90750
 20
23887.5000
 30
0
 11
90975
 21
24112.5000
 31
0
  0
LINE
  5
1156
100
AcDbEntity
  8
WALL
100
AcDbLine
 10
90900
 20
23887.5000
 30
0
 11
91125
 21
24112.5000
 31
0
  0
LINE
  5
1157
100
AcDbEntity
  8
WALL
100
AcDbLine
 10
91050
 20
23887.5000
 30
0
 11
91275
 21
24112.5000
 31
0
  0
LINE
  5
1158
100
AcDbEntity
  8
WALL
100
AcDbLine
 10
91200
 20
23887.5000
 30
0
 11
91425
 21
24112.5000
 31
0
  0
LINE
  5
1159
100
AcDbEntity
  8
WALL
100
AcDbLine
 10
91350
 20
23887.5000
 30
0
 11
91575
 21
24112.5000
 31
0
  0
LINE
  5
115A
100
AcDbEntity
  8
WALL
100
AcDbLine
 10
91500
 20
23887.5000
 30
0
 11
91725
 21
24112.5000
 31
0
  0
LINE
  5
115B
100
AcDbEntity
  8
WALL
100
AcDbLine
 10
91650
 20
23887.5000
 30
0
 11
91875
 21
24112.5000
 31
0
  0
LINE
  5
115C
100
AcDbEntity
  8
WALL
100
AcDbLine
370
50
 10
89400
 20
23887.5000
 30
0
 11
89400
 21
24112.5000
 31
0
  0
LINE
  5
115D
100
AcDbEntity
  8
WALL
100
AcDbLine
370
50
 10
90600
 20
23887.5000
 30
0
 11
90600
 21
24112.5000
 31
0
  0
LINE
  5
115E
100
AcDbEntity
  8
WALL
100
AcDbLine
370
50
 10
92000
 20
23887.5000
 30
0
 11
93400
 21
23887.5000
 31
0
  0
LINE
  5
115F
100
AcDbEntity
  8
WALL
100
AcDbLine
370
50
 10
93400
 20
24112.5000
 30
0
 11
92000
 21
24112.5000
 31
0
  0
LINE
  5
1160
100
AcDbEntity
  8
WALL
100
AcDbLine
 10
92000
 20
23887.5000
 30
0
 11
92225
 21
24112.5000
 31
0
  0
LINE
  5
1161
100
AcDbEntity
  8
WALL
100
AcDbLine
 10
92150
 20
23887.5000
 30
0
 11
92375
 21
24112.5000
 31
0
  0
LINE
  5
1162
100
AcDbEntity
  8
WALL
100
AcDbLine
 10
92300
 20
23887.5000
 30
0
 11
92525
 21
24112.5000
 31
0
  0
LINE
  5
1163
100
AcDbEntity
  8
WALL
100
AcDbLine
 10
92450
 20
23887.5000
 30
0
 11
92675
 21
24112.5000
 31
0
  0
LINE
  5
1164
100
AcDbEntity
  8
WALL
100
AcDbLine
 10
92600
 20
23887.5000
 30
0
 11
92825
 21
24112.5000
 31
0
  0
LINE
  5
1165
100
AcDbEntity
  8
WALL
100
AcDbLine
 10
92750
 20
23887.5000
 30
0
 11
92975
 21
24112.5000
 31
0
  0
LINE
  5
1166
100
AcDbEntity
  8
WALL
100
AcDbLine
 10
92900
 20
23887.5000
 30
0
 11
93125
 21
24112.5000
 31
0
  0
LINE
  5
1167
100
AcDbEntity
  8
WALL
100
AcDbLine
 10
93050
 20
23887.5000
 30
0
 11
93275
 21
24112.5000
 31
0
  0
LINE
  5
1168
100
AcDbEntity
  8
WALL
100
AcDbLine
370
50
 10
94600
 20
23887.5000
 30
0
 11
96000
 21
23887.5000
 31
0
  0
LINE
  5
1169
100
AcDbEntity
  8
WALL
100
AcDbLine
370
50
 10
96000
 20
24112.5000
 30
0
 11
94600
 21
24112.5000
 31
0
  0
LINE
  5
116A
100
AcDbEntity
  8
WALL
100
AcDbLine
 10
94600
 20
23887.5000
 30
0
 11
94825
 21
24112.5000
 31
0
  0
LINE
  5
116B
100
AcDbEntity
  8
WALL
100
AcDbLine
 10
94750
 20
23887.5000
 30
0
 11
94975
 21
24112.5000
 31
0
  0
LINE
  5
116C
100
AcDbEntity
  8
WALL
100
AcDbLine
 10
94900
 20
23887.5000
 30
0
 11
95125
 21
24112.5000
 31
0
  0
LINE
  5
116D
100
AcDbEntity
  8
WALL
100
AcDbLine
 10
95050
 20
23887.5000
 30
0
 11
95275
 21
24112.5000
 31
0
  0
LINE
  5
116E
100
AcDbEntity
  8
WALL
100
AcDbLine
 10
95200
 20
23887.5000
 30
0
 11
95425
 21
24112.5000
 31
0
  0
LINE
  5
116F
100
AcDbEntity
  8
WALL
100
AcDbLine
 10
95350
 20
23887.5000
 30
0
 11
95575
 21
24112.5000
 31
0
  0
LINE
  5
1170
100
AcDbEntity
  8
WALL
100
AcDbLine
 10
95500
 20
23887.5000
 30
0
 11
95725
 21
24112.5000
 31
0
  0
LINE
  5
1171
100
AcDbEntity
  8
WALL
100
AcDbLine
 10
95650
 20
23887.5000
 30
0
 11
95875
 21
24112.5000
 31
0
  0
LINE
  5
1172
100
AcDbEntity
  8
WALL
100
AcDbLine
370
50
 10
93400
 20
23887.5000
 30
0
 11
93400
 21
24112.5000
 31
0
  0
LINE
  5
1173
100
AcDbEntity
  8
WALL
100
AcDbLine
370
50
 10
94600
 20
23887.5000
 30
0
 11
94600
 21
24112.5000
 31
0
  0
LINE
  5
1174
100
AcDbEntity
  8
WALL
100
AcDbLine
370
50
 10
75925
 20
0
 30
0
 11
75925
 21
3550
 31
0
  0
LINE
  5
1175
100
AcDbEntity
  8
WALL
100
AcDbLine
370
50
 10
76075
 20
3550
 30
0
 11
76075
 21
0
 31
0
  0
LINE
  5
1176
100
AcDbEntity
  8
WALL
100
AcDbLine
 10
75925
 20
0
 30
0
 11
76075
 21
150
 31
0
  0
LINE
  5
1177
100
AcDbEntity
  8
WALL
100
AcDbLine
 10
75925
 20
150
 30
0
 11
76075
 21
300
 31
0
  0
LINE
  5
1178
100
AcDbEntity
  8
WALL
100
AcDbLine
 10
75925
 20
300
 30
0
 11
76075
 21
450
 31
0
  0
LINE
  5
1179
100
AcDbEntity
  8
WALL
100
AcDbLine
 10
75925
 20
450
 30
0
 11
76075
 21
600
 31
0
  0
LINE
  5
117A
100
AcDbEntity
  8
WALL
100
AcDbLine
 10
75925
 20
600
 30
0
 11
76075
 21
750
 31
0
  0
LINE
  5
117B
100
AcDbEntity
  8
WALL
100
AcDbLine
 10
75925
 20
750
 30
0
 11
76075
 21
900
 31
0
  0
LINE
  5
117C
100
AcDbEntity
  8
WALL
100
AcDbLine
 10
75925
 20
900
 30
0
 11
76075
 21
1050
 31
0
  0
LINE
  5
117D
100
AcDbEntity
  8
WALL
100
AcDbLine
 10
75925
 20
1050
 30
0
 11
76075
 21
1200
 31
0
  0
LINE
  5
117E
100
AcDbEntity
  8
WALL
100
AcDbLine
 10
75925
 20
1200
 30
0
 11
76075
 21
1350
 31
0
  0
LINE
  5
117F
100
AcDbEntity
  8
WALL
100
AcDbLine
 10
75925
 20
1350
 30
0
 11
76075
 21
1500
 31
0
  0
LINE
  5
1180
100
AcDbEntity
  8
WALL
100
AcDbLine
 10
75925
 20
1500
 30
0
 11
76075
 21
1650
 31
0
  0
LINE
  5
1181
100
AcDbEntity
  8
WALL
100
AcDbLine
 10
75925
 20
1650
 30
0
 11
76075
 21
1800
 31
0
  0
LINE
  5
1182
100
AcDbEntity
  8
WALL
100
AcDbLine
 10
75925
 20
1800
 30
0
 11
76075
 21
1950
 31
0
  0
LINE
  5
1183
100
AcDbEntity
  8
WALL
100
AcDbLine
 10
75925
 20
1950
 30
0
 11
76075
 21
2100
 31
0
  0
LINE
  5
1184
100
AcDbEntity
  8
WALL
100
AcDbLine
 10
75925
 20
2100
 30
0
 11
76075
 21
2250
 31
0
  0
LINE
  5
1185
100
AcDbEntity
  8
WALL
100
AcDbLine
 10
75925
 20
2250
 30
0
 11
76075
 21
2400
 31
0
  0
LINE
  5
1186
100
AcDbEntity
  8
WALL
100
AcDbLine
 10
75925
 20
2400
 30
0
 11
76075
 21
2550
 31
0
  0
LINE
  5
1187
100
AcDbEntity
  8
WALL
100
AcDbLine
 10
75925
 20
2550
 30
0
 11
76075
 21
2700
 31
0
  0
LINE
  5
1188
100
AcDbEntity
  8
WALL
100
AcDbLine
 10
75925
 20
2700
 30
0
 11
76075
 21
2850
 31
0
  0
LINE
  5
1189
100
AcDbEntity
  8
WALL
100
AcDbLine
 10
75925
 20
2850
 30
0
 11
76075
 21
3000
 31
0
  0
LINE
  5
118A
100
AcDbEntity
  8
WALL
100
AcDbLine
 10
75925
 20
3000
 30
0
 11
76075
 21
3150
 31
0
  0
LINE
  5
118B
100
AcDbEntity
  8
WALL
100
AcDbLine
 10
75925
 20
3150
 30
0
 11
76075
 21
3300
 31
0
  0
LINE
  5
118C
100
AcDbEntity
  8
WALL
100
AcDbLine
 10
75925
 20
3300
 30
0
 11
76075
 21
3450
 31
0
  0
LINE
  5
118D
100
AcDbEntity
  8
WALL
100
AcDbLine
370
50
 10
75925
 20
4450
 30
0
 11
75925
 21
8000
 31
0
  0
LINE
  5
118E
100
AcDbEntity
  8
WALL
100
AcDbLine
370
50
 10
76075
 20
8000
 30
0
 11
76075
 21
4450
 31
0
  0
LINE
  5
118F
100
AcDbEntity
  8
WALL
100
AcDbLine
 10
75925
 20
4450
 30
0
 11
76075
 21
4600
 31
0
  0
LINE
  5
1190
100
AcDbEntity
  8
WALL
100
AcDbLine
 10
75925
 20
4600
 30
0
 11
76075
 21
4750
 31
0
  0
LINE
  5
1191
100
AcDbEntity
  8
WALL
100
AcDbLine
 10
75925
 20
4750
 30
0
 11
76075
 21
4900
 31
0
  0
LINE
  5
1192
100
AcDbEntity
  8
WALL
100
AcDbLine
 10
75925
 20
4900
 30
0
 11
76075
 21
5050
 31
0
  0
LINE
  5
1193
100
AcDbEntity
  8
WALL
100
AcDbLine
 10
75925
 20
5050
 30
0
 11
76075
 21
5200
 31
0
  0
LINE
  5
1194
100
AcDbEntity
  8
WALL
100
AcDbLine
 10
75925
 20
5200
 30
0
 11
76075
 21
5350
 31
0
  0
LINE
  5
1195
100
AcDbEntity
  8
WALL
100
AcDbLine
 10
75925
 20
5350
 30
0
 11
76075
 21
5500
 31
0
  0
LINE
  5
1196
100
AcDbEntity
  8
WALL
100
AcDbLine
 10
75925
 20
5500
 30
0
 11
76075
 21
5650
 31
0
  0
LINE
  5
1197
100
AcDbEntity
  8
WALL
100
AcDbLine
 10
75925
 20
5650
 30
0
 11
76075
 21
5800
 31
0
  0
LINE
  5
1198
100
AcDbEntity
  8
WALL
100
AcDbLine
 10
75925
 20
5800
 30
0
 11
76075
 21
5950
 31
0
  0
LINE
  5
1199
100
AcDbEntity
  8
WALL
100
AcDbLine
 10
75925
 20
5950
 30
0
 11
76075
 21
6100
 31
0
  0
LINE
  5
119A
100
AcDbEntity
  8
WALL
100
AcDbLine
 10
75925
 20
6100
 30
0
 11
76075
 21
6250
 31
0
  0
LINE
  5
119B
100
AcDbEntity
  8
WALL
100
AcDbLine
 10
75925
 20
6250
 30
0
 11
76075
 21
6400
 31
0
  0
LINE
  5
119C
100
AcDbEntity
  8
WALL
100
AcDbLine
 10
75925
 20
6400
 30
0
 11
76075
 21
6550
 31
0
  0
LINE
  5
119D
100
AcDbEntity
  8
WALL
100
AcDbLine
 10
75925
 20
6550
 30
0
 11
76075
 21
6700
 31
0
  0
LINE
  5
119E
100
AcDbEntity
  8
WALL
100
AcDbLine
 10
75925
 20
6700
 30
0
 11
76075
 21
6850
 31
0
  0
LINE
  5
119F
100
AcDbEntity
  8
WALL
100
AcDbLine
 10
75925
 20
6850
 30
0
 11
76075
 21
7000
 31
0
  0
LINE
  5
11A0
100
AcDbEntity
  8
WALL
100
AcDbLine
 10
75925
 20
7000
 30
0
 11
76075
 21
7150
 31
0
  0
LINE
  5
11A1
100
AcDbEntity
  8
WALL
100
AcDbLine
 10
75925
 20
7150
 30
0
 11
76075
 21
7300
 31
0
  0
LINE
  5
11A2
100
AcDbEntity
  8
WALL
100
AcDbLine
 10
75925
 20
7300
 30
0
 11
76075
 21
7450
 31
0
  0
LINE
  5
11A3
100
AcDbEntity
  8
WALL
100
AcDbLine
 10
75925
 20
7450
 30
0
 11
76075
 21
7600
 31
0
  0
LINE
  5
11A4
100
AcDbEntity
  8
WALL
100
AcDbLine
 10
75925
 20
7600
 30
0
 11
76075
 21
7750
 31
0
  0
LINE
  5
11A5
100
AcDbEntity
  8
WALL
100
AcDbLine
 10
75925
 20
7750
 30
0
 11
76075
 21
7900
 31
0
  0
LINE
  5
11A6
100
AcDbEntity
  8
WALL
100
AcDbLine
370
50
 10
75925
 20
3550
 30
0
 11
76075
 21
3550
 31
0
  0
LINE
  5
11A7
100
AcDbEntity
  8
WALL
100
AcDbLine
370
50
 10
75925
 20
4450
 30
0
 11
76075
 21
4450
 31
0
  0
LINE
  5
11A8
100
AcDbEntity
  8
WALL
100
AcDbLine
370
50
 10
75925
 20
8000
 30
0
 11
75925
 21
11550
 31
0
  0
LINE
  5
11A9
100
AcDbEntity
  8
WALL
100
AcDbLine
370
50
 10
76075
 20
11550
 30
0
 11
76075
 21
8000
 31
0
  0
LINE
  5
11AA
100
AcDbEntity
  8
WALL
100
AcDbLine
 10
75925
 20
8000
 30
0
 11
76075
 21
8150
 31
0
  0
LINE
  5
11AB
100
AcDbEntity
  8
WALL
100
AcDbLine
 10
75925
 20
8150
 30
0
 11
76075
 21
8300
 31
0
  0
LINE
  5
11AC
100
AcDbEntity
  8
WALL
100
AcDbLine
 10
75925
 20
8300
 30
0
 11
76075
 21
8450
 31
0
  0
LINE
  5
11AD
100
AcDbEntity
  8
WALL
100
AcDbLine
 10
75925
 20
8450
 30
0
 11
76075
 21
8600
 31
0
  0
LINE
  5
11AE
100
AcDbEntity
  8
WALL
100
AcDbLine
 10
75925
 20
8600
 30
0
 11
76075
 21
8750
 31
0
  0
LINE
  5
11AF
100
AcDbEntity
  8
WALL
100
AcDbLine
 10
75925
 20
8750
 30
0
 11
76075
 21
8900
 31
0
  0
LINE
  5
11B0
100
AcDbEntity
  8
WALL
100
AcDbLine
 10
75925
 20
8900
 30
0
 11
76075
 21
9050
 31
0
  0
LINE
  5
11B1
100
AcDbEntity
  8
WALL
100
AcDbLine
 10
75925
 20
9050
 30
0
 11
76075
 21
9200
 31
0
  0
LINE
  5
11B2
100
AcDbEntity
  8
WALL
100
AcDbLine
 10
75925
 20
9200
 30
0
 11
76075
 21
9350
 31
0
  0
LINE
  5
11B3
100
AcDbEntity
  8
WALL
100
AcDbLine
 10
75925
 20
9350
 30
0
 11
76075
 21
9500
 31
0
  0
LINE
  5
11B4
100
AcDbEntity
  8
WALL
100
AcDbLine
 10
75925
 20
9500
 30
0
 11
76075
 21
9650
 31
0
  0
LINE
  5
11B5
100
AcDbEntity
  8
WALL
100
AcDbLine
 10
75925
 20
9650
 30
0
 11
76075
 21
9800
 31
0
  0
LINE
  5
11B6
100
AcDbEntity
  8
WALL
100
AcDbLine
 10
75925
 20
9800
 30
0
 11
76075
 21
9950
 31
0
  0
LINE
  5
11B7
100
AcDbEntity
  8
WALL
100
AcDbLine
 10
75925
 20
9950
 30
0
 11
76075
 21
10100
 31
0
  0
LINE
  5
11B8
100
AcDbEntity
  8
WALL
100
AcDbLine
 10
75925
 20
10100
 30
0
 11
76075
 21
10250
 31
0
  0
LINE
  5
11B9
100
AcDbEntity
  8
WALL
100
AcDbLine
 10
75925
 20
10250
 30
0
 11
76075
 21
10400
 31
0
  0
LINE
  5
11BA
100
AcDbEntity
  8
WALL
100
AcDbLine
 10
75925
 20
10400
 30
0
 11
76075
 21
10550
 31
0
  0
LINE
  5
11BB
100
AcDbEntity
  8
WALL
100
AcDbLine
 10
75925
 20
10550
 30
0
 11
76075
 21
10700
 31
0
  0
LINE
  5
11BC
100
AcDbEntity
  8
WALL
100
AcDbLine
 10
75925
 20
10700
 30
0
 11
76075
 21
10850
 31
0
  0
LINE
  5
11BD
100
AcDbEntity
  8
WALL
100
AcDbLine
 10
75925
 20
10850
 30
0
 11
76075
 21
11000
 31
0
  0
LINE
  5
11BE
100
AcDbEntity
  8
WALL
100
AcDbLine
 10
75925
 20
11000
 30
0
 11
76075
 21
11150
 31
0
  0
LINE
  5
11BF
100
AcDbEntity
  8
WALL
100
AcDbLine
 10
75925
 20
11150
 30
0
 11
76075
 21
11300
 31
0
  0
LINE
  5
11C0
100
AcDbEntity
  8
WALL
100
AcDbLine
 10
75925
 20
11300
 30
0
 11
76075
 21
11450
 31
0
  0
LINE
  5
11C1
100
AcDbEntity
  8
WALL
100
AcDbLine
370
50
 10
75925
 20
12450
 30
0
 11
75925
 21
16000
 31
0
  0
LINE
  5
11C2
100
AcDbEntity
  8
WALL
100
AcDbLine
370
50
 10
76075
 20
16000
 30
0
 11
76075
 21
12450
 31
0
  0
LINE
  5
11C3
100
AcDbEntity
  8
WALL
100
AcDbLine
 10
75925
 20
12450
 30
0
 11
76075
 21
12600
 31
0
  0
LINE
  5
11C4
100
AcDbEntity
  8
WALL
100
AcDbLine
 10
75925
 20
12600
 30
0
 11
76075
 21
12750
 31
0
  0
LINE
  5
11C5
100
AcDbEntity
  8
WALL
100
AcDbLine
 10
75925
 20
12750
 30
0
 11
76075
 21
12900
 31
0
  0
LINE
  5
11C6
100
AcDbEntity
  8
WALL
100
AcDbLine
 10
75925
 20
12900
 30
0
 11
76075
 21
13050
 31
0
  0
LINE
  5
11C7
100
AcDbEntity
  8
WALL
100
AcDbLine
 10
75925
 20
13050
 30
0
 11
76075
 21
13200
 31
0
  0
LINE
  5
11C8
100
AcDbEntity
  8
WALL
100
AcDbLine
 10
75925
 20
13200
 30
0
 11
76075
 21
13350
 31
0
  0
LINE
  5
11C9
100
AcDbEntity
  8
WALL
100
AcDbLine
 10
75925
 20
13350
 30
0
 11
76075
 21
13500
 31
0
  0
LINE
  5
11CA
100
AcDbEntity
  8
WALL
100
AcDbLine
 10
75925
 20
13500
 30
0
 11
76075
 21
13650
 31
0
  0
LINE
  5
11CB
100
AcDbEntity
  8
WALL
100
AcDbLine
 10
75925
 20
13650
 30
0
 11
76075
 21
13800
 31
0
  0
LINE
  5
11CC
100
AcDbEntity
  8
WALL
100
AcDbLine
 10
75925
 20
13800
 30
0
 11
76075
 21
13950
 31
0
  0
LINE
  5
11CD
100
AcDbEntity
  8
WALL
100
AcDbLine
 10
75925
 20
13950
 30
0
 11
76075
 21
14100
 31
0
  0
LINE
  5
11CE
100
AcDbEntity
  8
WALL
100
AcDbLine
 10
75925
 20
14100
 30
0
 11
76075
 21
14250
 31
0
  0
LINE
  5
11CF
100
AcDbEntity
  8
WALL
100
AcDbLine
 10
75925
 20
14250
 30
0
 11
76075
 21
14400
 31
0
  0
LINE
  5
11D0
100
AcDbEntity
  8
WALL
100
AcDbLine
 10
75925
 20
14400
 30
0
 11
76075
 21
14550
 31
0
  0
LINE
  5
11D1
100
AcDbEntity
  8
WALL
100
AcDbLine
 10
75925
 20
14550
 30
0
 11
76075
 21
14700
 31
0
  0
LINE
  5
11D2
100
AcDbEntity
  8
WALL
100
AcDbLine
 10
75925
 20
14700
 30
0
 11
76075
 21
14850
 31
0
  0
LINE
  5
11D3
100
AcDbEntity
  8
WALL
100
AcDbLine
 10
75925
 20
14850
 30
0
 11
76075
 21
15000
 31
0
  0
LINE
  5
11D4
100
AcDbEntity
  8
WALL
100
AcDbLine
 10
75925
 20
15000
 30
0
 11
76075
 21
15150
 31
0
  0
LINE
  5
11D5
100
AcDbEntity
  8
WALL
100
AcDbLine
 10
75925
 20
15150
 30
0
 11
76075
 21
15300
 31
0
  0
LINE
  5
11D6
100
AcDbEntity
  8
WALL
100
AcDbLine
 10
75925
 20
15300
 30
0
 11
76075
 21
15450
 31
0
  0
LINE
  5
11D7
100
AcDbEntity
  8
WALL
100
AcDbLine
 10
75925
 20
15450
 30
0
 11
76075
 21
15600
 31
0
  0
LINE
  5
11D8
100
AcDbEntity
  8
WALL
100
AcDbLine
 10
75925
 20
15600
 30
0
 11
76075
 21
15750
 31
0
  0
LINE
  5
11D9
100
AcDbEntity
  8
WALL
100
AcDbLine
 10
75925
 20
15750
 30
0
 11
76075
 21
15900
 31
0
  0
LINE
  5
11DA
100
AcDbEntity
  8
WALL
100
AcDbLine
370
50
 10
75925
 20
11550
 30
0
 11
76075
 21
11550
 31
0
  0
LINE
  5
11DB
100
AcDbEntity
  8
WALL
100
AcDbLine
370
50
 10
75925
 20
12450
 30
0
 11
76075
 21
12450
 31
0
  0
LINE
  5
11DC
100
AcDbEntity
  8
WALL
100
AcDbLine
370
50
 10
75925
 20
16000
 30
0
 11
75925
 21
19550
 31
0
  0
LINE
  5
11DD
100
AcDbEntity
  8
WALL
100
AcDbLine
370
50
 10
76075
 20
19550
 30
0
 11
76075
 21
16000
 31
0
  0
LINE
  5
11DE
100
AcDbEntity
  8
WALL
100
AcDbLine
 10
75925
 20
16000
 30
0
 11
76075
 21
16150
 31
0
  0
LINE
  5
11DF
100
AcDbEntity
  8
WALL
100
AcDbLine
 10
75925
 20
16150
 30
0
 11
76075
 21
16300
 31
0
  0
LINE
  5
11E0
100
AcDbEntity
  8
WALL
100
AcDbLine
 10
75925
 20
16300
 30
0
 11
76075
 21
16450
 31
0
  0
LINE
  5
11E1
100
AcDbEntity
  8
WALL
100
AcDbLine
 10
75925
 20
16450
 30
0
 11
76075
 21
16600
 31
0
  0
LINE
  5
11E2
100
AcDbEntity
  8
WALL
100
AcDbLine
 10
75925
 20
16600
 30
0
 11
76075
 21
16750
 31
0
  0
LINE
  5
11E3
100
AcDbEntity
  8
WALL
100
AcDbLine
 10
75925
 20
16750
 30
0
 11
76075
 21
16900
 31
0
  0
LINE
  5
11E4
100
AcDbEntity
  8
WALL
100
AcDbLine
 10
75925
 20
16900
 30
0
 11
76075
 21
17050
 31
0
  0
LINE
  5
11E5
100
AcDbEntity
  8
WALL
100
AcDbLine
 10
75925
 20
17050
 30
0
 11
76075
 21
17200
 31
0
  0
LINE
  5
11E6
100
AcDbEntity
  8
WALL
100
AcDbLine
 10
75925
 20
17200
 30
0
 11
76075
 21
17350
 31
0
  0
LINE
  5
11E7
100
AcDbEntity
  8
WALL
100
AcDbLine
 10
75925
 20
17350
 30
0
 11
76075
 21
17500
 31
0
  0
LINE
  5
11E8
100
AcDbEntity
  8
WALL
100
AcDbLine
 10
75925
 20
17500
 30
0
 11
76075
 21
17650
 31
0
  0
LINE
  5
11E9
100
AcDbEntity
  8
WALL
100
AcDbLine
 10
75925
 20
17650
 30
0
 11
76075
 21
17800
 31
0
  0
LINE
  5
11EA
100
AcDbEntity
  8
WALL
100
AcDbLine
 10
75925
 20
17800
 30
0
 11
76075
 21
17950
 31
0
  0
LINE
  5
11EB
100
AcDbEntity
  8
WALL
100
AcDbLine
 10
75925
 20
17950
 30
0
 11
76075
 21
18100
 31
0
  0
LINE
  5
11EC
100
AcDbEntity
  8
WALL
100
AcDbLine
 10
75925
 20
18100
 30
0
 11
76075
 21
18250
 31
0
  0
LINE
  5
11ED
100
AcDbEntity
  8
WALL
100
AcDbLine
 10
75925
 20
18250
 30
0
 11
76075
 21
18400
 31
0
  0
LINE
  5
11EE
100
AcDbEntity
  8
WALL
100
AcDbLine
 10
75925
 20
18400
 30
0
 11
76075
 21
18550
 31
0
  0
LINE
  5
11EF
100
AcDbEntity
  8
WALL
100
AcDbLine
 10
75925
 20
18550
 30
0
 11
76075
 21
18700
 31
0
  0
LINE
  5
11F0
100
AcDbEntity
  8
WALL
100
AcDbLine
 10
75925
 20
18700
 30
0
 11
76075
 21
18850
 31
0
  0
LINE
  5
11F1
100
AcDbEntity
  8
WALL
100
AcDbLine
 10
75925
 20
18850
 30
0
 11
76075
 21
19000
 31
0
  0
LINE
  5
11F2
100
AcDbEntity
  8
WALL
100
AcDbLine
 10
75925
 20
19000
 30
0
 11
76075
 21
19150
 31
0
  0
LINE
  5
11F3
100
AcDbEntity
  8
WALL
100
AcDbLine
 10
75925
 20
19150
 30
0
 11
76075
 21
19300
 31
0
  0
LINE
  5
11F4
100
AcDbEntity
  8
WALL
100
AcDbLine
 10
75925
 20
19300
 30
0
 11
76075
 21
19450
 31
0
  0
LINE
  5
11F5
100
AcDbEntity
  8
WALL
100
AcDbLine
370
50
 10
75925
 20
20450
 30
0
 11
75925
 21
24000
 31
0
  0
LINE
  5
11F6
100
AcDbEntity
  8
WALL
100
AcDbLine
370
50
 10
76075
 20
24000
 30
0
 11
76075
 21
20450
 31
0
  0
LINE
  5
11F7
100
AcDbEntity
  8
WALL
100
AcDbLine
 10
75925
 20
20450
 30
0
 11
76075
 21
20600
 31
0
  0
LINE
  5
11F8
100
AcDbEntity
  8
WALL
100
AcDbLine
 10
75925
 20
20600
 30
0
 11
76075
 21
20750
 31
0
  0
LINE
  5
11F9
100
AcDbEntity
  8
WALL
100
AcDbLine
 10
75925
 20
20750
 30
0
 11
76075
 21
20900
 31
0
  0
LINE
  5
11FA
100
AcDbEntity
  8
WALL
100
AcDbLine
 10
75925
 20
20900
 30
0
 11
76075
 21
21050
 31
0
  0
LINE
  5
11FB
100
AcDbEntity
  8
WALL
100
AcDbLine
 10
75925
 20
21050
 30
0
 11
76075
 21
21200
 31
0
  0
LINE
  5
11FC
100
AcDbEntity
  8
WALL
100
AcDbLine
 10
75925
 20
21200
 30
0
 11
76075
 21
21350
 31
0
  0
LINE
  5
11FD
100
AcDbEntity
  8
WALL
100
AcDbLine
 10
75925
 20
21350
 30
0
 11
76075
 21
21500
 31
0
  0
LINE
  5
11FE
100
AcDbEntity
  8
WALL
100
AcDbLine
 10
75925
 20
21500
 30
0
 11
76075
 21
21650
 31
0
  0
LINE
  5
11FF
100
AcDbEntity
  8
WALL
100
AcDbLine
 10
75925
 20
21650
 30
0
 11
76075
 21
21800
 31
0
  0
LINE
  5
1200
100
AcDbEntity
  8
WALL
100
AcDbLine
 10
75925
 20
21800
 30
0
 11
76075
 21
21950
 31
0
  0
LINE
  5
1201
100
AcDbEntity
  8
WALL
100
AcDbLine
 10
75925
 20
21950
 30
0
 11
76075
 21
22100
 31
0
  0
LINE
  5
1202
100
AcDbEntity
  8
WALL
100
AcDbLine
 10
75925
 20
22100
 30
0
 11
76075
 21
22250
 31
0
  0
LINE
  5
1203
100
AcDbEntity
  8
WALL
100
AcDbLine
 10
75925
 20
22250
 30
0
 11
76075
 21
22400
 31
0
  0
LINE
  5
1204
100
AcDbEntity
  8
WALL
100
AcDbLine
 10
75925
 20
22400
 30
0
 11
76075
 21
22550
 31
0
  0
LINE
  5
1205
100
AcDbEntity
  8
WALL
100
AcDbLine
 10
75925
 20
22550
 30
0
 11
76075
 21
22700
 31
0
  0
LINE
  5
1206
100
AcDbEntity
  8
WALL
100
AcDbLine
 10
75925
 20
22700
 30
0
 11
76075
 21
22850
 31
0
  0
LINE
  5
1207
100
AcDbEntity
  8
WALL
100
AcDbLine
 10
75925
 20
22850
 30
0
 11
76075
 21
23000
 31
0
  0
LINE
  5
1208
100
AcDbEntity
  8
WALL
100
AcDbLine
 10
75925
 20
23000
 30
0
 11
76075
 21
23150
 31
0
  0
LINE
  5
1209
100
AcDbEntity
  8
WALL
100
AcDbLine
 10
75925
 20
23150
 30
0
 11
76075
 21
23300
 31
0
  0
LINE
  5
120A
100
AcDbEntity
  8
WALL
100
AcDbLine
 10
75925
 20
23300
 30
0
 11
76075
 21
23450
 31
0
  0
LINE
  5
120B
100
AcDbEntity
  8
WALL
100
AcDbLine
 10
75925
 20
23450
 30
0
 11
76075
 21
23600
 31
0
  0
LINE
  5
120C
100
AcDbEntity
  8
WALL
100
AcDbLine
 10
75925
 20
23600
 30
0
 11
76075
 21
23750
 31
0
  0
LINE
  5
120D
100
AcDbEntity
  8
WALL
100
AcDbLine
 10
75925
 20
23750
 30
0
 11
76075
 21
23900
 31
0
  0
LINE
  5
120E
100
AcDbEntity
  8
WALL
100
AcDbLine
370
50
 10
75925
 20
19550
 30
0
 11
76075
 21
19550
 31
0
  0
LINE
  5
120F
100
AcDbEntity
  8
WALL
100
AcDbLine
370
50
 10
75925
 20
20450
 30
0
 11
76075
 21
20450
 31
0
  0
LINE
  5
1210
100
AcDbEntity
  8
WALL
100
AcDbLine
370
50
 10
79925
 20
0
 30
0
 11
79925
 21
3550
 31
0
  0
LINE
  5
1211
100
AcDbEntity
  8
WALL
100
AcDbLine
370
50
 10
80075
 20
3550
 30
0
 11
80075
 21
0
 31
0
  0
LINE
  5
1212
100
AcDbEntity
  8
WALL
100
AcDbLine
 10
79925
 20
0
 30
0
 11
80075
 21
150
 31
0
  0
LINE
  5
1213
100
AcDbEntity
  8
WALL
100
AcDbLine
 10
79925
 20
150
 30
0
 11
80075
 21
300
 31
0
  0
LINE
  5
1214
100
AcDbEntity
  8
WALL
100
AcDbLine
 10
79925
 20
300
 30
0
 11
80075
 21
450
 31
0
  0
LINE
  5
1215
100
AcDbEntity
  8
WALL
100
AcDbLine
 10
79925
 20
450
 30
0
 11
80075
 21
600
 31
0
  0
LINE
  5
1216
100
AcDbEntity
  8
WALL
100
AcDbLine
 10
79925
 20
600
 30
0
 11
80075
 21
750
 31
0
  0
LINE
  5
1217
100
AcDbEntity
  8
WALL
100
AcDbLine
 10
79925
 20
750
 30
0
 11
80075
 21
900
 31
0
  0
LINE
  5
1218
100
AcDbEntity
  8
WALL
100
AcDbLine
 10
79925
 20
900
 30
0
 11
80075
 21
1050
 31
0
  0
LINE
  5
1219
100
AcDbEntity
  8
WALL
100
AcDbLine
 10
79925
 20
1050
 30
0
 11
80075
 21
1200
 31
0
  0
LINE
  5
121A
100
AcDbEntity
  8
WALL
100
AcDbLine
 10
79925
 20
1200
 30
0
 11
80075
 21
1350
 31
0
  0
LINE
  5
121B
100
AcDbEntity
  8
WALL
100
AcDbLine
 10
79925
 20
1350
 30
0
 11
80075
 21
1500
 31
0
  0
LINE
  5
121C
100
AcDbEntity
  8
WALL
100
AcDbLine
 10
79925
 20
1500
 30
0
 11
80075
 21
1650
 31
0
  0
LINE
  5
121D
100
AcDbEntity
  8
WALL
100
AcDbLine
 10
79925
 20
1650
 30
0
 11
80075
 21
1800
 31
0
  0
LINE
  5
121E
100
AcDbEntity
  8
WALL
100
AcDbLine
 10
79925
 20
1800
 30
0
 11
80075
 21
1950
 31
0
  0
LINE
  5
121F
100
AcDbEntity
  8
WALL
100
AcDbLine
 10
79925
 20
1950
 30
0
 11
80075
 21
2100
 31
0
  0
LINE
  5
1220
100
AcDbEntity
  8
WALL
100
AcDbLine
 10
79925
 20
2100
 30
0
 11
80075
 21
2250
 31
0
  0
LINE
  5
1221
100
AcDbEntity
  8
WALL
100
AcDbLine
 10
79925
 20
2250
 30
0
 11
80075
 21
2400
 31
0
  0
LINE
  5
1222
100
AcDbEntity
  8
WALL
100
AcDbLine
 10
79925
 20
2400
 30
0
 11
80075
 21
2550
 31
0
  0
LINE
  5
1223
100
AcDbEntity
  8
WALL
100
AcDbLine
 10
79925
 20
2550
 30
0
 11
80075
 21
2700
 31
0
  0
LINE
  5
1224
100
AcDbEntity
  8
WALL
100
AcDbLine
 10
79925
 20
2700
 30
0
 11
80075
 21
2850
 31
0
  0
LINE
  5
1225
100
AcDbEntity
  8
WALL
100
AcDbLine
 10
79925
 20
2850
 30
0
 11
80075
 21
3000
 31
0
  0
LINE
  5
1226
100
AcDbEntity
  8
WALL
100
AcDbLine
 10
79925
 20
3000
 30
0
 11
80075
 21
3150
 31
0
  0
LINE
  5
1227
100
AcDbEntity
  8
WALL
100
AcDbLine
 10
79925
 20
3150
 30
0
 11
80075
 21
3300
 31
0
  0
LINE
  5
1228
100
AcDbEntity
  8
WALL
100
AcDbLine
 10
79925
 20
3300
 30
0
 11
80075
 21
3450
 31
0
  0
LINE
  5
1229
100
AcDbEntity
  8
WALL
100
AcDbLine
370
50
 10
79925
 20
4450
 30
0
 11
79925
 21
8000
 31
0
  0
LINE
  5
122A
100
AcDbEntity
  8
WALL
100
AcDbLine
370
50
 10
80075
 20
8000
 30
0
 11
80075
 21
4450
 31
0
  0
LINE
  5
122B
100
AcDbEntity
  8
WALL
100
AcDbLine
 10
79925
 20
4450
 30
0
 11
80075
 21
4600
 31
0
  0
LINE
  5
122C
100
AcDbEntity
  8
WALL
100
AcDbLine
 10
79925
 20
4600
 30
0
 11
80075
 21
4750
 31
0
  0
LINE
  5
122D
100
AcDbEntity
  8
WALL
100
AcDbLine
 10
79925
 20
4750
 30
0
 11
80075
 21
4900
 31
0
  0
LINE
  5
122E
100
AcDbEntity
  8
WALL
100
AcDbLine
 10
79925
 20
4900
 30
0
 11
80075
 21
5050
 31
0
  0
LINE
  5
122F
100
AcDbEntity
  8
WALL
100
AcDbLine
 10
79925
 20
5050
 30
0
 11
80075
 21
5200
 31
0
  0
LINE
  5
1230
100
AcDbEntity
  8
WALL
100
AcDbLine
 10
79925
 20
5200
 30
0
 11
80075
 21
5350
 31
0
  0
LINE
  5
1231
100
AcDbEntity
  8
WALL
100
AcDbLine
 10
79925
 20
5350
 30
0
 11
80075
 21
5500
 31
0
  0
LINE
  5
1232
100
AcDbEntity
  8
WALL
100
AcDbLine
 10
79925
 20
5500
 30
0
 11
80075
 21
5650
 31
0
  0
LINE
  5
1233
100
AcDbEntity
  8
WALL
100
AcDbLine
 10
79925
 20
5650
 30
0
 11
80075
 21
5800
 31
0
  0
LINE
  5
1234
100
AcDbEntity
  8
WALL
100
AcDbLine
 10
79925
 20
5800
 30
0
 11
80075
 21
5950
 31
0
  0
LINE
  5
1235
100
AcDbEntity
  8
WALL
100
AcDbLine
 10
79925
 20
5950
 30
0
 11
80075
 21
6100
 31
0
  0
LINE
  5
1236
100
AcDbEntity
  8
WALL
100
AcDbLine
 10
79925
 20
6100
 30
0
 11
80075
 21
6250
 31
0
  0
LINE
  5
1237
100
AcDbEntity
  8
WALL
100
AcDbLine
 10
79925
 20
6250
 30
0
 11
80075
 21
6400
 31
0
  0
LINE
  5
1238
100
AcDbEntity
  8
WALL
100
AcDbLine
 10
79925
 20
6400
 30
0
 11
80075
 21
6550
 31
0
  0
LINE
  5
1239
100
AcDbEntity
  8
WALL
100
AcDbLine
 10
79925
 20
6550
 30
0
 11
80075
 21
6700
 31
0
  0
LINE
  5
123A
100
AcDbEntity
  8
WALL
100
AcDbLine
 10
79925
 20
6700
 30
0
 11
80075
 21
6850
 31
0
  0
LINE
  5
123B
100
AcDbEntity
  8
WALL
100
AcDbLine
 10
79925
 20
6850
 30
0
 11
80075
 21
7000
 31
0
  0
LINE
  5
123C
100
AcDbEntity
  8
WALL
100
AcDbLine
 10
79925
 20
7000
 30
0
 11
80075
 21
7150
 31
0
  0
LINE
  5
123D
100
AcDbEntity
  8
WALL
100
AcDbLine
 10
79925
 20
7150
 30
0
 11
80075
 21
7300
 31
0
  0
LINE
  5
123E
100
AcDbEntity
  8
WALL
100
AcDbLine
 10
79925
 20
7300
 30
0
 11
80075
 21
7450
 31
0
  0
LINE
  5
123F
100
AcDbEntity
  8
WALL
100
AcDbLine
 10
79925
 20
7450
 30
0
 11
80075
 21
7600
 31
0
  0
LINE
  5
1240
100
AcDbEntity
  8
WALL
100
AcDbLine
 10
79925
 20
7600
 30
0
 11
80075
 21
7750
 31
0
  0
LINE
  5
1241
100
AcDbEntity
  8
WALL
100
AcDbLine
 10
79925
 20
7750
 30
0
 11
80075
 21
7900
 31
0
  0
LINE
  5
1242
100
AcDbEntity
  8
WALL
100
AcDbLine
370
50
 10
79925
 20
3550
 30
0
 11
80075
 21
3550
 31
0
  0
LINE
  5
1243
100
AcDbEntity
  8
WALL
100
AcDbLine
370
50
 10
79925
 20
4450
 30
0
 11
80075
 21
4450
 31
0
  0
LINE
  5
1244
100
AcDbEntity
  8
WALL
100
AcDbLine
370
50
 10
79925
 20
8000
 30
0
 11
79925
 21
11550
 31
0
  0
LINE
  5
1245
100
AcDbEntity
  8
WALL
100
AcDbLine
370
50
 10
80075
 20
11550
 30
0
 11
80075
 21
8000
 31
0
  0
LINE
  5
1246
100
AcDbEntity
  8
WALL
100
AcDbLine
 10
79925
 20
8000
 30
0
 11
80075
 21
8150
 31
0
  0
LINE
  5
1247
100
AcDbEntity
  8
WALL
100
AcDbLine
 10
79925
 20
8150
 30
0
 11
80075
 21
8300
 31
0
  0
LINE
  5
1248
100
AcDbEntity
  8
WALL
100
AcDbLine
 10
79925
 20
8300
 30
0
 11
80075
 21
8450
 31
0
  0
LINE
  5
1249
100
AcDbEntity
  8
WALL
100
AcDbLine
 10
79925
 20
8450
 30
0
 11
80075
 21
8600
 31
0
  0
LINE
  5
124A
100
AcDbEntity
  8
WALL
100
AcDbLine
 10
79925
 20
8600
 30
0
 11
80075
 21
8750
 31
0
  0
LINE
  5
124B
100
AcDbEntity
  8
WALL
100
AcDbLine
 10
79925
 20
8750
 30
0
 11
80075
 21
8900
 31
0
  0
LINE
  5
124C
100
AcDbEntity
  8
WALL
100
AcDbLine
 10
79925
 20
8900
 30
0
 11
80075
 21
9050
 31
0
  0
LINE
  5
124D
100
AcDbEntity
  8
WALL
100
AcDbLine
 10
79925
 20
9050
 30
0
 11
80075
 21
9200
 31
0
  0
LINE
  5
124E
100
AcDbEntity
  8
WALL
100
AcDbLine
 10
79925
 20
9200
 30
0
 11
80075
 21
9350
 31
0
  0
LINE
  5
124F
100
AcDbEntity
  8
WALL
100
AcDbLine
 10
79925
 20
9350
 30
0
 11
80075
 21
9500
 31
0
  0
LINE
  5
1250
100
AcDbEntity
  8
WALL
100
AcDbLine
 10
79925
 20
9500
 30
0
 11
80075
 21
9650
 31
0
  0
LINE
  5
1251
100
AcDbEntity
  8
WALL
100
AcDbLine
 10
79925
 20
9650
 30
0
 11
80075
 21
9800
 31
0
  0
LINE
  5
1252
100
AcDbEntity
  8
WALL
100
AcDbLine
 10
79925
 20
9800
 30
0
 11
80075
 21
9950
 31
0
  0
LINE
  5
1253
100
AcDbEntity
  8
WALL
100
AcDbLine
 10
79925
 20
9950
 30
0
 11
80075
 21
10100
 31
0
  0
LINE
  5
1254
100
AcDbEntity
  8
WALL
100
AcDbLine
 10
79925
 20
10100
 30
0
 11
80075
 21
10250
 31
0
  0
LINE
  5
1255
100
AcDbEntity
  8
WALL
100
AcDbLine
 10
79925
 20
10250
 30
0
 11
80075
 21
10400
 31
0
  0
LINE
  5
1256
100
AcDbEntity
  8
WALL
100
AcDbLine
 10
79925
 20
10400
 30
0
 11
80075
 21
10550
 31
0
  0
LINE
  5
1257
100
AcDbEntity
  8
WALL
100
AcDbLine
 10
79925
 20
10550
 30
0
 11
80075
 21
10700
 31
0
  0
LINE
  5
1258
100
AcDbEntity
  8
WALL
100
AcDbLine
 10
79925
 20
10700
 30
0
 11
80075
 21
10850
 31
0
  0
LINE
  5
1259
100
AcDbEntity
  8
WALL
100
AcDbLine
 10
79925
 20
10850
 30
0
 11
80075
 21
11000
 31
0
  0
LINE
  5
125A
100
AcDbEntity
  8
WALL
100
AcDbLine
 10
79925
 20
11000
 30
0
 11
80075
 21
11150
 31
0
  0
LINE
  5
125B
100
AcDbEntity
  8
WALL
100
AcDbLine
 10
79925
 20
11150
 30
0
 11
80075
 21
11300
 31
0
  0
LINE
  5
125C
100
AcDbEntity
  8
WALL
100
AcDbLine
 10
79925
 20
11300
 30
0
 11
80075
 21
11450
 31
0
  0
LINE
  5
125D
100
AcDbEntity
  8
WALL
100
AcDbLine
370
50
 10
79925
 20
12450
 30
0
 11
79925
 21
16000
 31
0
  0
LINE
  5
125E
100
AcDbEntity
  8
WALL
100
AcDbLine
370
50
 10
80075
 20
16000
 30
0
 11
80075
 21
12450
 31
0
  0
LINE
  5
125F
100
AcDbEntity
  8
WALL
100
AcDbLine
 10
79925
 20
12450
 30
0
 11
80075
 21
12600
 31
0
  0
LINE
  5
1260
100
AcDbEntity
  8
WALL
100
AcDbLine
 10
79925
 20
12600
 30
0
 11
80075
 21
12750
 31
0
  0
LINE
  5
1261
100
AcDbEntity
  8
WALL
100
AcDbLine
 10
79925
 20
12750
 30
0
 11
80075
 21
12900
 31
0
  0
LINE
  5
1262
100
AcDbEntity
  8
WALL
100
AcDbLine
 10
79925
 20
12900
 30
0
 11
80075
 21
13050
 31
0
  0
LINE
  5
1263
100
AcDbEntity
  8
WALL
100
AcDbLine
 10
79925
 20
13050
 30
0
 11
80075
 21
13200
 31
0
  0
LINE
  5
1264
100
AcDbEntity
  8
WALL
100
AcDbLine
 10
79925
 20
13200
 30
0
 11
80075
 21
13350
 31
0
  0
LINE
  5
1265
100
AcDbEntity
  8
WALL
100
AcDbLine
 10
79925
 20
13350
 30
0
 11
80075
 21
13500
 31
0
  0
LINE
  5
1266
100
AcDbEntity
  8
WALL
100
AcDbLine
 10
79925
 20
13500
 30
0
 11
80075
 21
13650
 31
0
  0
LINE
  5
1267
100
AcDbEntity
  8
WALL
100
AcDbLine
 10
79925
 20
13650
 30
0
 11
80075
 21
13800
 31
0
  0
LINE
  5
1268
100
AcDbEntity
  8
WALL
100
AcDbLine
 10
79925
 20
13800
 30
0
 11
80075
 21
13950
 31
0
  0
LINE
  5
1269
100
AcDbEntity
  8
WALL
100
AcDbLine
 10
79925
 20
13950
 30
0
 11
80075
 21
14100
 31
0
  0
LINE
  5
126A
100
AcDbEntity
  8
WALL
100
AcDbLine
 10
79925
 20
14100
 30
0
 11
80075
 21
14250
 31
0
  0
LINE
  5
126B
100
AcDbEntity
  8
WALL
100
AcDbLine
 10
79925
 20
14250
 30
0
 11
80075
 21
14400
 31
0
  0
LINE
  5
126C
100
AcDbEntity
  8
WALL
100
AcDbLine
 10
79925
 20
14400
 30
0
 11
80075
 21
14550
 31
0
  0
LINE
  5
126D
100
AcDbEntity
  8
WALL
100
AcDbLine
 10
79925
 20
14550
 30
0
 11
80075
 21
14700
 31
0
  0
LINE
  5
126E
100
AcDbEntity
  8
WALL
100
AcDbLine
 10
79925
 20
14700
 30
0
 11
80075
 21
14850
 31
0
  0
LINE
  5
126F
100
AcDbEntity
  8
WALL
100
AcDbLine
 10
79925
 20
14850
 30
0
 11
80075
 21
15000
 31
0
  0
LINE
  5
1270
100
AcDbEntity
  8
WALL
100
AcDbLine
 10
79925
 20
15000
 30
0
 11
80075
 21
15150
 31
0
  0
LINE
  5
1271
100
AcDbEntity
  8
WALL
100
AcDbLine
 10
79925
 20
15150
 30
0
 11
80075
 21
15300
 31
0
  0
LINE
  5
1272
100
AcDbEntity
  8
WALL
100
AcDbLine
 10
79925
 20
15300
 30
0
 11
80075
 21
15450
 31
0
  0
LINE
  5
1273
100
AcDbEntity
  8
WALL
100
AcDbLine
 10
79925
 20
15450
 30
0
 11
80075
 21
15600
 31
0
  0
LINE
  5
1274
100
AcDbEntity
  8
WALL
100
AcDbLine
 10
79925
 20
15600
 30
0
 11
80075
 21
15750
 31
0
  0
LINE
  5
1275
100
AcDbEntity
  8
WALL
100
AcDbLine
 10
79925
 20
15750
 30
0
 11
80075
 21
15900
 31
0
  0
LINE
  5
1276
100
AcDbEntity
  8
WALL
100
AcDbLine
370
50
 10
79925
 20
11550
 30
0
 11
80075
 21
11550
 31
0
  0
LINE
  5
1277
100
AcDbEntity
  8
WALL
100
AcDbLine
370
50
 10
79925
 20
12450
 30
0
 11
80075
 21
12450
 31
0
  0
LINE
  5
1278
100
AcDbEntity
  8
WALL
100
AcDbLine
370
50
 10
79925
 20
16000
 30
0
 11
79925
 21
19550
 31
0
  0
LINE
  5
1279
100
AcDbEntity
  8
WALL
100
AcDbLine
370
50
 10
80075
 20
19550
 30
0
 11
80075
 21
16000
 31
0
  0
LINE
  5
127A
100
AcDbEntity
  8
WALL
100
AcDbLine
 10
79925
 20
16000
 30
0
 11
80075
 21
16150
 31
0
  0
LINE
  5
127B
100
AcDbEntity
  8
WALL
100
AcDbLine
 10
79925
 20
16150
 30
0
 11
80075
 21
16300
 31
0
  0
LINE
  5
127C
100
AcDbEntity
  8
WALL
100
AcDbLine
 10
79925
 20
16300
 30
0
 11
80075
 21
16450
 31
0
  0
LINE
  5
127D
100
AcDbEntity
  8
WALL
100
AcDbLine
 10
79925
 20
16450
 30
0
 11
80075
 21
16600
 31
0
  0
LINE
  5
127E
100
AcDbEntity
  8
WALL
100
AcDbLine
 10
79925
 20
16600
 30
0
 11
80075
 21
16750
 31
0
  0
LINE
  5
127F
100
AcDbEntity
  8
WALL
100
AcDbLine
 10
79925
 20
16750
 30
0
 11
80075
 21
16900
 31
0
  0
LINE
  5
1280
100
AcDbEntity
  8
WALL
100
AcDbLine
 10
79925
 20
16900
 30
0
 11
80075
 21
17050
 31
0
  0
LINE
  5
1281
100
AcDbEntity
  8
WALL
100
AcDbLine
 10
79925
 20
17050
 30
0
 11
80075
 21
17200
 31
0
  0
LINE
  5
1282
100
AcDbEntity
  8
WALL
100
AcDbLine
 10
79925
 20
17200
 30
0
 11
80075
 21
17350
 31
0
  0
LINE
  5
1283
100
AcDbEntity
  8
WALL
100
AcDbLine
 10
79925
 20
17350
 30
0
 11
80075
 21
17500
 31
0
  0
LINE
  5
1284
100
AcDbEntity
  8
WALL
100
AcDbLine
 10
79925
 20
17500
 30
0
 11
80075
 21
17650
 31
0
  0
LINE
  5
1285
100
AcDbEntity
  8
WALL
100
AcDbLine
 10
79925
 20
17650
 30
0
 11
80075
 21
17800
 31
0
  0
LINE
  5
1286
100
AcDbEntity
  8
WALL
100
AcDbLine
 10
79925
 20
17800
 30
0
 11
80075
 21
17950
 31
0
  0
LINE
  5
1287
100
AcDbEntity
  8
WALL
100
AcDbLine
 10
79925
 20
17950
 30
0
 11
80075
 21
18100
 31
0
  0
LINE
  5
1288
100
AcDbEntity
  8
WALL
100
AcDbLine
 10
79925
 20
18100
 30
0
 11
80075
 21
18250
 31
0
  0
LINE
  5
1289
100
AcDbEntity
  8
WALL
100
AcDbLine
 10
79925
 20
18250
 30
0
 11
80075
 21
18400
 31
0
  0
LINE
  5
128A
100
AcDbEntity
  8
WALL
100
AcDbLine
 10
79925
 20
18400
 30
0
 11
80075
 21
18550
 31
0
  0
LINE
  5
128B
100
AcDbEntity
  8
WALL
100
AcDbLine
 10
79925
 20
18550
 30
0
 11
80075
 21
18700
 31
0
  0
LINE
  5
128C
100
AcDbEntity
  8
WALL
100
AcDbLine
 10
79925
 20
18700
 30
0
 11
80075
 21
18850
 31
0
  0
LINE
  5
128D
100
AcDbEntity
  8
WALL
100
AcDbLine
 10
79925
 20
18850
 30
0
 11
80075
 21
19000
 31
0
  0
LINE
  5
128E
100
AcDbEntity
  8
WALL
100
AcDbLine
 10
79925
 20
19000
 30
0
 11
80075
 21
19150
 31
0
  0
LINE
  5
128F
100
AcDbEntity
  8
WALL
100
AcDbLine
 10
79925
 20
19150
 30
0
 11
80075
 21
19300
 31
0
  0
LINE
  5
1290
100
AcDbEntity
  8
WALL
100
AcDbLine
 10
79925
 20
19300
 30
0
 11
80075
 21
19450
 31
0
  0
LINE
  5
1291
100
AcDbEntity
  8
WALL
100
AcDbLine
370
50
 10
79925
 20
20450
 30
0
 11
79925
 21
24000
 31
0
  0
LINE
  5
1292
100
AcDbEntity
  8
WALL
100
AcDbLine
370
50
 10
80075
 20
24000
 30
0
 11
80075
 21
20450
 31
0
  0
LINE
  5
1293
100
AcDbEntity
  8
WALL
100
AcDbLine
 10
79925
 20
20450
 30
0
 11
80075
 21
20600
 31
0
  0
LINE
  5
1294
100
AcDbEntity
  8
WALL
100
AcDbLine
 10
79925
 20
20600
 30
0
 11
80075
 21
20750
 31
0
  0
LINE
  5
1295
100
AcDbEntity
  8
WALL
100
AcDbLine
 10
79925
 20
20750
 30
0
 11
80075
 21
20900
 31
0
  0
LINE
  5
1296
100
AcDbEntity
  8
WALL
100
AcDbLine
 10
79925
 20
20900
 30
0
 11
80075
 21
21050
 31
0
  0
LINE
  5
1297
100
AcDbEntity
  8
WALL
100
AcDbLine
 10
79925
 20
21050
 30
0
 11
80075
 21
21200
 31
0
  0
LINE
  5
1298
100
AcDbEntity
  8
WALL
100
AcDbLine
 10
79925
 20
21200
 30
0
 11
80075
 21
21350
 31
0
  0
LINE
  5
1299
100
AcDbEntity
  8
WALL
100
AcDbLine
 10
79925
 20
21350
 30
0
 11
80075
 21
21500
 31
0
  0
LINE
  5
129A
100
AcDbEntity
  8
WALL
100
AcDbLine
 10
79925
 20
21500
 30
0
 11
80075
 21
21650
 31
0
  0
LINE
  5
129B
100
AcDbEntity
  8
WALL
100
AcDbLine
 10
79925
 20
21650
 30
0
 11
80075
 21
21800
 31
0
  0
LINE
  5
129C
100
AcDbEntity
  8
WALL
100
AcDbLine
 10
79925
 20
21800
 30
0
 11
80075
 21
21950
 31
0
  0
LINE
  5
129D
100
AcDbEntity
  8
WALL
100
AcDbLine
 10
79925
 20
21950
 30
0
 11
80075
 21
22100
 31
0
  0
LINE
  5
129E
100
AcDbEntity
  8
WALL
100
AcDbLine
 10
79925
 20
22100
 30
0
 11
80075
 21
22250
 31
0
  0
LINE
  5
129F
100
AcDbEntity
  8
WALL
100
AcDbLine
 10
79925
 20
22250
 30
0
 11
80075
 21
22400
 31
0
  0
LINE
  5
12A0
100
AcDbEntity
  8
WALL
100
AcDbLine
 10
79925
 20
22400
 30
0
 11
80075
 21
22550
 31
0
  0
LINE
  5
12A1
100
AcDbEntity
  8
WALL
100
AcDbLine
 10
79925
 20
22550
 30
0
 11
80075
 21
22700
 31
0
  0
LINE
  5
12A2
100
AcDbEntity
  8
WALL
100
AcDbLine
 10
79925
 20
22700
 30
0
 11
80075
 21
22850
 31
0
  0
LINE
  5
12A3
100
AcDbEntity
  8
WALL
100
AcDbLine
 10
79925
 20
22850
 30
0
 11
80075
 21
23000
 31
0
  0
LINE
  5
12A4
100
AcDbEntity
  8
WALL
100
AcDbLine
 10
79925
 20
23000
 30
0
 11
80075
 21
23150
 31
0
  0
LINE
  5
12A5
100
AcDbEntity
  8
WALL
100
AcDbLine
 10
79925
 20
23150
 30
0
 11
80075
 21
23300
 31
0
  0
LINE
  5
12A6
100
AcDbEntity
  8
WALL
100
AcDbLine
 10
79925
 20
23300
 30
0
 11
80075
 21
23450
 31
0
  0
LINE
  5
12A7
100
AcDbEntity
  8
WALL
100
AcDbLine
 10
79925
 20
23450
 30
0
 11
80075
 21
23600
 31
0
  0
LINE
  5
12A8
100
AcDbEntity
  8
WALL
100
AcDbLine
 10
79925
 20
23600
 30
0
 11
80075
 21
23750
 31
0
  0
LINE
  5
12A9
100
AcDbEntity
  8
WALL
100
AcDbLine
 10
79925
 20
23750
 30
0
 11
80075
 21
23900
 31
0
  0
LINE
  5
12AA
100
AcDbEntity
  8
WALL
100
AcDbLine
370
50
 10
79925
 20
19550
 30
0
 11
80075
 21
19550
 31
0
  0
LINE
  5
12AB
100
AcDbEntity
  8
WALL
100
AcDbLine
370
50
 10
79925
 20
20450
 30
0
 11
80075
 21
20450
 31
0
  0
LINE
  5
12AC
100
AcDbEntity
  8
WALL
100
AcDbLine
370
50
 10
83925
 20
0
 30
0
 11
83925
 21
8000
 31
0
  0
LINE
  5
12AD
100
AcDbEntity
  8
WALL
100
AcDbLine
370
50
 10
84075
 20
8000
 30
0
 11
84075
 21
0
 31
0
  0
LINE
  5
12AE
100
AcDbEntity
  8
WALL
100
AcDbLine
 10
83925
 20
0
 30
0
 11
84075
 21
150
 31
0
  0
LINE
  5
12AF
100
AcDbEntity
  8
WALL
100
AcDbLine
 10
83925
 20
150
 30
0
 11
84075
 21
300
 31
0
  0
LINE
  5
12B0
100
AcDbEntity
  8
WALL
100
AcDbLine
 10
83925
 20
300
 30
0
 11
84075
 21
450
 31
0
  0
LINE
  5
12B1
100
AcDbEntity
  8
WALL
100
AcDbLine
 10
83925
 20
450
 30
0
 11
84075
 21
600
 31
0
  0
LINE
  5
12B2
100
AcDbEntity
  8
WALL
100
AcDbLine
 10
83925
 20
600
 30
0
 11
84075
 21
750
 31
0
  0
LINE
  5
12B3
100
AcDbEntity
  8
WALL
100
AcDbLine
 10
83925
 20
750
 30
0
 11
84075
 21
900
 31
0
  0
LINE
  5
12B4
100
AcDbEntity
  8
WALL
100
AcDbLine
 10
83925
 20
900
 30
0
 11
84075
 21
1050
 31
0
  0
LINE
  5
12B5
100
AcDbEntity
  8
WALL
100
AcDbLine
 10
83925
 20
1050
 30
0
 11
84075
 21
1200
 31
0
  0
LINE
  5
12B6
100
AcDbEntity
  8
WALL
100
AcDbLine
 10
83925
 20
1200
 30
0
 11
84075
 21
1350
 31
0
  0
LINE
  5
12B7
100
AcDbEntity
  8
WALL
100
AcDbLine
 10
83925
 20
1350
 30
0
 11
84075
 21
1500
 31
0
  0
LINE
  5
12B8
100
AcDbEntity
  8
WALL
100
AcDbLine
 10
83925
 20
1500
 30
0
 11
84075
 21
1650
 31
0
  0
LINE
  5
12B9
100
AcDbEntity
  8
WALL
100
AcDbLine
 10
83925
 20
1650
 30
0
 11
84075
 21
1800
 31
0
  0
LINE
  5
12BA
100
AcDbEntity
  8
WALL
100
AcDbLine
 10
83925
 20
1800
 30
0
 11
84075
 21
1950
 31
0
  0
LINE
  5
12BB
100
AcDbEntity
  8
WALL
100
AcDbLine
 10
83925
 20
1950
 30
0
 11
84075
 21
2100
 31
0
  0
LINE
  5
12BC
100
AcDbEntity
  8
WALL
100
AcDbLine
 10
83925
 20
2100
 30
0
 11
84075
 21
2250
 31
0
  0
LINE
  5
12BD
100
AcDbEntity
  8
WALL
100
AcDbLine
 10
83925
 20
2250
 30
0
 11
84075
 21
2400
 31
0
  0
LINE
  5
12BE
100
AcDbEntity
  8
WALL
100
AcDbLine
 10
83925
 20
2400
 30
0
 11
84075
 21
2550
 31
0
  0
LINE
  5
12BF
100
AcDbEntity
  8
WALL
100
AcDbLine
 10
83925
 20
2550
 30
0
 11
84075
 21
2700
 31
0
  0
LINE
  5
12C0
100
AcDbEntity
  8
WALL
100
AcDbLine
 10
83925
 20
2700
 30
0
 11
84075
 21
2850
 31
0
  0
LINE
  5
12C1
100
AcDbEntity
  8
WALL
100
AcDbLine
 10
83925
 20
2850
 30
0
 11
84075
 21
3000
 31
0
  0
LINE
  5
12C2
100
AcDbEntity
  8
WALL
100
AcDbLine
 10
83925
 20
3000
 30
0
 11
84075
 21
3150
 31
0
  0
LINE
  5
12C3
100
AcDbEntity
  8
WALL
100
AcDbLine
 10
83925
 20
3150
 30
0
 11
84075
 21
3300
 31
0
  0
LINE
  5
12C4
100
AcDbEntity
  8
WALL
100
AcDbLine
 10
83925
 20
3300
 30
0
 11
84075
 21
3450
 31
0
  0
LINE
  5
12C5
100
AcDbEntity
  8
WALL
100
AcDbLine
 10
83925
 20
3450
 30
0
 11
84075
 21
3600
 31
0
  0
LINE
  5
12C6
100
AcDbEntity
  8
WALL
100
AcDbLine
 10
83925
 20
3600
 30
0
 11
84075
 21
3750
 31
0
  0
LINE
  5
12C7
100
AcDbEntity
  8
WALL
100
AcDbLine
 10
83925
 20
3750
 30
0
 11
84075
 21
3900
 31
0
  0
LINE
  5
12C8
100
AcDbEntity
  8
WALL
100
AcDbLine
 10
83925
 20
3900
 30
0
 11
84075
 21
4050
 31
0
  0
LINE
  5
12C9
100
AcDbEntity
  8
WALL
100
AcDbLine
 10
83925
 20
4050
 30
0
 11
84075
 21
4200
 31
0
  0
LINE
  5
12CA
100
AcDbEntity
  8
WALL
100
AcDbLine
 10
83925
 20
4200
 30
0
 11
84075
 21
4350
 31
0
  0
LINE
  5
12CB
100
AcDbEntity
  8
WALL
100
AcDbLine
 10
83925
 20
4350
 30
0
 11
84075
 21
4500
 31
0
  0
LINE
  5
12CC
100
AcDbEntity
  8
WALL
100
AcDbLine
 10
83925
 20
4500
 30
0
 11
84075
 21
4650
 31
0
  0
LINE
  5
12CD
100
AcDbEntity
  8
WALL
100
AcDbLine
 10
83925
 20
4650
 30
0
 11
84075
 21
4800
 31
0
  0
LINE
  5
12CE
100
AcDbEntity
  8
WALL
100
AcDbLine
 10
83925
 20
4800
 30
0
 11
84075
 21
4950
 31
0
  0
LINE
  5
12CF
100
AcDbEntity
  8
WALL
100
AcDbLine
 10
83925
 20
4950
 30
0
 11
84075
 21
5100
 31
0
  0
LINE
  5
12D0
100
AcDbEntity
  8
WALL
100
AcDbLine
 10
83925
 20
5100
 30
0
 11
84075
 21
5250
 31
0
  0
LINE
  5
12D1
100
AcDbEntity
  8
WALL
100
AcDbLine
 10
83925
 20
5250
 30
0
 11
84075
 21
5400
 31
0
  0
LINE
  5
12D2
100
AcDbEntity
  8
WALL
100
AcDbLine
 10
83925
 20
5400
 30
0
 11
84075
 21
5550
 31
0
  0
LINE
  5
12D3
100
AcDbEntity
  8
WALL
100
AcDbLine
 10
83925
 20
5550
 30
0
 11
84075
 21
5700
 31
0
  0
LINE
  5
12D4
100
AcDbEntity
  8
WALL
100
AcDbLine
 10
83925
 20
5700
 30
0
 11
84075
 21
5850
 31
0
  0
LINE
  5
12D5
100
AcDbEntity
  8
WALL
100
AcDbLine
 10
83925
 20
5850
 30
0
 11
84075
 21
6000
 31
0
  0
LINE
  5
12D6
100
AcDbEntity
  8
WALL
100
AcDbLine
 10
83925
 20
6000
 30
0
 11
84075
 21
6150
 31
0
  0
LINE
  5
12D7
100
AcDbEntity
  8
WALL
100
AcDbLine
 10
83925
 20
6150
 30
0
 11
84075
 21
6300
 31
0
  0
LINE
  5
12D8
100
AcDbEntity
  8
WALL
100
AcDbLine
 10
83925
 20
6300
 30
0
 11
84075
 21
6450
 31
0
  0
LINE
  5
12D9
100
AcDbEntity
  8
WALL
100
AcDbLine
 10
83925
 20
6450
 30
0
 11
84075
 21
6600
 31
0
  0
LINE
  5
12DA
100
AcDbEntity
  8
WALL
100
AcDbLine
 10
83925
 20
6600
 30
0
 11
84075
 21
6750
 31
0
  0
LINE
  5
12DB
100
AcDbEntity
  8
WALL
100
AcDbLine
 10
83925
 20
6750
 30
0
 11
84075
 21
6900
 31
0
  0
LINE
  5
12DC
100
AcDbEntity
  8
WALL
100
AcDbLine
 10
83925
 20
6900
 30
0
 11
84075
 21
7050
 31
0
  0
LINE
  5
12DD
100
AcDbEntity
  8
WALL
100
AcDbLine
 10
83925
 20
7050
 30
0
 11
84075
 21
7200
 31
0
  0
LINE
  5
12DE
100
AcDbEntity
  8
WALL
100
AcDbLine
 10
83925
 20
7200
 30
0
 11
84075
 21
7350
 31
0
  0
LINE
  5
12DF
100
AcDbEntity
  8
WALL
100
AcDbLine
 10
83925
 20
7350
 30
0
 11
84075
 21
7500
 31
0
  0
LINE
  5
12E0
100
AcDbEntity
  8
WALL
100
AcDbLine
 10
83925
 20
7500
 30
0
 11
84075
 21
7650
 31
0
  0
LINE
  5
12E1
100
AcDbEntity
  8
WALL
100
AcDbLine
 10
83925
 20
7650
 30
0
 11
84075
 21
7800
 31
0
  0
LINE
  5
12E2
100
AcDbEntity
  8
WALL
100
AcDbLine
 10
83925
 20
7800
 30
0
 11
84075
 21
7950
 31
0
  0
LINE
  5
12E3
100
AcDbEntity
  8
WALL
100
AcDbLine
370
50
 10
83925
 20
8000
 30
0
 11
83925
 21
16000
 31
0
  0
LINE
  5
12E4
100
AcDbEntity
  8
WALL
100
AcDbLine
370
50
 10
84075
 20
16000
 30
0
 11
84075
 21
8000
 31
0
  0
LINE
  5
12E5
100
AcDbEntity
  8
WALL
100
AcDbLine
 10
83925
 20
8000
 30
0
 11
84075
 21
8150
 31
0
  0
LINE
  5
12E6
100
AcDbEntity
  8
WALL
100
AcDbLine
 10
83925
 20
8150
 30
0
 11
84075
 21
8300
 31
0
  0
LINE
  5
12E7
100
AcDbEntity
  8
WALL
100
AcDbLine
 10
83925
 20
8300
 30
0
 11
84075
 21
8450
 31
0
  0
LINE
  5
12E8
100
AcDbEntity
  8
WALL
100
AcDbLine
 10
83925
 20
8450
 30
0
 11
84075
 21
8600
 31
0
  0
LINE
  5
12E9
100
AcDbEntity
  8
WALL
100
AcDbLine
 10
83925
 20
8600
 30
0
 11
84075
 21
8750
 31
0
  0
LINE
  5
12EA
100
AcDbEntity
  8
WALL
100
AcDbLine
 10
83925
 20
8750
 30
0
 11
84075
 21
8900
 31
0
  0
LINE
  5
12EB
100
AcDbEntity
  8
WALL
100
AcDbLine
 10
83925
 20
8900
 30
0
 11
84075
 21
9050
 31
0
  0
LINE
  5
12EC
100
AcDbEntity
  8
WALL
100
AcDbLine
 10
83925
 20
9050
 30
0
 11
84075
 21
9200
 31
0
  0
LINE
  5
12ED
100
AcDbEntity
  8
WALL
100
AcDbLine
 10
83925
 20
9200
 30
0
 11
84075
 21
9350
 31
0
  0
LINE
  5
12EE
100
AcDbEntity
  8
WALL
100
AcDbLine
 10
83925
 20
9350
 30
0
 11
84075
 21
9500
 31
0
  0
LINE
  5
12EF
100
AcDbEntity
  8
WALL
100
AcDbLine
 10
83925
 20
9500
 30
0
 11
84075
 21
9650
 31
0
  0
LINE
  5
12F0
100
AcDbEntity
  8
WALL
100
AcDbLine
 10
83925
 20
9650
 30
0
 11
84075
 21
9800
 31
0
  0
LINE
  5
12F1
100
AcDbEntity
  8
WALL
100
AcDbLine
 10
83925
 20
9800
 30
0
 11
84075
 21
9950
 31
0
  0
LINE
  5
12F2
100
AcDbEntity
  8
WALL
100
AcDbLine
 10
83925
 20
9950
 30
0
 11
84075
 21
10100
 31
0
  0
LINE
  5
12F3
100
AcDbEntity
  8
WALL
100
AcDbLine
 10
83925
 20
10100
 30
0
 11
84075
 21
10250
 31
0
  0
LINE
  5
12F4
100
AcDbEntity
  8
WALL
100
AcDbLine
 10
83925
 20
10250
 30
0
 11
84075
 21
10400
 31
0
  0
LINE
  5
12F5
100
AcDbEntity
  8
WALL
100
AcDbLine
 10
83925
 20
10400
 30
0
 11
84075
 21
10550
 31
0
  0
LINE
  5
12F6
100
AcDbEntity
  8
WALL
100
AcDbLine
 10
83925
 20
10550
 30
0
 11
84075
 21
10700
 31
0
  0
LINE
  5
12F7
100
AcDbEntity
  8
WALL
100
AcDbLine
 10
83925
 20
10700
 30
0
 11
84075
 21
10850
 31
0
  0
LINE
  5
12F8
100
AcDbEntity
  8
WALL
100
AcDbLine
 10
83925
 20
10850
 30
0
 11
84075
 21
11000
 31
0
  0
LINE
  5
12F9
100
AcDbEntity
  8
WALL
100
AcDbLine
 10
83925
 20
11000
 30
0
 11
84075
 21
11150
 31
0
  0
LINE
  5
12FA
100
AcDbEntity
  8
WALL
100
AcDbLine
 10
83925
 20
11150
 30
0
 11
84075
 21
11300
 31
0
  0
LINE
  5
12FB
100
AcDbEntity
  8
WALL
100
AcDbLine
 10
83925
 20
11300
 30
0
 11
84075
 21
11450
 31
0
  0
LINE
  5
12FC
100
AcDbEntity
  8
WALL
100
AcDbLine
 10
83925
 20
11450
 30
0
 11
84075
 21
11600
 31
0
  0
LINE
  5
12FD
100
AcDbEntity
  8
WALL
100
AcDbLine
 10
83925
 20
11600
 30
0
 11
84075
 21
11750
 31
0
  0
LINE
  5
12FE
100
AcDbEntity
  8
WALL
100
AcDbLine
 10
83925
 20
11750
 30
0
 11
84075
 21
11900
 31
0
  0
LINE
  5
12FF
100
AcDbEntity
  8
WALL
100
AcDbLine
 10
83925
 20
11900
 30
0
 11
84075
 21
12050
 31
0
  0
LINE
  5
1300
100
AcDbEntity
  8
WALL
100
AcDbLine
 10
83925
 20
12050
 30
0
 11
84075
 21
12200
 31
0
  0
LINE
  5
1301
100
AcDbEntity
  8
WALL
100
AcDbLine
 10
83925
 20
12200
 30
0
 11
84075
 21
12350
 31
0
  0
LINE
  5
1302
100
AcDbEntity
  8
WALL
100
AcDbLine
 10
83925
 20
12350
 30
0
 11
84075
 21
12500
 31
0
  0
LINE
  5
1303
100
AcDbEntity
  8
WALL
100
AcDbLine
 10
83925
 20
12500
 30
0
 11
84075
 21
12650
 31
0
  0
LINE
  5
1304
100
AcDbEntity
  8
WALL
100
AcDbLine
 10
83925
 20
12650
 30
0
 11
84075
 21
12800
 31
0
  0
LINE
  5
1305
100
AcDbEntity
  8
WALL
100
AcDbLine
 10
83925
 20
12800
 30
0
 11
84075
 21
12950
 31
0
  0
LINE
  5
1306
100
AcDbEntity
  8
WALL
100
AcDbLine
 10
83925
 20
12950
 30
0
 11
84075
 21
13100
 31
0
  0
LINE
  5
1307
100
AcDbEntity
  8
WALL
100
AcDbLine
 10
83925
 20
13100
 30
0
 11
84075
 21
13250
 31
0
  0
LINE
  5
1308
100
AcDbEntity
  8
WALL
100
AcDbLine
 10
83925
 20
13250
 30
0
 11
84075
 21
13400
 31
0
  0
LINE
  5
1309
100
AcDbEntity
  8
WALL
100
AcDbLine
 10
83925
 20
13400
 30
0
 11
84075
 21
13550
 31
0
  0
LINE
  5
130A
100
AcDbEntity
  8
WALL
100
AcDbLine
 10
83925
 20
13550
 30
0
 11
84075
 21
13700
 31
0
  0
LINE
  5
130B
100
AcDbEntity
  8
WALL
100
AcDbLine
 10
83925
 20
13700
 30
0
 11
84075
 21
13850
 31
0
  0
LINE
  5
130C
100
AcDbEntity
  8
WALL
100
AcDbLine
 10
83925
 20
13850
 30
0
 11
84075
 21
14000
 31
0
  0
LINE
  5
130D
100
AcDbEntity
  8
WALL
100
AcDbLine
 10
83925
 20
14000
 30
0
 11
84075
 21
14150
 31
0
  0
LINE
  5
130E
100
AcDbEntity
  8
WALL
100
AcDbLine
 10
83925
 20
14150
 30
0
 11
84075
 21
14300
 31
0
  0
LINE
  5
130F
100
AcDbEntity
  8
WALL
100
AcDbLine
 10
83925
 20
14300
 30
0
 11
84075
 21
14450
 31
0
  0
LINE
  5
1310
100
AcDbEntity
  8
WALL
100
AcDbLine
 10
83925
 20
14450
 30
0
 11
84075
 21
14600
 31
0
  0
LINE
  5
1311
100
AcDbEntity
  8
WALL
100
AcDbLine
 10
83925
 20
14600
 30
0
 11
84075
 21
14750
 31
0
  0
LINE
  5
1312
100
AcDbEntity
  8
WALL
100
AcDbLine
 10
83925
 20
14750
 30
0
 11
84075
 21
14900
 31
0
  0
LINE
  5
1313
100
AcDbEntity
  8
WALL
100
AcDbLine
 10
83925
 20
14900
 30
0
 11
84075
 21
15050
 31
0
  0
LINE
  5
1314
100
AcDbEntity
  8
WALL
100
AcDbLine
 10
83925
 20
15050
 30
0
 11
84075
 21
15200
 31
0
  0
LINE
  5
1315
100
AcDbEntity
  8
WALL
100
AcDbLine
 10
83925
 20
15200
 30
0
 11
84075
 21
15350
 31
0
  0
LINE
  5
1316
100
AcDbEntity
  8
WALL
100
AcDbLine
 10
83925
 20
15350
 30
0
 11
84075
 21
15500
 31
0
  0
LINE
  5
1317
100
AcDbEntity
  8
WALL
100
AcDbLine
 10
83925
 20
15500
 30
0
 11
84075
 21
15650
 31
0
  0
LINE
  5
1318
100
AcDbEntity
  8
WALL
100
AcDbLine
 10
83925
 20
15650
 30
0
 11
84075
 21
15800
 31
0
  0
LINE
  5
1319
100
AcDbEntity
  8
WALL
100
AcDbLine
 10
83925
 20
15800
 30
0
 11
84075
 21
15950
 31
0
  0
LINE
  5
131A
100
AcDbEntity
  8
WALL
100
AcDbLine
370
50
 10
83925
 20
16000
 30
0
 11
83925
 21
24000
 31
0
  0
LINE
  5
131B
100
AcDbEntity
  8
WALL
100
AcDbLine
370
50
 10
84075
 20
24000
 30
0
 11
84075
 21
16000
 31
0
  0
LINE
  5
131C
100
AcDbEntity
  8
WALL
100
AcDbLine
 10
83925
 20
16000
 30
0
 11
84075
 21
16150
 31
0
  0
LINE
  5
131D
100
AcDbEntity
  8
WALL
100
AcDbLine
 10
83925
 20
16150
 30
0
 11
84075
 21
16300
 31
0
  0
LINE
  5
131E
100
AcDbEntity
  8
WALL
100
AcDbLine
 10
83925
 20
16300
 30
0
 11
84075
 21
16450
 31
0
  0
LINE
  5
131F
100
AcDbEntity
  8
WALL
100
AcDbLine
 10
83925
 20
16450
 30
0
 11
84075
 21
16600
 31
0
  0
LINE
  5
1320
100
AcDbEntity
  8
WALL
100
AcDbLine
 10
83925
 20
16600
 30
0
 11
84075
 21
16750
 31
0
  0
LINE
  5
1321
100
AcDbEntity
  8
WALL
100
AcDbLine
 10
83925
 20
16750
 30
0
 11
84075
 21
16900
 31
0
  0
LINE
  5
1322
100
AcDbEntity
  8
WALL
100
AcDbLine
 10
83925
 20
16900
 30
0
 11
84075
 21
17050
 31
0
  0
LINE
  5
1323
100
AcDbEntity
  8
WALL
100
AcDbLine
 10
83925
 20
17050
 30
0
 11
84075
 21
17200
 31
0
  0
LINE
  5
1324
100
AcDbEntity
  8
WALL
100
AcDbLine
 10
83925
 20
17200
 30
0
 11
84075
 21
17350
 31
0
  0
LINE
  5
1325
100
AcDbEntity
  8
WALL
100
AcDbLine
 10
83925
 20
17350
 30
0
 11
84075
 21
17500
 31
0
  0
LINE
  5
1326
100
AcDbEntity
  8
WALL
100
AcDbLine
 10
83925
 20
17500
 30
0
 11
84075
 21
17650
 31
0
  0
LINE
  5
1327
100
AcDbEntity
  8
WALL
100
AcDbLine
 10
83925
 20
17650
 30
0
 11
84075
 21
17800
 31
0
  0
LINE
  5
1328
100
AcDbEntity
  8
WALL
100
AcDbLine
 10
83925
 20
17800
 30
0
 11
84075
 21
17950
 31
0
  0
LINE
  5
1329
100
AcDbEntity
  8
WALL
100
AcDbLine
 10
83925
 20
17950
 30
0
 11
84075
 21
18100
 31
0
  0
LINE
  5
132A
100
AcDbEntity
  8
WALL
100
AcDbLine
 10
83925
 20
18100
 30
0
 11
84075
 21
18250
 31
0
  0
LINE
  5
132B
100
AcDbEntity
  8
WALL
100
AcDbLine
 10
83925
 20
18250
 30
0
 11
84075
 21
18400
 31
0
  0
LINE
  5
132C
100
AcDbEntity
  8
WALL
100
AcDbLine
 10
83925
 20
18400
 30
0
 11
84075
 21
18550
 31
0
  0
LINE
  5
132D
100
AcDbEntity
  8
WALL
100
AcDbLine
 10
83925
 20
18550
 30
0
 11
84075
 21
18700
 31
0
  0
LINE
  5
132E
100
AcDbEntity
  8
WALL
100
AcDbLine
 10
83925
 20
18700
 30
0
 11
84075
 21
18850
 31
0
  0
LINE
  5
132F
100
AcDbEntity
  8
WALL
100
AcDbLine
 10
83925
 20
18850
 30
0
 11
84075
 21
19000
 31
0
  0
LINE
  5
1330
100
AcDbEntity
  8
WALL
100
AcDbLine
 10
83925
 20
19000
 30
0
 11
84075
 21
19150
 31
0
  0
LINE
  5
1331
100
AcDbEntity
  8
WALL
100
AcDbLine
 10
83925
 20
19150
 30
0
 11
84075
 21
19300
 31
0
  0
LINE
  5
1332
100
AcDbEntity
  8
WALL
100
AcDbLine
 10
83925
 20
19300
 30
0
 11
84075
 21
19450
 31
0
  0
LINE
  5
1333
100
AcDbEntity
  8
WALL
100
AcDbLine
 10
83925
 20
19450
 30
0
 11
84075
 21
19600
 31
0
  0
LINE
  5
1334
100
AcDbEntity
  8
WALL
100
AcDbLine
 10
83925
 20
19600
 30
0
 11
84075
 21
19750
 31
0
  0
LINE
  5
1335
100
AcDbEntity
  8
WALL
100
AcDbLine
 10
83925
 20
19750
 30
0
 11
84075
 21
19900
 31
0
  0
LINE
  5
1336
100
AcDbEntity
  8
WALL
100
AcDbLine
 10
83925
 20
19900
 30
0
 11
84075
 21
20050
 31
0
  0
LINE
  5
1337
100
AcDbEntity
  8
WALL
100
AcDbLine
 10
83925
 20
20050
 30
0
 11
84075
 21
20200
 31
0
  0
LINE
  5
1338
100
AcDbEntity
  8
WALL
100
AcDbLine
 10
83925
 20
20200
 30
0
 11
84075
 21
20350
 31
0
  0
LINE
  5
1339
100
AcDbEntity
  8
WALL
100
AcDbLine
 10
83925
 20
20350
 30
0
 11
84075
 21
20500
 31
0
  0
LINE
  5
133A
100
AcDbEntity
  8
WALL
100
AcDbLine
 10
83925
 20
20500
 30
0
 11
84075
 21
20650
 31
0
  0
LINE
  5
133B
100
AcDbEntity
  8
WALL
100
AcDbLine
 10
83925
 20
20650
 30
0
 11
84075
 21
20800
 31
0
  0
LINE
  5
133C
100
AcDbEntity
  8
WALL
100
AcDbLine
 10
83925
 20
20800
 30
0
 11
84075
 21
20950
 31
0
  0
LINE
  5
133D
100
AcDbEntity
  8
WALL
100
AcDbLine
 10
83925
 20
20950
 30
0
 11
84075
 21
21100
 31
0
  0
LINE
  5
133E
100
AcDbEntity
  8
WALL
100
AcDbLine
 10
83925
 20
21100
 30
0
 11
84075
 21
21250
 31
0
  0
LINE
  5
133F
100
AcDbEntity
  8
WALL
100
AcDbLine
 10
83925
 20
21250
 30
0
 11
84075
 21
21400
 31
0
  0
LINE
  5
1340
100
AcDbEntity
  8
WALL
100
AcDbLine
 10
83925
 20
21400
 30
0
 11
84075
 21
21550
 31
0
  0
LINE
  5
1341
100
AcDbEntity
  8
WALL
100
AcDbLine
 10
83925
 20
21550
 30
0
 11
84075
 21
21700
 31
0
  0
LINE
  5
1342
100
AcDbEntity
  8
WALL
100
AcDbLine
 10
83925
 20
21700
 30
0
 11
84075
 21
21850
 31
0
  0
LINE
  5
1343
100
AcDbEntity
  8
WALL
100
AcDbLine
 10
83925
 20
21850
 30
0
 11
84075
 21
22000
 31
0
  0
LINE
  5
1344
100
AcDbEntity
  8
WALL
100
AcDbLine
 10
83925
 20
22000
 30
0
 11
84075
 21
22150
 31
0
  0
LINE
  5
1345
100
AcDbEntity
  8
WALL
100
AcDbLine
 10
83925
 20
22150
 30
0
 11
84075
 21
22300
 31
0
  0
LINE
  5
1346
100
AcDbEntity
  8
WALL
100
AcDbLine
 10
83925
 20
22300
 30
0
 11
84075
 21
22450
 31
0
  0
LINE
  5
1347
100
AcDbEntity
  8
WALL
100
AcDbLine
 10
83925
 20
22450
 30
0
 11
84075
 21
22600
 31
0
  0
LINE
  5
1348
100
AcDbEntity
  8
WALL
100
AcDbLine
 10
83925
 20
22600
 30
0
 11
84075
 21
22750
 31
0
  0
LINE
  5
1349
100
AcDbEntity
  8
WALL
100
AcDbLine
 10
83925
 20
22750
 30
0
 11
84075
 21
22900
 31
0
  0
LINE
  5
134A
100
AcDbEntity
  8
WALL
100
AcDbLine
 10
83925
 20
22900
 30
0
 11
84075
 21
23050
 31
0
  0
LINE
  5
134B
100
AcDbEntity
  8
WALL
100
AcDbLine
 10
83925
 20
23050
 30
0
 11
84075
 21
23200
 31
0
  0
LINE
  5
134C
100
AcDbEntity
  8
WALL
100
AcDbLine
 10
83925
 20
23200
 30
0
 11
84075
 21
23350
 31
0
  0
LINE
  5
134D
100
AcDbEntity
  8
WALL
100
AcDbLine
 10
83925
 20
23350
 30
0
 11
84075
 21
23500
 31
0
  0
LINE
  5
134E
100
AcDbEntity
  8
WALL
100
AcDbLine
 10
83925
 20
23500
 30
0
 11
84075
 21
23650
 31
0
  0
LINE
  5
134F
100
AcDbEntity
  8
WALL
100
AcDbLine
 10
83925
 20
23650
 30
0
 11
84075
 21
23800
 31
0
  0
LINE
  5
1350
100
AcDbEntity
  8
WALL
100
AcDbLine
 10
83925
 20
23800
 30
0
 11
84075
 21
23950
 31
0
  0
LINE
  5
1351
100
AcDbEntity
  8
WALL
100
AcDbLine
370
50
 10
87925
 20
0
 30
0
 11
87925
 21
3550
 31
0
  0
LINE
  5
1352
100
AcDbEntity
  8
WALL
100
AcDbLine
370
50
 10
88075
 20
3550
 30
0
 11
88075
 21
0
 31
0
  0
LINE
  5
1353
100
AcDbEntity
  8
WALL
100
AcDbLine
 10
87925
 20
0
 30
0
 11
88075
 21
150
 31
0
  0
LINE
  5
1354
100
AcDbEntity
  8
WALL
100
AcDbLine
 10
87925
 20
150
 30
0
 11
88075
 21
300
 31
0
  0
LINE
  5
1355
100
AcDbEntity
  8
WALL
100
AcDbLine
 10
87925
 20
300
 30
0
 11
88075
 21
450
 31
0
  0
LINE
  5
1356
100
AcDbEntity
  8
WALL
100
AcDbLine
 10
87925
 20
450
 30
0
 11
88075
 21
600
 31
0
  0
LINE
  5
1357
100
AcDbEntity
  8
WALL
100
AcDbLine
 10
87925
 20
600
 30
0
 11
88075
 21
750
 31
0
  0
LINE
  5
1358
100
AcDbEntity
  8
WALL
100
AcDbLine
 10
87925
 20
750
 30
0
 11
88075
 21
900
 31
0
  0
LINE
  5
1359
100
AcDbEntity
  8
WALL
100
AcDbLine
 10
87925
 20
900
 30
0
 11
88075
 21
1050
 31
0
  0
LINE
  5
135A
100
AcDbEntity
  8
WALL
100
AcDbLine
 10
87925
 20
1050
 30
0
 11
88075
 21
1200
 31
0
  0
LINE
  5
135B
100
AcDbEntity
  8
WALL
100
AcDbLine
 10
87925
 20
1200
 30
0
 11
88075
 21
1350
 31
0
  0
LINE
  5
135C
100
AcDbEntity
  8
WALL
100
AcDbLine
 10
87925
 20
1350
 30
0
 11
88075
 21
1500
 31
0
  0
LINE
  5
135D
100
AcDbEntity
  8
WALL
100
AcDbLine
 10
87925
 20
1500
 30
0
 11
88075
 21
1650
 31
0
  0
LINE
  5
135E
100
AcDbEntity
  8
WALL
100
AcDbLine
 10
87925
 20
1650
 30
0
 11
88075
 21
1800
 31
0
  0
LINE
  5
135F
100
AcDbEntity
  8
WALL
100
AcDbLine
 10
87925
 20
1800
 30
0
 11
88075
 21
1950
 31
0
  0
LINE
  5
1360
100
AcDbEntity
  8
WALL
100
AcDbLine
 10
87925
 20
1950
 30
0
 11
88075
 21
2100
 31
0
  0
LINE
  5
1361
100
AcDbEntity
  8
WALL
100
AcDbLine
 10
87925
 20
2100
 30
0
 11
88075
 21
2250
 31
0
  0
LINE
  5
1362
100
AcDbEntity
  8
WALL
100
AcDbLine
 10
87925
 20
2250
 30
0
 11
88075
 21
2400
 31
0
  0
LINE
  5
1363
100
AcDbEntity
  8
WALL
100
AcDbLine
 10
87925
 20
2400
 30
0
 11
88075
 21
2550
 31
0
  0
LINE
  5
1364
100
AcDbEntity
  8
WALL
100
AcDbLine
 10
87925
 20
2550
 30
0
 11
88075
 21
2700
 31
0
  0
LINE
  5
1365
100
AcDbEntity
  8
WALL
100
AcDbLine
 10
87925
 20
2700
 30
0
 11
88075
 21
2850
 31
0
  0
LINE
  5
1366
100
AcDbEntity
  8
WALL
100
AcDbLine
 10
87925
 20
2850
 30
0
 11
88075
 21
3000
 31
0
  0
LINE
  5
1367
100
AcDbEntity
  8
WALL
100
AcDbLine
 10
87925
 20
3000
 30
0
 11
88075
 21
3150
 31
0
  0
LINE
  5
1368
100
AcDbEntity
  8
WALL
100
AcDbLine
 10
87925
 20
3150
 30
0
 11
88075
 21
3300
 31
0
  0
LINE
  5
1369
100
AcDbEntity
  8
WALL
100
AcDbLine
 10
87925
 20
3300
 30
0
 11
88075
 21
3450
 31
0
  0
LINE
  5
136A
100
AcDbEntity
  8
WALL
100
AcDbLine
370
50
 10
87925
 20
4450
 30
0
 11
87925
 21
8000
 31
0
  0
LINE
  5
136B
100
AcDbEntity
  8
WALL
100
AcDbLine
370
50
 10
88075
 20
8000
 30
0
 11
88075
 21
4450
 31
0
  0
LINE
  5
136C
100
AcDbEntity
  8
WALL
100
AcDbLine
 10
87925
 20
4450
 30
0
 11
88075
 21
4600
 31
0
  0
LINE
  5
136D
100
AcDbEntity
  8
WALL
100
AcDbLine
 10
87925
 20
4600
 30
0
 11
88075
 21
4750
 31
0
  0
LINE
  5
136E
100
AcDbEntity
  8
WALL
100
AcDbLine
 10
87925
 20
4750
 30
0
 11
88075
 21
4900
 31
0
  0
LINE
  5
136F
100
AcDbEntity
  8
WALL
100
AcDbLine
 10
87925
 20
4900
 30
0
 11
88075
 21
5050
 31
0
  0
LINE
  5
1370
100
AcDbEntity
  8
WALL
100
AcDbLine
 10
87925
 20
5050
 30
0
 11
88075
 21
5200
 31
0
  0
LINE
  5
1371
100
AcDbEntity
  8
WALL
100
AcDbLine
 10
87925
 20
5200
 30
0
 11
88075
 21
5350
 31
0
  0
LINE
  5
1372
100
AcDbEntity
  8
WALL
100
AcDbLine
 10
87925
 20
5350
 30
0
 11
88075
 21
5500
 31
0
  0
LINE
  5
1373
100
AcDbEntity
  8
WALL
100
AcDbLine
 10
87925
 20
5500
 30
0
 11
88075
 21
5650
 31
0
  0
LINE
  5
1374
100
AcDbEntity
  8
WALL
100
AcDbLine
 10
87925
 20
5650
 30
0
 11
88075
 21
5800
 31
0
  0
LINE
  5
1375
100
AcDbEntity
  8
WALL
100
AcDbLine
 10
87925
 20
5800
 30
0
 11
88075
 21
5950
 31
0
  0
LINE
  5
1376
100
AcDbEntity
  8
WALL
100
AcDbLine
 10
87925
 20
5950
 30
0
 11
88075
 21
6100
 31
0
  0
LINE
  5
1377
100
AcDbEntity
  8
WALL
100
AcDbLine
 10
87925
 20
6100
 30
0
 11
88075
 21
6250
 31
0
  0
LINE
  5
1378
100
AcDbEntity
  8
WALL
100
AcDbLine
 10
87925
 20
6250
 30
0
 11
88075
 21
6400
 31
0
  0
LINE
  5
1379
100
AcDbEntity
  8
WALL
100
AcDbLine
 10
87925
 20
6400
 30
0
 11
88075
 21
6550
 31
0
  0
LINE
  5
137A
100
AcDbEntity
  8
WALL
100
AcDbLine
 10
87925
 20
6550
 30
0
 11
88075
 21
6700
 31
0
  0
LINE
  5
137B
100
AcDbEntity
  8
WALL
100
AcDbLine
 10
87925
 20
6700
 30
0
 11
88075
 21
6850
 31
0
  0
LINE
  5
137C
100
AcDbEntity
  8
WALL
100
AcDbLine
 10
87925
 20
6850
 30
0
 11
88075
 21
7000
 31
0
  0
LINE
  5
137D
100
AcDbEntity
  8
WALL
100
AcDbLine
 10
87925
 20
7000
 30
0
 11
88075
 21
7150
 31
0
  0
LINE
  5
137E
100
AcDbEntity
  8
WALL
100
AcDbLine
 10
87925
 20
7150
 30
0
 11
88075
 21
7300
 31
0
  0
LINE
  5
137F
100
AcDbEntity
  8
WALL
100
AcDbLine
 10
87925
 20
7300
 30
0
 11
88075
 21
7450
 31
0
  0
LINE
  5
1380
100
AcDbEntity
  8
WALL
100
AcDbLine
 10
87925
 20
7450
 30
0
 11
88075
 21
7600
 31
0
  0
LINE
  5
1381
100
AcDbEntity
  8
WALL
100
AcDbLine
 10
87925
 20
7600
 30
0
 11
88075
 21
7750
 31
0
  0
LINE
  5
1382
100
AcDbEntity
  8
WALL
100
AcDbLine
 10
87925
 20
7750
 30
0
 11
88075
 21
7900
 31
0
  0
LINE
  5
1383
100
AcDbEntity
  8
WALL
100
AcDbLine
370
50
 10
87925
 20
3550
 30
0
 11
88075
 21
3550
 31
0
  0
LINE
  5
1384
100
AcDbEntity
  8
WALL
100
AcDbLine
370
50
 10
87925
 20
4450
 30
0
 11
88075
 21
4450
 31
0
  0
LINE
  5
1385
100
AcDbEntity
  8
WALL
100
AcDbLine
370
50
 10
87925
 20
8000
 30
0
 11
87925
 21
11550
 31
0
  0
LINE
  5
1386
100
AcDbEntity
  8
WALL
100
AcDbLine
370
50
 10
88075
 20
11550
 30
0
 11
88075
 21
8000
 31
0
  0
LINE
  5
1387
100
AcDbEntity
  8
WALL
100
AcDbLine
 10
87925
 20
8000
 30
0
 11
88075
 21
8150
 31
0
  0
LINE
  5
1388
100
AcDbEntity
  8
WALL
100
AcDbLine
 10
87925
 20
8150
 30
0
 11
88075
 21
8300
 31
0
  0
LINE
  5
1389
100
AcDbEntity
  8
WALL
100
AcDbLine
 10
87925
 20
8300
 30
0
 11
88075
 21
8450
 31
0
  0
LINE
  5
138A
100
AcDbEntity
  8
WALL
100
AcDbLine
 10
87925
 20
8450
 30
0
 11
88075
 21
8600
 31
0
  0
LINE
  5
138B
100
AcDbEntity
  8
WALL
100
AcDbLine
 10
87925
 20
8600
 30
0
 11
88075
 21
8750
 31
0
  0
LINE
  5
138C
100
AcDbEntity
  8
WALL
100
AcDbLine
 10
87925
 20
8750
 30
0
 11
88075
 21
8900
 31
0
  0
LINE
  5
138D
100
AcDbEntity
  8
WALL
100
AcDbLine
 10
87925
 20
8900
 30
0
 11
88075
 21
9050
 31
0
  0
LINE
  5
138E
100
AcDbEntity
  8
WALL
100
AcDbLine
 10
87925
 20
9050
 30
0
 11
88075
 21
9200
 31
0
  0
LINE
  5
138F
100
AcDbEntity
  8
WALL
100
AcDbLine
 10
87925
 20
9200
 30
0
 11
88075
 21
9350
 31
0
  0
LINE
  5
1390
100
AcDbEntity
  8
WALL
100
AcDbLine
 10
87925
 20
9350
 30
0
 11
88075
 21
9500
 31
0
  0
LINE
  5
1391
100
AcDbEntity
  8
WALL
100
AcDbLine
 10
87925
 20
9500
 30
0
 11
88075
 21
9650
 31
0
  0
LINE
  5
1392
100
AcDbEntity
  8
WALL
100
AcDbLine
 10
87925
 20
9650
 30
0
 11
88075
 21
9800
 31
0
  0
LINE
  5
1393
100
AcDbEntity
  8
WALL
100
AcDbLine
 10
87925
 20
9800
 30
0
 11
88075
 21
9950
 31
0
  0
LINE
  5
1394
100
AcDbEntity
  8
WALL
100
AcDbLine
 10
87925
 20
9950
 30
0
 11
88075
 21
10100
 31
0
  0
LINE
  5
1395
100
AcDbEntity
  8
WALL
100
AcDbLine
 10
87925
 20
10100
 30
0
 11
88075
 21
10250
 31
0
  0
LINE
  5
1396
100
AcDbEntity
  8
WALL
100
AcDbLine
 10
87925
 20
10250
 30
0
 11
88075
 21
10400
 31
0
  0
LINE
  5
1397
100
AcDbEntity
  8
WALL
100
AcDbLine
 10
87925
 20
10400
 30
0
 11
88075
 21
10550
 31
0
  0
LINE
  5
1398
100
AcDbEntity
  8
WALL
100
AcDbLine
 10
87925
 20
10550
 30
0
 11
88075
 21
10700
 31
0
  0
LINE
  5
1399
100
AcDbEntity
  8
WALL
100
AcDbLine
 10
87925
 20
10700
 30
0
 11
88075
 21
10850
 31
0
  0
LINE
  5
139A
100
AcDbEntity
  8
WALL
100
AcDbLine
 10
87925
 20
10850
 30
0
 11
88075
 21
11000
 31
0
  0
LINE
  5
139B
100
AcDbEntity
  8
WALL
100
AcDbLine
 10
87925
 20
11000
 30
0
 11
88075
 21
11150
 31
0
  0
LINE
  5
139C
100
AcDbEntity
  8
WALL
100
AcDbLine
 10
87925
 20
11150
 30
0
 11
88075
 21
11300
 31
0
  0
LINE
  5
139D
100
AcDbEntity
  8
WALL
100
AcDbLine
 10
87925
 20
11300
 30
0
 11
88075
 21
11450
 31
0
  0
LINE
  5
139E
100
AcDbEntity
  8
WALL
100
AcDbLine
370
50
 10
87925
 20
12450
 30
0
 11
87925
 21
16000
 31
0
  0
LINE
  5
139F
100
AcDbEntity
  8
WALL
100
AcDbLine
370
50
 10
88075
 20
16000
 30
0
 11
88075
 21
12450
 31
0
  0
LINE
  5
13A0
100
AcDbEntity
  8
WALL
100
AcDbLine
 10
87925
 20
12450
 30
0
 11
88075
 21
12600
 31
0
  0
LINE
  5
13A1
100
AcDbEntity
  8
WALL
100
AcDbLine
 10
87925
 20
12600
 30
0
 11
88075
 21
12750
 31
0
  0
LINE
  5
13A2
100
AcDbEntity
  8
WALL
100
AcDbLine
 10
87925
 20
12750
 30
0
 11
88075
 21
12900
 31
0
  0
LINE
  5
13A3
100
AcDbEntity
  8
WALL
100
AcDbLine
 10
87925
 20
12900
 30
0
 11
88075
 21
13050
 31
0
  0
LINE
  5
13A4
100
AcDbEntity
  8
WALL
100
AcDbLine
 10
87925
 20
13050
 30
0
 11
88075
 21
13200
 31
0
  0
LINE
  5
13A5
100
AcDbEntity
  8
WALL
100
AcDbLine
 10
87925
 20
13200
 30
0
 11
88075
 21
13350
 31
0
  0
LINE
  5
13A6
100
AcDbEntity
  8
WALL
100
AcDbLine
 10
87925
 20
13350
 30
0
 11
88075
 21
13500
 31
0
  0
LINE
  5
13A7
100
AcDbEntity
  8
WALL
100
AcDbLine
 10
87925
 20
13500
 30
0
 11
88075
 21
13650
 31
0
  0
LINE
  5
13A8
100
AcDbEntity
  8
WALL
100
AcDbLine
 10
87925
 20
13650
 30
0
 11
88075
 21
13800
 31
0
  0
LINE
  5
13A9
100
AcDbEntity
  8
WALL
100
AcDbLine
 10
87925
 20
13800
 30
0
 11
88075
 21
13950
 31
0
  0
LINE
  5
13AA
100
AcDbEntity
  8
WALL
100
AcDbLine
 10
87925
 20
13950
 30
0
 11
88075
 21
14100
 31
0
  0
LINE
  5
13AB
100
AcDbEntity
  8
WALL
100
AcDbLine
 10
87925
 20
14100
 30
0
 11
88075
 21
14250
 31
0
  0
LINE
  5
13AC
100
AcDbEntity
  8
WALL
100
AcDbLine
 10
87925
 20
14250
 30
0
 11
88075
 21
14400
 31
0
  0
LINE
  5
13AD
100
AcDbEntity
  8
WALL
100
AcDbLine
 10
87925
 20
14400
 30
0
 11
88075
 21
14550
 31
0
  0
LINE
  5
13AE
100
AcDbEntity
  8
WALL
100
AcDbLine
 10
87925
 20
14550
 30
0
 11
88075
 21
14700
 31
0
  0
LINE
  5
13AF
100
AcDbEntity
  8
WALL
100
AcDbLine
 10
87925
 20
14700
 30
0
 11
88075
 21
14850
 31
0
  0
LINE
  5
13B0
100
AcDbEntity
  8
WALL
100
AcDbLine
 10
87925
 20
14850
 30
0
 11
88075
 21
15000
 31
0
  0
LINE
  5
13B1
100
AcDbEntity
  8
WALL
100
AcDbLine
 10
87925
 20
15000
 30
0
 11
88075
 21
15150
 31
0
  0
LINE
  5
13B2
100
AcDbEntity
  8
WALL
100
AcDbLine
 10
87925
 20
15150
 30
0
 11
88075
 21
15300
 31
0
  0
LINE
  5
13B3
100
AcDbEntity
  8
WALL
100
AcDbLine
 10
87925
 20
15300
 30
0
 11
88075
 21
15450
 31
0
  0
LINE
  5
13B4
100
AcDbEntity
  8
WALL
100
AcDbLine
 10
87925
 20
15450
 30
0
 11
88075
 21
15600
 31
0
  0
LINE
  5
13B5
100
AcDbEntity
  8
WALL
100
AcDbLine
 10
87925
 20
15600
 30
0
 11
88075
 21
15750
 31
0
  0
LINE
  5
13B6
100
AcDbEntity
  8
WALL
100
AcDbLine
 10
87925
 20
15750
 30
0
 11
88075
 21
15900
 31
0
  0
LINE
  5
13B7
100
AcDbEntity
  8
WALL
100
AcDbLine
370
50
 10
87925
 20
11550
 30
0
 11
88075
 21
11550
 31
0
  0
LINE
  5
13B8
100
AcDbEntity
  8
WALL
100
AcDbLine
370
50
 10
87925
 20
12450
 30
0
 11
88075
 21
12450
 31
0
  0
LINE
  5
13B9
100
AcDbEntity
  8
WALL
100
AcDbLine
370
50
 10
87925
 20
16000
 30
0
 11
87925
 21
19550
 31
0
  0
LINE
  5
13BA
100
AcDbEntity
  8
WALL
100
AcDbLine
370
50
 10
88075
 20
19550
 30
0
 11
88075
 21
16000
 31
0
  0
LINE
  5
13BB
100
AcDbEntity
  8
WALL
100
AcDbLine
 10
87925
 20
16000
 30
0
 11
88075
 21
16150
 31
0
  0
LINE
  5
13BC
100
AcDbEntity
  8
WALL
100
AcDbLine
 10
87925
 20
16150
 30
0
 11
88075
 21
16300
 31
0
  0
LINE
  5
13BD
100
AcDbEntity
  8
WALL
100
AcDbLine
 10
87925
 20
16300
 30
0
 11
88075
 21
16450
 31
0
  0
LINE
  5
13BE
100
AcDbEntity
  8
WALL
100
AcDbLine
 10
87925
 20
16450
 30
0
 11
88075
 21
16600
 31
0
  0
LINE
  5
13BF
100
AcDbEntity
  8
WALL
100
AcDbLine
 10
87925
 20
16600
 30
0
 11
88075
 21
16750
 31
0
  0
LINE
  5
13C0
100
AcDbEntity
  8
WALL
100
AcDbLine
 10
87925
 20
16750
 30
0
 11
88075
 21
16900
 31
0
  0
LINE
  5
13C1
100
AcDbEntity
  8
WALL
100
AcDbLine
 10
87925
 20
16900
 30
0
 11
88075
 21
17050
 31
0
  0
LINE
  5
13C2
100
AcDbEntity
  8
WALL
100
AcDbLine
 10
87925
 20
17050
 30
0
 11
88075
 21
17200
 31
0
  0
LINE
  5
13C3
100
AcDbEntity
  8
WALL
100
AcDbLine
 10
87925
 20
17200
 30
0
 11
88075
 21
17350
 31
0
  0
LINE
  5
13C4
100
AcDbEntity
  8
WALL
100
AcDbLine
 10
87925
 20
17350
 30
0
 11
88075
 21
17500
 31
0
  0
LINE
  5
13C5
100
AcDbEntity
  8
WALL
100
AcDbLine
 10
87925
 20
17500
 30
0
 11
88075
 21
17650
 31
0
  0
LINE
  5
13C6
100
AcDbEntity
  8
WALL
100
AcDbLine
 10
87925
 20
17650
 30
0
 11
88075
 21
17800
 31
0
  0
LINE
  5
13C7
100
AcDbEntity
  8
WALL
100
AcDbLine
 10
87925
 20
17800
 30
0
 11
88075
 21
17950
 31
0
  0
LINE
  5
13C8
100
AcDbEntity
  8
WALL
100
AcDbLine
 10
87925
 20
17950
 30
0
 11
88075
 21
18100
 31
0
  0
LINE
  5
13C9
100
AcDbEntity
  8
WALL
100
AcDbLine
 10
87925
 20
18100
 30
0
 11
88075
 21
18250
 31
0
  0
LINE
  5
13CA
100
AcDbEntity
  8
WALL
100
AcDbLine
 10
87925
 20
18250
 30
0
 11
88075
 21
18400
 31
0
  0
LINE
  5
13CB
100
AcDbEntity
  8
WALL
100
AcDbLine
 10
87925
 20
18400
 30
0
 11
88075
 21
18550
 31
0
  0
LINE
  5
13CC
100
AcDbEntity
  8
WALL
100
AcDbLine
 10
87925
 20
18550
 30
0
 11
88075
 21
18700
 31
0
  0
LINE
  5
13CD
100
AcDbEntity
  8
WALL
100
AcDbLine
 10
87925
 20
18700
 30
0
 11
88075
 21
18850
 31
0
  0
LINE
  5
13CE
100
AcDbEntity
  8
WALL
100
AcDbLine
 10
87925
 20
18850
 30
0
 11
88075
 21
19000
 31
0
  0
LINE
  5
13CF
100
AcDbEntity
  8
WALL
100
AcDbLine
 10
87925
 20
19000
 30
0
 11
88075
 21
19150
 31
0
  0
LINE
  5
13D0
100
AcDbEntity
  8
WALL
100
AcDbLine
 10
87925
 20
19150
 30
0
 11
88075
 21
19300
 31
0
  0
LINE
  5
13D1
100
AcDbEntity
  8
WALL
100
AcDbLine
 10
87925
 20
19300
 30
0
 11
88075
 21
19450
 31
0
  0
LINE
  5
13D2
100
AcDbEntity
  8
WALL
100
AcDbLine
370
50
 10
87925
 20
20450
 30
0
 11
87925
 21
24000
 31
0
  0
LINE
  5
13D3
100
AcDbEntity
  8
WALL
100
AcDbLine
370
50
 10
88075
 20
24000
 30
0
 11
88075
 21
20450
 31
0
  0
LINE
  5
13D4
100
AcDbEntity
  8
WALL
100
AcDbLine
 10
87925
 20
20450
 30
0
 11
88075
 21
20600
 31
0
  0
LINE
  5
13D5
100
AcDbEntity
  8
WALL
100
AcDbLine
 10
87925
 20
20600
 30
0
 11
88075
 21
20750
 31
0
  0
LINE
  5
13D6
100
AcDbEntity
  8
WALL
100
AcDbLine
 10
87925
 20
20750
 30
0
 11
88075
 21
20900
 31
0
  0
LINE
  5
13D7
100
AcDbEntity
  8
WALL
100
AcDbLine
 10
87925
 20
20900
 30
0
 11
88075
 21
21050
 31
0
  0
LINE
  5
13D8
100
AcDbEntity
  8
WALL
100
AcDbLine
 10
87925
 20
21050
 30
0
 11
88075
 21
21200
 31
0
  0
LINE
  5
13D9
100
AcDbEntity
  8
WALL
100
AcDbLine
 10
87925
 20
21200
 30
0
 11
88075
 21
21350
 31
0
  0
LINE
  5
13DA
100
AcDbEntity
  8
WALL
100
AcDbLine
 10
87925
 20
21350
 30
0
 11
88075
 21
21500
 31
0
  0
LINE
  5
13DB
100
AcDbEntity
  8
WALL
100
AcDbLine
 10
87925
 20
21500
 30
0
 11
88075
 21
21650
 31
0
  0
LINE
  5
13DC
100
AcDbEntity
  8
WALL
100
AcDbLine
 10
87925
 20
21650
 30
0
 11
88075
 21
21800
 31
0
  0
LINE
  5
13DD
100
AcDbEntity
  8
WALL
100
AcDbLine
 10
87925
 20
21800
 30
0
 11
88075
 21
21950
 31
0
  0
LINE
  5
13DE
100
AcDbEntity
  8
WALL
100
AcDbLine
 10
87925
 20
21950
 30
0
 11
88075
 21
22100
 31
0
  0
LINE
  5
13DF
100
AcDbEntity
  8
WALL
100
AcDbLine
 10
87925
 20
22100
 30
0
 11
88075
 21
22250
 31
0
  0
LINE
  5
13E0
100
AcDbEntity
  8
WALL
100
AcDbLine
 10
87925
 20
22250
 30
0
 11
88075
 21
22400
 31
0
  0
LINE
  5
13E1
100
AcDbEntity
  8
WALL
100
AcDbLine
 10
87925
 20
22400
 30
0
 11
88075
 21
22550
 31
0
  0
LINE
  5
13E2
100
AcDbEntity
  8
WALL
100
AcDbLine
 10
87925
 20
22550
 30
0
 11
88075
 21
22700
 31
0
  0
LINE
  5
13E3
100
AcDbEntity
  8
WALL
100
AcDbLine
 10
87925
 20
22700
 30
0
 11
88075
 21
22850
 31
0
  0
LINE
  5
13E4
100
AcDbEntity
  8
WALL
100
AcDbLine
 10
87925
 20
22850
 30
0
 11
88075
 21
23000
 31
0
  0
LINE
  5
13E5
100
AcDbEntity
  8
WALL
100
AcDbLine
 10
87925
 20
23000
 30
0
 11
88075
 21
23150
 31
0
  0
LINE
  5
13E6
100
AcDbEntity
  8
WALL
100
AcDbLine
 10
87925
 20
23150
 30
0
 11
88075
 21
23300
 31
0
  0
LINE
  5
13E7
100
AcDbEntity
  8
WALL
100
AcDbLine
 10
87925
 20
23300
 30
0
 11
88075
 21
23450
 31
0
  0
LINE
  5
13E8
100
AcDbEntity
  8
WALL
100
AcDbLine
 10
87925
 20
23450
 30
0
 11
88075
 21
23600
 31
0
  0
LINE
  5
13E9
100
AcDbEntity
  8
WALL
100
AcDbLine
 10
87925
 20
23600
 30
0
 11
88075
 21
23750
 31
0
  0
LINE
  5
13EA
100
AcDbEntity
  8
WALL
100
AcDbLine
 10
87925
 20
23750
 30
0
 11
88075
 21
23900
 31
0
  0
LINE
  5
13EB
100
AcDbEntity
  8
WALL
100
AcDbLine
370
50
 10
87925
 20
19550
 30
0
 11
88075
 21
19550
 31
0
  0
LINE
  5
13EC
100
AcDbEntity
  8
WALL
100
AcDbLine
370
50
 10
87925
 20
20450
 30
0
 11
88075
 21
20450
 31
0
  0
LINE
  5
13ED
100
AcDbEntity
  8
WALL
100
AcDbLine
370
50
 10
91925
 20
0
 30
0
 11
91925
 21
3550
 31
0
  0
LINE
  5
13EE
100
AcDbEntity
  8
WALL
100
AcDbLine
370
50
 10
92075
 20
3550
 30
0
 11
92075
 21
0
 31
0
  0
LINE
  5
13EF
100
AcDbEntity
  8
WALL
100
AcDbLine
 10
91925
 20
0
 30
0
 11
92075
 21
150
 31
0
  0
LINE
  5
13F0
100
AcDbEntity
  8
WALL
100
AcDbLine
 10
91925
 20
150
 30
0
 11
92075
 21
300
 31
0
  0
LINE
  5
13F1
100
AcDbEntity
  8
WALL
100
AcDbLine
 10
91925
 20
300
 30
0
 11
92075
 21
450
 31
0
  0
LINE
  5
13F2
100
AcDbEntity
  8
WALL
100
AcDbLine
 10
91925
 20
450
 30
0
 11
92075
 21
600
 31
0
  0
LINE
  5
13F3
100
AcDbEntity
  8
WALL
100
AcDbLine
 10
91925
 20
600
 30
0
 11
92075
 21
750
 31
0
  0
LINE
  5
13F4
100
AcDbEntity
  8
WALL
100
AcDbLine
 10
91925
 20
750
 30
0
 11
92075
 21
900
 31
0
  0
LINE
  5
13F5
100
AcDbEntity
  8
WALL
100
AcDbLine
 10
91925
 20
900
 30
0
 11
92075
 21
1050
 31
0
  0
LINE
  5
13F6
100
AcDbEntity
  8
WALL
100
AcDbLine
 10
91925
 20
1050
 30
0
 11
92075
 21
1200
 31
0
  0
LINE
  5
13F7
100
AcDbEntity
  8
WALL
100
AcDbLine
 10
91925
 20
1200
 30
0
 11
92075
 21
1350
 31
0
  0
LINE
  5
13F8
100
AcDbEntity
  8
WALL
100
AcDbLine
 10
91925
 20
1350
 30
0
 11
92075
 21
1500
 31
0
  0
LINE
  5
13F9
100
AcDbEntity
  8
WALL
100
AcDbLine
 10
91925
 20
1500
 30
0
 11
92075
 21
1650
 31
0
  0
LINE
  5
13FA
100
AcDbEntity
  8
WALL
100
AcDbLine
 10
91925
 20
1650
 30
0
 11
92075
 21
1800
 31
0
  0
LINE
  5
13FB
100
AcDbEntity
  8
WALL
100
AcDbLine
 10
91925
 20
1800
 30
0
 11
92075
 21
1950
 31
0
  0
LINE
  5
13FC
100
AcDbEntity
  8
WALL
100
AcDbLine
 10
91925
 20
1950
 30
0
 11
92075
 21
2100
 31
0
  0
LINE
  5
13FD
100
AcDbEntity
  8
WALL
100
AcDbLine
 10
91925
 20
2100
 30
0
 11
92075
 21
2250
 31
0
  0
LINE
  5
13FE
100
AcDbEntity
  8
WALL
100
AcDbLine
 10
91925
 20
2250
 30
0
 11
92075
 21
2400
 31
0
  0
LINE
  5
13FF
100
AcDbEntity
  8
WALL
100
AcDbLine
 10
91925
 20
2400
 30
0
 11
92075
 21
2550
 31
0
  0
LINE
  5
1400
100
AcDbEntity
  8
WALL
100
AcDbLine
 10
91925
 20
2550
 30
0
 11
92075
 21
2700
 31
0
  0
LINE
  5
1401
100
AcDbEntity
  8
WALL
100
AcDbLine
 10
91925
 20
2700
 30
0
 11
92075
 21
2850
 31
0
  0
LINE
  5
1402
100
AcDbEntity
  8
WALL
100
AcDbLine
 10
91925
 20
2850
 30
0
 11
92075
 21
3000
 31
0
  0
LINE
  5
1403
100
AcDbEntity
  8
WALL
100
AcDbLine
 10
91925
 20
3000
 30
0
 11
92075
 21
3150
 31
0
  0
LINE
  5
1404
100
AcDbEntity
  8
WALL
100
AcDbLine
 10
91925
 20
3150
 30
0
 11
92075
 21
3300
 31
0
  0
LINE
  5
1405
100
AcDbEntity
  8
WALL
100
AcDbLine
 10
91925
 20
3300
 30
0
 11
92075
 21
3450
 31
0
  0
LINE
  5
1406
100
AcDbEntity
  8
WALL
100
AcDbLine
370
50
 10
91925
 20
4450
 30
0
 11
91925
 21
8000
 31
0
  0
LINE
  5
1407
100
AcDbEntity
  8
WALL
100
AcDbLine
370
50
 10
92075
 20
8000
 30
0
 11
92075
 21
4450
 31
0
  0
LINE
  5
1408
100
AcDbEntity
  8
WALL
100
AcDbLine
 10
91925
 20
4450
 30
0
 11
92075
 21
4600
 31
0
  0
LINE
  5
1409
100
AcDbEntity
  8
WALL
100
AcDbLine
 10
91925
 20
4600
 30
0
 11
92075
 21
4750
 31
0
  0
LINE
  5
140A
100
AcDbEntity
  8
WALL
100
AcDbLine
 10
91925
 20
4750
 30
0
 11
92075
 21
4900
 31
0
  0
LINE
  5
140B
100
AcDbEntity
  8
WALL
100
AcDbLine
 10
91925
 20
4900
 30
0
 11
92075
 21
5050
 31
0
  0
LINE
  5
140C
100
AcDbEntity
  8
WALL
100
AcDbLine
 10
91925
 20
5050
 30
0
 11
92075
 21
5200
 31
0
  0
LINE
  5
140D
100
AcDbEntity
  8
WALL
100
AcDbLine
 10
91925
 20
5200
 30
0
 11
92075
 21
5350
 31
0
  0
LINE
  5
140E
100
AcDbEntity
  8
WALL
100
AcDbLine
 10
91925
 20
5350
 30
0
 11
92075
 21
5500
 31
0
  0
LINE
  5
140F
100
AcDbEntity
  8
WALL
100
AcDbLine
 10
91925
 20
5500
 30
0
 11
92075
 21
5650
 31
0
  0
LINE
  5
1410
100
AcDbEntity
  8
WALL
100
AcDbLine
 10
91925
 20
5650
 30
0
 11
92075
 21
5800
 31
0
  0
LINE
  5
1411
100
AcDbEntity
  8
WALL
100
AcDbLine
 10
91925
 20
5800
 30
0
 11
92075
 21
5950
 31
0
  0
LINE
  5
1412
100
AcDbEntity
  8
WALL
100
AcDbLine
 10
91925
 20
5950
 30
0
 11
92075
 21
6100
 31
0
  0
LINE
  5
1413
100
AcDbEntity
  8
WALL
100
AcDbLine
 10
91925
 20
6100
 30
0
 11
92075
 21
6250
 31
0
  0
LINE
  5
1414
100
AcDbEntity
  8
WALL
100
AcDbLine
 10
91925
 20
6250
 30
0
 11
92075
 21
6400
 31
0
  0
LINE
  5
1415
100
AcDbEntity
  8
WALL
100
AcDbLine
 10
91925
 20
6400
 30
0
 11
92075
 21
6550
 31
0
  0
LINE
  5
1416
100
AcDbEntity
  8
WALL
100
AcDbLine
 10
91925
 20
6550
 30
0
 11
92075
 21
6700
 31
0
  0
LINE
  5
1417
100
AcDbEntity
  8
WALL
100
AcDbLine
 10
91925
 20
6700
 30
0
 11
92075
 21
6850
 31
0
  0
LINE
  5
1418
100
AcDbEntity
  8
WALL
100
AcDbLine
 10
91925
 20
6850
 30
0
 11
92075
 21
7000
 31
0
  0
LINE
  5
1419
100
AcDbEntity
  8
WALL
100
AcDbLine
 10
91925
 20
7000
 30
0
 11
92075
 21
7150
 31
0
  0
LINE
  5
141A
100
AcDbEntity
  8
WALL
100
AcDbLine
 10
91925
 20
7150
 30
0
 11
92075
 21
7300
 31
0
  0
LINE
  5
141B
100
AcDbEntity
  8
WALL
100
AcDbLine
 10
91925
 20
7300
 30
0
 11
92075
 21
7450
 31
0
  0
LINE
  5
141C
100
AcDbEntity
  8
WALL
100
AcDbLine
 10
91925
 20
7450
 30
0
 11
92075
 21
7600
 31
0
  0
LINE
  5
141D
100
AcDbEntity
  8
WALL
100
AcDbLine
 10
91925
 20
7600
 30
0
 11
92075
 21
7750
 31
0
  0
LINE
  5
141E
100
AcDbEntity
  8
WALL
100
AcDbLine
 10
91925
 20
7750
 30
0
 11
92075
 21
7900
 31
0
  0
LINE
  5
141F
100
AcDbEntity
  8
WALL
100
AcDbLine
370
50
 10
91925
 20
3550
 30
0
 11
92075
 21
3550
 31
0
  0
LINE
  5
1420
100
AcDbEntity
  8
WALL
100
AcDbLine
370
50
 10
91925
 20
4450
 30
0
 11
92075
 21
4450
 31
0
  0
LINE
  5
1421
100
AcDbEntity
  8
WALL
100
AcDbLine
370
50
 10
91925
 20
8000
 30
0
 11
91925
 21
11550
 31
0
  0
LINE
  5
1422
100
AcDbEntity
  8
WALL
100
AcDbLine
370
50
 10
92075
 20
11550
 30
0
 11
92075
 21
8000
 31
0
  0
LINE
  5
1423
100
AcDbEntity
  8
WALL
100
AcDbLine
 10
91925
 20
8000
 30
0
 11
92075
 21
8150
 31
0
  0
LINE
  5
1424
100
AcDbEntity
  8
WALL
100
AcDbLine
 10
91925
 20
8150
 30
0
 11
92075
 21
8300
 31
0
  0
LINE
  5
1425
100
AcDbEntity
  8
WALL
100
AcDbLine
 10
91925
 20
8300
 30
0
 11
92075
 21
8450
 31
0
  0
LINE
  5
1426
100
AcDbEntity
  8
WALL
100
AcDbLine
 10
91925
 20
8450
 30
0
 11
92075
 21
8600
 31
0
  0
LINE
  5
1427
100
AcDbEntity
  8
WALL
100
AcDbLine
 10
91925
 20
8600
 30
0
 11
92075
 21
8750
 31
0
  0
LINE
  5
1428
100
AcDbEntity
  8
WALL
100
AcDbLine
 10
91925
 20
8750
 30
0
 11
92075
 21
8900
 31
0
  0
LINE
  5
1429
100
AcDbEntity
  8
WALL
100
AcDbLine
 10
91925
 20
8900
 30
0
 11
92075
 21
9050
 31
0
  0
LINE
  5
142A
100
AcDbEntity
  8
WALL
100
AcDbLine
 10
91925
 20
9050
 30
0
 11
92075
 21
9200
 31
0
  0
LINE
  5
142B
100
AcDbEntity
  8
WALL
100
AcDbLine
 10
91925
 20
9200
 30
0
 11
92075
 21
9350
 31
0
  0
LINE
  5
142C
100
AcDbEntity
  8
WALL
100
AcDbLine
 10
91925
 20
9350
 30
0
 11
92075
 21
9500
 31
0
  0
LINE
  5
142D
100
AcDbEntity
  8
WALL
100
AcDbLine
 10
91925
 20
9500
 30
0
 11
92075
 21
9650
 31
0
  0
LINE
  5
142E
100
AcDbEntity
  8
WALL
100
AcDbLine
 10
91925
 20
9650
 30
0
 11
92075
 21
9800
 31
0
  0
LINE
  5
142F
100
AcDbEntity
  8
WALL
100
AcDbLine
 10
91925
 20
9800
 30
0
 11
92075
 21
9950
 31
0
  0
LINE
  5
1430
100
AcDbEntity
  8
WALL
100
AcDbLine
 10
91925
 20
9950
 30
0
 11
92075
 21
10100
 31
0
  0
LINE
  5
1431
100
AcDbEntity
  8
WALL
100
AcDbLine
 10
91925
 20
10100
 30
0
 11
92075
 21
10250
 31
0
  0
LINE
  5
1432
100
AcDbEntity
  8
WALL
100
AcDbLine
 10
91925
 20
10250
 30
0
 11
92075
 21
10400
 31
0
  0
LINE
  5
1433
100
AcDbEntity
  8
WALL
100
AcDbLine
 10
91925
 20
10400
 30
0
 11
92075
 21
10550
 31
0
  0
LINE
  5
1434
100
AcDbEntity
  8
WALL
100
AcDbLine
 10
91925
 20
10550
 30
0
 11
92075
 21
10700
 31
0
  0
LINE
  5
1435
100
AcDbEntity
  8
WALL
100
AcDbLine
 10
91925
 20
10700
 30
0
 11
92075
 21
10850
 31
0
  0
LINE
  5
1436
100
AcDbEntity
  8
WALL
100
AcDbLine
 10
91925
 20
10850
 30
0
 11
92075
 21
11000
 31
0
  0
LINE
  5
1437
100
AcDbEntity
  8
WALL
100
AcDbLine
 10
91925
 20
11000
 30
0
 11
92075
 21
11150
 31
0
  0
LINE
  5
1438
100
AcDbEntity
  8
WALL
100
AcDbLine
 10
91925
 20
11150
 30
0
 11
92075
 21
11300
 31
0
  0
LINE
  5
1439
100
AcDbEntity
  8
WALL
100
AcDbLine
 10
91925
 20
11300
 30
0
 11
92075
 21
11450
 31
0
  0
LINE
  5
143A
100
AcDbEntity
  8
WALL
100
AcDbLine
370
50
 10
91925
 20
12450
 30
0
 11
91925
 21
16000
 31
0
  0
LINE
  5
143B
100
AcDbEntity
  8
WALL
100
AcDbLine
370
50
 10
92075
 20
16000
 30
0
 11
92075
 21
12450
 31
0
  0
LINE
  5
143C
100
AcDbEntity
  8
WALL
100
AcDbLine
 10
91925
 20
12450
 30
0
 11
92075
 21
12600
 31
0
  0
LINE
  5
143D
100
AcDbEntity
  8
WALL
100
AcDbLine
 10
91925
 20
12600
 30
0
 11
92075
 21
12750
 31
0
  0
LINE
  5
143E
100
AcDbEntity
  8
WALL
100
AcDbLine
 10
91925
 20
12750
 30
0
 11
92075
 21
12900
 31
0
  0
LINE
  5
143F
100
AcDbEntity
  8
WALL
100
AcDbLine
 10
91925
 20
12900
 30
0
 11
92075
 21
13050
 31
0
  0
LINE
  5
1440
100
AcDbEntity
  8
WALL
100
AcDbLine
 10
91925
 20
13050
 30
0
 11
92075
 21
13200
 31
0
  0
LINE
  5
1441
100
AcDbEntity
  8
WALL
100
AcDbLine
 10
91925
 20
13200
 30
0
 11
92075
 21
13350
 31
0
  0
LINE
  5
1442
100
AcDbEntity
  8
WALL
100
AcDbLine
 10
91925
 20
13350
 30
0
 11
92075
 21
13500
 31
0
  0
LINE
  5
1443
100
AcDbEntity
  8
WALL
100
AcDbLine
 10
91925
 20
13500
 30
0
 11
92075
 21
13650
 31
0
  0
LINE
  5
1444
100
AcDbEntity
  8
WALL
100
AcDbLine
 10
91925
 20
13650
 30
0
 11
92075
 21
13800
 31
0
  0
LINE
  5
1445
100
AcDbEntity
  8
WALL
100
AcDbLine
 10
91925
 20
13800
 30
0
 11
92075
 21
13950
 31
0
  0
LINE
  5
1446
100
AcDbEntity
  8
WALL
100
AcDbLine
 10
91925
 20
13950
 30
0
 11
92075
 21
14100
 31
0
  0
LINE
  5
1447
100
AcDbEntity
  8
WALL
100
AcDbLine
 10
91925
 20
14100
 30
0
 11
92075
 21
14250
 31
0
  0
LINE
  5
1448
100
AcDbEntity
  8
WALL
100
AcDbLine
 10
91925
 20
14250
 30
0
 11
92075
 21
14400
 31
0
  0
LINE
  5
1449
100
AcDbEntity
  8
WALL
100
AcDbLine
 10
91925
 20
14400
 30
0
 11
92075
 21
14550
 31
0
  0
LINE
  5
144A
100
AcDbEntity
  8
WALL
100
AcDbLine
 10
91925
 20
14550
 30
0
 11
92075
 21
14700
 31
0
  0
LINE
  5
144B
100
AcDbEntity
  8
WALL
100
AcDbLine
 10
91925
 20
14700
 30
0
 11
92075
 21
14850
 31
0
  0
LINE
  5
144C
100
AcDbEntity
  8
WALL
100
AcDbLine
 10
91925
 20
14850
 30
0
 11
92075
 21
15000
 31
0
  0
LINE
  5
144D
100
AcDbEntity
  8
WALL
100
AcDbLine
 10
91925
 20
15000
 30
0
 11
92075
 21
15150
 31
0
  0
LINE
  5
144E
100
AcDbEntity
  8
WALL
100
AcDbLine
 10
91925
 20
15150
 30
0
 11
92075
 21
15300
 31
0
  0
LINE
  5
144F
100
AcDbEntity
  8
WALL
100
AcDbLine
 10
91925
 20
15300
 30
0
 11
92075
 21
15450
 31
0
  0
LINE
  5
1450
100
AcDbEntity
  8
WALL
100
AcDbLine
 10
91925
 20
15450
 30
0
 11
92075
 21
15600
 31
0
  0
LINE
  5
1451
100
AcDbEntity
  8
WALL
100
AcDbLine
 10
91925
 20
15600
 30
0
 11
92075
 21
15750
 31
0
  0
LINE
  5
1452
100
AcDbEntity
  8
WALL
100
AcDbLine
 10
91925
 20
15750
 30
0
 11
92075
 21
15900
 31
0
  0
LINE
  5
1453
100
AcDbEntity
  8
WALL
100
AcDbLine
370
50
 10
91925
 20
11550
 30
0
 11
92075
 21
11550
 31
0
  0
LINE
  5
1454
100
AcDbEntity
  8
WALL
100
AcDbLine
370
50
 10
91925
 20
12450
 30
0
 11
92075
 21
12450
 31
0
  0
LINE
  5
1455
100
AcDbEntity
  8
WALL
100
AcDbLine
370
50
 10
91925
 20
16000
 30
0
 11
91925
 21
19550
 31
0
  0
LINE
  5
1456
100
AcDbEntity
  8
WALL
100
AcDbLine
370
50
 10
92075
 20
19550
 30
0
 11
92075
 21
16000
 31
0
  0
LINE
  5
1457
100
AcDbEntity
  8
WALL
100
AcDbLine
 10
91925
 20
16000
 30
0
 11
92075
 21
16150
 31
0
  0
LINE
  5
1458
100
AcDbEntity
  8
WALL
100
AcDbLine
 10
91925
 20
16150
 30
0
 11
92075
 21
16300
 31
0
  0
LINE
  5
1459
100
AcDbEntity
  8
WALL
100
AcDbLine
 10
91925
 20
16300
 30
0
 11
92075
 21
16450
 31
0
  0
LINE
  5
145A
100
AcDbEntity
  8
WALL
100
AcDbLine
 10
91925
 20
16450
 30
0
 11
92075
 21
16600
 31
0
  0
LINE
  5
145B
100
AcDbEntity
  8
WALL
100
AcDbLine
 10
91925
 20
16600
 30
0
 11
92075
 21
16750
 31
0
  0
LINE
  5
145C
100
AcDbEntity
  8
WALL
100
AcDbLine
 10
91925
 20
16750
 30
0
 11
92075
 21
16900
 31
0
  0
LINE
  5
145D
100
AcDbEntity
  8
WALL
100
AcDbLine
 10
91925
 20
16900
 30
0
 11
92075
 21
17050
 31
0
  0
LINE
  5
145E
100
AcDbEntity
  8
WALL
100
AcDbLine
 10
91925
 20
17050
 30
0
 11
92075
 21
17200
 31
0
  0
LINE
  5
145F
100
AcDbEntity
  8
WALL
100
AcDbLine
 10
91925
 20
17200
 30
0
 11
92075
 21
17350
 31
0
  0
LINE
  5
1460
100
AcDbEntity
  8
WALL
100
AcDbLine
 10
91925
 20
17350
 30
0
 11
92075
 21
17500
 31
0
  0
LINE
  5
1461
100
AcDbEntity
  8
WALL
100
AcDbLine
 10
91925
 20
17500
 30
0
 11
92075
 21
17650
 31
0
  0
LINE
  5
1462
100
AcDbEntity
  8
WALL
100
AcDbLine
 10
91925
 20
17650
 30
0
 11
92075
 21
17800
 31
0
  0
LINE
  5
1463
100
AcDbEntity
  8
WALL
100
AcDbLine
 10
91925
 20
17800
 30
0
 11
92075
 21
17950
 31
0
  0
LINE
  5
1464
100
AcDbEntity
  8
WALL
100
AcDbLine
 10
91925
 20
17950
 30
0
 11
92075
 21
18100
 31
0
  0
LINE
  5
1465
100
AcDbEntity
  8
WALL
100
AcDbLine
 10
91925
 20
18100
 30
0
 11
92075
 21
18250
 31
0
  0
LINE
  5
1466
100
AcDbEntity
  8
WALL
100
AcDbLine
 10
91925
 20
18250
 30
0
 11
92075
 21
18400
 31
0
  0
LINE
  5
1467
100
AcDbEntity
  8
WALL
100
AcDbLine
 10
91925
 20
18400
 30
0
 11
92075
 21
18550
 31
0
  0
LINE
  5
1468
100
AcDbEntity
  8
WALL
100
AcDbLine
 10
91925
 20
18550
 30
0
 11
92075
 21
18700
 31
0
  0
LINE
  5
1469
100
AcDbEntity
  8
WALL
100
AcDbLine
 10
91925
 20
18700
 30
0
 11
92075
 21
18850
 31
0
  0
LINE
  5
146A
100
AcDbEntity
  8
WALL
100
AcDbLine
 10
91925
 20
18850
 30
0
 11
92075
 21
19000
 31
0
  0
LINE
  5
146B
100
AcDbEntity
  8
WALL
100
AcDbLine
 10
91925
 20
19000
 30
0
 11
92075
 21
19150
 31
0
  0
LINE
  5
146C
100
AcDbEntity
  8
WALL
100
AcDbLine
 10
91925
 20
19150
 30
0
 11
92075
 21
19300
 31
0
  0
LINE
  5
146D
100
AcDbEntity
  8
WALL
100
AcDbLine
 10
91925
 20
19300
 30
0
 11
92075
 21
19450
 31
0
  0
LINE
  5
146E
100
AcDbEntity
  8
WALL
100
AcDbLine
370
50
 10
91925
 20
20450
 30
0
 11
91925
 21
24000
 31
0
  0
LINE
  5
146F
100
AcDbEntity
  8
WALL
100
AcDbLine
370
50
 10
92075
 20
24000
 30
0
 11
92075
 21
20450
 31
0
  0
LINE
  5
1470
100
AcDbEntity
  8
WALL
100
AcDbLine
 10
91925
 20
20450
 30
0
 11
92075
 21
20600
 31
0
  0
LINE
  5
1471
100
AcDbEntity
  8
WALL
100
AcDbLine
 10
91925
 20
20600
 30
0
 11
92075
 21
20750
 31
0
  0
LINE
  5
1472
100
AcDbEntity
  8
WALL
100
AcDbLine
 10
91925
 20
20750
 30
0
 11
92075
 21
20900
 31
0
  0
LINE
  5
1473
100
AcDbEntity
  8
WALL
100
AcDbLine
 10
91925
 20
20900
 30
0
 11
92075
 21
21050
 31
0
  0
LINE
  5
1474
100
AcDbEntity
  8
WALL
100
AcDbLine
 10
91925
 20
21050
 30
0
 11
92075
 21
21200
 31
0
  0
LINE
  5
1475
100
AcDbEntity
  8
WALL
100
AcDbLine
 10
91925
 20
21200
 30
0
 11
92075
 21
21350
 31
0
  0
LINE
  5
1476
100
AcDbEntity
  8
WALL
100
AcDbLine
 10
91925
 20
21350
 30
0
 11
92075
 21
21500
 31
0
  0
LINE
  5
1477
100
AcDbEntity
  8
WALL
100
AcDbLine
 10
91925
 20
21500
 30
0
 11
92075
 21
21650
 31
0
  0
LINE
  5
1478
100
AcDbEntity
  8
WALL
100
AcDbLine
 10
91925
 20
21650
 30
0
 11
92075
 21
21800
 31
0
  0
LINE
  5
1479
100
AcDbEntity
  8
WALL
100
AcDbLine
 10
91925
 20
21800
 30
0
 11
92075
 21
21950
 31
0
  0
LINE
  5
147A
100
AcDbEntity
  8
WALL
100
AcDbLine
 10
91925
 20
21950
 30
0
 11
92075
 21
22100
 31
0
  0
LINE
  5
147B
100
AcDbEntity
  8
WALL
100
AcDbLine
 10
91925
 20
22100
 30
0
 11
92075
 21
22250
 31
0
  0
LINE
  5
147C
100
AcDbEntity
  8
WALL
100
AcDbLine
 10
91925
 20
22250
 30
0
 11
92075
 21
22400
 31
0
  0
LINE
  5
147D
100
AcDbEntity
  8
WALL
100
AcDbLine
 10
91925
 20
22400
 30
0
 11
92075
 21
22550
 31
0
  0
LINE
  5
147E
100
AcDbEntity
  8
WALL
100
AcDbLine
 10
91925
 20
22550
 30
0
 11
92075
 21
22700
 31
0
  0
LINE
  5
147F
100
AcDbEntity
  8
WALL
100
AcDbLine
 10
91925
 20
22700
 30
0
 11
92075
 21
22850
 31
0
  0
LINE
  5
1480
100
AcDbEntity
  8
WALL
100
AcDbLine
 10
91925
 20
22850
 30
0
 11
92075
 21
23000
 31
0
  0
LINE
  5
1481
100
AcDbEntity
  8
WALL
100
AcDbLine
 10
91925
 20
23000
 30
0
 11
92075
 21
23150
 31
0
  0
LINE
  5
1482
100
AcDbEntity
  8
WALL
100
AcDbLine
 10
91925
 20
23150
 30
0
 11
92075
 21
23300
 31
0
  0
LINE
  5
1483
100
AcDbEntity
  8
WALL
100
AcDbLine
 10
91925
 20
23300
 30
0
 11
92075
 21
23450
 31
0
  0
LINE
  5
1484
100
AcDbEntity
  8
WALL
100
AcDbLine
 10
91925
 20
23450
 30
0
 11
92075
 21
23600
 31
0
  0
LINE
  5
1485
100
AcDbEntity
  8
WALL
100
AcDbLine
 10
91925
 20
23600
 30
0
 11
92075
 21
23750
 31
0
  0
LINE
  5
1486
100
AcDbEntity
  8
WALL
100
AcDbLine
 10
91925
 20
23750
 30
0
 11
92075
 21
23900
 31
0
  0
LINE
  5
1487
100
AcDbEntity
  8
WALL
100
AcDbLine
370
50
 10
91925
 20
19550
 30
0
 11
92075
 21
19550
 31
0
  0
LINE
  5
1488
100
AcDbEntity
  8
WALL
100
AcDbLine
370
50
 10
91925
 20
20450
 30
0
 11
92075
 21
20450
 31
0
  0
LINE
  5
1489
100
AcDbEntity
  8
WALL
100
AcDbLine
370
50
 10
72000
 20
7925
 30
0
 11
76000
 21
7925
 31
0
  0
LINE
  5
148A
100
AcDbEntity
  8
WALL
100
AcDbLine
370
50
 10
76000
 20
8075
 30
0
 11
72000
 21
8075
 31
0
  0
LINE
  5
148B
100
AcDbEntity
  8
WALL
100
AcDbLine
 10
72000
 20
7925
 30
0
 11
72150
 21
8075
 31
0
  0
LINE
  5
148C
100
AcDbEntity
  8
WALL
100
AcDbLine
 10
72150
 20
7925
 30
0
 11
72300
 21
8075
 31
0
  0
LINE
  5
148D
100
AcDbEntity
  8
WALL
100
AcDbLine
 10
72300
 20
7925
 30
0
 11
72450
 21
8075
 31
0
  0
LINE
  5
148E
100
AcDbEntity
  8
WALL
100
AcDbLine
 10
72450
 20
7925
 30
0
 11
72600
 21
8075
 31
0
  0
LINE
  5
148F
100
AcDbEntity
  8
WALL
100
AcDbLine
 10
72600
 20
7925
 30
0
 11
72750
 21
8075
 31
0
  0
LINE
  5
1490
100
AcDbEntity
  8
WALL
100
AcDbLine
 10
72750
 20
7925
 30
0
 11
72900
 21
8075
 31
0
  0
LINE
  5
1491
100
AcDbEntity
  8
WALL
100
AcDbLine
 10
72900
 20
7925
 30
0
 11
73050
 21
8075
 31
0
  0
LINE
  5
1492
100
AcDbEntity
  8
WALL
100
AcDbLine
 10
73050
 20
7925
 30
0
 11
73200
 21
8075
 31
0
  0
LINE
  5
1493
100
AcDbEntity
  8
WALL
100
AcDbLine
 10
73200
 20
7925
 30
0
 11
73350
 21
8075
 31
0
  0
LINE
  5
1494
100
AcDbEntity
  8
WALL
100
AcDbLine
 10
73350
 20
7925
 30
0
 11
73500
 21
8075
 31
0
  0
LINE
  5
1495
100
AcDbEntity
  8
WALL
100
AcDbLine
 10
73500
 20
7925
 30
0
 11
73650
 21
8075
 31
0
  0
LINE
  5
1496
100
AcDbEntity
  8
WALL
100
AcDbLine
 10
73650
 20
7925
 30
0
 11
73800
 21
8075
 31
0
  0
LINE
  5
1497
100
AcDbEntity
  8
WALL
100
AcDbLine
 10
73800
 20
7925
 30
0
 11
73950
 21
8075
 31
0
  0
LINE
  5
1498
100
AcDbEntity
  8
WALL
100
AcDbLine
 10
73950
 20
7925
 30
0
 11
74100
 21
8075
 31
0
  0
LINE
  5
1499
100
AcDbEntity
  8
WALL
100
AcDbLine
 10
74100
 20
7925
 30
0
 11
74250
 21
8075
 31
0
  0
LINE
  5
149A
100
AcDbEntity
  8
WALL
100
AcDbLine
 10
74250
 20
7925
 30
0
 11
74400
 21
8075
 31
0
  0
LINE
  5
149B
100
AcDbEntity
  8
WALL
100
AcDbLine
 10
74400
 20
7925
 30
0
 11
74550
 21
8075
 31
0
  0
LINE
  5
149C
100
AcDbEntity
  8
WALL
100
AcDbLine
 10
74550
 20
7925
 30
0
 11
74700
 21
8075
 31
0
  0
LINE
  5
149D
100
AcDbEntity
  8
WALL
100
AcDbLine
 10
74700
 20
7925
 30
0
 11
74850
 21
8075
 31
0
  0
LINE
  5
149E
100
AcDbEntity
  8
WALL
100
AcDbLine
 10
74850
 20
7925
 30
0
 11
75000
 21
8075
 31
0
  0
LINE
  5
149F
100
AcDbEntity
  8
WALL
100
AcDbLine
 10
75000
 20
7925
 30
0
 11
75150
 21
8075
 31
0
  0
LINE
  5
14A0
100
AcDbEntity
  8
WALL
100
AcDbLine
 10
75150
 20
7925
 30
0
 11
75300
 21
8075
 31
0
  0
LINE
  5
14A1
100
AcDbEntity
  8
WALL
100
AcDbLine
 10
75300
 20
7925
 30
0
 11
75450
 21
8075
 31
0
  0
LINE
  5
14A2
100
AcDbEntity
  8
WALL
100
AcDbLine
 10
75450
 20
7925
 30
0
 11
75600
 21
8075
 31
0
  0
LINE
  5
14A3
100
AcDbEntity
  8
WALL
100
AcDbLine
 10
75600
 20
7925
 30
0
 11
75750
 21
8075
 31
0
  0
LINE
  5
14A4
100
AcDbEntity
  8
WALL
100
AcDbLine
 10
75750
 20
7925
 30
0
 11
75900
 21
8075
 31
0
  0
LINE
  5
14A5
100
AcDbEntity
  8
WALL
100
AcDbLine
370
50
 10
76000
 20
7925
 30
0
 11
77550
 21
7925
 31
0
  0
LINE
  5
14A6
100
AcDbEntity
  8
WALL
100
AcDbLine
370
50
 10
77550
 20
8075
 30
0
 11
76000
 21
8075
 31
0
  0
LINE
  5
14A7
100
AcDbEntity
  8
WALL
100
AcDbLine
 10
76000
 20
7925
 30
0
 11
76150
 21
8075
 31
0
  0
LINE
  5
14A8
100
AcDbEntity
  8
WALL
100
AcDbLine
 10
76150
 20
7925
 30
0
 11
76300
 21
8075
 31
0
  0
LINE
  5
14A9
100
AcDbEntity
  8
WALL
100
AcDbLine
 10
76300
 20
7925
 30
0
 11
76450
 21
8075
 31
0
  0
LINE
  5
14AA
100
AcDbEntity
  8
WALL
100
AcDbLine
 10
76450
 20
7925
 30
0
 11
76600
 21
8075
 31
0
  0
LINE
  5
14AB
100
AcDbEntity
  8
WALL
100
AcDbLine
 10
76600
 20
7925
 30
0
 11
76750
 21
8075
 31
0
  0
LINE
  5
14AC
100
AcDbEntity
  8
WALL
100
AcDbLine
 10
76750
 20
7925
 30
0
 11
76900
 21
8075
 31
0
  0
LINE
  5
14AD
100
AcDbEntity
  8
WALL
100
AcDbLine
 10
76900
 20
7925
 30
0
 11
77050
 21
8075
 31
0
  0
LINE
  5
14AE
100
AcDbEntity
  8
WALL
100
AcDbLine
 10
77050
 20
7925
 30
0
 11
77200
 21
8075
 31
0
  0
LINE
  5
14AF
100
AcDbEntity
  8
WALL
100
AcDbLine
 10
77200
 20
7925
 30
0
 11
77350
 21
8075
 31
0
  0
LINE
  5
14B0
100
AcDbEntity
  8
WALL
100
AcDbLine
 10
77350
 20
7925
 30
0
 11
77500
 21
8075
 31
0
  0
LINE
  5
14B1
100
AcDbEntity
  8
WALL
100
AcDbLine
370
50
 10
78450
 20
7925
 30
0
 11
80000
 21
7925
 31
0
  0
LINE
  5
14B2
100
AcDbEntity
  8
WALL
100
AcDbLine
370
50
 10
80000
 20
8075
 30
0
 11
78450
 21
8075
 31
0
  0
LINE
  5
14B3
100
AcDbEntity
  8
WALL
100
AcDbLine
 10
78450
 20
7925
 30
0
 11
78600
 21
8075
 31
0
  0
LINE
  5
14B4
100
AcDbEntity
  8
WALL
100
AcDbLine
 10
78600
 20
7925
 30
0
 11
78750
 21
8075
 31
0
  0
LINE
  5
14B5
100
AcDbEntity
  8
WALL
100
AcDbLine
 10
78750
 20
7925
 30
0
 11
78900
 21
8075
 31
0
  0
LINE
  5
14B6
100
AcDbEntity
  8
WALL
100
AcDbLine
 10
78900
 20
7925
 30
0
 11
79050
 21
8075
 31
0
  0
LINE
  5
14B7
100
AcDbEntity
  8
WALL
100
AcDbLine
 10
79050
 20
7925
 30
0
 11
79200
 21
8075
 31
0
  0
LINE
  5
14B8
100
AcDbEntity
  8
WALL
100
AcDbLine
 10
79200
 20
7925
 30
0
 11
79350
 21
8075
 31
0
  0
LINE
  5
14B9
100
AcDbEntity
  8
WALL
100
AcDbLine
 10
79350
 20
7925
 30
0
 11
79500
 21
8075
 31
0
  0
LINE
  5
14BA
100
AcDbEntity
  8
WALL
100
AcDbLine
 10
79500
 20
7925
 30
0
 11
79650
 21
8075
 31
0
  0
LINE
  5
14BB
100
AcDbEntity
  8
WALL
100
AcDbLine
 10
79650
 20
7925
 30
0
 11
79800
 21
8075
 31
0
  0
LINE
  5
14BC
100
AcDbEntity
  8
WALL
100
AcDbLine
 10
79800
 20
7925
 30
0
 11
79950
 21
8075
 31
0
  0
LINE
  5
14BD
100
AcDbEntity
  8
WALL
100
AcDbLine
370
50
 10
77550
 20
7925
 30
0
 11
77550
 21
8075
 31
0
  0
LINE
  5
14BE
100
AcDbEntity
  8
WALL
100
AcDbLine
370
50
 10
78450
 20
7925
 30
0
 11
78450
 21
8075
 31
0
  0
LINE
  5
14BF
100
AcDbEntity
  8
WALL
100
AcDbLine
370
50
 10
80000
 20
7925
 30
0
 11
81550
 21
7925
 31
0
  0
LINE
  5
14C0
100
AcDbEntity
  8
WALL
100
AcDbLine
370
50
 10
81550
 20
8075
 30
0
 11
80000
 21
8075
 31
0
  0
LINE
  5
14C1
100
AcDbEntity
  8
WALL
100
AcDbLine
 10
80000
 20
7925
 30
0
 11
80150
 21
8075
 31
0
  0
LINE
  5
14C2
100
AcDbEntity
  8
WALL
100
AcDbLine
 10
80150
 20
7925
 30
0
 11
80300
 21
8075
 31
0
  0
LINE
  5
14C3
100
AcDbEntity
  8
WALL
100
AcDbLine
 10
80300
 20
7925
 30
0
 11
80450
 21
8075
 31
0
  0
LINE
  5
14C4
100
AcDbEntity
  8
WALL
100
AcDbLine
 10
80450
 20
7925
 30
0
 11
80600
 21
8075
 31
0
  0
LINE
  5
14C5
100
AcDbEntity
  8
WALL
100
AcDbLine
 10
80600
 20
7925
 30
0
 11
80750
 21
8075
 31
0
  0
LINE
  5
14C6
100
AcDbEntity
  8
WALL
100
AcDbLine
 10
80750
 20
7925
 30
0
 11
80900
 21
8075
 31
0
  0
LINE
  5
14C7
100
AcDbEntity
  8
WALL
100
AcDbLine
 10
80900
 20
7925
 30
0
 11
81050
 21
8075
 31
0
  0
LINE
  5
14C8
100
AcDbEntity
  8
WALL
100
AcDbLine
 10
81050
 20
7925
 30
0
 11
81200
 21
8075
 31
0
  0
LINE
  5
14C9
100
AcDbEntity
  8
WALL
100
AcDbLine
 10
81200
 20
7925
 30
0
 11
81350
 21
8075
 31
0
  0
LINE
  5
14CA
100
AcDbEntity
  8
WALL
100
AcDbLine
 10
81350
 20
7925
 30
0
 11
81500
 21
8075
 31
0
  0
LINE
  5
14CB
100
AcDbEntity
  8
WALL
100
AcDbLine
370
50
 10
82450
 20
7925
 30
0
 11
84000
 21
7925
 31
0
  0
LINE
  5
14CC
100
AcDbEntity
  8
WALL
100
AcDbLine
370
50
 10
84000
 20
8075
 30
0
 11
82450
 21
8075
 31
0
  0
LINE
  5
14CD
100
AcDbEntity
  8
WALL
100
AcDbLine
 10
82450
 20
7925
 30
0
 11
82600
 21
8075
 31
0
  0
LINE
  5
14CE
100
AcDbEntity
  8
WALL
100
AcDbLine
 10
82600
 20
7925
 30
0
 11
82750
 21
8075
 31
0
  0
LINE
  5
14CF
100
AcDbEntity
  8
WALL
100
AcDbLine
 10
82750
 20
7925
 30
0
 11
82900
 21
8075
 31
0
  0
LINE
  5
14D0
100
AcDbEntity
  8
WALL
100
AcDbLine
 10
82900
 20
7925
 30
0
 11
83050
 21
8075
 31
0
  0
LINE
  5
14D1
100
AcDbEntity
  8
WALL
100
AcDbLine
 10
83050
 20
7925
 30
0
 11
83200
 21
8075
 31
0
  0
LINE
  5
14D2
100
AcDbEntity
  8
WALL
100
AcDbLine
 10
83200
 20
7925
 30
0
 11
83350
 21
8075
 31
0
  0
LINE
  5
14D3
100
AcDbEntity
  8
WALL
100
AcDbLine
 10
83350
 20
7925
 30
0
 11
83500
 21
8075
 31
0
  0
LINE
  5
14D4
100
AcDbEntity
  8
WALL
100
AcDbLine
 10
83500
 20
7925
 30
0
 11
83650
 21
8075
 31
0
  0
LINE
  5
14D5
100
AcDbEntity
  8
WALL
100
AcDbLine
 10
83650
 20
7925
 30
0
 11
83800
 21
8075
 31
0
  0
LINE
  5
14D6
100
AcDbEntity
  8
WALL
100
AcDbLine
 10
83800
 20
7925
 30
0
 11
83950
 21
8075
 31
0
  0
LINE
  5
14D7
100
AcDbEntity
  8
WALL
100
AcDbLine
370
50
 10
81550
 20
7925
 30
0
 11
81550
 21
8075
 31
0
  0
LINE
  5
14D8
100
AcDbEntity
  8
WALL
100
AcDbLine
370
50
 10
82450
 20
7925
 30
0
 11
82450
 21
8075
 31
0
  0
LINE
  5
14D9
100
AcDbEntity
  8
WALL
100
AcDbLine
370
50
 10
84000
 20
7925
 30
0
 11
85550
 21
7925
 31
0
  0
LINE
  5
14DA
100
AcDbEntity
  8
WALL
100
AcDbLine
370
50
 10
85550
 20
8075
 30
0
 11
84000
 21
8075
 31
0
  0
LINE
  5
14DB
100
AcDbEntity
  8
WALL
100
AcDbLine
 10
84000
 20
7925
 30
0
 11
84150
 21
8075
 31
0
  0
LINE
  5
14DC
100
AcDbEntity
  8
WALL
100
AcDbLine
 10
84150
 20
7925
 30
0
 11
84300
 21
8075
 31
0
  0
LINE
  5
14DD
100
AcDbEntity
  8
WALL
100
AcDbLine
 10
84300
 20
7925
 30
0
 11
84450
 21
8075
 31
0
  0
LINE
  5
14DE
100
AcDbEntity
  8
WALL
100
AcDbLine
 10
84450
 20
7925
 30
0
 11
84600
 21
8075
 31
0
  0
LINE
  5
14DF
100
AcDbEntity
  8
WALL
100
AcDbLine
 10
84600
 20
7925
 30
0
 11
84750
 21
8075
 31
0
  0
LINE
  5
14E0
100
AcDbEntity
  8
WALL
100
AcDbLine
 10
84750
 20
7925
 30
0
 11
84900
 21
8075
 31
0
  0
LINE
  5
14E1
100
AcDbEntity
  8
WALL
100
AcDbLine
 10
84900
 20
7925
 30
0
 11
85050
 21
8075
 31
0
  0
LINE
  5
14E2
100
AcDbEntity
  8
WALL
100
AcDbLine
 10
85050
 20
7925
 30
0
 11
85200
 21
8075
 31
0
  0
LINE
  5
14E3
100
AcDbEntity
  8
WALL
100
AcDbLine
 10
85200
 20
7925
 30
0
 11
85350
 21
8075
 31
0
  0
LINE
  5
14E4
100
AcDbEntity
  8
WALL
100
AcDbLine
 10
85350
 20
7925
 30
0
 11
85500
 21
8075
 31
0
  0
LINE
  5
14E5
100
AcDbEntity
  8
WALL
100
AcDbLine
370
50
 10
86450
 20
7925
 30
0
 11
88000
 21
7925
 31
0
  0
LINE
  5
14E6
100
AcDbEntity
  8
WALL
100
AcDbLine
370
50
 10
88000
 20
8075
 30
0
 11
86450
 21
8075
 31
0
  0
LINE
  5
14E7
100
AcDbEntity
  8
WALL
100
AcDbLine
 10
86450
 20
7925
 30
0
 11
86600
 21
8075
 31
0
  0
LINE
  5
14E8
100
AcDbEntity
  8
WALL
100
AcDbLine
 10
86600
 20
7925
 30
0
 11
86750
 21
8075
 31
0
  0
LINE
  5
14E9
100
AcDbEntity
  8
WALL
100
AcDbLine
 10
86750
 20
7925
 30
0
 11
86900
 21
8075
 31
0
  0
LINE
  5
14EA
100
AcDbEntity
  8
WALL
100
AcDbLine
 10
86900
 20
7925
 30
0
 11
87050
 21
8075
 31
0
  0
LINE
  5
14EB
100
AcDbEntity
  8
WALL
100
AcDbLine
 10
87050
 20
7925
 30
0
 11
87200
 21
8075
 31
0
  0
LINE
  5
14EC
100
AcDbEntity
  8
WALL
100
AcDbLine
 10
87200
 20
7925
 30
0
 11
87350
 21
8075
 31
0
  0
LINE
  5
14ED
100
AcDbEntity
  8
WALL
100
AcDbLine
 10
87350
 20
7925
 30
0
 11
87500
 21
8075
 31
0
  0
LINE
  5
14EE
100
AcDbEntity
  8
WALL
100
AcDbLine
 10
87500
 20
7925
 30
0
 11
87650
 21
8075
 31
0
  0
LINE
  5
14EF
100
AcDbEntity
  8
WALL
100
AcDbLine
 10
87650
 20
7925
 30
0
 11
87800
 21
8075
 31
0
  0
LINE
  5
14F0
100
AcDbEntity
  8
WALL
100
AcDbLine
 10
87800
 20
7925
 30
0
 11
87950
 21
8075
 31
0
  0
LINE
  5
14F1
100
AcDbEntity
  8
WALL
100
AcDbLine
370
50
 10
85550
 20
7925
 30
0
 11
85550
 21
8075
 31
0
  0
LINE
  5
14F2
100
AcDbEntity
  8
WALL
100
AcDbLine
370
50
 10
86450
 20
7925
 30
0
 11
86450
 21
8075
 31
0
  0
LINE
  5
14F3
100
AcDbEntity
  8
WALL
100
AcDbLine
370
50
 10
88000
 20
7925
 30
0
 11
89550
 21
7925
 31
0
  0
LINE
  5
14F4
100
AcDbEntity
  8
WALL
100
AcDbLine
370
50
 10
89550
 20
8075
 30
0
 11
88000
 21
8075
 31
0
  0
LINE
  5
14F5
100
AcDbEntity
  8
WALL
100
AcDbLine
 10
88000
 20
7925
 30
0
 11
88150
 21
8075
 31
0
  0
LINE
  5
14F6
100
AcDbEntity
  8
WALL
100
AcDbLine
 10
88150
 20
7925
 30
0
 11
88300
 21
8075
 31
0
  0
LINE
  5
14F7
100
AcDbEntity
  8
WALL
100
AcDbLine
 10
88300
 20
7925
 30
0
 11
88450
 21
8075
 31
0
  0
LINE
  5
14F8
100
AcDbEntity
  8
WALL
100
AcDbLine
 10
88450
 20
7925
 30
0
 11
88600
 21
8075
 31
0
  0
LINE
  5
14F9
100
AcDbEntity
  8
WALL
100
AcDbLine
 10
88600
 20
7925
 30
0
 11
88750
 21
8075
 31
0
  0
LINE
  5
14FA
100
AcDbEntity
  8
WALL
100
AcDbLine
 10
88750
 20
7925
 30
0
 11
88900
 21
8075
 31
0
  0
LINE
  5
14FB
100
AcDbEntity
  8
WALL
100
AcDbLine
 10
88900
 20
7925
 30
0
 11
89050
 21
8075
 31
0
  0
LINE
  5
14FC
100
AcDbEntity
  8
WALL
100
AcDbLine
 10
89050
 20
7925
 30
0
 11
89200
 21
8075
 31
0
  0
LINE
  5
14FD
100
AcDbEntity
  8
WALL
100
AcDbLine
 10
89200
 20
7925
 30
0
 11
89350
 21
8075
 31
0
  0
LINE
  5
14FE
100
AcDbEntity
  8
WALL
100
AcDbLine
 10
89350
 20
7925
 30
0
 11
89500
 21
8075
 31
0
  0
LINE
  5
14FF
100
AcDbEntity
  8
WALL
100
AcDbLine
370
50
 10
90450
 20
7925
 30
0
 11
92000
 21
7925
 31
0
  0
LINE
  5
1500
100
AcDbEntity
  8
WALL
100
AcDbLine
370
50
 10
92000
 20
8075
 30
0
 11
90450
 21
8075
 31
0
  0
LINE
  5
1501
100
AcDbEntity
  8
WALL
100
AcDbLine
 10
90450
 20
7925
 30
0
 11
90600
 21
8075
 31
0
  0
LINE
  5
1502
100
AcDbEntity
  8
WALL
100
AcDbLine
 10
90600
 20
7925
 30
0
 11
90750
 21
8075
 31
0
  0
LINE
  5
1503
100
AcDbEntity
  8
WALL
100
AcDbLine
 10
90750
 20
7925
 30
0
 11
90900
 21
8075
 31
0
  0
LINE
  5
1504
100
AcDbEntity
  8
WALL
100
AcDbLine
 10
90900
 20
7925
 30
0
 11
91050
 21
8075
 31
0
  0
LINE
  5
1505
100
AcDbEntity
  8
WALL
100
AcDbLine
 10
91050
 20
7925
 30
0
 11
91200
 21
8075
 31
0
  0
LINE
  5
1506
100
AcDbEntity
  8
WALL
100
AcDbLine
 10
91200
 20
7925
 30
0
 11
91350
 21
8075
 31
0
  0
LINE
  5
1507
100
AcDbEntity
  8
WALL
100
AcDbLine
 10
91350
 20
7925
 30
0
 11
91500
 21
8075
 31
0
  0
LINE
  5
1508
100
AcDbEntity
  8
WALL
100
AcDbLine
 10
91500
 20
7925
 30
0
 11
91650
 21
8075
 31
0
  0
LINE
  5
1509
100
AcDbEntity
  8
WALL
100
AcDbLine
 10
91650
 20
7925
 30
0
 11
91800
 21
8075
 31
0
  0
LINE
  5
150A
100
AcDbEntity
  8
WALL
100
AcDbLine
 10
91800
 20
7925
 30
0
 11
91950
 21
8075
 31
0
  0
LINE
  5
150B
100
AcDbEntity
  8
WALL
100
AcDbLine
370
50
 10
89550
 20
7925
 30
0
 11
89550
 21
8075
 31
0
  0
LINE
  5
150C
100
AcDbEntity
  8
WALL
100
AcDbLine
370
50
 10
90450
 20
7925
 30
0
 11
90450
 21
8075
 31
0
  0
LINE
  5
150D
100
AcDbEntity
  8
WALL
100
AcDbLine
370
50
 10
92000
 20
7925
 30
0
 11
96000
 21
7925
 31
0
  0
LINE
  5
150E
100
AcDbEntity
  8
WALL
100
AcDbLine
370
50
 10
96000
 20
8075
 30
0
 11
92000
 21
8075
 31
0
  0
LINE
  5
150F
100
AcDbEntity
  8
WALL
100
AcDbLine
 10
92000
 20
7925
 30
0
 11
92150
 21
8075
 31
0
  0
LINE
  5
1510
100
AcDbEntity
  8
WALL
100
AcDbLine
 10
92150
 20
7925
 30
0
 11
92300
 21
8075
 31
0
  0
LINE
  5
1511
100
AcDbEntity
  8
WALL
100
AcDbLine
 10
92300
 20
7925
 30
0
 11
92450
 21
8075
 31
0
  0
LINE
  5
1512
100
AcDbEntity
  8
WALL
100
AcDbLine
 10
92450
 20
7925
 30
0
 11
92600
 21
8075
 31
0
  0
LINE
  5
1513
100
AcDbEntity
  8
WALL
100
AcDbLine
 10
92600
 20
7925
 30
0
 11
92750
 21
8075
 31
0
  0
LINE
  5
1514
100
AcDbEntity
  8
WALL
100
AcDbLine
 10
92750
 20
7925
 30
0
 11
92900
 21
8075
 31
0
  0
LINE
  5
1515
100
AcDbEntity
  8
WALL
100
AcDbLine
 10
92900
 20
7925
 30
0
 11
93050
 21
8075
 31
0
  0
LINE
  5
1516
100
AcDbEntity
  8
WALL
100
AcDbLine
 10
93050
 20
7925
 30
0
 11
93200
 21
8075
 31
0
  0
LINE
  5
1517
100
AcDbEntity
  8
WALL
100
AcDbLine
 10
93200
 20
7925
 30
0
 11
93350
 21
8075
 31
0
  0
LINE
  5
1518
100
AcDbEntity
  8
WALL
100
AcDbLine
 10
93350
 20
7925
 30
0
 11
93500
 21
8075
 31
0
  0
LINE
  5
1519
100
AcDbEntity
  8
WALL
100
AcDbLine
 10
93500
 20
7925
 30
0
 11
93650
 21
8075
 31
0
  0
LINE
  5
151A
100
AcDbEntity
  8
WALL
100
AcDbLine
 10
93650
 20
7925
 30
0
 11
93800
 21
8075
 31
0
  0
LINE
  5
151B
100
AcDbEntity
  8
WALL
100
AcDbLine
 10
93800
 20
7925
 30
0
 11
93950
 21
8075
 31
0
  0
LINE
  5
151C
100
AcDbEntity
  8
WALL
100
AcDbLine
 10
93950
 20
7925
 30
0
 11
94100
 21
8075
 31
0
  0
LINE
  5
151D
100
AcDbEntity
  8
WALL
100
AcDbLine
 10
94100
 20
7925
 30
0
 11
94250
 21
8075
 31
0
  0
LINE
  5
151E
100
AcDbEntity
  8
WALL
100
AcDbLine
 10
94250
 20
7925
 30
0
 11
94400
 21
8075
 31
0
  0
LINE
  5
151F
100
AcDbEntity
  8
WALL
100
AcDbLine
 10
94400
 20
7925
 30
0
 11
94550
 21
8075
 31
0
  0
LINE
  5
1520
100
AcDbEntity
  8
WALL
100
AcDbLine
 10
94550
 20
7925
 30
0
 11
94700
 21
8075
 31
0
  0
LINE
  5
1521
100
AcDbEntity
  8
WALL
100
AcDbLine
 10
94700
 20
7925
 30
0
 11
94850
 21
8075
 31
0
  0
LINE
  5
1522
100
AcDbEntity
  8
WALL
100
AcDbLine
 10
94850
 20
7925
 30
0
 11
95000
 21
8075
 31
0
  0
LINE
  5
1523
100
AcDbEntity
  8
WALL
100
AcDbLine
 10
95000
 20
7925
 30
0
 11
95150
 21
8075
 31
0
  0
LINE
  5
1524
100
AcDbEntity
  8
WALL
100
AcDbLine
 10
95150
 20
7925
 30
0
 11
95300
 21
8075
 31
0
  0
LINE
  5
1525
100
AcDbEntity
  8
WALL
100
AcDbLine
 10
95300
 20
7925
 30
0
 11
95450
 21
8075
 31
0
  0
LINE
  5
1526
100
AcDbEntity
  8
WALL
100
AcDbLine
 10
95450
 20
7925
 30
0
 11
95600
 21
8075
 31
0
  0
LINE
  5
1527
100
AcDbEntity
  8
WALL
100
AcDbLine
 10
95600
 20
7925
 30
0
 11
95750
 21
8075
 31
0
  0
LINE
  5
1528
100
AcDbEntity
  8
WALL
100
AcDbLine
 10
95750
 20
7925
 30
0
 11
95900
 21
8075
 31
0
  0
LINE
  5
1529
100
AcDbEntity
  8
WALL
100
AcDbLine
370
50
 10
72000
 20
15925
 30
0
 11
73550
 21
15925
 31
0
  0
LINE
  5
152A
100
AcDbEntity
  8
WALL
100
AcDbLine
370
50
 10
73550
 20
16075
 30
0
 11
72000
 21
16075
 31
0
  0
LINE
  5
152B
100
AcDbEntity
  8
WALL
100
AcDbLine
 10
72000
 20
15925
 30
0
 11
72150
 21
16075
 31
0
  0
LINE
  5
152C
100
AcDbEntity
  8
WALL
100
AcDbLine
 10
72150
 20
15925
 30
0
 11
72300
 21
16075
 31
0
  0
LINE
  5
152D
100
AcDbEntity
  8
WALL
100
AcDbLine
 10
72300
 20
15925
 30
0
 11
72450
 21
16075
 31
0
  0
LINE
  5
152E
100
AcDbEntity
  8
WALL
100
AcDbLine
 10
72450
 20
15925
 30
0
 11
72600
 21
16075
 31
0
  0
LINE
  5
152F
100
AcDbEntity
  8
WALL
100
AcDbLine
 10
72600
 20
15925
 30
0
 11
72750
 21
16075
 31
0
  0
LINE
  5
1530
100
AcDbEntity
  8
WALL
100
AcDbLine
 10
72750
 20
15925
 30
0
 11
72900
 21
16075
 31
0
  0
LINE
  5
1531
100
AcDbEntity
  8
WALL
100
AcDbLine
 10
72900
 20
15925
 30
0
 11
73050
 21
16075
 31
0
  0
LINE
  5
1532
100
AcDbEntity
  8
WALL
100
AcDbLine
 10
73050
 20
15925
 30
0
 11
73200
 21
16075
 31
0
  0
LINE
  5
1533
100
AcDbEntity
  8
WALL
100
AcDbLine
 10
73200
 20
15925
 30
0
 11
73350
 21
16075
 31
0
  0
LINE
  5
1534
100
AcDbEntity
  8
WALL
100
AcDbLine
 10
73350
 20
15925
 30
0
 11
73500
 21
16075
 31
0
  0
LINE
  5
1535
100
AcDbEntity
  8
WALL
100
AcDbLine
370
50
 10
74450
 20
15925
 30
0
 11
76000
 21
15925
 31
0
  0
LINE
  5
1536
100
AcDbEntity
  8
WALL
100
AcDbLine
370
50
 10
76000
 20
16075
 30
0
 11
74450
 21
16075
 31
0
  0
LINE
  5
1537
100
AcDbEntity
  8
WALL
100
AcDbLine
 10
74450
 20
15925
 30
0
 11
74600
 21
16075
 31
0
  0
LINE
  5
1538
100
AcDbEntity
  8
WALL
100
AcDbLine
 10
74600
 20
15925
 30
0
 11
74750
 21
16075
 31
0
  0
LINE
  5
1539
100
AcDbEntity
  8
WALL
100
AcDbLine
 10
74750
 20
15925
 30
0
 11
74900
 21
16075
 31
0
  0
LINE
  5
153A
100
AcDbEntity
  8
WALL
100
AcDbLine
 10
74900
 20
15925
 30
0
 11
75050
 21
16075
 31
0
  0
LINE
  5
153B
100
AcDbEntity
  8
WALL
100
AcDbLine
 10
75050
 20
15925
 30
0
 11
75200
 21
16075
 31
0
  0
LINE
  5
153C
100
AcDbEntity
  8
WALL
100
AcDbLine
 10
75200
 20
15925
 30
0
 11
75350
 21
16075
 31
0
  0
LINE
  5
153D
100
AcDbEntity
  8
WALL
100
AcDbLine
 10
75350
 20
15925
 30
0
 11
75500
 21
16075
 31
0
  0
LINE
  5
153E
100
AcDbEntity
  8
WALL
100
AcDbLine
 10
75500
 20
15925
 30
0
 11
75650
 21
16075
 31
0
  0
LINE
  5
153F
100
AcDbEntity
  8
WALL
100
AcDbLine
 10
75650
 20
15925
 30
0
 11
75800
 21
16075
 31
0
  0
LINE
  5
1540
100
AcDbEntity
  8
WALL
100
AcDbLine
 10
75800
 20
15925
 30
0
 11
75950
 21
16075
 31
0
  0
LINE
  5
1541
100
AcDbEntity
  8
WALL
100
AcDbLine
370
50
 10
73550
 20
15925
 30
0
 11
73550
 21
16075
 31
0
  0
LINE
  5
1542
100
AcDbEntity
  8
WALL
100
AcDbLine
370
50
 10
74450
 20
15925
 30
0
 11
74450
 21
16075
 31
0
  0
LINE
  5
1543
100
AcDbEntity
  8
WALL
100
AcDbLine
370
50
 10
76000
 20
15925
 30
0
 11
77550
 21
15925
 31
0
  0
LINE
  5
1544
100
AcDbEntity
  8
WALL
100
AcDbLine
370
50
 10
77550
 20
16075
 30
0
 11
76000
 21
16075
 31
0
  0
LINE
  5
1545
100
AcDbEntity
  8
WALL
100
AcDbLine
 10
76000
 20
15925
 30
0
 11
76150
 21
16075
 31
0
  0
LINE
  5
1546
100
AcDbEntity
  8
WALL
100
AcDbLine
 10
76150
 20
15925
 30
0
 11
76300
 21
16075
 31
0
  0
LINE
  5
1547
100
AcDbEntity
  8
WALL
100
AcDbLine
 10
76300
 20
15925
 30
0
 11
76450
 21
16075
 31
0
  0
LINE
  5
1548
100
AcDbEntity
  8
WALL
100
AcDbLine
 10
76450
 20
15925
 30
0
 11
76600
 21
16075
 31
0
  0
LINE
  5
1549
100
AcDbEntity
  8
WALL
100
AcDbLine
 10
76600
 20
15925
 30
0
 11
76750
 21
16075
 31
0
  0
LINE
  5
154A
100
AcDbEntity
  8
WALL
100
AcDbLine
 10
76750
 20
15925
 30
0
 11
76900
 21
16075
 31
0
  0
LINE
  5
154B
100
AcDbEntity
  8
WALL
100
AcDbLine
 10
76900
 20
15925
 30
0
 11
77050
 21
16075
 31
0
  0
LINE
  5
154C
100
AcDbEntity
  8
WALL
100
AcDbLine
 10
77050
 20
15925
 30
0
 11
77200
 21
16075
 31
0
  0
LINE
  5
154D
100
AcDbEntity
  8
WALL
100
AcDbLine
 10
77200
 20
15925
 30
0
 11
77350
 21
16075
 31
0
  0
LINE
  5
154E
100
AcDbEntity
  8
WALL
100
AcDbLine
 10
77350
 20
15925
 30
0
 11
77500
 21
16075
 31
0
  0
LINE
  5
154F
100
AcDbEntity
  8
WALL
100
AcDbLine
370
50
 10
78450
 20
15925
 30
0
 11
80000
 21
15925
 31
0
  0
LINE
  5
1550
100
AcDbEntity
  8
WALL
100
AcDbLine
370
50
 10
80000
 20
16075
 30
0
 11
78450
 21
16075
 31
0
  0
LINE
  5
1551
100
AcDbEntity
  8
WALL
100
AcDbLine
 10
78450
 20
15925
 30
0
 11
78600
 21
16075
 31
0
  0
LINE
  5
1552
100
AcDbEntity
  8
WALL
100
AcDbLine
 10
78600
 20
15925
 30
0
 11
78750
 21
16075
 31
0
  0
LINE
  5
1553
100
AcDbEntity
  8
WALL
100
AcDbLine
 10
78750
 20
15925
 30
0
 11
78900
 21
16075
 31
0
  0
LINE
  5
1554
100
AcDbEntity
  8
WALL
100
AcDbLine
 10
78900
 20
15925
 30
0
 11
79050
 21
16075
 31
0
  0
LINE
  5
1555
100
AcDbEntity
  8
WALL
100
AcDbLine
 10
79050
 20
15925
 30
0
 11
79200
 21
16075
 31
0
  0
LINE
  5
1556
100
AcDbEntity
  8
WALL
100
AcDbLine
 10
79200
 20
15925
 30
0
 11
79350
 21
16075
 31
0
  0
LINE
  5
1557
100
AcDbEntity
  8
WALL
100
AcDbLine
 10
79350
 20
15925
 30
0
 11
79500
 21
16075
 31
0
  0
LINE
  5
1558
100
AcDbEntity
  8
WALL
100
AcDbLine
 10
79500
 20
15925
 30
0
 11
79650
 21
16075
 31
0
  0
LINE
  5
1559
100
AcDbEntity
  8
WALL
100
AcDbLine
 10
79650
 20
15925
 30
0
 11
79800
 21
16075
 31
0
  0
LINE
  5
155A
100
AcDbEntity
  8
WALL
100
AcDbLine
 10
79800
 20
15925
 30
0
 11
79950
 21
16075
 31
0
  0
LINE
  5
155B
100
AcDbEntity
  8
WALL
100
AcDbLine
370
50
 10
77550
 20
15925
 30
0
 11
77550
 21
16075
 31
0
  0
LINE
  5
155C
100
AcDbEntity
  8
WALL
100
AcDbLine
370
50
 10
78450
 20
15925
 30
0
 11
78450
 21
16075
 31
0
  0
LINE
  5
155D
100
AcDbEntity
  8
WALL
100
AcDbLine
370
50
 10
80000
 20
15925
 30
0
 11
81550
 21
15925
 31
0
  0
LINE
  5
155E
100
AcDbEntity
  8
WALL
100
AcDbLine
370
50
 10
81550
 20
16075
 30
0
 11
80000
 21
16075
 31
0
  0
LINE
  5
155F
100
AcDbEntity
  8
WALL
100
AcDbLine
 10
80000
 20
15925
 30
0
 11
80150
 21
16075
 31
0
  0
LINE
  5
1560
100
AcDbEntity
  8
WALL
100
AcDbLine
 10
80150
 20
15925
 30
0
 11
80300
 21
16075
 31
0
  0
LINE
  5
1561
100
AcDbEntity
  8
WALL
100
AcDbLine
 10
80300
 20
15925
 30
0
 11
80450
 21
16075
 31
0
  0
LINE
  5
1562
100
AcDbEntity
  8
WALL
100
AcDbLine
 10
80450
 20
15925
 30
0
 11
80600
 21
16075
 31
0
  0
LINE
  5
1563
100
AcDbEntity
  8
WALL
100
AcDbLine
 10
80600
 20
15925
 30
0
 11
80750
 21
16075
 31
0
  0
LINE
  5
1564
100
AcDbEntity
  8
WALL
100
AcDbLine
 10
80750
 20
15925
 30
0
 11
80900
 21
16075
 31
0
  0
LINE
  5
1565
100
AcDbEntity
  8
WALL
100
AcDbLine
 10
80900
 20
15925
 30
0
 11
81050
 21
16075
 31
0
  0
LINE
  5
1566
100
AcDbEntity
  8
WALL
100
AcDbLine
 10
81050
 20
15925
 30
0
 11
81200
 21
16075
 31
0
  0
LINE
  5
1567
100
AcDbEntity
  8
WALL
100
AcDbLine
 10
81200
 20
15925
 30
0
 11
81350
 21
16075
 31
0
  0
LINE
  5
1568
100
AcDbEntity
  8
WALL
100
AcDbLine
 10
81350
 20
15925
 30
0
 11
81500
 21
16075
 31
0
  0
LINE
  5
1569
100
AcDbEntity
  8
WALL
100
AcDbLine
370
50
 10
82450
 20
15925
 30
0
 11
84000
 21
15925
 31
0
  0
LINE
  5
156A
100
AcDbEntity
  8
WALL
100
AcDbLine
370
50
 10
84000
 20
16075
 30
0
 11
82450
 21
16075
 31
0
  0
LINE
  5
156B
100
AcDbEntity
  8
WALL
100
AcDbLine
 10
82450
 20
15925
 30
0
 11
82600
 21
16075
 31
0
  0
LINE
  5
156C
100
AcDbEntity
  8
WALL
100
AcDbLine
 10
82600
 20
15925
 30
0
 11
82750
 21
16075
 31
0
  0
LINE
  5
156D
100
AcDbEntity
  8
WALL
100
AcDbLine
 10
82750
 20
15925
 30
0
 11
82900
 21
16075
 31
0
  0
LINE
  5
156E
100
AcDbEntity
  8
WALL
100
AcDbLine
 10
82900
 20
15925
 30
0
 11
83050
 21
16075
 31
0
  0
LINE
  5
156F
100
AcDbEntity
  8
WALL
100
AcDbLine
 10
83050
 20
15925
 30
0
 11
83200
 21
16075
 31
0
  0
LINE
  5
1570
100
AcDbEntity
  8
WALL
100
AcDbLine
 10
83200
 20
15925
 30
0
 11
83350
 21
16075
 31
0
  0
LINE
  5
1571
100
AcDbEntity
  8
WALL
100
AcDbLine
 10
83350
 20
15925
 30
0
 11
83500
 21
16075
 31
0
  0
LINE
  5
1572
100
AcDbEntity
  8
WALL
100
AcDbLine
 10
83500
 20
15925
 30
0
 11
83650
 21
16075
 31
0
  0
LINE
  5
1573
100
AcDbEntity
  8
WALL
100
AcDbLine
 10
83650
 20
15925
 30
0
 11
83800
 21
16075
 31
0
  0
LINE
  5
1574
100
AcDbEntity
  8
WALL
100
AcDbLine
 10
83800
 20
15925
 30
0
 11
83950
 21
16075
 31
0
  0
LINE
  5
1575
100
AcDbEntity
  8
WALL
100
AcDbLine
370
50
 10
81550
 20
15925
 30
0
 11
81550
 21
16075
 31
0
  0
LINE
  5
1576
100
AcDbEntity
  8
WALL
100
AcDbLine
370
50
 10
82450
 20
15925
 30
0
 11
82450
 21
16075
 31
0
  0
LINE
  5
1577
100
AcDbEntity
  8
WALL
100
AcDbLine
370
50
 10
84000
 20
15925
 30
0
 11
85550
 21
15925
 31
0
  0
LINE
  5
1578
100
AcDbEntity
  8
WALL
100
AcDbLine
370
50
 10
85550
 20
16075
 30
0
 11
84000
 21
16075
 31
0
  0
LINE
  5
1579
100
AcDbEntity
  8
WALL
100
AcDbLine
 10
84000
 20
15925
 30
0
 11
84150
 21
16075
 31
0
  0
LINE
  5
157A
100
AcDbEntity
  8
WALL
100
AcDbLine
 10
84150
 20
15925
 30
0
 11
84300
 21
16075
 31
0
  0
LINE
  5
157B
100
AcDbEntity
  8
WALL
100
AcDbLine
 10
84300
 20
15925
 30
0
 11
84450
 21
16075
 31
0
  0
LINE
  5
157C
100
AcDbEntity
  8
WALL
100
AcDbLine
 10
84450
 20
15925
 30
0
 11
84600
 21
16075
 31
0
  0
LINE
  5
157D
100
AcDbEntity
  8
WALL
100
AcDbLine
 10
84600
 20
15925
 30
0
 11
84750
 21
16075
 31
0
  0
LINE
  5
157E
100
AcDbEntity
  8
WALL
100
AcDbLine
 10
84750
 20
15925
 30
0
 11
84900
 21
16075
 31
0
  0
LINE
  5
157F
100
AcDbEntity
  8
WALL
100
AcDbLine
 10
84900
 20
15925
 30
0
 11
85050
 21
16075
 31
0
  0
LINE
  5
1580
100
AcDbEntity
  8
WALL
100
AcDbLine
 10
85050
 20
15925
 30
0
 11
85200
 21
16075
 31
0
  0
LINE
  5
1581
100
AcDbEntity
  8
WALL
100
AcDbLine
 10
85200
 20
15925
 30
0
 11
85350
 21
16075
 31
0
  0
LINE
  5
1582
100
AcDbEntity
  8
WALL
100
AcDbLine
 10
85350
 20
15925
 30
0
 11
85500
 21
16075
 31
0
  0
LINE
  5
1583
100
AcDbEntity
  8
WALL
100
AcDbLine
370
50
 10
86450
 20
15925
 30
0
 11
88000
 21
15925
 31
0
  0
LINE
  5
1584
100
AcDbEntity
  8
WALL
100
AcDbLine
370
50
 10
88000
 20
16075
 30
0
 11
86450
 21
16075
 31
0
  0
LINE
  5
1585
100
AcDbEntity
  8
WALL
100
AcDbLine
 10
86450
 20
15925
 30
0
 11
86600
 21
16075
 31
0
  0
LINE
  5
1586
100
AcDbEntity
  8
WALL
100
AcDbLine
 10
86600
 20
15925
 30
0
 11
86750
 21
16075
 31
0
  0
LINE
  5
1587
100
AcDbEntity
  8
WALL
100
AcDbLine
 10
86750
 20
15925
 30
0
 11
86900
 21
16075
 31
0
  0
LINE
  5
1588
100
AcDbEntity
  8
WALL
100
AcDbLine
 10
86900
 20
15925
 30
0
 11
87050
 21
16075
 31
0
  0
LINE
  5
1589
100
AcDbEntity
  8
WALL
100
AcDbLine
 10
87050
 20
15925
 30
0
 11
87200
 21
16075
 31
0
  0
LINE
  5
158A
100
AcDbEntity
  8
WALL
100
AcDbLine
 10
87200
 20
15925
 30
0
 11
87350
 21
16075
 31
0
  0
LINE
  5
158B
100
AcDbEntity
  8
WALL
100
AcDbLine
 10
87350
 20
15925
 30
0
 11
87500
 21
16075
 31
0
  0
LINE
  5
158C
100
AcDbEntity
  8
WALL
100
AcDbLine
 10
87500
 20
15925
 30
0
 11
87650
 21
16075
 31
0
  0
LINE
  5
158D
100
AcDbEntity
  8
WALL
100
AcDbLine
 10
87650
 20
15925
 30
0
 11
87800
 21
16075
 31
0
  0
LINE
  5
158E
100
AcDbEntity
  8
WALL
100
AcDbLine
 10
87800
 20
15925
 30
0
 11
87950
 21
16075
 31
0
  0
LINE
  5
158F
100
AcDbEntity
  8
WALL
100
AcDbLine
370
50
 10
85550
 20
15925
 30
0
 11
85550
 21
16075
 31
0
  0
LINE
  5
1590
100
AcDbEntity
  8
WALL
100
AcDbLine
370
50
 10
86450
 20
15925
 30
0
 11
86450
 21
16075
 31
0
  0
LINE
  5
1591
100
AcDbEntity
  8
WALL
100
AcDbLine
370
50
 10
88000
 20
15925
 30
0
 11
89550
 21
15925
 31
0
  0
LINE
  5
1592
100
AcDbEntity
  8
WALL
100
AcDbLine
370
50
 10
89550
 20
16075
 30
0
 11
88000
 21
16075
 31
0
  0
LINE
  5
1593
100
AcDbEntity
  8
WALL
100
AcDbLine
 10
88000
 20
15925
 30
0
 11
88150
 21
16075
 31
0
  0
LINE
  5
1594
100
AcDbEntity
  8
WALL
100
AcDbLine
 10
88150
 20
15925
 30
0
 11
88300
 21
16075
 31
0
  0
LINE
  5
1595
100
AcDbEntity
  8
WALL
100
AcDbLine
 10
88300
 20
15925
 30
0
 11
88450
 21
16075
 31
0
  0
LINE
  5
1596
100
AcDbEntity
  8
WALL
100
AcDbLine
 10
88450
 20
15925
 30
0
 11
88600
 21
16075
 31
0
  0
LINE
  5
1597
100
AcDbEntity
  8
WALL
100
AcDbLine
 10
88600
 20
15925
 30
0
 11
88750
 21
16075
 31
0
  0
LINE
  5
1598
100
AcDbEntity
  8
WALL
100
AcDbLine
 10
88750
 20
15925
 30
0
 11
88900
 21
16075
 31
0
  0
LINE
  5
1599
100
AcDbEntity
  8
WALL
100
AcDbLine
 10
88900
 20
15925
 30
0
 11
89050
 21
16075
 31
0
  0
LINE
  5
159A
100
AcDbEntity
  8
WALL
100
AcDbLine
 10
89050
 20
15925
 30
0
 11
89200
 21
16075
 31
0
  0
LINE
  5
159B
100
AcDbEntity
  8
WALL
100
AcDbLine
 10
89200
 20
15925
 30
0
 11
89350
 21
16075
 31
0
  0
LINE
  5
159C
100
AcDbEntity
  8
WALL
100
AcDbLine
 10
89350
 20
15925
 30
0
 11
89500
 21
16075
 31
0
  0
LINE
  5
159D
100
AcDbEntity
  8
WALL
100
AcDbLine
370
50
 10
90450
 20
15925
 30
0
 11
92000
 21
15925
 31
0
  0
LINE
  5
159E
100
AcDbEntity
  8
WALL
100
AcDbLine
370
50
 10
92000
 20
16075
 30
0
 11
90450
 21
16075
 31
0
  0
LINE
  5
159F
100
AcDbEntity
  8
WALL
100
AcDbLine
 10
90450
 20
15925
 30
0
 11
90600
 21
16075
 31
0
  0
LINE
  5
15A0
100
AcDbEntity
  8
WALL
100
AcDbLine
 10
90600
 20
15925
 30
0
 11
90750
 21
16075
 31
0
  0
LINE
  5
15A1
100
AcDbEntity
  8
WALL
100
AcDbLine
 10
90750
 20
15925
 30
0
 11
90900
 21
16075
 31
0
  0
LINE
  5
15A2
100
AcDbEntity
  8
WALL
100
AcDbLine
 10
90900
 20
15925
 30
0
 11
91050
 21
16075
 31
0
  0
LINE
  5
15A3
100
AcDbEntity
  8
WALL
100
AcDbLine
 10
91050
 20
15925
 30
0
 11
91200
 21
16075
 31
0
  0
LINE
  5
15A4
100
AcDbEntity
  8
WALL
100
AcDbLine
 10
91200
 20
15925
 30
0
 11
91350
 21
16075
 31
0
  0
LINE
  5
15A5
100
AcDbEntity
  8
WALL
100
AcDbLine
 10
91350
 20
15925
 30
0
 11
91500
 21
16075
 31
0
  0
LINE
  5
15A6
100
AcDbEntity
  8
WALL
100
AcDbLine
 10
91500
 20
15925
 30
0
 11
91650
 21
16075
 31
0
  0
LINE
  5
15A7
100
AcDbEntity
  8
WALL
100
AcDbLine
 10
91650
 20
15925
 30
0
 11
91800
 21
16075
 31
0
  0
LINE
  5
15A8
100
AcDbEntity
  8
WALL
100
AcDbLine
 10
91800
 20
15925
 30
0
 11
91950
 21
16075
 31
0
  0
LINE
  5
15A9
100
AcDbEntity
  8
WALL
100
AcDbLine
370
50
 10
89550
 20
15925
 30
0
 11
89550
 21
16075
 31
0
  0
LINE
  5
15AA
100
AcDbEntity
  8
WALL
100
AcDbLine
370
50
 10
90450
 20
15925
 30
0
 11
90450
 21
16075
 31
0
  0
LINE
  5
15AB
100
AcDbEntity
  8
WALL
100
AcDbLine
370
50
 10
92000
 20
15925
 30
0
 11
93550
 21
15925
 31
0
  0
LINE
  5
15AC
100
AcDbEntity
  8
WALL
100
AcDbLine
370
50
 10
93550
 20
16075
 30
0
 11
92000
 21
16075
 31
0
  0
LINE
  5
15AD
100
AcDbEntity
  8
WALL
100
AcDbLine
 10
92000
 20
15925
 30
0
 11
92150
 21
16075
 31
0
  0
LINE
  5
15AE
100
AcDbEntity
  8
WALL
100
AcDbLine
 10
92150
 20
15925
 30
0
 11
92300
 21
16075
 31
0
  0
LINE
  5
15AF
100
AcDbEntity
  8
WALL
100
AcDbLine
 10
92300
 20
15925
 30
0
 11
92450
 21
16075
 31
0
  0
LINE
  5
15B0
100
AcDbEntity
  8
WALL
100
AcDbLine
 10
92450
 20
15925
 30
0
 11
92600
 21
16075
 31
0
  0
LINE
  5
15B1
100
AcDbEntity
  8
WALL
100
AcDbLine
 10
92600
 20
15925
 30
0
 11
92750
 21
16075
 31
0
  0
LINE
  5
15B2
100
AcDbEntity
  8
WALL
100
AcDbLine
 10
92750
 20
15925
 30
0
 11
92900
 21
16075
 31
0
  0
LINE
  5
15B3
100
AcDbEntity
  8
WALL
100
AcDbLine
 10
92900
 20
15925
 30
0
 11
93050
 21
16075
 31
0
  0
LINE
  5
15B4
100
AcDbEntity
  8
WALL
100
AcDbLine
 10
93050
 20
15925
 30
0
 11
93200
 21
16075
 31
0
  0
LINE
  5
15B5
100
AcDbEntity
  8
WALL
100
AcDbLine
 10
93200
 20
15925
 30
0
 11
93350
 21
16075
 31
0
  0
LINE
  5
15B6
100
AcDbEntity
  8
WALL
100
AcDbLine
 10
93350
 20
15925
 30
0
 11
93500
 21
16075
 31
0
  0
LINE
  5
15B7
100
AcDbEntity
  8
WALL
100
AcDbLine
370
50
 10
94450
 20
15925
 30
0
 11
96000
 21
15925
 31
0
  0
LINE
  5
15B8
100
AcDbEntity
  8
WALL
100
AcDbLine
370
50
 10
96000
 20
16075
 30
0
 11
94450
 21
16075
 31
0
  0
LINE
  5
15B9
100
AcDbEntity
  8
WALL
100
AcDbLine
 10
94450
 20
15925
 30
0
 11
94600
 21
16075
 31
0
  0
LINE
  5
15BA
100
AcDbEntity
  8
WALL
100
AcDbLine
 10
94600
 20
15925
 30
0
 11
94750
 21
16075
 31
0
  0
LINE
  5
15BB
100
AcDbEntity
  8
WALL
100
AcDbLine
 10
94750
 20
15925
 30
0
 11
94900
 21
16075
 31
0
  0
LINE
  5
15BC
100
AcDbEntity
  8
WALL
100
AcDbLine
 10
94900
 20
15925
 30
0
 11
95050
 21
16075
 31
0
  0
LINE
  5
15BD
100
AcDbEntity
  8
WALL
100
AcDbLine
 10
95050
 20
15925
 30
0
 11
95200
 21
16075
 31
0
  0
LINE
  5
15BE
100
AcDbEntity
  8
WALL
100
AcDbLine
 10
95200
 20
15925
 30
0
 11
95350
 21
16075
 31
0
  0
LINE
  5
15BF
100
AcDbEntity
  8
WALL
100
AcDbLine
 10
95350
 20
15925
 30
0
 11
95500
 21
16075
 31
0
  0
LINE
  5
15C0
100
AcDbEntity
  8
WALL
100
AcDbLine
 10
95500
 20
15925
 30
0
 11
95650
 21
16075
 31
0
  0
LINE
  5
15C1
100
AcDbEntity
  8
WALL
100
AcDbLine
 10
95650
 20
15925
 30
0
 11
95800
 21
16075
 31
0
  0
LINE
  5
15C2
100
AcDbEntity
  8
WALL
100
AcDbLine
 10
95800
 20
15925
 30
0
 11
95950
 21
16075
 31
0
  0
LINE
  5
15C3
100
AcDbEntity
  8
WALL
100
AcDbLine
370
50
 10
93550
 20
15925
 30
0
 11
93550
 21
16075
 31
0
  0
LINE
  5
15C4
100
AcDbEntity
  8
WALL
100
AcDbLine
370
50
 10
94450
 20
15925
 30
0
 11
94450
 21
16075
 31
0
  0
LWPOLYLINE
  5
15C5
100
AcDbEntity
  8
COLUMN
100
AcDbPolyline
 90
4
 70
1
 10
71885
 20
-115
 10
72115
 20
-115
 10
72115
 20
115
 10
71885
 20
115
  0
LWPOLYLINE
  5
15C6
100
AcDbEntity
  8
COLUMN
100
AcDbPolyline
 90
4
 70
1
 10
71885
 20
7885
 10
72115
 20
7885
 10
72115
 20
8115
 10
71885
 20
8115
  0
LWPOLYLINE
  5
15C7
100
AcDbEntity
  8
COLUMN
100
AcDbPolyline
 90
4
 70
1
 10
71885
 20
15885
 10
72115
 20
15885
 10
72115
 20
16115
 10
71885
 20
16115
  0
LWPOLYLINE
  5
15C8
100
AcDbEntity
  8
COLUMN
100
AcDbPolyline
 90
4
 70
1
 10
71885
 20
23885
 10
72115
 20
23885
 10
72115
 20
24115
 10
71885
 20
24115
  0
LWPOLYLINE
  5
15C9
100
AcDbEntity
  8
COLUMN
100
AcDbPolyline
 90
4
 70
1
 10
75885
 20
-115
 10
76115
 20
-115
 10
76115
 20
115
 10
75885
 20
115
  0
LWPOLYLINE
  5
15CA
100
AcDbEntity
  8
COLUMN
100
AcDbPolyline
 90
4
 70
1
 10
75885
 20
7885
 10
76115
 20
7885
 10
76115
 20
8115
 10
75885
 20
8115
  0
LWPOLYLINE
  5
15CB
100
AcDbEntity
  8
COLUMN
100
AcDbPolyline
 90
4
 70
1
 10
75885
 20
15885
 10
76115
 20
15885
 10
76115
 20
16115
 10
75885
 20
16115
  0
LWPOLYLINE
  5
15CC
100
AcDbEntity
  8
COLUMN
100
AcDbPolyline
 90
4
 70
1
 10
75885
 20
23885
 10
76115
 20
23885
 10
76115
 20
24115
 10
75885
 20
24115
  0
LWPOLYLINE
  5
15CD
100
AcDbEntity
  8
COLUMN
100
AcDbPolyline
 90
4
 70
1
 10
79885
 20
-115
 10
80115
 20
-115
 10
80115
 20
115
 10
79885
 20
115
  0
LWPOLYLINE
  5
15CE
100
AcDbEntity
  8
COLUMN
100
AcDbPolyline
 90
4
 70
1
 10
79885
 20
7885
 10
80115
 20
7885
 10
80115
 20
8115
 10
79885
 20
8115
  0
LWPOLYLINE
  5
15CF
100
AcDbEntity
  8
COLUMN
100
AcDbPolyline
 90
4
 70
1
 10
79885
 20
15885
 10
80115
 20
15885
 10
80115
 20
16115
 10
79885
 20
16115
  0
LWPOLYLINE
  5
15D0
100
AcDbEntity
  8
COLUMN
100
AcDbPolyline
 90
4
 70
1
 10
79885
 20
23885
 10
80115
 20
23885
 10
80115
 20
24115
 10
79885
 20
24115
  0
LWPOLYLINE
  5
15D1
100
AcDbEntity
  8
COLUMN
100
AcDbPolyline
 90
4
 70
1
 10
83885
 20
-115
 10
84115
 20
-115
 10
84115
 20
115
 10
83885
 20
115
  0
LWPOLYLINE
  5
15D2
100
AcDbEntity
  8
COLUMN
100
AcDbPolyline
 90
4
 70
1
 10
83885
 20
7885
 10
84115
 20
7885
 10
84115
 20
8115
 10
83885
 20
8115
  0
LWPOLYLINE
  5
15D3
100
AcDbEntity
  8
COLUMN
100
AcDbPolyline
 90
4
 70
1
 10
83885
 20
15885
 10
84115
 20
15885
 10
84115
 20
16115
 10
83885
 20
16115
  0
LWPOLYLINE
  5
15D4
100
AcDbEntity
  8
COLUMN
100
AcDbPolyline
 90
4
 70
1
 10
83885
 20
23885
 10
84115
 20
23885
 10
84115
 20
24115
 10
83885
 20
24115
  0
LWPOLYLINE
  5
15D5
100
AcDbEntity
  8
COLUMN
100
AcDbPolyline
 90
4
 70
1
 10
87885
 20
-115
 10
88115
 20
-115
 10
88115
 20
115
 10
87885
 20
115
  0
LWPOLYLINE
  5
15D6
100
AcDbEntity
  8
COLUMN
100
AcDbPolyline
 90
4
 70
1
 10
87885
 20
7885
 10
88115
 20
7885
 10
88115
 20
8115
 10
87885
 20
8115
  0
LWPOLYLINE
  5
15D7
100
AcDbEntity
  8
COLUMN
100
AcDbPolyline
 90
4
 70
1
 10
87885
 20
15885
 10
88115
 20
15885
 10
88115
 20
16115
 10
87885
 20
16115
  0
LWPOLYLINE
  5
15D8
100
AcDbEntity
  8
COLUMN
100
AcDbPolyline
 90
4
 70
1
 10
87885
 20
23885
 10
88115
 20
23885
 10
88115
 20
24115
 10
87885
 20
24115
  0
LWPOLYLINE
  5
15D9
100
AcDbEntity
  8
COLUMN
100
AcDbPolyline
 90
4
 70
1
 10
91885
 20
-115
 10
92115
 20
-115
 10
92115
 20
115
 10
91885
 20
115
  0
LWPOLYLINE
  5
15DA
100
AcDbEntity
  8
COLUMN
100
AcDbPolyline
 90
4
 70
1
 10
91885
 20
7885
 10
92115
 20
7885
 10
92115
 20
8115
 10
91885
 20
8115
  0
LWPOLYLINE
  5
15DB
100
AcDbEntity
  8
COLUMN
100
AcDbPolyline
 90
4
 70
1
 10
91885
 20
15885
 10
92115
 20
15885
 10
92115
 20
16115
 10
91885
 20
16115
  0
LWPOLYLINE
  5
15DC
100
AcDbEntity
  8
COLUMN
100
AcDbPolyline
 90
4
 70
1
 10
91885
 20
23885
 10
92115
 20
23885
 10
92115
 20
24115
 10
91885
 20
24115
  0
LWPOLYLINE
  5
15DD
100
AcDbEntity
  8
COLUMN
100
AcDbPolyline
 90
4
 70
1
 10
95885
 20
-115
 10
96115
 20
-115
 10
96115
 20
115
 10
95885
 20
115
  0
LWPOLYLINE
  5
15DE
100
AcDbEntity
  8
COLUMN
100
AcDbPolyline
 90
4
 70
1
 10
95885
 20
7885
 10
96115
 20
7885
 10
96115
 20
8115
 10
95885
 20
8115
  0
LWPOLYLINE
  5
15DF
100
AcDbEntity
  8
COLUMN
100
AcDbPolyline
 90
4
 70
1
 10
95885
 20
15885
 10
96115
 20
15885
 10
96115
 20
16115
 10
95885
 20
16115
  0
LWPOLYLINE
  5
15E0
100
AcDbEntity
  8
COLUMN
100
AcDbPolyline
 90
4
 70
1
 10
95885
 20
23885
 10
96115
 20
23885
 10
96115
 20
24115
 10
95885
 20
24115
  0
TEXT
  5
15E1
100
AcDbEntity
  8
TEXT
100
AcDbText
 10
73518.7500
 20
4018.7500
 30
0
 40
250
  1
LOUNGE
100
AcDbText
  0
TEXT
  5
15E2
100
AcDbEntity
  8
TEXT
100
AcDbText
 10
77500
 20
4018.7500
 30
0
 40
250
  1
DINING
100
AcDbText
  0
TEXT
  5
15E3
100
AcDbEntity
  8
TEXT
100
AcDbText
 10
81500
 20
4018.7500
 30
0
 40
250
  1
KITCHEN
100
AcDbText
  0
TEXT
  5
15E4
100
AcDbEntity
  8
TEXT
100
AcDbText
 10
85500
 20
4018.7500
 30
0
 40
250
  1
KITCHEN
100
AcDbText
  0
TEXT
  5
15E5
100
AcDbEntity
  8
TEXT
100
AcDbText
 10
89500
 20
4018.7500
 30
0
 40
250
  1
DINING
100
AcDbText
  0
TEXT
  5
15E6
100
AcDbEntity
  8
TEXT
100
AcDbText
 10
93481.2500
 20
4018.7500
 30
0
 40
250
  1
LOUNGE
100
AcDbText
  0
TEXT
  5
15E7
100
AcDbEntity
  8
TEXT
100
AcDbText
 10
73518.7500
 20
12000
 30
0
 40
250
  1
STORE
100
AcDbText
  0
TEXT
  5
15E8
100
AcDbEntity
  8
TEXT
100
AcDbText
 10
77500
 20
12000
 30
0
 40
250
  1
STAIR HALL
100
AcDbText
  0
TEXT
  5
15E9
100
AcDbEntity
  8
TEXT
100
AcDbText
 10
81500
 20
12000
 30
0
 40
250
  1
DRESSING
100
AcDbText
  0
LWPOLYLINE
  5
15EA
100
AcDbEntity
  8
SANITARY
100
AcDbPolyline
 90
4
 70
1
 10
80475
 20
15025
 10
80875
 20
15025
 10
80875
 20
15625
 10
80475
 20
15625
  0
TEXT
  5
15EB
100
AcDbEntity
  8
TEXT
100
AcDbText
 10
85500
 20
12000
 30
0
 40
250
  1
DRESSING
100
AcDbText
  0
LWPOLYLINE
  5
15EC
100
AcDbEntity
  8
SANITARY
100
AcDbPolyline
 90
4
 70
1
 10
84475
 20
15025
 10
84875
 20
15025
 10
84875
 20
15625
 10
84475
 20
15625
  0
TEXT
  5
15ED
100
AcDbEntity
  8
TEXT
100
AcDbText
 10
89500
 20
12000
 30
0
 40
250
  1
STAIR HALL
100
AcDbText
  0
TEXT
  5
15EE
100
AcDbEntity
  8
TEXT
100
AcDbText
 10
93481.2500
 20
12000
 30
0
 40
250
  1
STORE
100
AcDbText
  0
TEXT
  5
15EF
100
AcDbEntity
  8
TEXT
100
AcDbText
 10
73518.7500
 20
19981.2500
 30
0
 40
250
  1
BEDROOM
100
AcDbText
  0
TEXT
  5
15F0
100
AcDbEntity
  8
TEXT
100
AcDbText
 10
77500
 20
19981.2500
 30
0
 40
250
  1
BEDROOM
100
AcDbText
  0
TEXT
  5
15F1
100
AcDbEntity
  8
TEXT
100
AcDbText
 10
81500
 20
19981.2500
 30
0
 40
250
  1
MASTER BEDROOM
100
AcDbText
  0
TEXT
  5
15F2
100
AcDbEntity
  8
TEXT
100
AcDbText
 10
85500
 20
19981.2500
 30
0
 40
250
  1
MASTER BEDROOM
100
AcDbText
  0
TEXT
  5
15F3
100
AcDbEntity
  8
TEXT
100
AcDbText
 10
89500
 20
19981.2500
 30
0
 40
250
  1
BEDROOM
100
AcDbText
  0
TEXT
  5
15F4
100
AcDbEntity
  8
TEXT
100
AcDbText
 10
93481.2500
 20
19981.2500
 30
0
 40
250
  1
BEDROOM
100
AcDbText
  0
DIMENSION
  5
15F5
100
AcDbEntity
  8
DIM
100
AcDbDimension
  2
*D
 10
72000
 20
-1800
 30
0
 11
84000
 21
-1550
 31
0
 70
33
  1

 42
24000
100
AcDbAlignedDimension
 13
72000
 23
0
 33
0
 14
96000
 24
0
 34
0
  0
DIMENSION
  5
15F6
100
AcDbEntity
  8
DIM
100
AcDbDimension
  2
*D
 10
70200
 20
0
 30
0
 11
70450
 21
12000
 31
0
 70
33
  1

 42
24000
100
AcDbAlignedDimension
 13
72000
 23
0
 33
0
 14
72000
 24
24000
 34
0
  0
DIMENSION
  5
15F7
100
AcDbEntity
  8
DIM
100
AcDbDimension
  2
*D
 10
72000
 20
25200
 30
0
 11
74000
 21
25450
 31
0
 70
33
  1

 42
4000
100
AcDbAlignedDimension
 13
72000
 23
24000
 33
0
 14
76000
 24
24000
 34
0
  0
DIMENSION
  5
15F8
100
AcDbEntity
  8
DIM
100
AcDbDimension
  2
*D
 10
76000
 20
25200
 30
0
 11
78000
 21
25450
 31
0
 70
33
  1

 42
4000
100
AcDbAlignedDimension
 13
76000
 23
24000
 33
0
 14
80000
 24
24000
 34
0
  0
DIMENSION
  5
15F9
100
AcDbEntity
  8
DIM
100
AcDbDimension
  2
*D
 10
80000
 20
25200
 30
0
 11
82000
 21
25450
 31
0
 70
33
  1

 42
4000
100
AcDbAlignedDimension
 13
80000
 23
24000
 33
0
 14
84000
 24
24000
 34
0
  0
DIMENSION
  5
15FA
100
AcDbEntity
  8
DIM
100
AcDbDimension
  2
*D
 10
84000
 20
25200
 30
0
 11
86000
 21
25450
 31
0
 70
33
  1

 42
4000
100
AcDbAlignedDimension
 13
84000
 23
24000
 33
0
 14
88000
 24
24000
 34
0
  0
DIMENSION
  5
15FB
100
AcDbEntity
  8
DIM
100
AcDbDimension
  2
*D
 10
88000
 20
25200
 30
0
 11
90000
 21
25450
 31
0
 70
33
  1

 42
4000
100
AcDbAlignedDimension
 13
88000
 23
24000
 33
0
 14
92000
 24
24000
 34
0
  0
DIMENSION
  5
15FC
100
AcDbEntity
  8
DIM
100
AcDbDimension
  2
*D
 10
92000
 20
25200
 30
0
 11
94000
 21
25450
 31
0
 70
33
  1

 42
4000
100
AcDbAlignedDimension
 13
92000
 23
24000
 33
0
 14
96000
 24
24000
 34
0
  0
DIMENSION
  5
15FD
100
AcDbEntity
  8
DIM
100
AcDbDimension
  2
*D
 10
97200
 20
0
 30
0
 11
97450
 21
4000
 31
0
 70
33
  1

 42
8000
100
AcDbAlignedDimension
 13
96000
 23
0
 33
0
 14
96000
 24
8000
 34
0
  0
DIMENSION
  5
15FE
100
AcDbEntity
  8
DIM
100
AcDbDimension
  2
*D
 10
97200
 20
8000
 30
0
 11
97450
 21
12000
 31
0
 70
33
  1

 42
8000
100
AcDbAlignedDimension
 13
96000
 23
8000
 33
0
 14
96000
 24
16000
 34
0
  0
DIMENSION
  5
15FF
100
AcDbEntity
  8
DIM
100
AcDbDimension
  2
*D
 10
97200
 20
16000
 30
0
 11
97450
 21
20000
 31
0
 70
33
  1

 42
8000
100
AcDbAlignedDimension
 13
96000
 23
16000
 33
0
 14
96000
 24
24000
 34
0
  0
TEXT
  5
1600
100
AcDbEntity
  8
TEXT
100
AcDbText
 10
72000
 20
-3200
 30
0
 40
450
  1
SECOND FLOOR PLAN
100
AcDbText
  0
TEXT
  5
1601
100
AcDbEntity
  8
TEXT
100
AcDbText
 10
98600
 20
12000
 30
0
 40
300
  1
+6450
100
AcDbText
  0
TEXT
  5
1602
100
AcDbEntity
  8
TEXT
100
AcDbText
 10
72000
 20
-4200
 30
0
 40
250
  1
EACH FLAT OCCUPIES 271 SQUARE METRES ONLY.
100
AcDbText
  0
LWPOLYLINE
  5
1603
100
AcDbEntity
  8
WIND
100
AcDbPolyline
 90
4
 70
1
 10
107940
 20
3400
 10
108060
 20
3400
 10
108060
 20
4600
 10
107940
 20
4600
  0
LWPOLYLINE
  5
1604
100
AcDbEntity
  8
WIND
100
AcDbPolyline
 90
4
 70
1
 10
107940
 20
11400
 10
108060
 20
11400
 10
108060
 20
12600
 10
107940
 20
12600
  0
LWPOLYLINE
  5
1605
100
AcDbEntity
  8
WIND
100
AcDbPolyline
 90
4
 70
1
 10
107940
 20
19400
 10
108060
 20
19400
 10
108060
 20
20600
 10
107940
 20
20600
  0
LWPOLYLINE
  5
1606
100
AcDbEntity
  8
WIND
100
AcDbPolyline
 90
4
 70
1
 10
131940
 20
3400
 10
132060
 20
3400
 10
132060
 20
4600
 10
131940
 20
4600
  0
LWPOLYLINE
  5
1607
100
AcDbEntity
  8
WIND
100
AcDbPolyline
 90
4
 70
1
 10
131940
 20
11400
 10
132060
 20
11400
 10
132060
 20
12600
 10
131940
 20
12600
  0
LWPOLYLINE
  5
1608
100
AcDbEntity
  8
WIND
100
AcDbPolyline
 90
4
 70
1
 10
131940
 20
19400
 10
132060
 20
19400
 10
132060
 20
20600
 10
131940
 20
20600
  0
LWPOLYLINE
  5
1609
100
AcDbEntity
  8
WIND
100
AcDbPolyline
 90
4
 70
1
 10
109400
 20
-60
 10
110600
 20
-60
 10
110600
 20
60
 10
109400
 20
60
  0
LWPOLYLINE
  5
160A
100
AcDbEntity
  8
WIND
100
AcDbPolyline
 90
4
 70
1
 10
113400
 20
-60
 10
114600
 20
-60
 10
114600
 20
60
 10
113400
 20
60
  0
LWPOLYLINE
  5
160B
100
AcDbEntity
  8
WIND
100
AcDbPolyline
 90
4
 70
1
 10
117400
 20
-60
 10
118600
 20
-60
 10
118600
 20
60
 10
117400
 20
60
  0
LWPOLYLINE
  5
160C
100
AcDbEntity
  8
WIND
100
AcDbPolyline
 90
4
 70
1
 10
121400
 20
-60
 10
122600
 20
-60
 10
122600
 20
60
 10
121400
 20
60
  0
LWPOLYLINE
  5
160D
100
AcDbEntity
  8
WIND
100
AcDbPolyline
 90
4
 70
1
 10
125400
 20
-60
 10
126600
 20
-60
 10
126600
 20
60
 10
125400
 20
60
  0
LWPOLYLINE
  5
160E
100
AcDbEntity
  8
WIND
100
AcDbPolyline
 90
4
 70
1
 10
129400
 20
-60
 10
130600
 20
-60
 10
130600
 20
60
 10
129400
 20
60
  0
LWPOLYLINE
  5
160F
100
AcDbEntity
  8
WIND
100
AcDbPolyline
 90
4
 70
1
 10
109400
 20
23940
 10
110600
 20
23940
 10
110600
 20
24060
 10
109400
 20
24060
  0
LWPOLYLINE
  5
1610
100
AcDbEntity
  8
WIND
100
AcDbPolyline
 90
4
 70
1
 10
113400
 20
23940
 10
114600
 20
23940
 10
114600
 20
24060
 10
113400
 20
24060
  0
LWPOLYLINE
  5
1611
100
AcDbEntity
  8
WIND
100
AcDbPolyline
 90
4
 70
1
 10
117400
 20
23940
 10
118600
 20
23940
 10
118600
 20
24060
 10
117400
 20
24060
  0
LWPOLYLINE
  5
1612
100
AcDbEntity
  8
WIND
100
AcDbPolyline
 90
4
 70
1
 10
121400
 20
23940
 10
122600
 20
23940
 10
122600
 20
24060
 10
121400
 20
24060
  0
LWPOLYLINE
  5
1613
100
AcDbEntity
  8
WIND
100
AcDbPolyline
 90
4
 70
1
 10
125400
 20
23940
 10
126600
 20
23940
 10
126600
 20
24060
 10
125400
 20
24060
  0
LWPOLYLINE
  5
1614
100
AcDbEntity
  8
WIND
100
AcDbPolyline
 90
4
 70
1
 10
129400
 20
23940
 10
130600
 20
23940
 10
130600
 20
24060
 10
129400
 20
24060
  0
ARC
  5
1615
100
AcDbEntity
  8
DOOR
100
AcDbCircle
 10
112000
 20
3550
 30
0
 40
900
100
AcDbArc
 50
90
 51
180
  0
LINE
  5
1616
100
AcDbEntity
  8
DOOR
100
AcDbLine
 10
112000
 20
3550
 30
0
 11
111100
 21
3550
 31
0
  0
ARC
  5
1617
100
AcDbEntity
  8
DOOR
100
AcDbCircle
 10
112000
 20
11550
 30
0
 40
900
100
AcDbArc
 50
90
 51
180
  0
LINE
  5
1618
100
AcDbEntity
  8
DOOR
100
AcDbLine
 10
112000
 20
11550
 30
0
 11
111100
 21
11550
 31
0
  0
ARC
  5
1619
100
AcDbEntity
  8
DOOR
100
AcDbCircle
 10
112000
 20
19550
 30
0
 40
900
100
AcDbArc
 50
90
 51
180
  0
LINE
  5
161A
100
AcDbEntity
  8
DOOR
100
AcDbLine
 10
112000
 20
19550
 30
0
 11
111100
 21
19550
 31
0
  0
ARC
  5
161B
100
AcDbEntity
  8
DOOR
100
AcDbCircle
 10
116000
 20
3550
 30
0
 40
900
100
AcDbArc
 50
90
 51
180
  0
LINE
  5
161C
100
AcDbEntity
  8
DOOR
100
AcDbLine
 10
116000
 20
3550
 30
0
 11
115100
 21
3550
 31
0
  0
ARC
  5
161D
100
AcDbEntity
  8
DOOR
100
AcDbCircle
 10
116000
 20
11550
 30
0
 40
900
100
AcDbArc
 50
90
 51
180
  0
LINE
  5
161E
100
AcDbEntity
  8
DOOR
100
AcDbLine
 10
116000
 20
11550
 30
0
 11
115100
 21
11550
 31
0
  0
ARC
  5
161F
100
AcDbEntity
  8
DOOR
100
AcDbCircle
 10
116000
 20
19550
 30
0
 40
900
100
AcDbArc
 50
90
 51
180
  0
LINE
  5
1620
100
AcDbEntity
  8
DOOR
100
AcDbLine
 10
116000
 20
19550
 30
0
 11
115100
 21
19550
 31
0
  0
ARC
  5
1621
100
AcDbEntity
  8
DOOR
100
AcDbCircle
 10
124000
 20
3550
 30
0
 40
900
100
AcDbArc
 50
90
 51
180
  0
LINE
  5
1622
100
AcDbEntity
  8
DOOR
100
AcDbLine
 10
124000
 20
3550
 30
0
 11
123100
 21
3550
 31
0
  0
ARC
  5
1623
100
AcDbEntity
  8
DOOR
100
AcDbCircle
 10
124000
 20
11550
 30
0
 40
900
100
AcDbArc
 50
90
 51
180
  0
LINE
  5
1624
100
AcDbEntity
  8
DOOR
100
AcDbLine
 10
124000
 20
11550
 30
0
 11
123100
 21
11550
 31
0
  0
ARC
  5
1625
100
AcDbEntity
  8
DOOR
100
AcDbCircle
 10
124000
 20
19550
 30
0
 40
900
100
AcDbArc
 50
90
 51
180
  0
LINE
  5
1626
100
AcDbEntity
  8
DOOR
100
AcDbLine
 10
124000
 20
19550
 30
0
 11
123100
 21
19550
 31
0
  0
ARC
  5
1627
100
AcDbEntity
  8
DOOR
100
AcDbCircle
 10
128000
 20
3550
 30
0
 40
900
100
AcDbArc
 50
90
 51
180
  0
LINE
  5
1628
100
AcDbEntity
  8
DOOR
100
AcDbLine
 10
128000
 20
3550
 30
0
 11
127100
 21
3550
 31
0
  0
ARC
  5
1629
100
AcDbEntity
  8
DOOR
100
AcDbCircle
 10
128000
 20
11550
 30
0
 40
900
100
AcDbArc
 50
90
 51
180
  0
LINE
  5
162A
100
AcDbEntity
  8
DOOR
100
AcDbLine
 10
128000
 20
11550
 30
0
 11
127100
 21
11550
 31
0
  0
ARC
  5
162B
100
AcDbEntity
  8
DOOR
100
AcDbCircle
 10
128000
 20
19550
 30
0
 40
900
100
AcDbArc
 50
90
 51
180
  0
LINE
  5
162C
100
AcDbEntity
  8
DOOR
100
AcDbLine
 10
128000
 20
19550
 30
0
 11
127100
 21
19550
 31
0
  0
ARC
  5
162D
100
AcDbEntity
  8
DOOR
100
AcDbCircle
 10
113550
 20
8000
 30
0
 40
900
100
AcDbArc
 50
0
 51
90
  0
LINE
  5
162E
100
AcDbEntity
  8
DOOR
100
AcDbLine
 10
113550
 20
8000
 30
0
 11
113550
 21
8900
 31
0
  0
ARC
  5
162F
100
AcDbEntity
  8
DOOR
100
AcDbCircle
 10
117550
 20
8000
 30
0
 40
900
100
AcDbArc
 50
0
 51
90
  0
LINE
  5
1630
100
AcDbEntity
  8
DOOR
100
AcDbLine
 10
117550
 20
8000
 30
0
 11
117550
 21
8900
 31
0
  0
ARC
  5
1631
100
AcDbEntity
  8
DOOR
100
AcDbCircle
 10
121550
 20
8000
 30
0
 40
900
100
AcDbArc
 50
0
 51
90
  0
LINE
  5
1632
100
AcDbEntity
  8
DOOR
100
AcDbLine
 10
121550
 20
8000
 30
0
 11
121550
 21
8900
 31
0
  0
ARC
  5
1633
100
AcDbEntity
  8
DOOR
100
AcDbCircle
 10
125550
 20
8000
 30
0
 40
900
100
AcDbArc
 50
0
 51
90
  0
LINE
  5
1634
100
AcDbEntity
  8
DOOR
100
AcDbLine
 10
125550
 20
8000
 30
0
 11
125550
 21
8900
 31
0
  0
ARC
  5
1635
100
AcDbEntity
  8
DOOR
100
AcDbCircle
 10
109550
 20
16000
 30
0
 40
900
100
AcDbArc
 50
0
 51
90
  0
LINE
  5
1636
100
AcDbEntity
  8
DOOR
100
AcDbLine
 10
109550
 20
16000
 30
0
 11
109550
 21
16900
 31
0
  0
ARC
  5
1637
100
AcDbEntity
  8
DOOR
100
AcDbCircle
 10
113550
 20
16000
 30
0
 40
900
100
AcDbArc
 50
0
 51
90
  0
LINE
  5
1638
100
AcDbEntity
  8
DOOR
100
AcDbLine
 10
113550
 20
16000
 30
0
 11
113550
 21
16900
 31
0
  0
ARC
  5
1639
100
AcDbEntity
  8
DOOR
100
AcDbCircle
 10
117550
 20
16000
 30
0
 40
900
100
AcDbArc
 50
0
 51
90
  0
LINE
  5
163A
100
AcDbEntity
  8
DOOR
100
AcDbLine
 10
117550
 20
16000
 30
0
 11
117550
 21
16900
 31
0
  0
ARC
  5
163B
100
AcDbEntity
  8
DOOR
100
AcDbCircle
 10
121550
 20
16000
 30
0
 40
900
100
AcDbArc
 50
0
 51
90
  0
LINE
  5
163C
100
AcDbEntity
  8
DOOR
100
AcDbLine
 10
121550
 20
16000
 30
0
 11
121550
 21
16900
 31
0
  0
ARC
  5
163D
100
AcDbEntity
  8
DOOR
100
AcDbCircle
 10
125550
 20
16000
 30
0
 40
900
100
AcDbArc
 50
0
 51
90
  0
LINE
  5
163E
100
AcDbEntity
  8
DOOR
100
AcDbLine
 10
125550
 20
16000
 30
0
 11
125550
 21
16900
 31
0
  0
ARC
  5
163F
100
AcDbEntity
  8
DOOR
100
AcDbCircle
 10
129550
 20
16000
 30
0
 40
900
100
AcDbArc
 50
0
 51
90
  0
LINE
  5
1640
100
AcDbEntity
  8
DOOR
100
AcDbLine
 10
129550
 20
16000
 30
0
 11
129550
 21
16900
 31
0
  0
LINE
  5
1641
100
AcDbEntity
  8
WALL
100
AcDbLine
370
50
 10
107887.5000
 20
0
 30
0
 11
107887.5000
 21
3400
 31
0
  0
LINE
  5
1642
100
AcDbEntity
  8
WALL
100
AcDbLine
370
50
 10
108112.5000
 20
3400
 30
0
 11
108112.5000
 21
0
 31
0
  0
LINE
  5
1643
100
AcDbEntity
  8
WALL
100
AcDbLine
 10
107887.5000
 20
0
 30
0
 11
108112.5000
 21
225
 31
0
  0
LINE
  5
1644
100
AcDbEntity
  8
WALL
100
AcDbLine
 10
107887.5000
 20
150
 30
0
 11
108112.5000
 21
375
 31
0
  0
LINE
  5
1645
100
AcDbEntity
  8
WALL
100
AcDbLine
 10
107887.5000
 20
300
 30
0
 11
108112.5000
 21
525
 31
0
  0
LINE
  5
1646
100
AcDbEntity
  8
WALL
100
AcDbLine
 10
107887.5000
 20
450
 30
0
 11
108112.5000
 21
675
 31
0
  0
LINE
  5
1647
100
AcDbEntity
  8
WALL
100
AcDbLine
 10
107887.5000
 20
600
 30
0
 11
108112.5000
 21
825
 31
0
  0
LINE
  5
1648
100
AcDbEntity
  8
WALL
100
AcDbLine
 10
107887.5000
 20
750
 30
0
 11
108112.5000
 21
975
 31
0
  0
LINE
  5
1649
100
AcDbEntity
  8
WALL
100
AcDbLine
 10
107887.5000
 20
900
 30
0
 11
108112.5000
 21
1125
 31
0
  0
LINE
  5
164A
100
AcDbEntity
  8
WALL
100
AcDbLine
 10
107887.5000
 20
1050
 30
0
 11
108112.5000
 21
1275
 31
0
  0
LINE
  5
164B
100
AcDbEntity
  8
WALL
100
AcDbLine
 10
107887.5000
 20
1200
 30
0
 11
108112.5000
 21
1425
 31
0
  0
LINE
  5
164C
100
AcDbEntity
  8
WALL
100
AcDbLine
 10
107887.5000
 20
1350
 30
0
 11
108112.5000
 21
1575
 31
0
  0
LINE
  5
164D
100
AcDbEntity
  8
WALL
100
AcDbLine
 10
107887.5000
 20
1500
 30
0
 11
108112.5000
 21
1725
 31
0
  0
LINE
  5
164E
100
AcDbEntity
  8
WALL
100
AcDbLine
 10
107887.5000
 20
1650
 30
0
 11
108112.5000
 21
1875
 31
0
  0
LINE
  5
164F
100
AcDbEntity
  8
WALL
100
AcDbLine
 10
107887.5000
 20
1800
 30
0
 11
108112.5000
 21
2025
 31
0
  0
LINE
  5
1650
100
AcDbEntity
  8
WALL
100
AcDbLine
 10
107887.5000
 20
1950
 30
0
 11
108112.5000
 21
2175
 31
0
  0
LINE
  5
1651
100
AcDbEntity
  8
WALL
100
AcDbLine
 10
107887.5000
 20
2100
 30
0
 11
108112.5000
 21
2325
 31
0
  0
LINE
  5
1652
100
AcDbEntity
  8
WALL
100
AcDbLine
 10
107887.5000
 20
2250
 30
0
 11
108112.5000
 21
2475
 31
0
  0
LINE
  5
1653
100
AcDbEntity
  8
WALL
100
AcDbLine
 10
107887.5000
 20
2400
 30
0
 11
108112.5000
 21
2625
 31
0
  0
LINE
  5
1654
100
AcDbEntity
  8
WALL
100
AcDbLine
 10
107887.5000
 20
2550
 30
0
 11
108112.5000
 21
2775
 31
0
  0
LINE
  5
1655
100
AcDbEntity
  8
WALL
100
AcDbLine
 10
107887.5000
 20
2700
 30
0
 11
108112.5000
 21
2925
 31
0
  0
LINE
  5
1656
100
AcDbEntity
  8
WALL
100
AcDbLine
 10
107887.5000
 20
2850
 30
0
 11
108112.5000
 21
3075
 31
0
  0
LINE
  5
1657
100
AcDbEntity
  8
WALL
100
AcDbLine
 10
107887.5000
 20
3000
 30
0
 11
108112.5000
 21
3225
 31
0
  0
LINE
  5
1658
100
AcDbEntity
  8
WALL
100
AcDbLine
 10
107887.5000
 20
3150
 30
0
 11
108112.5000
 21
3375
 31
0
  0
LINE
  5
1659
100
AcDbEntity
  8
WALL
100
AcDbLine
370
50
 10
107887.5000
 20
4600
 30
0
 11
107887.5000
 21
8000
 31
0
  0
LINE
  5
165A
100
AcDbEntity
  8
WALL
100
AcDbLine
370
50
 10
108112.5000
 20
8000
 30
0
 11
108112.5000
 21
4600
 31
0
  0
LINE
  5
165B
100
AcDbEntity
  8
WALL
100
AcDbLine
 10
107887.5000
 20
4600
 30
0
 11
108112.5000
 21
4825
 31
0
  0
LINE
  5
165C
100
AcDbEntity
  8
WALL
100
AcDbLine
 10
107887.5000
 20
4750
 30
0
 11
108112.5000
 21
4975
 31
0
  0
LINE
  5
165D
100
AcDbEntity
  8
WALL
100
AcDbLine
 10
107887.5000
 20
4900
 30
0
 11
108112.5000
 21
5125
 31
0
  0
LINE
  5
165E
100
AcDbEntity
  8
WALL
100
AcDbLine
 10
107887.5000
 20
5050
 30
0
 11
108112.5000
 21
5275
 31
0
  0
LINE
  5
165F
100
AcDbEntity
  8
WALL
100
AcDbLine
 10
107887.5000
 20
5200
 30
0
 11
108112.5000
 21
5425
 31
0
  0
LINE
  5
1660
100
AcDbEntity
  8
WALL
100
AcDbLine
 10
107887.5000
 20
5350
 30
0
 11
108112.5000
 21
5575
 31
0
  0
LINE
  5
1661
100
AcDbEntity
  8
WALL
100
AcDbLine
 10
107887.5000
 20
5500
 30
0
 11
108112.5000
 21
5725
 31
0
  0
LINE
  5
1662
100
AcDbEntity
  8
WALL
100
AcDbLine
 10
107887.5000
 20
5650
 30
0
 11
108112.5000
 21
5875
 31
0
  0
LINE
  5
1663
100
AcDbEntity
  8
WALL
100
AcDbLine
 10
107887.5000
 20
5800
 30
0
 11
108112.5000
 21
6025
 31
0
  0
LINE
  5
1664
100
AcDbEntity
  8
WALL
100
AcDbLine
 10
107887.5000
 20
5950
 30
0
 11
108112.5000
 21
6175
 31
0
  0
LINE
  5
1665
100
AcDbEntity
  8
WALL
100
AcDbLine
 10
107887.5000
 20
6100
 30
0
 11
108112.5000
 21
6325
 31
0
  0
LINE
  5
1666
100
AcDbEntity
  8
WALL
100
AcDbLine
 10
107887.5000
 20
6250
 30
0
 11
108112.5000
 21
6475
 31
0
  0
LINE
  5
1667
100
AcDbEntity
  8
WALL
100
AcDbLine
 10
107887.5000
 20
6400
 30
0
 11
108112.5000
 21
6625
 31
0
  0
LINE
  5
1668
100
AcDbEntity
  8
WALL
100
AcDbLine
 10
107887.5000
 20
6550
 30
0
 11
108112.5000
 21
6775
 31
0
  0
LINE
  5
1669
100
AcDbEntity
  8
WALL
100
AcDbLine
 10
107887.5000
 20
6700
 30
0
 11
108112.5000
 21
6925
 31
0
  0
LINE
  5
166A
100
AcDbEntity
  8
WALL
100
AcDbLine
 10
107887.5000
 20
6850
 30
0
 11
108112.5000
 21
7075
 31
0
  0
LINE
  5
166B
100
AcDbEntity
  8
WALL
100
AcDbLine
 10
107887.5000
 20
7000
 30
0
 11
108112.5000
 21
7225
 31
0
  0
LINE
  5
166C
100
AcDbEntity
  8
WALL
100
AcDbLine
 10
107887.5000
 20
7150
 30
0
 11
108112.5000
 21
7375
 31
0
  0
LINE
  5
166D
100
AcDbEntity
  8
WALL
100
AcDbLine
 10
107887.5000
 20
7300
 30
0
 11
108112.5000
 21
7525
 31
0
  0
LINE
  5
166E
100
AcDbEntity
  8
WALL
100
AcDbLine
 10
107887.5000
 20
7450
 30
0
 11
108112.5000
 21
7675
 31
0
  0
LINE
  5
166F
100
AcDbEntity
  8
WALL
100
AcDbLine
 10
107887.5000
 20
7600
 30
0
 11
108112.5000
 21
7825
 31
0
  0
LINE
  5
1670
100
AcDbEntity
  8
WALL
100
AcDbLine
 10
107887.5000
 20
7750
 30
0
 11
108112.5000
 21
7975
 31
0
  0
LINE
  5
1671
100
AcDbEntity
  8
WALL
100
AcDbLine
370
50
 10
107887.5000
 20
3400
 30
0
 11
108112.5000
 21
3400
 31
0
  0
LINE
  5
1672
100
AcDbEntity
  8
WALL
100
AcDbLine
370
50
 10
107887.5000
 20
4600
 30
0
 11
108112.5000
 21
4600
 31
0
  0
LINE
  5
1673
100
AcDbEntity
  8
WALL
100
AcDbLine
370
50
 10
107887.5000
 20
8000
 30
0
 11
107887.5000
 21
11400
 31
0
  0
LINE
  5
1674
100
AcDbEntity
  8
WALL
100
AcDbLine
370
50
 10
108112.5000
 20
11400
 30
0
 11
108112.5000
 21
8000
 31
0
  0
LINE
  5
1675
100
AcDbEntity
  8
WALL
100
AcDbLine
 10
107887.5000
 20
8000
 30
0
 11
108112.5000
 21
8225
 31
0
  0
LINE
  5
1676
100
AcDbEntity
  8
WALL
100
AcDbLine
 10
107887.5000
 20
8150
 30
0
 11
108112.5000
 21
8375
 31
0
  0
LINE
  5
1677
100
AcDbEntity
  8
WALL
100
AcDbLine
 10
107887.5000
 20
8300
 30
0
 11
108112.5000
 21
8525
 31
0
  0
LINE
  5
1678
100
AcDbEntity
  8
WALL
100
AcDbLine
 10
107887.5000
 20
8450
 30
0
 11
108112.5000
 21
8675
 31
0
  0
LINE
  5
1679
100
AcDbEntity
  8
WALL
100
AcDbLine
 10
107887.5000
 20
8600
 30
0
 11
108112.5000
 21
8825
 31
0
  0
LINE
  5
167A
100
AcDbEntity
  8
WALL
100
AcDbLine
 10
107887.5000
 20
8750
 30
0
 11
108112.5000
 21
8975
 31
0
  0
LINE
  5
167B
100
AcDbEntity
  8
WALL
100
AcDbLine
 10
107887.5000
 20
8900
 30
0
 11
108112.5000
 21
9125
 31
0
  0
LINE
  5
167C
100
AcDbEntity
  8
WALL
100
AcDbLine
 10
107887.5000
 20
9050
 30
0
 11
108112.5000
 21
9275
 31
0
  0
LINE
  5
167D
100
AcDbEntity
  8
WALL
100
AcDbLine
 10
107887.5000
 20
9200
 30
0
 11
108112.5000
 21
9425
 31
0
  0
LINE
  5
167E
100
AcDbEntity
  8
WALL
100
AcDbLine
 10
107887.5000
 20
9350
 30
0
 11
108112.5000
 21
9575
 31
0
  0
LINE
  5
167F
100
AcDbEntity
  8
WALL
100
AcDbLine
 10
107887.5000
 20
9500
 30
0
 11
108112.5000
 21
9725
 31
0
  0
LINE
  5
1680
100
AcDbEntity
  8
WALL
100
AcDbLine
 10
107887.5000
 20
9650
 30
0
 11
108112.5000
 21
9875
 31
0
  0
LINE
  5
1681
100
AcDbEntity
  8
WALL
100
AcDbLine
 10
107887.5000
 20
9800
 30
0
 11
108112.5000
 21
10025
 31
0
  0
LINE
  5
1682
100
AcDbEntity
  8
WALL
100
AcDbLine
 10
107887.5000
 20
9950
 30
0
 11
108112.5000
 21
10175
 31
0
  0
LINE
  5
1683
100
AcDbEntity
  8
WALL
100
AcDbLine
 10
107887.5000
 20
10100
 30
0
 11
108112.5000
 21
10325
 31
0
  0
LINE
  5
1684
100
AcDbEntity
  8
WALL
100
AcDbLine
 10
107887.5000
 20
10250
 30
0
 11
108112.5000
 21
10475
 31
0
  0
LINE
  5
1685
100
AcDbEntity
  8
WALL
100
AcDbLine
 10
107887.5000
 20
10400
 30
0
 11
108112.5000
 21
10625
 31
0
  0
LINE
  5
1686
100
AcDbEntity
  8
WALL
100
AcDbLine
 10
107887.5000
 20
10550
 30
0
 11
108112.5000
 21
10775
 31
0
  0
LINE
  5
1687
100
AcDbEntity
  8
WALL
100
AcDbLine
 10
107887.5000
 20
10700
 30
0
 11
108112.5000
 21
10925
 31
0
  0
LINE
  5
1688
100
AcDbEntity
  8
WALL
100
AcDbLine
 10
107887.5000
 20
10850
 30
0
 11
108112.5000
 21
11075
 31
0
  0
LINE
  5
1689
100
AcDbEntity
  8
WALL
100
AcDbLine
 10
107887.5000
 20
11000
 30
0
 11
108112.5000
 21
11225
 31
0
  0
LINE
  5
168A
100
AcDbEntity
  8
WALL
100
AcDbLine
 10
107887.5000
 20
11150
 30
0
 11
108112.5000
 21
11375
 31
0
  0
LINE
  5
168B
100
AcDbEntity
  8
WALL
100
AcDbLine
370
50
 10
107887.5000
 20
12600
 30
0
 11
107887.5000
 21
16000
 31
0
  0
LINE
  5
168C
100
AcDbEntity
  8
WALL
100
AcDbLine
370
50
 10
108112.5000
 20
16000
 30
0
 11
108112.5000
 21
12600
 31
0
  0
LINE
  5
168D
100
AcDbEntity
  8
WALL
100
AcDbLine
 10
107887.5000
 20
12600
 30
0
 11
108112.5000
 21
12825
 31
0
  0
LINE
  5
168E
100
AcDbEntity
  8
WALL
100
AcDbLine
 10
107887.5000
 20
12750
 30
0
 11
108112.5000
 21
12975
 31
0
  0
LINE
  5
168F
100
AcDbEntity
  8
WALL
100
AcDbLine
 10
107887.5000
 20
12900
 30
0
 11
108112.5000
 21
13125
 31
0
  0
LINE
  5
1690
100
AcDbEntity
  8
WALL
100
AcDbLine
 10
107887.5000
 20
13050
 30
0
 11
108112.5000
 21
13275
 31
0
  0
LINE
  5
1691
100
AcDbEntity
  8
WALL
100
AcDbLine
 10
107887.5000
 20
13200
 30
0
 11
108112.5000
 21
13425
 31
0
  0
LINE
  5
1692
100
AcDbEntity
  8
WALL
100
AcDbLine
 10
107887.5000
 20
13350
 30
0
 11
108112.5000
 21
13575
 31
0
  0
LINE
  5
1693
100
AcDbEntity
  8
WALL
100
AcDbLine
 10
107887.5000
 20
13500
 30
0
 11
108112.5000
 21
13725
 31
0
  0
LINE
  5
1694
100
AcDbEntity
  8
WALL
100
AcDbLine
 10
107887.5000
 20
13650
 30
0
 11
108112.5000
 21
13875
 31
0
  0
LINE
  5
1695
100
AcDbEntity
  8
WALL
100
AcDbLine
 10
107887.5000
 20
13800
 30
0
 11
108112.5000
 21
14025
 31
0
  0
LINE
  5
1696
100
AcDbEntity
  8
WALL
100
AcDbLine
 10
107887.5000
 20
13950
 30
0
 11
108112.5000
 21
14175
 31
0
  0
LINE
  5
1697
100
AcDbEntity
  8
WALL
100
AcDbLine
 10
107887.5000
 20
14100
 30
0
 11
108112.5000
 21
14325
 31
0
  0
LINE
  5
1698
100
AcDbEntity
  8
WALL
100
AcDbLine
 10
107887.5000
 20
14250
 30
0
 11
108112.5000
 21
14475
 31
0
  0
LINE
  5
1699
100
AcDbEntity
  8
WALL
100
AcDbLine
 10
107887.5000
 20
14400
 30
0
 11
108112.5000
 21
14625
 31
0
  0
LINE
  5
169A
100
AcDbEntity
  8
WALL
100
AcDbLine
 10
107887.5000
 20
14550
 30
0
 11
108112.5000
 21
14775
 31
0
  0
LINE
  5
169B
100
AcDbEntity
  8
WALL
100
AcDbLine
 10
107887.5000
 20
14700
 30
0
 11
108112.5000
 21
14925
 31
0
  0
LINE
  5
169C
100
AcDbEntity
  8
WALL
100
AcDbLine
 10
107887.5000
 20
14850
 30
0
 11
108112.5000
 21
15075
 31
0
  0
LINE
  5
169D
100
AcDbEntity
  8
WALL
100
AcDbLine
 10
107887.5000
 20
15000
 30
0
 11
108112.5000
 21
15225
 31
0
  0
LINE
  5
169E
100
AcDbEntity
  8
WALL
100
AcDbLine
 10
107887.5000
 20
15150
 30
0
 11
108112.5000
 21
15375
 31
0
  0
LINE
  5
169F
100
AcDbEntity
  8
WALL
100
AcDbLine
 10
107887.5000
 20
15300
 30
0
 11
108112.5000
 21
15525
 31
0
  0
LINE
  5
16A0
100
AcDbEntity
  8
WALL
100
AcDbLine
 10
107887.5000
 20
15450
 30
0
 11
108112.5000
 21
15675
 31
0
  0
LINE
  5
16A1
100
AcDbEntity
  8
WALL
100
AcDbLine
 10
107887.5000
 20
15600
 30
0
 11
108112.5000
 21
15825
 31
0
  0
LINE
  5
16A2
100
AcDbEntity
  8
WALL
100
AcDbLine
 10
107887.5000
 20
15750
 30
0
 11
108112.5000
 21
15975
 31
0
  0
LINE
  5
16A3
100
AcDbEntity
  8
WALL
100
AcDbLine
370
50
 10
107887.5000
 20
11400
 30
0
 11
108112.5000
 21
11400
 31
0
  0
LINE
  5
16A4
100
AcDbEntity
  8
WALL
100
AcDbLine
370
50
 10
107887.5000
 20
12600
 30
0
 11
108112.5000
 21
12600
 31
0
  0
LINE
  5
16A5
100
AcDbEntity
  8
WALL
100
AcDbLine
370
50
 10
107887.5000
 20
16000
 30
0
 11
107887.5000
 21
19400
 31
0
  0
LINE
  5
16A6
100
AcDbEntity
  8
WALL
100
AcDbLine
370
50
 10
108112.5000
 20
19400
 30
0
 11
108112.5000
 21
16000
 31
0
  0
LINE
  5
16A7
100
AcDbEntity
  8
WALL
100
AcDbLine
 10
107887.5000
 20
16000
 30
0
 11
108112.5000
 21
16225
 31
0
  0
LINE
  5
16A8
100
AcDbEntity
  8
WALL
100
AcDbLine
 10
107887.5000
 20
16150
 30
0
 11
108112.5000
 21
16375
 31
0
  0
LINE
  5
16A9
100
AcDbEntity
  8
WALL
100
AcDbLine
 10
107887.5000
 20
16300
 30
0
 11
108112.5000
 21
16525
 31
0
  0
LINE
  5
16AA
100
AcDbEntity
  8
WALL
100
AcDbLine
 10
107887.5000
 20
16450
 30
0
 11
108112.5000
 21
16675
 31
0
  0
LINE
  5
16AB
100
AcDbEntity
  8
WALL
100
AcDbLine
 10
107887.5000
 20
16600
 30
0
 11
108112.5000
 21
16825
 31
0
  0
LINE
  5
16AC
100
AcDbEntity
  8
WALL
100
AcDbLine
 10
107887.5000
 20
16750
 30
0
 11
108112.5000
 21
16975
 31
0
  0
LINE
  5
16AD
100
AcDbEntity
  8
WALL
100
AcDbLine
 10
107887.5000
 20
16900
 30
0
 11
108112.5000
 21
17125
 31
0
  0
LINE
  5
16AE
100
AcDbEntity
  8
WALL
100
AcDbLine
 10
107887.5000
 20
17050
 30
0
 11
108112.5000
 21
17275
 31
0
  0
LINE
  5
16AF
100
AcDbEntity
  8
WALL
100
AcDbLine
 10
107887.5000
 20
17200
 30
0
 11
108112.5000
 21
17425
 31
0
  0
LINE
  5
16B0
100
AcDbEntity
  8
WALL
100
AcDbLine
 10
107887.5000
 20
17350
 30
0
 11
108112.5000
 21
17575
 31
0
  0
LINE
  5
16B1
100
AcDbEntity
  8
WALL
100
AcDbLine
 10
107887.5000
 20
17500
 30
0
 11
108112.5000
 21
17725
 31
0
  0
LINE
  5
16B2
100
AcDbEntity
  8
WALL
100
AcDbLine
 10
107887.5000
 20
17650
 30
0
 11
108112.5000
 21
17875
 31
0
  0
LINE
  5
16B3
100
AcDbEntity
  8
WALL
100
AcDbLine
 10
107887.5000
 20
17800
 30
0
 11
108112.5000
 21
18025
 31
0
  0
LINE
  5
16B4
100
AcDbEntity
  8
WALL
100
AcDbLine
 10
107887.5000
 20
17950
 30
0
 11
108112.5000
 21
18175
 31
0
  0
LINE
  5
16B5
100
AcDbEntity
  8
WALL
100
AcDbLine
 10
107887.5000
 20
18100
 30
0
 11
108112.5000
 21
18325
 31
0
  0
LINE
  5
16B6
100
AcDbEntity
  8
WALL
100
AcDbLine
 10
107887.5000
 20
18250
 30
0
 11
108112.5000
 21
18475
 31
0
  0
LINE
  5
16B7
100
AcDbEntity
  8
WALL
100
AcDbLine
 10
107887.5000
 20
18400
 30
0
 11
108112.5000
 21
18625
 31
0
  0
LINE
  5
16B8
100
AcDbEntity
  8
WALL
100
AcDbLine
 10
107887.5000
 20
18550
 30
0
 11
108112.5000
 21
18775
 31
0
  0
LINE
  5
16B9
100
AcDbEntity
  8
WALL
100
AcDbLine
 10
107887.5000
 20
18700
 30
0
 11
108112.5000
 21
18925
 31
0
  0
LINE
  5
16BA
100
AcDbEntity
  8
WALL
100
AcDbLine
 10
107887.5000
 20
18850
 30
0
 11
108112.5000
 21
19075
 31
0
  0
LINE
  5
16BB
100
AcDbEntity
  8
WALL
100
AcDbLine
 10
107887.5000
 20
19000
 30
0
 11
108112.5000
 21
19225
 31
0
  0
LINE
  5
16BC
100
AcDbEntity
  8
WALL
100
AcDbLine
 10
107887.5000
 20
19150
 30
0
 11
108112.5000
 21
19375
 31
0
  0
LINE
  5
16BD
100
AcDbEntity
  8
WALL
100
AcDbLine
370
50
 10
107887.5000
 20
20600
 30
0
 11
107887.5000
 21
24000
 31
0
  0
LINE
  5
16BE
100
AcDbEntity
  8
WALL
100
AcDbLine
370
50
 10
108112.5000
 20
24000
 30
0
 11
108112.5000
 21
20600
 31
0
  0
LINE
  5
16BF
100
AcDbEntity
  8
WALL
100
AcDbLine
 10
107887.5000
 20
20600
 30
0
 11
108112.5000
 21
20825
 31
0
  0
LINE
  5
16C0
100
AcDbEntity
  8
WALL
100
AcDbLine
 10
107887.5000
 20
20750
 30
0
 11
108112.5000
 21
20975
 31
0
  0
LINE
  5
16C1
100
AcDbEntity
  8
WALL
100
AcDbLine
 10
107887.5000
 20
20900
 30
0
 11
108112.5000
 21
21125
 31
0
  0
LINE
  5
16C2
100
AcDbEntity
  8
WALL
100
AcDbLine
 10
107887.5000
 20
21050
 30
0
 11
108112.5000
 21
21275
 31
0
  0
LINE
  5
16C3
100
AcDbEntity
  8
WALL
100
AcDbLine
 10
107887.5000
 20
21200
 30
0
 11
108112.5000
 21
21425
 31
0
  0
LINE
  5
16C4
100
AcDbEntity
  8
WALL
100
AcDbLine
 10
107887.5000
 20
21350
 30
0
 11
108112.5000
 21
21575
 31
0
  0
LINE
  5
16C5
100
AcDbEntity
  8
WALL
100
AcDbLine
 10
107887.5000
 20
21500
 30
0
 11
108112.5000
 21
21725
 31
0
  0
LINE
  5
16C6
100
AcDbEntity
  8
WALL
100
AcDbLine
 10
107887.5000
 20
21650
 30
0
 11
108112.5000
 21
21875
 31
0
  0
LINE
  5
16C7
100
AcDbEntity
  8
WALL
100
AcDbLine
 10
107887.5000
 20
21800
 30
0
 11
108112.5000
 21
22025
 31
0
  0
LINE
  5
16C8
100
AcDbEntity
  8
WALL
100
AcDbLine
 10
107887.5000
 20
21950
 30
0
 11
108112.5000
 21
22175
 31
0
  0
LINE
  5
16C9
100
AcDbEntity
  8
WALL
100
AcDbLine
 10
107887.5000
 20
22100
 30
0
 11
108112.5000
 21
22325
 31
0
  0
LINE
  5
16CA
100
AcDbEntity
  8
WALL
100
AcDbLine
 10
107887.5000
 20
22250
 30
0
 11
108112.5000
 21
22475
 31
0
  0
LINE
  5
16CB
100
AcDbEntity
  8
WALL
100
AcDbLine
 10
107887.5000
 20
22400
 30
0
 11
108112.5000
 21
22625
 31
0
  0
LINE
  5
16CC
100
AcDbEntity
  8
WALL
100
AcDbLine
 10
107887.5000
 20
22550
 30
0
 11
108112.5000
 21
22775
 31
0
  0
LINE
  5
16CD
100
AcDbEntity
  8
WALL
100
AcDbLine
 10
107887.5000
 20
22700
 30
0
 11
108112.5000
 21
22925
 31
0
  0
LINE
  5
16CE
100
AcDbEntity
  8
WALL
100
AcDbLine
 10
107887.5000
 20
22850
 30
0
 11
108112.5000
 21
23075
 31
0
  0
LINE
  5
16CF
100
AcDbEntity
  8
WALL
100
AcDbLine
 10
107887.5000
 20
23000
 30
0
 11
108112.5000
 21
23225
 31
0
  0
LINE
  5
16D0
100
AcDbEntity
  8
WALL
100
AcDbLine
 10
107887.5000
 20
23150
 30
0
 11
108112.5000
 21
23375
 31
0
  0
LINE
  5
16D1
100
AcDbEntity
  8
WALL
100
AcDbLine
 10
107887.5000
 20
23300
 30
0
 11
108112.5000
 21
23525
 31
0
  0
LINE
  5
16D2
100
AcDbEntity
  8
WALL
100
AcDbLine
 10
107887.5000
 20
23450
 30
0
 11
108112.5000
 21
23675
 31
0
  0
LINE
  5
16D3
100
AcDbEntity
  8
WALL
100
AcDbLine
 10
107887.5000
 20
23600
 30
0
 11
108112.5000
 21
23825
 31
0
  0
LINE
  5
16D4
100
AcDbEntity
  8
WALL
100
AcDbLine
 10
107887.5000
 20
23750
 30
0
 11
108112.5000
 21
23975
 31
0
  0
LINE
  5
16D5
100
AcDbEntity
  8
WALL
100
AcDbLine
370
50
 10
107887.5000
 20
19400
 30
0
 11
108112.5000
 21
19400
 31
0
  0
LINE
  5
16D6
100
AcDbEntity
  8
WALL
100
AcDbLine
370
50
 10
107887.5000
 20
20600
 30
0
 11
108112.5000
 21
20600
 31
0
  0
LINE
  5
16D7
100
AcDbEntity
  8
WALL
100
AcDbLine
370
50
 10
131887.5000
 20
0
 30
0
 11
131887.5000
 21
3400
 31
0
  0
LINE
  5
16D8
100
AcDbEntity
  8
WALL
100
AcDbLine
370
50
 10
132112.5000
 20
3400
 30
0
 11
132112.5000
 21
0
 31
0
  0
LINE
  5
16D9
100
AcDbEntity
  8
WALL
100
AcDbLine
 10
131887.5000
 20
0
 30
0
 11
132112.5000
 21
225
 31
0
  0
LINE
  5
16DA
100
AcDbEntity
  8
WALL
100
AcDbLine
 10
131887.5000
 20
150
 30
0
 11
132112.5000
 21
375
 31
0
  0
LINE
  5
16DB
100
AcDbEntity
  8
WALL
100
AcDbLine
 10
131887.5000
 20
300
 30
0
 11
132112.5000
 21
525
 31
0
  0
LINE
  5
16DC
100
AcDbEntity
  8
WALL
100
AcDbLine
 10
131887.5000
 20
450
 30
0
 11
132112.5000
 21
675
 31
0
  0
LINE
  5
16DD
100
AcDbEntity
  8
WALL
100
AcDbLine
 10
131887.5000
 20
600
 30
0
 11
132112.5000
 21
825
 31
0
  0
LINE
  5
16DE
100
AcDbEntity
  8
WALL
100
AcDbLine
 10
131887.5000
 20
750
 30
0
 11
132112.5000
 21
975
 31
0
  0
LINE
  5
16DF
100
AcDbEntity
  8
WALL
100
AcDbLine
 10
131887.5000
 20
900
 30
0
 11
132112.5000
 21
1125
 31
0
  0
LINE
  5
16E0
100
AcDbEntity
  8
WALL
100
AcDbLine
 10
131887.5000
 20
1050
 30
0
 11
132112.5000
 21
1275
 31
0
  0
LINE
  5
16E1
100
AcDbEntity
  8
WALL
100
AcDbLine
 10
131887.5000
 20
1200
 30
0
 11
132112.5000
 21
1425
 31
0
  0
LINE
  5
16E2
100
AcDbEntity
  8
WALL
100
AcDbLine
 10
131887.5000
 20
1350
 30
0
 11
132112.5000
 21
1575
 31
0
  0
LINE
  5
16E3
100
AcDbEntity
  8
WALL
100
AcDbLine
 10
131887.5000
 20
1500
 30
0
 11
132112.5000
 21
1725
 31
0
  0
LINE
  5
16E4
100
AcDbEntity
  8
WALL
100
AcDbLine
 10
131887.5000
 20
1650
 30
0
 11
132112.5000
 21
1875
 31
0
  0
LINE
  5
16E5
100
AcDbEntity
  8
WALL
100
AcDbLine
 10
131887.5000
 20
1800
 30
0
 11
132112.5000
 21
2025
 31
0
  0
LINE
  5
16E6
100
AcDbEntity
  8
WALL
100
AcDbLine
 10
131887.5000
 20
1950
 30
0
 11
132112.5000
 21
2175
 31
0
  0
LINE
  5
16E7
100
AcDbEntity
  8
WALL
100
AcDbLine
 10
131887.5000
 20
2100
 30
0
 11
132112.5000
 21
2325
 31
0
  0
LINE
  5
16E8
100
AcDbEntity
  8
WALL
100
AcDbLine
 10
131887.5000
 20
2250
 30
0
 11
132112.5000
 21
2475
 31
0
  0
LINE
  5
16E9
100
AcDbEntity
  8
WALL
100
AcDbLine
 10
131887.5000
 20
2400
 30
0
 11
132112.5000
 21
2625
 31
0
  0
LINE
  5
16EA
100
AcDbEntity
  8
WALL
100
AcDbLine
 10
131887.5000
 20
2550
 30
0
 11
132112.5000
 21
2775
 31
0
  0
LINE
  5
16EB
100
AcDbEntity
  8
WALL
100
AcDbLine
 10
131887.5000
 20
2700
 30
0
 11
132112.5000
 21
2925
 31
0
  0
LINE
  5
16EC
100
AcDbEntity
  8
WALL
100
AcDbLine
 10
131887.5000
 20
2850
 30
0
 11
132112.5000
 21
3075
 31
0
  0
LINE
  5
16ED
100
AcDbEntity
  8
WALL
100
AcDbLine
 10
131887.5000
 20
3000
 30
0
 11
132112.5000
 21
3225
 31
0
  0
LINE
  5
16EE
100
AcDbEntity
  8
WALL
100
AcDbLine
 10
131887.5000
 20
3150
 30
0
 11
132112.5000
 21
3375
 31
0
  0
LINE
  5
16EF
100
AcDbEntity
  8
WALL
100
AcDbLine
370
50
 10
131887.5000
 20
4600
 30
0
 11
131887.5000
 21
8000
 31
0
  0
LINE
  5
16F0
100
AcDbEntity
  8
WALL
100
AcDbLine
370
50
 10
132112.5000
 20
8000
 30
0
 11
132112.5000
 21
4600
 31
0
  0
LINE
  5
16F1
100
AcDbEntity
  8
WALL
100
AcDbLine
 10
131887.5000
 20
4600
 30
0
 11
132112.5000
 21
4825
 31
0
  0
LINE
  5
16F2
100
AcDbEntity
  8
WALL
100
AcDbLine
 10
131887.5000
 20
4750
 30
0
 11
132112.5000
 21
4975
 31
0
  0
LINE
  5
16F3
100
AcDbEntity
  8
WALL
100
AcDbLine
 10
131887.5000
 20
4900
 30
0
 11
132112.5000
 21
5125
 31
0
  0
LINE
  5
16F4
100
AcDbEntity
  8
WALL
100
AcDbLine
 10
131887.5000
 20
5050
 30
0
 11
132112.5000
 21
5275
 31
0
  0
LINE
  5
16F5
100
AcDbEntity
  8
WALL
100
AcDbLine
 10
131887.5000
 20
5200
 30
0
 11
132112.5000
 21
5425
 31
0
  0
LINE
  5
16F6
100
AcDbEntity
  8
WALL
100
AcDbLine
 10
131887.5000
 20
5350
 30
0
 11
132112.5000
 21
5575
 31
0
  0
LINE
  5
16F7
100
AcDbEntity
  8
WALL
100
AcDbLine
 10
131887.5000
 20
5500
 30
0
 11
132112.5000
 21
5725
 31
0
  0
LINE
  5
16F8
100
AcDbEntity
  8
WALL
100
AcDbLine
 10
131887.5000
 20
5650
 30
0
 11
132112.5000
 21
5875
 31
0
  0
LINE
  5
16F9
100
AcDbEntity
  8
WALL
100
AcDbLine
 10
131887.5000
 20
5800
 30
0
 11
132112.5000
 21
6025
 31
0
  0
LINE
  5
16FA
100
AcDbEntity
  8
WALL
100
AcDbLine
 10
131887.5000
 20
5950
 30
0
 11
132112.5000
 21
6175
 31
0
  0
LINE
  5
16FB
100
AcDbEntity
  8
WALL
100
AcDbLine
 10
131887.5000
 20
6100
 30
0
 11
132112.5000
 21
6325
 31
0
  0
LINE
  5
16FC
100
AcDbEntity
  8
WALL
100
AcDbLine
 10
131887.5000
 20
6250
 30
0
 11
132112.5000
 21
6475
 31
0
  0
LINE
  5
16FD
100
AcDbEntity
  8
WALL
100
AcDbLine
 10
131887.5000
 20
6400
 30
0
 11
132112.5000
 21
6625
 31
0
  0
LINE
  5
16FE
100
AcDbEntity
  8
WALL
100
AcDbLine
 10
131887.5000
 20
6550
 30
0
 11
132112.5000
 21
6775
 31
0
  0
LINE
  5
16FF
100
AcDbEntity
  8
WALL
100
AcDbLine
 10
131887.5000
 20
6700
 30
0
 11
132112.5000
 21
6925
 31
0
  0
LINE
  5
1700
100
AcDbEntity
  8
WALL
100
AcDbLine
 10
131887.5000
 20
6850
 30
0
 11
132112.5000
 21
7075
 31
0
  0
LINE
  5
1701
100
AcDbEntity
  8
WALL
100
AcDbLine
 10
131887.5000
 20
7000
 30
0
 11
132112.5000
 21
7225
 31
0
  0
LINE
  5
1702
100
AcDbEntity
  8
WALL
100
AcDbLine
 10
131887.5000
 20
7150
 30
0
 11
132112.5000
 21
7375
 31
0
  0
LINE
  5
1703
100
AcDbEntity
  8
WALL
100
AcDbLine
 10
131887.5000
 20
7300
 30
0
 11
132112.5000
 21
7525
 31
0
  0
LINE
  5
1704
100
AcDbEntity
  8
WALL
100
AcDbLine
 10
131887.5000
 20
7450
 30
0
 11
132112.5000
 21
7675
 31
0
  0
LINE
  5
1705
100
AcDbEntity
  8
WALL
100
AcDbLine
 10
131887.5000
 20
7600
 30
0
 11
132112.5000
 21
7825
 31
0
  0
LINE
  5
1706
100
AcDbEntity
  8
WALL
100
AcDbLine
 10
131887.5000
 20
7750
 30
0
 11
132112.5000
 21
7975
 31
0
  0
LINE
  5
1707
100
AcDbEntity
  8
WALL
100
AcDbLine
370
50
 10
131887.5000
 20
3400
 30
0
 11
132112.5000
 21
3400
 31
0
  0
LINE
  5
1708
100
AcDbEntity
  8
WALL
100
AcDbLine
370
50
 10
131887.5000
 20
4600
 30
0
 11
132112.5000
 21
4600
 31
0
  0
LINE
  5
1709
100
AcDbEntity
  8
WALL
100
AcDbLine
370
50
 10
131887.5000
 20
8000
 30
0
 11
131887.5000
 21
11400
 31
0
  0
LINE
  5
170A
100
AcDbEntity
  8
WALL
100
AcDbLine
370
50
 10
132112.5000
 20
11400
 30
0
 11
132112.5000
 21
8000
 31
0
  0
LINE
  5
170B
100
AcDbEntity
  8
WALL
100
AcDbLine
 10
131887.5000
 20
8000
 30
0
 11
132112.5000
 21
8225
 31
0
  0
LINE
  5
170C
100
AcDbEntity
  8
WALL
100
AcDbLine
 10
131887.5000
 20
8150
 30
0
 11
132112.5000
 21
8375
 31
0
  0
LINE
  5
170D
100
AcDbEntity
  8
WALL
100
AcDbLine
 10
131887.5000
 20
8300
 30
0
 11
132112.5000
 21
8525
 31
0
  0
LINE
  5
170E
100
AcDbEntity
  8
WALL
100
AcDbLine
 10
131887.5000
 20
8450
 30
0
 11
132112.5000
 21
8675
 31
0
  0
LINE
  5
170F
100
AcDbEntity
  8
WALL
100
AcDbLine
 10
131887.5000
 20
8600
 30
0
 11
132112.5000
 21
8825
 31
0
  0
LINE
  5
1710
100
AcDbEntity
  8
WALL
100
AcDbLine
 10
131887.5000
 20
8750
 30
0
 11
132112.5000
 21
8975
 31
0
  0
LINE
  5
1711
100
AcDbEntity
  8
WALL
100
AcDbLine
 10
131887.5000
 20
8900
 30
0
 11
132112.5000
 21
9125
 31
0
  0
LINE
  5
1712
100
AcDbEntity
  8
WALL
100
AcDbLine
 10
131887.5000
 20
9050
 30
0
 11
132112.5000
 21
9275
 31
0
  0
LINE
  5
1713
100
AcDbEntity
  8
WALL
100
AcDbLine
 10
131887.5000
 20
9200
 30
0
 11
132112.5000
 21
9425
 31
0
  0
LINE
  5
1714
100
AcDbEntity
  8
WALL
100
AcDbLine
 10
131887.5000
 20
9350
 30
0
 11
132112.5000
 21
9575
 31
0
  0
LINE
  5
1715
100
AcDbEntity
  8
WALL
100
AcDbLine
 10
131887.5000
 20
9500
 30
0
 11
132112.5000
 21
9725
 31
0
  0
LINE
  5
1716
100
AcDbEntity
  8
WALL
100
AcDbLine
 10
131887.5000
 20
9650
 30
0
 11
132112.5000
 21
9875
 31
0
  0
LINE
  5
1717
100
AcDbEntity
  8
WALL
100
AcDbLine
 10
131887.5000
 20
9800
 30
0
 11
132112.5000
 21
10025
 31
0
  0
LINE
  5
1718
100
AcDbEntity
  8
WALL
100
AcDbLine
 10
131887.5000
 20
9950
 30
0
 11
132112.5000
 21
10175
 31
0
  0
LINE
  5
1719
100
AcDbEntity
  8
WALL
100
AcDbLine
 10
131887.5000
 20
10100
 30
0
 11
132112.5000
 21
10325
 31
0
  0
LINE
  5
171A
100
AcDbEntity
  8
WALL
100
AcDbLine
 10
131887.5000
 20
10250
 30
0
 11
132112.5000
 21
10475
 31
0
  0
LINE
  5
171B
100
AcDbEntity
  8
WALL
100
AcDbLine
 10
131887.5000
 20
10400
 30
0
 11
132112.5000
 21
10625
 31
0
  0
LINE
  5
171C
100
AcDbEntity
  8
WALL
100
AcDbLine
 10
131887.5000
 20
10550
 30
0
 11
132112.5000
 21
10775
 31
0
  0
LINE
  5
171D
100
AcDbEntity
  8
WALL
100
AcDbLine
 10
131887.5000
 20
10700
 30
0
 11
132112.5000
 21
10925
 31
0
  0
LINE
  5
171E
100
AcDbEntity
  8
WALL
100
AcDbLine
 10
131887.5000
 20
10850
 30
0
 11
132112.5000
 21
11075
 31
0
  0
LINE
  5
171F
100
AcDbEntity
  8
WALL
100
AcDbLine
 10
131887.5000
 20
11000
 30
0
 11
132112.5000
 21
11225
 31
0
  0
LINE
  5
1720
100
AcDbEntity
  8
WALL
100
AcDbLine
 10
131887.5000
 20
11150
 30
0
 11
132112.5000
 21
11375
 31
0
  0
LINE
  5
1721
100
AcDbEntity
  8
WALL
100
AcDbLine
370
50
 10
131887.5000
 20
12600
 30
0
 11
131887.5000
 21
16000
 31
0
  0
LINE
  5
1722
100
AcDbEntity
  8
WALL
100
AcDbLine
370
50
 10
132112.5000
 20
16000
 30
0
 11
132112.5000
 21
12600
 31
0
  0
LINE
  5
1723
100
AcDbEntity
  8
WALL
100
AcDbLine
 10
131887.5000
 20
12600
 30
0
 11
132112.5000
 21
12825
 31
0
  0
LINE
  5
1724
100
AcDbEntity
  8
WALL
100
AcDbLine
 10
131887.5000
 20
12750
 30
0
 11
132112.5000
 21
12975
 31
0
  0
LINE
  5
1725
100
AcDbEntity
  8
WALL
100
AcDbLine
 10
131887.5000
 20
12900
 30
0
 11
132112.5000
 21
13125
 31
0
  0
LINE
  5
1726
100
AcDbEntity
  8
WALL
100
AcDbLine
 10
131887.5000
 20
13050
 30
0
 11
132112.5000
 21
13275
 31
0
  0
LINE
  5
1727
100
AcDbEntity
  8
WALL
100
AcDbLine
 10
131887.5000
 20
13200
 30
0
 11
132112.5000
 21
13425
 31
0
  0
LINE
  5
1728
100
AcDbEntity
  8
WALL
100
AcDbLine
 10
131887.5000
 20
13350
 30
0
 11
132112.5000
 21
13575
 31
0
  0
LINE
  5
1729
100
AcDbEntity
  8
WALL
100
AcDbLine
 10
131887.5000
 20
13500
 30
0
 11
132112.5000
 21
13725
 31
0
  0
LINE
  5
172A
100
AcDbEntity
  8
WALL
100
AcDbLine
 10
131887.5000
 20
13650
 30
0
 11
132112.5000
 21
13875
 31
0
  0
LINE
  5
172B
100
AcDbEntity
  8
WALL
100
AcDbLine
 10
131887.5000
 20
13800
 30
0
 11
132112.5000
 21
14025
 31
0
  0
LINE
  5
172C
100
AcDbEntity
  8
WALL
100
AcDbLine
 10
131887.5000
 20
13950
 30
0
 11
132112.5000
 21
14175
 31
0
  0
LINE
  5
172D
100
AcDbEntity
  8
WALL
100
AcDbLine
 10
131887.5000
 20
14100
 30
0
 11
132112.5000
 21
14325
 31
0
  0
LINE
  5
172E
100
AcDbEntity
  8
WALL
100
AcDbLine
 10
131887.5000
 20
14250
 30
0
 11
132112.5000
 21
14475
 31
0
  0
LINE
  5
172F
100
AcDbEntity
  8
WALL
100
AcDbLine
 10
131887.5000
 20
14400
 30
0
 11
132112.5000
 21
14625
 31
0
  0
LINE
  5
1730
100
AcDbEntity
  8
WALL
100
AcDbLine
 10
131887.5000
 20
14550
 30
0
 11
132112.5000
 21
14775
 31
0
  0
LINE
  5
1731
100
AcDbEntity
  8
WALL
100
AcDbLine
 10
131887.5000
 20
14700
 30
0
 11
132112.5000
 21
14925
 31
0
  0
LINE
  5
1732
100
AcDbEntity
  8
WALL
100
AcDbLine
 10
131887.5000
 20
14850
 30
0
 11
132112.5000
 21
15075
 31
0
  0
LINE
  5
1733
100
AcDbEntity
  8
WALL
100
AcDbLine
 10
131887.5000
 20
15000
 30
0
 11
132112.5000
 21
15225
 31
0
  0
LINE
  5
1734
100
AcDbEntity
  8
WALL
100
AcDbLine
 10
131887.5000
 20
15150
 30
0
 11
132112.5000
 21
15375
 31
0
  0
LINE
  5
1735
100
AcDbEntity
  8
WALL
100
AcDbLine
 10
131887.5000
 20
15300
 30
0
 11
132112.5000
 21
15525
 31
0
  0
LINE
  5
1736
100
AcDbEntity
  8
WALL
100
AcDbLine
 10
131887.5000
 20
15450
 30
0
 11
132112.5000
 21
15675
 31
0
  0
LINE
  5
1737
100
AcDbEntity
  8
WALL
100
AcDbLine
 10
131887.5000
 20
15600
 30
0
 11
132112.5000
 21
15825
 31
0
  0
LINE
  5
1738
100
AcDbEntity
  8
WALL
100
AcDbLine
 10
131887.5000
 20
15750
 30
0
 11
132112.5000
 21
15975
 31
0
  0
LINE
  5
1739
100
AcDbEntity
  8
WALL
100
AcDbLine
370
50
 10
131887.5000
 20
11400
 30
0
 11
132112.5000
 21
11400
 31
0
  0
LINE
  5
173A
100
AcDbEntity
  8
WALL
100
AcDbLine
370
50
 10
131887.5000
 20
12600
 30
0
 11
132112.5000
 21
12600
 31
0
  0
LINE
  5
173B
100
AcDbEntity
  8
WALL
100
AcDbLine
370
50
 10
131887.5000
 20
16000
 30
0
 11
131887.5000
 21
19400
 31
0
  0
LINE
  5
173C
100
AcDbEntity
  8
WALL
100
AcDbLine
370
50
 10
132112.5000
 20
19400
 30
0
 11
132112.5000
 21
16000
 31
0
  0
LINE
  5
173D
100
AcDbEntity
  8
WALL
100
AcDbLine
 10
131887.5000
 20
16000
 30
0
 11
132112.5000
 21
16225
 31
0
  0
LINE
  5
173E
100
AcDbEntity
  8
WALL
100
AcDbLine
 10
131887.5000
 20
16150
 30
0
 11
132112.5000
 21
16375
 31
0
  0
LINE
  5
173F
100
AcDbEntity
  8
WALL
100
AcDbLine
 10
131887.5000
 20
16300
 30
0
 11
132112.5000
 21
16525
 31
0
  0
LINE
  5
1740
100
AcDbEntity
  8
WALL
100
AcDbLine
 10
131887.5000
 20
16450
 30
0
 11
132112.5000
 21
16675
 31
0
  0
LINE
  5
1741
100
AcDbEntity
  8
WALL
100
AcDbLine
 10
131887.5000
 20
16600
 30
0
 11
132112.5000
 21
16825
 31
0
  0
LINE
  5
1742
100
AcDbEntity
  8
WALL
100
AcDbLine
 10
131887.5000
 20
16750
 30
0
 11
132112.5000
 21
16975
 31
0
  0
LINE
  5
1743
100
AcDbEntity
  8
WALL
100
AcDbLine
 10
131887.5000
 20
16900
 30
0
 11
132112.5000
 21
17125
 31
0
  0
LINE
  5
1744
100
AcDbEntity
  8
WALL
100
AcDbLine
 10
131887.5000
 20
17050
 30
0
 11
132112.5000
 21
17275
 31
0
  0
LINE
  5
1745
100
AcDbEntity
  8
WALL
100
AcDbLine
 10
131887.5000
 20
17200
 30
0
 11
132112.5000
 21
17425
 31
0
  0
LINE
  5
1746
100
AcDbEntity
  8
WALL
100
AcDbLine
 10
131887.5000
 20
17350
 30
0
 11
132112.5000
 21
17575
 31
0
  0
LINE
  5
1747
100
AcDbEntity
  8
WALL
100
AcDbLine
 10
131887.5000
 20
17500
 30
0
 11
132112.5000
 21
17725
 31
0
  0
LINE
  5
1748
100
AcDbEntity
  8
WALL
100
AcDbLine
 10
131887.5000
 20
17650
 30
0
 11
132112.5000
 21
17875
 31
0
  0
LINE
  5
1749
100
AcDbEntity
  8
WALL
100
AcDbLine
 10
131887.5000
 20
17800
 30
0
 11
132112.5000
 21
18025
 31
0
  0
LINE
  5
174A
100
AcDbEntity
  8
WALL
100
AcDbLine
 10
131887.5000
 20
17950
 30
0
 11
132112.5000
 21
18175
 31
0
  0
LINE
  5
174B
100
AcDbEntity
  8
WALL
100
AcDbLine
 10
131887.5000
 20
18100
 30
0
 11
132112.5000
 21
18325
 31
0
  0
LINE
  5
174C
100
AcDbEntity
  8
WALL
100
AcDbLine
 10
131887.5000
 20
18250
 30
0
 11
132112.5000
 21
18475
 31
0
  0
LINE
  5
174D
100
AcDbEntity
  8
WALL
100
AcDbLine
 10
131887.5000
 20
18400
 30
0
 11
132112.5000
 21
18625
 31
0
  0
LINE
  5
174E
100
AcDbEntity
  8
WALL
100
AcDbLine
 10
131887.5000
 20
18550
 30
0
 11
132112.5000
 21
18775
 31
0
  0
LINE
  5
174F
100
AcDbEntity
  8
WALL
100
AcDbLine
 10
131887.5000
 20
18700
 30
0
 11
132112.5000
 21
18925
 31
0
  0
LINE
  5
1750
100
AcDbEntity
  8
WALL
100
AcDbLine
 10
131887.5000
 20
18850
 30
0
 11
132112.5000
 21
19075
 31
0
  0
LINE
  5
1751
100
AcDbEntity
  8
WALL
100
AcDbLine
 10
131887.5000
 20
19000
 30
0
 11
132112.5000
 21
19225
 31
0
  0
LINE
  5
1752
100
AcDbEntity
  8
WALL
100
AcDbLine
 10
131887.5000
 20
19150
 30
0
 11
132112.5000
 21
19375
 31
0
  0
LINE
  5
1753
100
AcDbEntity
  8
WALL
100
AcDbLine
370
50
 10
131887.5000
 20
20600
 30
0
 11
131887.5000
 21
24000
 31
0
  0
LINE
  5
1754
100
AcDbEntity
  8
WALL
100
AcDbLine
370
50
 10
132112.5000
 20
24000
 30
0
 11
132112.5000
 21
20600
 31
0
  0
LINE
  5
1755
100
AcDbEntity
  8
WALL
100
AcDbLine
 10
131887.5000
 20
20600
 30
0
 11
132112.5000
 21
20825
 31
0
  0
LINE
  5
1756
100
AcDbEntity
  8
WALL
100
AcDbLine
 10
131887.5000
 20
20750
 30
0
 11
132112.5000
 21
20975
 31
0
  0
LINE
  5
1757
100
AcDbEntity
  8
WALL
100
AcDbLine
 10
131887.5000
 20
20900
 30
0
 11
132112.5000
 21
21125
 31
0
  0
LINE
  5
1758
100
AcDbEntity
  8
WALL
100
AcDbLine
 10
131887.5000
 20
21050
 30
0
 11
132112.5000
 21
21275
 31
0
  0
LINE
  5
1759
100
AcDbEntity
  8
WALL
100
AcDbLine
 10
131887.5000
 20
21200
 30
0
 11
132112.5000
 21
21425
 31
0
  0
LINE
  5
175A
100
AcDbEntity
  8
WALL
100
AcDbLine
 10
131887.5000
 20
21350
 30
0
 11
132112.5000
 21
21575
 31
0
  0
LINE
  5
175B
100
AcDbEntity
  8
WALL
100
AcDbLine
 10
131887.5000
 20
21500
 30
0
 11
132112.5000
 21
21725
 31
0
  0
LINE
  5
175C
100
AcDbEntity
  8
WALL
100
AcDbLine
 10
131887.5000
 20
21650
 30
0
 11
132112.5000
 21
21875
 31
0
  0
LINE
  5
175D
100
AcDbEntity
  8
WALL
100
AcDbLine
 10
131887.5000
 20
21800
 30
0
 11
132112.5000
 21
22025
 31
0
  0
LINE
  5
175E
100
AcDbEntity
  8
WALL
100
AcDbLine
 10
131887.5000
 20
21950
 30
0
 11
132112.5000
 21
22175
 31
0
  0
LINE
  5
175F
100
AcDbEntity
  8
WALL
100
AcDbLine
 10
131887.5000
 20
22100
 30
0
 11
132112.5000
 21
22325
 31
0
  0
LINE
  5
1760
100
AcDbEntity
  8
WALL
100
AcDbLine
 10
131887.5000
 20
22250
 30
0
 11
132112.5000
 21
22475
 31
0
  0
LINE
  5
1761
100
AcDbEntity
  8
WALL
100
AcDbLine
 10
131887.5000
 20
22400
 30
0
 11
132112.5000
 21
22625
 31
0
  0
LINE
  5
1762
100
AcDbEntity
  8
WALL
100
AcDbLine
 10
131887.5000
 20
22550
 30
0
 11
132112.5000
 21
22775
 31
0
  0
LINE
  5
1763
100
AcDbEntity
  8
WALL
100
AcDbLine
 10
131887.5000
 20
22700
 30
0
 11
132112.5000
 21
22925
 31
0
  0
LINE
  5
1764
100
AcDbEntity
  8
WALL
100
AcDbLine
 10
131887.5000
 20
22850
 30
0
 11
132112.5000
 21
23075
 31
0
  0
LINE
  5
1765
100
AcDbEntity
  8
WALL
100
AcDbLine
 10
131887.5000
 20
23000
 30
0
 11
132112.5000
 21
23225
 31
0
  0
LINE
  5
1766
100
AcDbEntity
  8
WALL
100
AcDbLine
 10
131887.5000
 20
23150
 30
0
 11
132112.5000
 21
23375
 31
0
  0
LINE
  5
1767
100
AcDbEntity
  8
WALL
100
AcDbLine
 10
131887.5000
 20
23300
 30
0
 11
132112.5000
 21
23525
 31
0
  0
LINE
  5
1768
100
AcDbEntity
  8
WALL
100
AcDbLine
 10
131887.5000
 20
23450
 30
0
 11
132112.5000
 21
23675
 31
0
  0
LINE
  5
1769
100
AcDbEntity
  8
WALL
100
AcDbLine
 10
131887.5000
 20
23600
 30
0
 11
132112.5000
 21
23825
 31
0
  0
LINE
  5
176A
100
AcDbEntity
  8
WALL
100
AcDbLine
 10
131887.5000
 20
23750
 30
0
 11
132112.5000
 21
23975
 31
0
  0
LINE
  5
176B
100
AcDbEntity
  8
WALL
100
AcDbLine
370
50
 10
131887.5000
 20
19400
 30
0
 11
132112.5000
 21
19400
 31
0
  0
LINE
  5
176C
100
AcDbEntity
  8
WALL
100
AcDbLine
370
50
 10
131887.5000
 20
20600
 30
0
 11
132112.5000
 21
20600
 31
0
  0
LINE
  5
176D
100
AcDbEntity
  8
WALL
100
AcDbLine
370
50
 10
108000
 20
-112.5000
 30
0
 11
109400
 21
-112.5000
 31
0
  0
LINE
  5
176E
100
AcDbEntity
  8
WALL
100
AcDbLine
370
50
 10
109400
 20
112.5000
 30
0
 11
108000
 21
112.5000
 31
0
  0
LINE
  5
176F
100
AcDbEntity
  8
WALL
100
AcDbLine
 10
108000
 20
-112.5000
 30
0
 11
108225
 21
112.5000
 31
0
  0
LINE
  5
1770
100
AcDbEntity
  8
WALL
100
AcDbLine
 10
108150
 20
-112.5000
 30
0
 11
108375
 21
112.5000
 31
0
  0
LINE
  5
1771
100
AcDbEntity
  8
WALL
100
AcDbLine
 10
108300
 20
-112.5000
 30
0
 11
108525
 21
112.5000
 31
0
  0
LINE
  5
1772
100
AcDbEntity
  8
WALL
100
AcDbLine
 10
108450
 20
-112.5000
 30
0
 11
108675
 21
112.5000
 31
0
  0
LINE
  5
1773
100
AcDbEntity
  8
WALL
100
AcDbLine
 10
108600
 20
-112.5000
 30
0
 11
108825
 21
112.5000
 31
0
  0
LINE
  5
1774
100
AcDbEntity
  8
WALL
100
AcDbLine
 10
108750
 20
-112.5000
 30
0
 11
108975
 21
112.5000
 31
0
  0
LINE
  5
1775
100
AcDbEntity
  8
WALL
100
AcDbLine
 10
108900
 20
-112.5000
 30
0
 11
109125
 21
112.5000
 31
0
  0
LINE
  5
1776
100
AcDbEntity
  8
WALL
100
AcDbLine
 10
109050
 20
-112.5000
 30
0
 11
109275
 21
112.5000
 31
0
  0
LINE
  5
1777
100
AcDbEntity
  8
WALL
100
AcDbLine
370
50
 10
110600
 20
-112.5000
 30
0
 11
112000
 21
-112.5000
 31
0
  0
LINE
  5
1778
100
AcDbEntity
  8
WALL
100
AcDbLine
370
50
 10
112000
 20
112.5000
 30
0
 11
110600
 21
112.5000
 31
0
  0
LINE
  5
1779
100
AcDbEntity
  8
WALL
100
AcDbLine
 10
110600
 20
-112.5000
 30
0
 11
110825
 21
112.5000
 31
0
  0
LINE
  5
177A
100
AcDbEntity
  8
WALL
100
AcDbLine
 10
110750
 20
-112.5000
 30
0
 11
110975
 21
112.5000
 31
0
  0
LINE
  5
177B
100
AcDbEntity
  8
WALL
100
AcDbLine
 10
110900
 20
-112.5000
 30
0
 11
111125
 21
112.5000
 31
0
  0
LINE
  5
177C
100
AcDbEntity
  8
WALL
100
AcDbLine
 10
111050
 20
-112.5000
 30
0
 11
111275
 21
112.5000
 31
0
  0
LINE
  5
177D
100
AcDbEntity
  8
WALL
100
AcDbLine
 10
111200
 20
-112.5000
 30
0
 11
111425
 21
112.5000
 31
0
  0
LINE
  5
177E
100
AcDbEntity
  8
WALL
100
AcDbLine
 10
111350
 20
-112.5000
 30
0
 11
111575
 21
112.5000
 31
0
  0
LINE
  5
177F
100
AcDbEntity
  8
WALL
100
AcDbLine
 10
111500
 20
-112.5000
 30
0
 11
111725
 21
112.5000
 31
0
  0
LINE
  5
1780
100
AcDbEntity
  8
WALL
100
AcDbLine
 10
111650
 20
-112.5000
 30
0
 11
111875
 21
112.5000
 31
0
  0
LINE
  5
1781
100
AcDbEntity
  8
WALL
100
AcDbLine
370
50
 10
109400
 20
-112.5000
 30
0
 11
109400
 21
112.5000
 31
0
  0
LINE
  5
1782
100
AcDbEntity
  8
WALL
100
AcDbLine
370
50
 10
110600
 20
-112.5000
 30
0
 11
110600
 21
112.5000
 31
0
  0
LINE
  5
1783
100
AcDbEntity
  8
WALL
100
AcDbLine
370
50
 10
112000
 20
-112.5000
 30
0
 11
113400
 21
-112.5000
 31
0
  0
LINE
  5
1784
100
AcDbEntity
  8
WALL
100
AcDbLine
370
50
 10
113400
 20
112.5000
 30
0
 11
112000
 21
112.5000
 31
0
  0
LINE
  5
1785
100
AcDbEntity
  8
WALL
100
AcDbLine
 10
112000
 20
-112.5000
 30
0
 11
112225
 21
112.5000
 31
0
  0
LINE
  5
1786
100
AcDbEntity
  8
WALL
100
AcDbLine
 10
112150
 20
-112.5000
 30
0
 11
112375
 21
112.5000
 31
0
  0
LINE
  5
1787
100
AcDbEntity
  8
WALL
100
AcDbLine
 10
112300
 20
-112.5000
 30
0
 11
112525
 21
112.5000
 31
0
  0
LINE
  5
1788
100
AcDbEntity
  8
WALL
100
AcDbLine
 10
112450
 20
-112.5000
 30
0
 11
112675
 21
112.5000
 31
0
  0
LINE
  5
1789
100
AcDbEntity
  8
WALL
100
AcDbLine
 10
112600
 20
-112.5000
 30
0
 11
112825
 21
112.5000
 31
0
  0
LINE
  5
178A
100
AcDbEntity
  8
WALL
100
AcDbLine
 10
112750
 20
-112.5000
 30
0
 11
112975
 21
112.5000
 31
0
  0
LINE
  5
178B
100
AcDbEntity
  8
WALL
100
AcDbLine
 10
112900
 20
-112.5000
 30
0
 11
113125
 21
112.5000
 31
0
  0
LINE
  5
178C
100
AcDbEntity
  8
WALL
100
AcDbLine
 10
113050
 20
-112.5000
 30
0
 11
113275
 21
112.5000
 31
0
  0
LINE
  5
178D
100
AcDbEntity
  8
WALL
100
AcDbLine
370
50
 10
114600
 20
-112.5000
 30
0
 11
116000
 21
-112.5000
 31
0
  0
LINE
  5
178E
100
AcDbEntity
  8
WALL
100
AcDbLine
370
50
 10
116000
 20
112.5000
 30
0
 11
114600
 21
112.5000
 31
0
  0
LINE
  5
178F
100
AcDbEntity
  8
WALL
100
AcDbLine
 10
114600
 20
-112.5000
 30
0
 11
114825
 21
112.5000
 31
0
  0
LINE
  5
1790
100
AcDbEntity
  8
WALL
100
AcDbLine
 10
114750
 20
-112.5000
 30
0
 11
114975
 21
112.5000
 31
0
  0
LINE
  5
1791
100
AcDbEntity
  8
WALL
100
AcDbLine
 10
114900
 20
-112.5000
 30
0
 11
115125
 21
112.5000
 31
0
  0
LINE
  5
1792
100
AcDbEntity
  8
WALL
100
AcDbLine
 10
115050
 20
-112.5000
 30
0
 11
115275
 21
112.5000
 31
0
  0
LINE
  5
1793
100
AcDbEntity
  8
WALL
100
AcDbLine
 10
115200
 20
-112.5000
 30
0
 11
115425
 21
112.5000
 31
0
  0
LINE
  5
1794
100
AcDbEntity
  8
WALL
100
AcDbLine
 10
115350
 20
-112.5000
 30
0
 11
115575
 21
112.5000
 31
0
  0
LINE
  5
1795
100
AcDbEntity
  8
WALL
100
AcDbLine
 10
115500
 20
-112.5000
 30
0
 11
115725
 21
112.5000
 31
0
  0
LINE
  5
1796
100
AcDbEntity
  8
WALL
100
AcDbLine
 10
115650
 20
-112.5000
 30
0
 11
115875
 21
112.5000
 31
0
  0
LINE
  5
1797
100
AcDbEntity
  8
WALL
100
AcDbLine
370
50
 10
113400
 20
-112.5000
 30
0
 11
113400
 21
112.5000
 31
0
  0
LINE
  5
1798
100
AcDbEntity
  8
WALL
100
AcDbLine
370
50
 10
114600
 20
-112.5000
 30
0
 11
114600
 21
112.5000
 31
0
  0
LINE
  5
1799
100
AcDbEntity
  8
WALL
100
AcDbLine
370
50
 10
116000
 20
-112.5000
 30
0
 11
117400
 21
-112.5000
 31
0
  0
LINE
  5
179A
100
AcDbEntity
  8
WALL
100
AcDbLine
370
50
 10
117400
 20
112.5000
 30
0
 11
116000
 21
112.5000
 31
0
  0
LINE
  5
179B
100
AcDbEntity
  8
WALL
100
AcDbLine
 10
116000
 20
-112.5000
 30
0
 11
116225
 21
112.5000
 31
0
  0
LINE
  5
179C
100
AcDbEntity
  8
WALL
100
AcDbLine
 10
116150
 20
-112.5000
 30
0
 11
116375
 21
112.5000
 31
0
  0
LINE
  5
179D
100
AcDbEntity
  8
WALL
100
AcDbLine
 10
116300
 20
-112.5000
 30
0
 11
116525
 21
112.5000
 31
0
  0
LINE
  5
179E
100
AcDbEntity
  8
WALL
100
AcDbLine
 10
116450
 20
-112.5000
 30
0
 11
116675
 21
112.5000
 31
0
  0
LINE
  5
179F
100
AcDbEntity
  8
WALL
100
AcDbLine
 10
116600
 20
-112.5000
 30
0
 11
116825
 21
112.5000
 31
0
  0
LINE
  5
17A0
100
AcDbEntity
  8
WALL
100
AcDbLine
 10
116750
 20
-112.5000
 30
0
 11
116975
 21
112.5000
 31
0
  0
LINE
  5
17A1
100
AcDbEntity
  8
WALL
100
AcDbLine
 10
116900
 20
-112.5000
 30
0
 11
117125
 21
112.5000
 31
0
  0
LINE
  5
17A2
100
AcDbEntity
  8
WALL
100
AcDbLine
 10
117050
 20
-112.5000
 30
0
 11
117275
 21
112.5000
 31
0
  0
LINE
  5
17A3
100
AcDbEntity
  8
WALL
100
AcDbLine
370
50
 10
118600
 20
-112.5000
 30
0
 11
120000
 21
-112.5000
 31
0
  0
LINE
  5
17A4
100
AcDbEntity
  8
WALL
100
AcDbLine
370
50
 10
120000
 20
112.5000
 30
0
 11
118600
 21
112.5000
 31
0
  0
LINE
  5
17A5
100
AcDbEntity
  8
WALL
100
AcDbLine
 10
118600
 20
-112.5000
 30
0
 11
118825
 21
112.5000
 31
0
  0
LINE
  5
17A6
100
AcDbEntity
  8
WALL
100
AcDbLine
 10
118750
 20
-112.5000
 30
0
 11
118975
 21
112.5000
 31
0
  0
LINE
  5
17A7
100
AcDbEntity
  8
WALL
100
AcDbLine
 10
118900
 20
-112.5000
 30
0
 11
119125
 21
112.5000
 31
0
  0
LINE
  5
17A8
100
AcDbEntity
  8
WALL
100
AcDbLine
 10
119050
 20
-112.5000
 30
0
 11
119275
 21
112.5000
 31
0
  0
LINE
  5
17A9
100
AcDbEntity
  8
WALL
100
AcDbLine
 10
119200
 20
-112.5000
 30
0
 11
119425
 21
112.5000
 31
0
  0
LINE
  5
17AA
100
AcDbEntity
  8
WALL
100
AcDbLine
 10
119350
 20
-112.5000
 30
0
 11
119575
 21
112.5000
 31
0
  0
LINE
  5
17AB
100
AcDbEntity
  8
WALL
100
AcDbLine
 10
119500
 20
-112.5000
 30
0
 11
119725
 21
112.5000
 31
0
  0
LINE
  5
17AC
100
AcDbEntity
  8
WALL
100
AcDbLine
 10
119650
 20
-112.5000
 30
0
 11
119875
 21
112.5000
 31
0
  0
LINE
  5
17AD
100
AcDbEntity
  8
WALL
100
AcDbLine
370
50
 10
117400
 20
-112.5000
 30
0
 11
117400
 21
112.5000
 31
0
  0
LINE
  5
17AE
100
AcDbEntity
  8
WALL
100
AcDbLine
370
50
 10
118600
 20
-112.5000
 30
0
 11
118600
 21
112.5000
 31
0
  0
LINE
  5
17AF
100
AcDbEntity
  8
WALL
100
AcDbLine
370
50
 10
120000
 20
-112.5000
 30
0
 11
121400
 21
-112.5000
 31
0
  0
LINE
  5
17B0
100
AcDbEntity
  8
WALL
100
AcDbLine
370
50
 10
121400
 20
112.5000
 30
0
 11
120000
 21
112.5000
 31
0
  0
LINE
  5
17B1
100
AcDbEntity
  8
WALL
100
AcDbLine
 10
120000
 20
-112.5000
 30
0
 11
120225
 21
112.5000
 31
0
  0
LINE
  5
17B2
100
AcDbEntity
  8
WALL
100
AcDbLine
 10
120150
 20
-112.5000
 30
0
 11
120375
 21
112.5000
 31
0
  0
LINE
  5
17B3
100
AcDbEntity
  8
WALL
100
AcDbLine
 10
120300
 20
-112.5000
 30
0
 11
120525
 21
112.5000
 31
0
  0
LINE
  5
17B4
100
AcDbEntity
  8
WALL
100
AcDbLine
 10
120450
 20
-112.5000
 30
0
 11
120675
 21
112.5000
 31
0
  0
LINE
  5
17B5
100
AcDbEntity
  8
WALL
100
AcDbLine
 10
120600
 20
-112.5000
 30
0
 11
120825
 21
112.5000
 31
0
  0
LINE
  5
17B6
100
AcDbEntity
  8
WALL
100
AcDbLine
 10
120750
 20
-112.5000
 30
0
 11
120975
 21
112.5000
 31
0
  0
LINE
  5
17B7
100
AcDbEntity
  8
WALL
100
AcDbLine
 10
120900
 20
-112.5000
 30
0
 11
121125
 21
112.5000
 31
0
  0
LINE
  5
17B8
100
AcDbEntity
  8
WALL
100
AcDbLine
 10
121050
 20
-112.5000
 30
0
 11
121275
 21
112.5000
 31
0
  0
LINE
  5
17B9
100
AcDbEntity
  8
WALL
100
AcDbLine
370
50
 10
122600
 20
-112.5000
 30
0
 11
124000
 21
-112.5000
 31
0
  0
LINE
  5
17BA
100
AcDbEntity
  8
WALL
100
AcDbLine
370
50
 10
124000
 20
112.5000
 30
0
 11
122600
 21
112.5000
 31
0
  0
LINE
  5
17BB
100
AcDbEntity
  8
WALL
100
AcDbLine
 10
122600
 20
-112.5000
 30
0
 11
122825
 21
112.5000
 31
0
  0
LINE
  5
17BC
100
AcDbEntity
  8
WALL
100
AcDbLine
 10
122750
 20
-112.5000
 30
0
 11
122975
 21
112.5000
 31
0
  0
LINE
  5
17BD
100
AcDbEntity
  8
WALL
100
AcDbLine
 10
122900
 20
-112.5000
 30
0
 11
123125
 21
112.5000
 31
0
  0
LINE
  5
17BE
100
AcDbEntity
  8
WALL
100
AcDbLine
 10
123050
 20
-112.5000
 30
0
 11
123275
 21
112.5000
 31
0
  0
LINE
  5
17BF
100
AcDbEntity
  8
WALL
100
AcDbLine
 10
123200
 20
-112.5000
 30
0
 11
123425
 21
112.5000
 31
0
  0
LINE
  5
17C0
100
AcDbEntity
  8
WALL
100
AcDbLine
 10
123350
 20
-112.5000
 30
0
 11
123575
 21
112.5000
 31
0
  0
LINE
  5
17C1
100
AcDbEntity
  8
WALL
100
AcDbLine
 10
123500
 20
-112.5000
 30
0
 11
123725
 21
112.5000
 31
0
  0
LINE
  5
17C2
100
AcDbEntity
  8
WALL
100
AcDbLine
 10
123650
 20
-112.5000
 30
0
 11
123875
 21
112.5000
 31
0
  0
LINE
  5
17C3
100
AcDbEntity
  8
WALL
100
AcDbLine
370
50
 10
121400
 20
-112.5000
 30
0
 11
121400
 21
112.5000
 31
0
  0
LINE
  5
17C4
100
AcDbEntity
  8
WALL
100
AcDbLine
370
50
 10
122600
 20
-112.5000
 30
0
 11
122600
 21
112.5000
 31
0
  0
LINE
  5
17C5
100
AcDbEntity
  8
WALL
100
AcDbLine
370
50
 10
124000
 20
-112.5000
 30
0
 11
125400
 21
-112.5000
 31
0
  0
LINE
  5
17C6
100
AcDbEntity
  8
WALL
100
AcDbLine
370
50
 10
125400
 20
112.5000
 30
0
 11
124000
 21
112.5000
 31
0
  0
LINE
  5
17C7
100
AcDbEntity
  8
WALL
100
AcDbLine
 10
124000
 20
-112.5000
 30
0
 11
124225
 21
112.5000
 31
0
  0
LINE
  5
17C8
100
AcDbEntity
  8
WALL
100
AcDbLine
 10
124150
 20
-112.5000
 30
0
 11
124375
 21
112.5000
 31
0
  0
LINE
  5
17C9
100
AcDbEntity
  8
WALL
100
AcDbLine
 10
124300
 20
-112.5000
 30
0
 11
124525
 21
112.5000
 31
0
  0
LINE
  5
17CA
100
AcDbEntity
  8
WALL
100
AcDbLine
 10
124450
 20
-112.5000
 30
0
 11
124675
 21
112.5000
 31
0
  0
LINE
  5
17CB
100
AcDbEntity
  8
WALL
100
AcDbLine
 10
124600
 20
-112.5000
 30
0
 11
124825
 21
112.5000
 31
0
  0
LINE
  5
17CC
100
AcDbEntity
  8
WALL
100
AcDbLine
 10
124750
 20
-112.5000
 30
0
 11
124975
 21
112.5000
 31
0
  0
LINE
  5
17CD
100
AcDbEntity
  8
WALL
100
AcDbLine
 10
124900
 20
-112.5000
 30
0
 11
125125
 21
112.5000
 31
0
  0
LINE
  5
17CE
100
AcDbEntity
  8
WALL
100
AcDbLine
 10
125050
 20
-112.5000
 30
0
 11
125275
 21
112.5000
 31
0
  0
LINE
  5
17CF
100
AcDbEntity
  8
WALL
100
AcDbLine
370
50
 10
126600
 20
-112.5000
 30
0
 11
128000
 21
-112.5000
 31
0
  0
LINE
  5
17D0
100
AcDbEntity
  8
WALL
100
AcDbLine
370
50
 10
128000
 20
112.5000
 30
0
 11
126600
 21
112.5000
 31
0
  0
LINE
  5
17D1
100
AcDbEntity
  8
WALL
100
AcDbLine
 10
126600
 20
-112.5000
 30
0
 11
126825
 21
112.5000
 31
0
  0
LINE
  5
17D2
100
AcDbEntity
  8
WALL
100
AcDbLine
 10
126750
 20
-112.5000
 30
0
 11
126975
 21
112.5000
 31
0
  0
LINE
  5
17D3
100
AcDbEntity
  8
WALL
100
AcDbLine
 10
126900
 20
-112.5000
 30
0
 11
127125
 21
112.5000
 31
0
  0
LINE
  5
17D4
100
AcDbEntity
  8
WALL
100
AcDbLine
 10
127050
 20
-112.5000
 30
0
 11
127275
 21
112.5000
 31
0
  0
LINE
  5
17D5
100
AcDbEntity
  8
WALL
100
AcDbLine
 10
127200
 20
-112.5000
 30
0
 11
127425
 21
112.5000
 31
0
  0
LINE
  5
17D6
100
AcDbEntity
  8
WALL
100
AcDbLine
 10
127350
 20
-112.5000
 30
0
 11
127575
 21
112.5000
 31
0
  0
LINE
  5
17D7
100
AcDbEntity
  8
WALL
100
AcDbLine
 10
127500
 20
-112.5000
 30
0
 11
127725
 21
112.5000
 31
0
  0
LINE
  5
17D8
100
AcDbEntity
  8
WALL
100
AcDbLine
 10
127650
 20
-112.5000
 30
0
 11
127875
 21
112.5000
 31
0
  0
LINE
  5
17D9
100
AcDbEntity
  8
WALL
100
AcDbLine
370
50
 10
125400
 20
-112.5000
 30
0
 11
125400
 21
112.5000
 31
0
  0
LINE
  5
17DA
100
AcDbEntity
  8
WALL
100
AcDbLine
370
50
 10
126600
 20
-112.5000
 30
0
 11
126600
 21
112.5000
 31
0
  0
LINE
  5
17DB
100
AcDbEntity
  8
WALL
100
AcDbLine
370
50
 10
128000
 20
-112.5000
 30
0
 11
129400
 21
-112.5000
 31
0
  0
LINE
  5
17DC
100
AcDbEntity
  8
WALL
100
AcDbLine
370
50
 10
129400
 20
112.5000
 30
0
 11
128000
 21
112.5000
 31
0
  0
LINE
  5
17DD
100
AcDbEntity
  8
WALL
100
AcDbLine
 10
128000
 20
-112.5000
 30
0
 11
128225
 21
112.5000
 31
0
  0
LINE
  5
17DE
100
AcDbEntity
  8
WALL
100
AcDbLine
 10
128150
 20
-112.5000
 30
0
 11
128375
 21
112.5000
 31
0
  0
LINE
  5
17DF
100
AcDbEntity
  8
WALL
100
AcDbLine
 10
128300
 20
-112.5000
 30
0
 11
128525
 21
112.5000
 31
0
  0
LINE
  5
17E0
100
AcDbEntity
  8
WALL
100
AcDbLine
 10
128450
 20
-112.5000
 30
0
 11
128675
 21
112.5000
 31
0
  0
LINE
  5
17E1
100
AcDbEntity
  8
WALL
100
AcDbLine
 10
128600
 20
-112.5000
 30
0
 11
128825
 21
112.5000
 31
0
  0
LINE
  5
17E2
100
AcDbEntity
  8
WALL
100
AcDbLine
 10
128750
 20
-112.5000
 30
0
 11
128975
 21
112.5000
 31
0
  0
LINE
  5
17E3
100
AcDbEntity
  8
WALL
100
AcDbLine
 10
128900
 20
-112.5000
 30
0
 11
129125
 21
112.5000
 31
0
  0
LINE
  5
17E4
100
AcDbEntity
  8
WALL
100
AcDbLine
 10
129050
 20
-112.5000
 30
0
 11
129275
 21
112.5000
 31
0
  0
LINE
  5
17E5
100
AcDbEntity
  8
WALL
100
AcDbLine
370
50
 10
130600
 20
-112.5000
 30
0
 11
132000
 21
-112.5000
 31
0
  0
LINE
  5
17E6
100
AcDbEntity
  8
WALL
100
AcDbLine
370
50
 10
132000
 20
112.5000
 30
0
 11
130600
 21
112.5000
 31
0
  0
LINE
  5
17E7
100
AcDbEntity
  8
WALL
100
AcDbLine
 10
130600
 20
-112.5000
 30
0
 11
130825
 21
112.5000
 31
0
  0
LINE
  5
17E8
100
AcDbEntity
  8
WALL
100
AcDbLine
 10
130750
 20
-112.5000
 30
0
 11
130975
 21
112.5000
 31
0
  0
LINE
  5
17E9
100
AcDbEntity
  8
WALL
100
AcDbLine
 10
130900
 20
-112.5000
 30
0
 11
131125
 21
112.5000
 31
0
  0
LINE
  5
17EA
100
AcDbEntity
  8
WALL
100
AcDbLine
 10
131050
 20
-112.5000
 30
0
 11
131275
 21
112.5000
 31
0
  0
LINE
  5
17EB
100
AcDbEntity
  8
WALL
100
AcDbLine
 10
131200
 20
-112.5000
 30
0
 11
131425
 21
112.5000
 31
0
  0
LINE
  5
17EC
100
AcDbEntity
  8
WALL
100
AcDbLine
 10
131350
 20
-112.5000
 30
0
 11
131575
 21
112.5000
 31
0
  0
LINE
  5
17ED
100
AcDbEntity
  8
WALL
100
AcDbLine
 10
131500
 20
-112.5000
 30
0
 11
131725
 21
112.5000
 31
0
  0
LINE
  5
17EE
100
AcDbEntity
  8
WALL
100
AcDbLine
 10
131650
 20
-112.5000
 30
0
 11
131875
 21
112.5000
 31
0
  0
LINE
  5
17EF
100
AcDbEntity
  8
WALL
100
AcDbLine
370
50
 10
129400
 20
-112.5000
 30
0
 11
129400
 21
112.5000
 31
0
  0
LINE
  5
17F0
100
AcDbEntity
  8
WALL
100
AcDbLine
370
50
 10
130600
 20
-112.5000
 30
0
 11
130600
 21
112.5000
 31
0
  0
LINE
  5
17F1
100
AcDbEntity
  8
WALL
100
AcDbLine
370
50
 10
108000
 20
23887.5000
 30
0
 11
109400
 21
23887.5000
 31
0
  0
LINE
  5
17F2
100
AcDbEntity
  8
WALL
100
AcDbLine
370
50
 10
109400
 20
24112.5000
 30
0
 11
108000
 21
24112.5000
 31
0
  0
LINE
  5
17F3
100
AcDbEntity
  8
WALL
100
AcDbLine
 10
108000
 20
23887.5000
 30
0
 11
108225
 21
24112.5000
 31
0
  0
LINE
  5
17F4
100
AcDbEntity
  8
WALL
100
AcDbLine
 10
108150
 20
23887.5000
 30
0
 11
108375
 21
24112.5000
 31
0
  0
LINE
  5
17F5
100
AcDbEntity
  8
WALL
100
AcDbLine
 10
108300
 20
23887.5000
 30
0
 11
108525
 21
24112.5000
 31
0
  0
LINE
  5
17F6
100
AcDbEntity
  8
WALL
100
AcDbLine
 10
108450
 20
23887.5000
 30
0
 11
108675
 21
24112.5000
 31
0
  0
LINE
  5
17F7
100
AcDbEntity
  8
WALL
100
AcDbLine
 10
108600
 20
23887.5000
 30
0
 11
108825
 21
24112.5000
 31
0
  0
LINE
  5
17F8
100
AcDbEntity
  8
WALL
100
AcDbLine
 10
108750
 20
23887.5000
 30
0
 11
108975
 21
24112.5000
 31
0
  0
LINE
  5
17F9
100
AcDbEntity
  8
WALL
100
AcDbLine
 10
108900
 20
23887.5000
 30
0
 11
109125
 21
24112.5000
 31
0
  0
LINE
  5
17FA
100
AcDbEntity
  8
WALL
100
AcDbLine
 10
109050
 20
23887.5000
 30
0
 11
109275
 21
24112.5000
 31
0
  0
LINE
  5
17FB
100
AcDbEntity
  8
WALL
100
AcDbLine
370
50
 10
110600
 20
23887.5000
 30
0
 11
112000
 21
23887.5000
 31
0
  0
LINE
  5
17FC
100
AcDbEntity
  8
WALL
100
AcDbLine
370
50
 10
112000
 20
24112.5000
 30
0
 11
110600
 21
24112.5000
 31
0
  0
LINE
  5
17FD
100
AcDbEntity
  8
WALL
100
AcDbLine
 10
110600
 20
23887.5000
 30
0
 11
110825
 21
24112.5000
 31
0
  0
LINE
  5
17FE
100
AcDbEntity
  8
WALL
100
AcDbLine
 10
110750
 20
23887.5000
 30
0
 11
110975
 21
24112.5000
 31
0
  0
LINE
  5
17FF
100
AcDbEntity
  8
WALL
100
AcDbLine
 10
110900
 20
23887.5000
 30
0
 11
111125
 21
24112.5000
 31
0
  0
LINE
  5
1800
100
AcDbEntity
  8
WALL
100
AcDbLine
 10
111050
 20
23887.5000
 30
0
 11
111275
 21
24112.5000
 31
0
  0
LINE
  5
1801
100
AcDbEntity
  8
WALL
100
AcDbLine
 10
111200
 20
23887.5000
 30
0
 11
111425
 21
24112.5000
 31
0
  0
LINE
  5
1802
100
AcDbEntity
  8
WALL
100
AcDbLine
 10
111350
 20
23887.5000
 30
0
 11
111575
 21
24112.5000
 31
0
  0
LINE
  5
1803
100
AcDbEntity
  8
WALL
100
AcDbLine
 10
111500
 20
23887.5000
 30
0
 11
111725
 21
24112.5000
 31
0
  0
LINE
  5
1804
100
AcDbEntity
  8
WALL
100
AcDbLine
 10
111650
 20
23887.5000
 30
0
 11
111875
 21
24112.5000
 31
0
  0
LINE
  5
1805
100
AcDbEntity
  8
WALL
100
AcDbLine
370
50
 10
109400
 20
23887.5000
 30
0
 11
109400
 21
24112.5000
 31
0
  0
LINE
  5
1806
100
AcDbEntity
  8
WALL
100
AcDbLine
370
50
 10
110600
 20
23887.5000
 30
0
 11
110600
 21
24112.5000
 31
0
  0
LINE
  5
1807
100
AcDbEntity
  8
WALL
100
AcDbLine
370
50
 10
112000
 20
23887.5000
 30
0
 11
113400
 21
23887.5000
 31
0
  0
LINE
  5
1808
100
AcDbEntity
  8
WALL
100
AcDbLine
370
50
 10
113400
 20
24112.5000
 30
0
 11
112000
 21
24112.5000
 31
0
  0
LINE
  5
1809
100
AcDbEntity
  8
WALL
100
AcDbLine
 10
112000
 20
23887.5000
 30
0
 11
112225
 21
24112.5000
 31
0
  0
LINE
  5
180A
100
AcDbEntity
  8
WALL
100
AcDbLine
 10
112150
 20
23887.5000
 30
0
 11
112375
 21
24112.5000
 31
0
  0
LINE
  5
180B
100
AcDbEntity
  8
WALL
100
AcDbLine
 10
112300
 20
23887.5000
 30
0
 11
112525
 21
24112.5000
 31
0
  0
LINE
  5
180C
100
AcDbEntity
  8
WALL
100
AcDbLine
 10
112450
 20
23887.5000
 30
0
 11
112675
 21
24112.5000
 31
0
  0
LINE
  5
180D
100
AcDbEntity
  8
WALL
100
AcDbLine
 10
112600
 20
23887.5000
 30
0
 11
112825
 21
24112.5000
 31
0
  0
LINE
  5
180E
100
AcDbEntity
  8
WALL
100
AcDbLine
 10
112750
 20
23887.5000
 30
0
 11
112975
 21
24112.5000
 31
0
  0
LINE
  5
180F
100
AcDbEntity
  8
WALL
100
AcDbLine
 10
112900
 20
23887.5000
 30
0
 11
113125
 21
24112.5000
 31
0
  0
LINE
  5
1810
100
AcDbEntity
  8
WALL
100
AcDbLine
 10
113050
 20
23887.5000
 30
0
 11
113275
 21
24112.5000
 31
0
  0
LINE
  5
1811
100
AcDbEntity
  8
WALL
100
AcDbLine
370
50
 10
114600
 20
23887.5000
 30
0
 11
116000
 21
23887.5000
 31
0
  0
LINE
  5
1812
100
AcDbEntity
  8
WALL
100
AcDbLine
370
50
 10
116000
 20
24112.5000
 30
0
 11
114600
 21
24112.5000
 31
0
  0
LINE
  5
1813
100
AcDbEntity
  8
WALL
100
AcDbLine
 10
114600
 20
23887.5000
 30
0
 11
114825
 21
24112.5000
 31
0
  0
LINE
  5
1814
100
AcDbEntity
  8
WALL
100
AcDbLine
 10
114750
 20
23887.5000
 30
0
 11
114975
 21
24112.5000
 31
0
  0
LINE
  5
1815
100
AcDbEntity
  8
WALL
100
AcDbLine
 10
114900
 20
23887.5000
 30
0
 11
115125
 21
24112.5000
 31
0
  0
LINE
  5
1816
100
AcDbEntity
  8
WALL
100
AcDbLine
 10
115050
 20
23887.5000
 30
0
 11
115275
 21
24112.5000
 31
0
  0
LINE
  5
1817
100
AcDbEntity
  8
WALL
100
AcDbLine
 10
115200
 20
23887.5000
 30
0
 11
115425
 21
24112.5000
 31
0
  0
LINE
  5
1818
100
AcDbEntity
  8
WALL
100
AcDbLine
 10
115350
 20
23887.5000
 30
0
 11
115575
 21
24112.5000
 31
0
  0
LINE
  5
1819
100
AcDbEntity
  8
WALL
100
AcDbLine
 10
115500
 20
23887.5000
 30
0
 11
115725
 21
24112.5000
 31
0
  0
LINE
  5
181A
100
AcDbEntity
  8
WALL
100
AcDbLine
 10
115650
 20
23887.5000
 30
0
 11
115875
 21
24112.5000
 31
0
  0
LINE
  5
181B
100
AcDbEntity
  8
WALL
100
AcDbLine
370
50
 10
113400
 20
23887.5000
 30
0
 11
113400
 21
24112.5000
 31
0
  0
LINE
  5
181C
100
AcDbEntity
  8
WALL
100
AcDbLine
370
50
 10
114600
 20
23887.5000
 30
0
 11
114600
 21
24112.5000
 31
0
  0
LINE
  5
181D
100
AcDbEntity
  8
WALL
100
AcDbLine
370
50
 10
116000
 20
23887.5000
 30
0
 11
117400
 21
23887.5000
 31
0
  0
LINE
  5
181E
100
AcDbEntity
  8
WALL
100
AcDbLine
370
50
 10
117400
 20
24112.5000
 30
0
 11
116000
 21
24112.5000
 31
0
  0
LINE
  5
181F
100
AcDbEntity
  8
WALL
100
AcDbLine
 10
116000
 20
23887.5000
 30
0
 11
116225
 21
24112.5000
 31
0
  0
LINE
  5
1820
100
AcDbEntity
  8
WALL
100
AcDbLine
 10
116150
 20
23887.5000
 30
0
 11
116375
 21
24112.5000
 31
0
  0
LINE
  5
1821
100
AcDbEntity
  8
WALL
100
AcDbLine
 10
116300
 20
23887.5000
 30
0
 11
116525
 21
24112.5000
 31
0
  0
LINE
  5
1822
100
AcDbEntity
  8
WALL
100
AcDbLine
 10
116450
 20
23887.5000
 30
0
 11
116675
 21
24112.5000
 31
0
  0
LINE
  5
1823
100
AcDbEntity
  8
WALL
100
AcDbLine
 10
116600
 20
23887.5000
 30
0
 11
116825
 21
24112.5000
 31
0
  0
LINE
  5
1824
100
AcDbEntity
  8
WALL
100
AcDbLine
 10
116750
 20
23887.5000
 30
0
 11
116975
 21
24112.5000
 31
0
  0
LINE
  5
1825
100
AcDbEntity
  8
WALL
100
AcDbLine
 10
116900
 20
23887.5000
 30
0
 11
117125
 21
24112.5000
 31
0
  0
LINE
  5
1826
100
AcDbEntity
  8
WALL
100
AcDbLine
 10
117050
 20
23887.5000
 30
0
 11
117275
 21
24112.5000
 31
0
  0
LINE
  5
1827
100
AcDbEntity
  8
WALL
100
AcDbLine
370
50
 10
118600
 20
23887.5000
 30
0
 11
120000
 21
23887.5000
 31
0
  0
LINE
  5
1828
100
AcDbEntity
  8
WALL
100
AcDbLine
370
50
 10
120000
 20
24112.5000
 30
0
 11
118600
 21
24112.5000
 31
0
  0
LINE
  5
1829
100
AcDbEntity
  8
WALL
100
AcDbLine
 10
118600
 20
23887.5000
 30
0
 11
118825
 21
24112.5000
 31
0
  0
LINE
  5
182A
100
AcDbEntity
  8
WALL
100
AcDbLine
 10
118750
 20
23887.5000
 30
0
 11
118975
 21
24112.5000
 31
0
  0
LINE
  5
182B
100
AcDbEntity
  8
WALL
100
AcDbLine
 10
118900
 20
23887.5000
 30
0
 11
119125
 21
24112.5000
 31
0
  0
LINE
  5
182C
100
AcDbEntity
  8
WALL
100
AcDbLine
 10
119050
 20
23887.5000
 30
0
 11
119275
 21
24112.5000
 31
0
  0
LINE
  5
182D
100
AcDbEntity
  8
WALL
100
AcDbLine
 10
119200
 20
23887.5000
 30
0
 11
119425
 21
24112.5000
 31
0
  0
LINE
  5
182E
100
AcDbEntity
  8
WALL
100
AcDbLine
 10
119350
 20
23887.5000
 30
0
 11
119575
 21
24112.5000
 31
0
  0
LINE
  5
182F
100
AcDbEntity
  8
WALL
100
AcDbLine
 10
119500
 20
23887.5000
 30
0
 11
119725
 21
24112.5000
 31
0
  0
LINE
  5
1830
100
AcDbEntity
  8
WALL
100
AcDbLine
 10
119650
 20
23887.5000
 30
0
 11
119875
 21
24112.5000
 31
0
  0
LINE
  5
1831
100
AcDbEntity
  8
WALL
100
AcDbLine
370
50
 10
117400
 20
23887.5000
 30
0
 11
117400
 21
24112.5000
 31
0
  0
LINE
  5
1832
100
AcDbEntity
  8
WALL
100
AcDbLine
370
50
 10
118600
 20
23887.5000
 30
0
 11
118600
 21
24112.5000
 31
0
  0
LINE
  5
1833
100
AcDbEntity
  8
WALL
100
AcDbLine
370
50
 10
120000
 20
23887.5000
 30
0
 11
121400
 21
23887.5000
 31
0
  0
LINE
  5
1834
100
AcDbEntity
  8
WALL
100
AcDbLine
370
50
 10
121400
 20
24112.5000
 30
0
 11
120000
 21
24112.5000
 31
0
  0
LINE
  5
1835
100
AcDbEntity
  8
WALL
100
AcDbLine
 10
120000
 20
23887.5000
 30
0
 11
120225
 21
24112.5000
 31
0
  0
LINE
  5
1836
100
AcDbEntity
  8
WALL
100
AcDbLine
 10
120150
 20
23887.5000
 30
0
 11
120375
 21
24112.5000
 31
0
  0
LINE
  5
1837
100
AcDbEntity
  8
WALL
100
AcDbLine
 10
120300
 20
23887.5000
 30
0
 11
120525
 21
24112.5000
 31
0
  0
LINE
  5
1838
100
AcDbEntity
  8
WALL
100
AcDbLine
 10
120450
 20
23887.5000
 30
0
 11
120675
 21
24112.5000
 31
0
  0
LINE
  5
1839
100
AcDbEntity
  8
WALL
100
AcDbLine
 10
120600
 20
23887.5000
 30
0
 11
120825
 21
24112.5000
 31
0
  0
LINE
  5
183A
100
AcDbEntity
  8
WALL
100
AcDbLine
 10
120750
 20
23887.5000
 30
0
 11
120975
 21
24112.5000
 31
0
  0
LINE
  5
183B
100
AcDbEntity
  8
WALL
100
AcDbLine
 10
120900
 20
23887.5000
 30
0
 11
121125
 21
24112.5000
 31
0
  0
LINE
  5
183C
100
AcDbEntity
  8
WALL
100
AcDbLine
 10
121050
 20
23887.5000
 30
0
 11
121275
 21
24112.5000
 31
0
  0
LINE
  5
183D
100
AcDbEntity
  8
WALL
100
AcDbLine
370
50
 10
122600
 20
23887.5000
 30
0
 11
124000
 21
23887.5000
 31
0
  0
LINE
  5
183E
100
AcDbEntity
  8
WALL
100
AcDbLine
370
50
 10
124000
 20
24112.5000
 30
0
 11
122600
 21
24112.5000
 31
0
  0
LINE
  5
183F
100
AcDbEntity
  8
WALL
100
AcDbLine
 10
122600
 20
23887.5000
 30
0
 11
122825
 21
24112.5000
 31
0
  0
LINE
  5
1840
100
AcDbEntity
  8
WALL
100
AcDbLine
 10
122750
 20
23887.5000
 30
0
 11
122975
 21
24112.5000
 31
0
  0
LINE
  5
1841
100
AcDbEntity
  8
WALL
100
AcDbLine
 10
122900
 20
23887.5000
 30
0
 11
123125
 21
24112.5000
 31
0
  0
LINE
  5
1842
100
AcDbEntity
  8
WALL
100
AcDbLine
 10
123050
 20
23887.5000
 30
0
 11
123275
 21
24112.5000
 31
0
  0
LINE
  5
1843
100
AcDbEntity
  8
WALL
100
AcDbLine
 10
123200
 20
23887.5000
 30
0
 11
123425
 21
24112.5000
 31
0
  0
LINE
  5
1844
100
AcDbEntity
  8
WALL
100
AcDbLine
 10
123350
 20
23887.5000
 30
0
 11
123575
 21
24112.5000
 31
0
  0
LINE
  5
1845
100
AcDbEntity
  8
WALL
100
AcDbLine
 10
123500
 20
23887.5000
 30
0
 11
123725
 21
24112.5000
 31
0
  0
LINE
  5
1846
100
AcDbEntity
  8
WALL
100
AcDbLine
 10
123650
 20
23887.5000
 30
0
 11
123875
 21
24112.5000
 31
0
  0
LINE
  5
1847
100
AcDbEntity
  8
WALL
100
AcDbLine
370
50
 10
121400
 20
23887.5000
 30
0
 11
121400
 21
24112.5000
 31
0
  0
LINE
  5
1848
100
AcDbEntity
  8
WALL
100
AcDbLine
370
50
 10
122600
 20
23887.5000
 30
0
 11
122600
 21
24112.5000
 31
0
  0
LINE
  5
1849
100
AcDbEntity
  8
WALL
100
AcDbLine
370
50
 10
124000
 20
23887.5000
 30
0
 11
125400
 21
23887.5000
 31
0
  0
LINE
  5
184A
100
AcDbEntity
  8
WALL
100
AcDbLine
370
50
 10
125400
 20
24112.5000
 30
0
 11
124000
 21
24112.5000
 31
0
  0
LINE
  5
184B
100
AcDbEntity
  8
WALL
100
AcDbLine
 10
124000
 20
23887.5000
 30
0
 11
124225
 21
24112.5000
 31
0
  0
LINE
  5
184C
100
AcDbEntity
  8
WALL
100
AcDbLine
 10
124150
 20
23887.5000
 30
0
 11
124375
 21
24112.5000
 31
0
  0
LINE
  5
184D
100
AcDbEntity
  8
WALL
100
AcDbLine
 10
124300
 20
23887.5000
 30
0
 11
124525
 21
24112.5000
 31
0
  0
LINE
  5
184E
100
AcDbEntity
  8
WALL
100
AcDbLine
 10
124450
 20
23887.5000
 30
0
 11
124675
 21
24112.5000
 31
0
  0
LINE
  5
184F
100
AcDbEntity
  8
WALL
100
AcDbLine
 10
124600
 20
23887.5000
 30
0
 11
124825
 21
24112.5000
 31
0
  0
LINE
  5
1850
100
AcDbEntity
  8
WALL
100
AcDbLine
 10
124750
 20
23887.5000
 30
0
 11
124975
 21
24112.5000
 31
0
  0
LINE
  5
1851
100
AcDbEntity
  8
WALL
100
AcDbLine
 10
124900
 20
23887.5000
 30
0
 11
125125
 21
24112.5000
 31
0
  0
LINE
  5
1852
100
AcDbEntity
  8
WALL
100
AcDbLine
 10
125050
 20
23887.5000
 30
0
 11
125275
 21
24112.5000
 31
0
  0
LINE
  5
1853
100
AcDbEntity
  8
WALL
100
AcDbLine
370
50
 10
126600
 20
23887.5000
 30
0
 11
128000
 21
23887.5000
 31
0
  0
LINE
  5
1854
100
AcDbEntity
  8
WALL
100
AcDbLine
370
50
 10
128000
 20
24112.5000
 30
0
 11
126600
 21
24112.5000
 31
0
  0
LINE
  5
1855
100
AcDbEntity
  8
WALL
100
AcDbLine
 10
126600
 20
23887.5000
 30
0
 11
126825
 21
24112.5000
 31
0
  0
LINE
  5
1856
100
AcDbEntity
  8
WALL
100
AcDbLine
 10
126750
 20
23887.5000
 30
0
 11
126975
 21
24112.5000
 31
0
  0
LINE
  5
1857
100
AcDbEntity
  8
WALL
100
AcDbLine
 10
126900
 20
23887.5000
 30
0
 11
127125
 21
24112.5000
 31
0
  0
LINE
  5
1858
100
AcDbEntity
  8
WALL
100
AcDbLine
 10
127050
 20
23887.5000
 30
0
 11
127275
 21
24112.5000
 31
0
  0
LINE
  5
1859
100
AcDbEntity
  8
WALL
100
AcDbLine
 10
127200
 20
23887.5000
 30
0
 11
127425
 21
24112.5000
 31
0
  0
LINE
  5
185A
100
AcDbEntity
  8
WALL
100
AcDbLine
 10
127350
 20
23887.5000
 30
0
 11
127575
 21
24112.5000
 31
0
  0
LINE
  5
185B
100
AcDbEntity
  8
WALL
100
AcDbLine
 10
127500
 20
23887.5000
 30
0
 11
127725
 21
24112.5000
 31
0
  0
LINE
  5
185C
100
AcDbEntity
  8
WALL
100
AcDbLine
 10
127650
 20
23887.5000
 30
0
 11
127875
 21
24112.5000
 31
0
  0
LINE
  5
185D
100
AcDbEntity
  8
WALL
100
AcDbLine
370
50
 10
125400
 20
23887.5000
 30
0
 11
125400
 21
24112.5000
 31
0
  0
LINE
  5
185E
100
AcDbEntity
  8
WALL
100
AcDbLine
370
50
 10
126600
 20
23887.5000
 30
0
 11
126600
 21
24112.5000
 31
0
  0
LINE
  5
185F
100
AcDbEntity
  8
WALL
100
AcDbLine
370
50
 10
128000
 20
23887.5000
 30
0
 11
129400
 21
23887.5000
 31
0
  0
LINE
  5
1860
100
AcDbEntity
  8
WALL
100
AcDbLine
370
50
 10
129400
 20
24112.5000
 30
0
 11
128000
 21
24112.5000
 31
0
  0
LINE
  5
1861
100
AcDbEntity
  8
WALL
100
AcDbLine
 10
128000
 20
23887.5000
 30
0
 11
128225
 21
24112.5000
 31
0
  0
LINE
  5
1862
100
AcDbEntity
  8
WALL
100
AcDbLine
 10
128150
 20
23887.5000
 30
0
 11
128375
 21
24112.5000
 31
0
  0
LINE
  5
1863
100
AcDbEntity
  8
WALL
100
AcDbLine
 10
128300
 20
23887.5000
 30
0
 11
128525
 21
24112.5000
 31
0
  0
LINE
  5
1864
100
AcDbEntity
  8
WALL
100
AcDbLine
 10
128450
 20
23887.5000
 30
0
 11
128675
 21
24112.5000
 31
0
  0
LINE
  5
1865
100
AcDbEntity
  8
WALL
100
AcDbLine
 10
128600
 20
23887.5000
 30
0
 11
128825
 21
24112.5000
 31
0
  0
LINE
  5
1866
100
AcDbEntity
  8
WALL
100
AcDbLine
 10
128750
 20
23887.5000
 30
0
 11
128975
 21
24112.5000
 31
0
  0
LINE
  5
1867
100
AcDbEntity
  8
WALL
100
AcDbLine
 10
128900
 20
23887.5000
 30
0
 11
129125
 21
24112.5000
 31
0
  0
LINE
  5
1868
100
AcDbEntity
  8
WALL
100
AcDbLine
 10
129050
 20
23887.5000
 30
0
 11
129275
 21
24112.5000
 31
0
  0
LINE
  5
1869
100
AcDbEntity
  8
WALL
100
AcDbLine
370
50
 10
130600
 20
23887.5000
 30
0
 11
132000
 21
23887.5000
 31
0
  0
LINE
  5
186A
100
AcDbEntity
  8
WALL
100
AcDbLine
370
50
 10
132000
 20
24112.5000
 30
0
 11
130600
 21
24112.5000
 31
0
  0
LINE
  5
186B
100
AcDbEntity
  8
WALL
100
AcDbLine
 10
130600
 20
23887.5000
 30
0
 11
130825
 21
24112.5000
 31
0
  0
LINE
  5
186C
100
AcDbEntity
  8
WALL
100
AcDbLine
 10
130750
 20
23887.5000
 30
0
 11
130975
 21
24112.5000
 31
0
  0
LINE
  5
186D
100
AcDbEntity
  8
WALL
100
AcDbLine
 10
130900
 20
23887.5000
 30
0
 11
131125
 21
24112.5000
 31
0
  0
LINE
  5
186E
100
AcDbEntity
  8
WALL
100
AcDbLine
 10
131050
 20
23887.5000
 30
0
 11
131275
 21
24112.5000
 31
0
  0
LINE
  5
186F
100
AcDbEntity
  8
WALL
100
AcDbLine
 10
131200
 20
23887.5000
 30
0
 11
131425
 21
24112.5000
 31
0
  0
LINE
  5
1870
100
AcDbEntity
  8
WALL
100
AcDbLine
 10
131350
 20
23887.5000
 30
0
 11
131575
 21
24112.5000
 31
0
  0
LINE
  5
1871
100
AcDbEntity
  8
WALL
100
AcDbLine
 10
131500
 20
23887.5000
 30
0
 11
131725
 21
24112.5000
 31
0
  0
LINE
  5
1872
100
AcDbEntity
  8
WALL
100
AcDbLine
 10
131650
 20
23887.5000
 30
0
 11
131875
 21
24112.5000
 31
0
  0
LINE
  5
1873
100
AcDbEntity
  8
WALL
100
AcDbLine
370
50
 10
129400
 20
23887.5000
 30
0
 11
129400
 21
24112.5000
 31
0
  0
LINE
  5
1874
100
AcDbEntity
  8
WALL
100
AcDbLine
370
50
 10
130600
 20
23887.5000
 30
0
 11
130600
 21
24112.5000
 31
0
  0
LINE
  5
1875
100
AcDbEntity
  8
WALL
100
AcDbLine
370
50
 10
111925
 20
0
 30
0
 11
111925
 21
3550
 31
0
  0
LINE
  5
1876
100
AcDbEntity
  8
WALL
100
AcDbLine
370
50
 10
112075
 20
3550
 30
0
 11
112075
 21
0
 31
0
  0
LINE
  5
1877
100
AcDbEntity
  8
WALL
100
AcDbLine
 10
111925
 20
0
 30
0
 11
112075
 21
150
 31
0
  0
LINE
  5
1878
100
AcDbEntity
  8
WALL
100
AcDbLine
 10
111925
 20
150
 30
0
 11
112075
 21
300
 31
0
  0
LINE
  5
1879
100
AcDbEntity
  8
WALL
100
AcDbLine
 10
111925
 20
300
 30
0
 11
112075
 21
450
 31
0
  0
LINE
  5
187A
100
AcDbEntity
  8
WALL
100
AcDbLine
 10
111925
 20
450
 30
0
 11
112075
 21
600
 31
0
  0
LINE
  5
187B
100
AcDbEntity
  8
WALL
100
AcDbLine
 10
111925
 20
600
 30
0
 11
112075
 21
750
 31
0
  0
LINE
  5
187C
100
AcDbEntity
  8
WALL
100
AcDbLine
 10
111925
 20
750
 30
0
 11
112075
 21
900
 31
0
  0
LINE
  5
187D
100
AcDbEntity
  8
WALL
100
AcDbLine
 10
111925
 20
900
 30
0
 11
112075
 21
1050
 31
0
  0
LINE
  5
187E
100
AcDbEntity
  8
WALL
100
AcDbLine
 10
111925
 20
1050
 30
0
 11
112075
 21
1200
 31
0
  0
LINE
  5
187F
100
AcDbEntity
  8
WALL
100
AcDbLine
 10
111925
 20
1200
 30
0
 11
112075
 21
1350
 31
0
  0
LINE
  5
1880
100
AcDbEntity
  8
WALL
100
AcDbLine
 10
111925
 20
1350
 30
0
 11
112075
 21
1500
 31
0
  0
LINE
  5
1881
100
AcDbEntity
  8
WALL
100
AcDbLine
 10
111925
 20
1500
 30
0
 11
112075
 21
1650
 31
0
  0
LINE
  5
1882
100
AcDbEntity
  8
WALL
100
AcDbLine
 10
111925
 20
1650
 30
0
 11
112075
 21
1800
 31
0
  0
LINE
  5
1883
100
AcDbEntity
  8
WALL
100
AcDbLine
 10
111925
 20
1800
 30
0
 11
112075
 21
1950
 31
0
  0
LINE
  5
1884
100
AcDbEntity
  8
WALL
100
AcDbLine
 10
111925
 20
1950
 30
0
 11
112075
 21
2100
 31
0
  0
LINE
  5
1885
100
AcDbEntity
  8
WALL
100
AcDbLine
 10
111925
 20
2100
 30
0
 11
112075
 21
2250
 31
0
  0
LINE
  5
1886
100
AcDbEntity
  8
WALL
100
AcDbLine
 10
111925
 20
2250
 30
0
 11
112075
 21
2400
 31
0
  0
LINE
  5
1887
100
AcDbEntity
  8
WALL
100
AcDbLine
 10
111925
 20
2400
 30
0
 11
112075
 21
2550
 31
0
  0
LINE
  5
1888
100
AcDbEntity
  8
WALL
100
AcDbLine
 10
111925
 20
2550
 30
0
 11
112075
 21
2700
 31
0
  0
LINE
  5
1889
100
AcDbEntity
  8
WALL
100
AcDbLine
 10
111925
 20
2700
 30
0
 11
112075
 21
2850
 31
0
  0
LINE
  5
188A
100
AcDbEntity
  8
WALL
100
AcDbLine
 10
111925
 20
2850
 30
0
 11
112075
 21
3000
 31
0
  0
LINE
  5
188B
100
AcDbEntity
  8
WALL
100
AcDbLine
 10
111925
 20
3000
 30
0
 11
112075
 21
3150
 31
0
  0
LINE
  5
188C
100
AcDbEntity
  8
WALL
100
AcDbLine
 10
111925
 20
3150
 30
0
 11
112075
 21
3300
 31
0
  0
LINE
  5
188D
100
AcDbEntity
  8
WALL
100
AcDbLine
 10
111925
 20
3300
 30
0
 11
112075
 21
3450
 31
0
  0
LINE
  5
188E
100
AcDbEntity
  8
WALL
100
AcDbLine
370
50
 10
111925
 20
4450
 30
0
 11
111925
 21
8000
 31
0
  0
LINE
  5
188F
100
AcDbEntity
  8
WALL
100
AcDbLine
370
50
 10
112075
 20
8000
 30
0
 11
112075
 21
4450
 31
0
  0
LINE
  5
1890
100
AcDbEntity
  8
WALL
100
AcDbLine
 10
111925
 20
4450
 30
0
 11
112075
 21
4600
 31
0
  0
LINE
  5
1891
100
AcDbEntity
  8
WALL
100
AcDbLine
 10
111925
 20
4600
 30
0
 11
112075
 21
4750
 31
0
  0
LINE
  5
1892
100
AcDbEntity
  8
WALL
100
AcDbLine
 10
111925
 20
4750
 30
0
 11
112075
 21
4900
 31
0
  0
LINE
  5
1893
100
AcDbEntity
  8
WALL
100
AcDbLine
 10
111925
 20
4900
 30
0
 11
112075
 21
5050
 31
0
  0
LINE
  5
1894
100
AcDbEntity
  8
WALL
100
AcDbLine
 10
111925
 20
5050
 30
0
 11
112075
 21
5200
 31
0
  0
LINE
  5
1895
100
AcDbEntity
  8
WALL
100
AcDbLine
 10
111925
 20
5200
 30
0
 11
112075
 21
5350
 31
0
  0
LINE
  5
1896
100
AcDbEntity
  8
WALL
100
AcDbLine
 10
111925
 20
5350
 30
0
 11
112075
 21
5500
 31
0
  0
LINE
  5
1897
100
AcDbEntity
  8
WALL
100
AcDbLine
 10
111925
 20
5500
 30
0
 11
112075
 21
5650
 31
0
  0
LINE
  5
1898
100
AcDbEntity
  8
WALL
100
AcDbLine
 10
111925
 20
5650
 30
0
 11
112075
 21
5800
 31
0
  0
LINE
  5
1899
100
AcDbEntity
  8
WALL
100
AcDbLine
 10
111925
 20
5800
 30
0
 11
112075
 21
5950
 31
0
  0
LINE
  5
189A
100
AcDbEntity
  8
WALL
100
AcDbLine
 10
111925
 20
5950
 30
0
 11
112075
 21
6100
 31
0
  0
LINE
  5
189B
100
AcDbEntity
  8
WALL
100
AcDbLine
 10
111925
 20
6100
 30
0
 11
112075
 21
6250
 31
0
  0
LINE
  5
189C
100
AcDbEntity
  8
WALL
100
AcDbLine
 10
111925
 20
6250
 30
0
 11
112075
 21
6400
 31
0
  0
LINE
  5
189D
100
AcDbEntity
  8
WALL
100
AcDbLine
 10
111925
 20
6400
 30
0
 11
112075
 21
6550
 31
0
  0
LINE
  5
189E
100
AcDbEntity
  8
WALL
100
AcDbLine
 10
111925
 20
6550
 30
0
 11
112075
 21
6700
 31
0
  0
LINE
  5
189F
100
AcDbEntity
  8
WALL
100
AcDbLine
 10
111925
 20
6700
 30
0
 11
112075
 21
6850
 31
0
  0
LINE
  5
18A0
100
AcDbEntity
  8
WALL
100
AcDbLine
 10
111925
 20
6850
 30
0
 11
112075
 21
7000
 31
0
  0
LINE
  5
18A1
100
AcDbEntity
  8
WALL
100
AcDbLine
 10
111925
 20
7000
 30
0
 11
112075
 21
7150
 31
0
  0
LINE
  5
18A2
100
AcDbEntity
  8
WALL
100
AcDbLine
 10
111925
 20
7150
 30
0
 11
112075
 21
7300
 31
0
  0
LINE
  5
18A3
100
AcDbEntity
  8
WALL
100
AcDbLine
 10
111925
 20
7300
 30
0
 11
112075
 21
7450
 31
0
  0
LINE
  5
18A4
100
AcDbEntity
  8
WALL
100
AcDbLine
 10
111925
 20
7450
 30
0
 11
112075
 21
7600
 31
0
  0
LINE
  5
18A5
100
AcDbEntity
  8
WALL
100
AcDbLine
 10
111925
 20
7600
 30
0
 11
112075
 21
7750
 31
0
  0
LINE
  5
18A6
100
AcDbEntity
  8
WALL
100
AcDbLine
 10
111925
 20
7750
 30
0
 11
112075
 21
7900
 31
0
  0
LINE
  5
18A7
100
AcDbEntity
  8
WALL
100
AcDbLine
370
50
 10
111925
 20
3550
 30
0
 11
112075
 21
3550
 31
0
  0
LINE
  5
18A8
100
AcDbEntity
  8
WALL
100
AcDbLine
370
50
 10
111925
 20
4450
 30
0
 11
112075
 21
4450
 31
0
  0
LINE
  5
18A9
100
AcDbEntity
  8
WALL
100
AcDbLine
370
50
 10
111925
 20
8000
 30
0
 11
111925
 21
11550
 31
0
  0
LINE
  5
18AA
100
AcDbEntity
  8
WALL
100
AcDbLine
370
50
 10
112075
 20
11550
 30
0
 11
112075
 21
8000
 31
0
  0
LINE
  5
18AB
100
AcDbEntity
  8
WALL
100
AcDbLine
 10
111925
 20
8000
 30
0
 11
112075
 21
8150
 31
0
  0
LINE
  5
18AC
100
AcDbEntity
  8
WALL
100
AcDbLine
 10
111925
 20
8150
 30
0
 11
112075
 21
8300
 31
0
  0
LINE
  5
18AD
100
AcDbEntity
  8
WALL
100
AcDbLine
 10
111925
 20
8300
 30
0
 11
112075
 21
8450
 31
0
  0
LINE
  5
18AE
100
AcDbEntity
  8
WALL
100
AcDbLine
 10
111925
 20
8450
 30
0
 11
112075
 21
8600
 31
0
  0
LINE
  5
18AF
100
AcDbEntity
  8
WALL
100
AcDbLine
 10
111925
 20
8600
 30
0
 11
112075
 21
8750
 31
0
  0
LINE
  5
18B0
100
AcDbEntity
  8
WALL
100
AcDbLine
 10
111925
 20
8750
 30
0
 11
112075
 21
8900
 31
0
  0
LINE
  5
18B1
100
AcDbEntity
  8
WALL
100
AcDbLine
 10
111925
 20
8900
 30
0
 11
112075
 21
9050
 31
0
  0
LINE
  5
18B2
100
AcDbEntity
  8
WALL
100
AcDbLine
 10
111925
 20
9050
 30
0
 11
112075
 21
9200
 31
0
  0
LINE
  5
18B3
100
AcDbEntity
  8
WALL
100
AcDbLine
 10
111925
 20
9200
 30
0
 11
112075
 21
9350
 31
0
  0
LINE
  5
18B4
100
AcDbEntity
  8
WALL
100
AcDbLine
 10
111925
 20
9350
 30
0
 11
112075
 21
9500
 31
0
  0
LINE
  5
18B5
100
AcDbEntity
  8
WALL
100
AcDbLine
 10
111925
 20
9500
 30
0
 11
112075
 21
9650
 31
0
  0
LINE
  5
18B6
100
AcDbEntity
  8
WALL
100
AcDbLine
 10
111925
 20
9650
 30
0
 11
112075
 21
9800
 31
0
  0
LINE
  5
18B7
100
AcDbEntity
  8
WALL
100
AcDbLine
 10
111925
 20
9800
 30
0
 11
112075
 21
9950
 31
0
  0
LINE
  5
18B8
100
AcDbEntity
  8
WALL
100
AcDbLine
 10
111925
 20
9950
 30
0
 11
112075
 21
10100
 31
0
  0
LINE
  5
18B9
100
AcDbEntity
  8
WALL
100
AcDbLine
 10
111925
 20
10100
 30
0
 11
112075
 21
10250
 31
0
  0
LINE
  5
18BA
100
AcDbEntity
  8
WALL
100
AcDbLine
 10
111925
 20
10250
 30
0
 11
112075
 21
10400
 31
0
  0
LINE
  5
18BB
100
AcDbEntity
  8
WALL
100
AcDbLine
 10
111925
 20
10400
 30
0
 11
112075
 21
10550
 31
0
  0
LINE
  5
18BC
100
AcDbEntity
  8
WALL
100
AcDbLine
 10
111925
 20
10550
 30
0
 11
112075
 21
10700
 31
0
  0
LINE
  5
18BD
100
AcDbEntity
  8
WALL
100
AcDbLine
 10
111925
 20
10700
 30
0
 11
112075
 21
10850
 31
0
  0
LINE
  5
18BE
100
AcDbEntity
  8
WALL
100
AcDbLine
 10
111925
 20
10850
 30
0
 11
112075
 21
11000
 31
0
  0
LINE
  5
18BF
100
AcDbEntity
  8
WALL
100
AcDbLine
 10
111925
 20
11000
 30
0
 11
112075
 21
11150
 31
0
  0
LINE
  5
18C0
100
AcDbEntity
  8
WALL
100
AcDbLine
 10
111925
 20
11150
 30
0
 11
112075
 21
11300
 31
0
  0
LINE
  5
18C1
100
AcDbEntity
  8
WALL
100
AcDbLine
 10
111925
 20
11300
 30
0
 11
112075
 21
11450
 31
0
  0
LINE
  5
18C2
100
AcDbEntity
  8
WALL
100
AcDbLine
370
50
 10
111925
 20
12450
 30
0
 11
111925
 21
16000
 31
0
  0
LINE
  5
18C3
100
AcDbEntity
  8
WALL
100
AcDbLine
370
50
 10
112075
 20
16000
 30
0
 11
112075
 21
12450
 31
0
  0
LINE
  5
18C4
100
AcDbEntity
  8
WALL
100
AcDbLine
 10
111925
 20
12450
 30
0
 11
112075
 21
12600
 31
0
  0
LINE
  5
18C5
100
AcDbEntity
  8
WALL
100
AcDbLine
 10
111925
 20
12600
 30
0
 11
112075
 21
12750
 31
0
  0
LINE
  5
18C6
100
AcDbEntity
  8
WALL
100
AcDbLine
 10
111925
 20
12750
 30
0
 11
112075
 21
12900
 31
0
  0
LINE
  5
18C7
100
AcDbEntity
  8
WALL
100
AcDbLine
 10
111925
 20
12900
 30
0
 11
112075
 21
13050
 31
0
  0
LINE
  5
18C8
100
AcDbEntity
  8
WALL
100
AcDbLine
 10
111925
 20
13050
 30
0
 11
112075
 21
13200
 31
0
  0
LINE
  5
18C9
100
AcDbEntity
  8
WALL
100
AcDbLine
 10
111925
 20
13200
 30
0
 11
112075
 21
13350
 31
0
  0
LINE
  5
18CA
100
AcDbEntity
  8
WALL
100
AcDbLine
 10
111925
 20
13350
 30
0
 11
112075
 21
13500
 31
0
  0
LINE
  5
18CB
100
AcDbEntity
  8
WALL
100
AcDbLine
 10
111925
 20
13500
 30
0
 11
112075
 21
13650
 31
0
  0
LINE
  5
18CC
100
AcDbEntity
  8
WALL
100
AcDbLine
 10
111925
 20
13650
 30
0
 11
112075
 21
13800
 31
0
  0
LINE
  5
18CD
100
AcDbEntity
  8
WALL
100
AcDbLine
 10
111925
 20
13800
 30
0
 11
112075
 21
13950
 31
0
  0
LINE
  5
18CE
100
AcDbEntity
  8
WALL
100
AcDbLine
 10
111925
 20
13950
 30
0
 11
112075
 21
14100
 31
0
  0
LINE
  5
18CF
100
AcDbEntity
  8
WALL
100
AcDbLine
 10
111925
 20
14100
 30
0
 11
112075
 21
14250
 31
0
  0
LINE
  5
18D0
100
AcDbEntity
  8
WALL
100
AcDbLine
 10
111925
 20
14250
 30
0
 11
112075
 21
14400
 31
0
  0
LINE
  5
18D1
100
AcDbEntity
  8
WALL
100
AcDbLine
 10
111925
 20
14400
 30
0
 11
112075
 21
14550
 31
0
  0
LINE
  5
18D2
100
AcDbEntity
  8
WALL
100
AcDbLine
 10
111925
 20
14550
 30
0
 11
112075
 21
14700
 31
0
  0
LINE
  5
18D3
100
AcDbEntity
  8
WALL
100
AcDbLine
 10
111925
 20
14700
 30
0
 11
112075
 21
14850
 31
0
  0
LINE
  5
18D4
100
AcDbEntity
  8
WALL
100
AcDbLine
 10
111925
 20
14850
 30
0
 11
112075
 21
15000
 31
0
  0
LINE
  5
18D5
100
AcDbEntity
  8
WALL
100
AcDbLine
 10
111925
 20
15000
 30
0
 11
112075
 21
15150
 31
0
  0
LINE
  5
18D6
100
AcDbEntity
  8
WALL
100
AcDbLine
 10
111925
 20
15150
 30
0
 11
112075
 21
15300
 31
0
  0
LINE
  5
18D7
100
AcDbEntity
  8
WALL
100
AcDbLine
 10
111925
 20
15300
 30
0
 11
112075
 21
15450
 31
0
  0
LINE
  5
18D8
100
AcDbEntity
  8
WALL
100
AcDbLine
 10
111925
 20
15450
 30
0
 11
112075
 21
15600
 31
0
  0
LINE
  5
18D9
100
AcDbEntity
  8
WALL
100
AcDbLine
 10
111925
 20
15600
 30
0
 11
112075
 21
15750
 31
0
  0
LINE
  5
18DA
100
AcDbEntity
  8
WALL
100
AcDbLine
 10
111925
 20
15750
 30
0
 11
112075
 21
15900
 31
0
  0
LINE
  5
18DB
100
AcDbEntity
  8
WALL
100
AcDbLine
370
50
 10
111925
 20
11550
 30
0
 11
112075
 21
11550
 31
0
  0
LINE
  5
18DC
100
AcDbEntity
  8
WALL
100
AcDbLine
370
50
 10
111925
 20
12450
 30
0
 11
112075
 21
12450
 31
0
  0
LINE
  5
18DD
100
AcDbEntity
  8
WALL
100
AcDbLine
370
50
 10
111925
 20
16000
 30
0
 11
111925
 21
19550
 31
0
  0
LINE
  5
18DE
100
AcDbEntity
  8
WALL
100
AcDbLine
370
50
 10
112075
 20
19550
 30
0
 11
112075
 21
16000
 31
0
  0
LINE
  5
18DF
100
AcDbEntity
  8
WALL
100
AcDbLine
 10
111925
 20
16000
 30
0
 11
112075
 21
16150
 31
0
  0
LINE
  5
18E0
100
AcDbEntity
  8
WALL
100
AcDbLine
 10
111925
 20
16150
 30
0
 11
112075
 21
16300
 31
0
  0
LINE
  5
18E1
100
AcDbEntity
  8
WALL
100
AcDbLine
 10
111925
 20
16300
 30
0
 11
112075
 21
16450
 31
0
  0
LINE
  5
18E2
100
AcDbEntity
  8
WALL
100
AcDbLine
 10
111925
 20
16450
 30
0
 11
112075
 21
16600
 31
0
  0
LINE
  5
18E3
100
AcDbEntity
  8
WALL
100
AcDbLine
 10
111925
 20
16600
 30
0
 11
112075
 21
16750
 31
0
  0
LINE
  5
18E4
100
AcDbEntity
  8
WALL
100
AcDbLine
 10
111925
 20
16750
 30
0
 11
112075
 21
16900
 31
0
  0
LINE
  5
18E5
100
AcDbEntity
  8
WALL
100
AcDbLine
 10
111925
 20
16900
 30
0
 11
112075
 21
17050
 31
0
  0
LINE
  5
18E6
100
AcDbEntity
  8
WALL
100
AcDbLine
 10
111925
 20
17050
 30
0
 11
112075
 21
17200
 31
0
  0
LINE
  5
18E7
100
AcDbEntity
  8
WALL
100
AcDbLine
 10
111925
 20
17200
 30
0
 11
112075
 21
17350
 31
0
  0
LINE
  5
18E8
100
AcDbEntity
  8
WALL
100
AcDbLine
 10
111925
 20
17350
 30
0
 11
112075
 21
17500
 31
0
  0
LINE
  5
18E9
100
AcDbEntity
  8
WALL
100
AcDbLine
 10
111925
 20
17500
 30
0
 11
112075
 21
17650
 31
0
  0
LINE
  5
18EA
100
AcDbEntity
  8
WALL
100
AcDbLine
 10
111925
 20
17650
 30
0
 11
112075
 21
17800
 31
0
  0
LINE
  5
18EB
100
AcDbEntity
  8
WALL
100
AcDbLine
 10
111925
 20
17800
 30
0
 11
112075
 21
17950
 31
0
  0
LINE
  5
18EC
100
AcDbEntity
  8
WALL
100
AcDbLine
 10
111925
 20
17950
 30
0
 11
112075
 21
18100
 31
0
  0
LINE
  5
18ED
100
AcDbEntity
  8
WALL
100
AcDbLine
 10
111925
 20
18100
 30
0
 11
112075
 21
18250
 31
0
  0
LINE
  5
18EE
100
AcDbEntity
  8
WALL
100
AcDbLine
 10
111925
 20
18250
 30
0
 11
112075
 21
18400
 31
0
  0
LINE
  5
18EF
100
AcDbEntity
  8
WALL
100
AcDbLine
 10
111925
 20
18400
 30
0
 11
112075
 21
18550
 31
0
  0
LINE
  5
18F0
100
AcDbEntity
  8
WALL
100
AcDbLine
 10
111925
 20
18550
 30
0
 11
112075
 21
18700
 31
0
  0
LINE
  5
18F1
100
AcDbEntity
  8
WALL
100
AcDbLine
 10
111925
 20
18700
 30
0
 11
112075
 21
18850
 31
0
  0
LINE
  5
18F2
100
AcDbEntity
  8
WALL
100
AcDbLine
 10
111925
 20
18850
 30
0
 11
112075
 21
19000
 31
0
  0
LINE
  5
18F3
100
AcDbEntity
  8
WALL
100
AcDbLine
 10
111925
 20
19000
 30
0
 11
112075
 21
19150
 31
0
  0
LINE
  5
18F4
100
AcDbEntity
  8
WALL
100
AcDbLine
 10
111925
 20
19150
 30
0
 11
112075
 21
19300
 31
0
  0
LINE
  5
18F5
100
AcDbEntity
  8
WALL
100
AcDbLine
 10
111925
 20
19300
 30
0
 11
112075
 21
19450
 31
0
  0
LINE
  5
18F6
100
AcDbEntity
  8
WALL
100
AcDbLine
370
50
 10
111925
 20
20450
 30
0
 11
111925
 21
24000
 31
0
  0
LINE
  5
18F7
100
AcDbEntity
  8
WALL
100
AcDbLine
370
50
 10
112075
 20
24000
 30
0
 11
112075
 21
20450
 31
0
  0
LINE
  5
18F8
100
AcDbEntity
  8
WALL
100
AcDbLine
 10
111925
 20
20450
 30
0
 11
112075
 21
20600
 31
0
  0
LINE
  5
18F9
100
AcDbEntity
  8
WALL
100
AcDbLine
 10
111925
 20
20600
 30
0
 11
112075
 21
20750
 31
0
  0
LINE
  5
18FA
100
AcDbEntity
  8
WALL
100
AcDbLine
 10
111925
 20
20750
 30
0
 11
112075
 21
20900
 31
0
  0
LINE
  5
18FB
100
AcDbEntity
  8
WALL
100
AcDbLine
 10
111925
 20
20900
 30
0
 11
112075
 21
21050
 31
0
  0
LINE
  5
18FC
100
AcDbEntity
  8
WALL
100
AcDbLine
 10
111925
 20
21050
 30
0
 11
112075
 21
21200
 31
0
  0
LINE
  5
18FD
100
AcDbEntity
  8
WALL
100
AcDbLine
 10
111925
 20
21200
 30
0
 11
112075
 21
21350
 31
0
  0
LINE
  5
18FE
100
AcDbEntity
  8
WALL
100
AcDbLine
 10
111925
 20
21350
 30
0
 11
112075
 21
21500
 31
0
  0
LINE
  5
18FF
100
AcDbEntity
  8
WALL
100
AcDbLine
 10
111925
 20
21500
 30
0
 11
112075
 21
21650
 31
0
  0
LINE
  5
1900
100
AcDbEntity
  8
WALL
100
AcDbLine
 10
111925
 20
21650
 30
0
 11
112075
 21
21800
 31
0
  0
LINE
  5
1901
100
AcDbEntity
  8
WALL
100
AcDbLine
 10
111925
 20
21800
 30
0
 11
112075
 21
21950
 31
0
  0
LINE
  5
1902
100
AcDbEntity
  8
WALL
100
AcDbLine
 10
111925
 20
21950
 30
0
 11
112075
 21
22100
 31
0
  0
LINE
  5
1903
100
AcDbEntity
  8
WALL
100
AcDbLine
 10
111925
 20
22100
 30
0
 11
112075
 21
22250
 31
0
  0
LINE
  5
1904
100
AcDbEntity
  8
WALL
100
AcDbLine
 10
111925
 20
22250
 30
0
 11
112075
 21
22400
 31
0
  0
LINE
  5
1905
100
AcDbEntity
  8
WALL
100
AcDbLine
 10
111925
 20
22400
 30
0
 11
112075
 21
22550
 31
0
  0
LINE
  5
1906
100
AcDbEntity
  8
WALL
100
AcDbLine
 10
111925
 20
22550
 30
0
 11
112075
 21
22700
 31
0
  0
LINE
  5
1907
100
AcDbEntity
  8
WALL
100
AcDbLine
 10
111925
 20
22700
 30
0
 11
112075
 21
22850
 31
0
  0
LINE
  5
1908
100
AcDbEntity
  8
WALL
100
AcDbLine
 10
111925
 20
22850
 30
0
 11
112075
 21
23000
 31
0
  0
LINE
  5
1909
100
AcDbEntity
  8
WALL
100
AcDbLine
 10
111925
 20
23000
 30
0
 11
112075
 21
23150
 31
0
  0
LINE
  5
190A
100
AcDbEntity
  8
WALL
100
AcDbLine
 10
111925
 20
23150
 30
0
 11
112075
 21
23300
 31
0
  0
LINE
  5
190B
100
AcDbEntity
  8
WALL
100
AcDbLine
 10
111925
 20
23300
 30
0
 11
112075
 21
23450
 31
0
  0
LINE
  5
190C
100
AcDbEntity
  8
WALL
100
AcDbLine
 10
111925
 20
23450
 30
0
 11
112075
 21
23600
 31
0
  0
LINE
  5
190D
100
AcDbEntity
  8
WALL
100
AcDbLine
 10
111925
 20
23600
 30
0
 11
112075
 21
23750
 31
0
  0
LINE
  5
190E
100
AcDbEntity
  8
WALL
100
AcDbLine
 10
111925
 20
23750
 30
0
 11
112075
 21
23900
 31
0
  0
LINE
  5
190F
100
AcDbEntity
  8
WALL
100
AcDbLine
370
50
 10
111925
 20
19550
 30
0
 11
112075
 21
19550
 31
0
  0
LINE
  5
1910
100
AcDbEntity
  8
WALL
100
AcDbLine
370
50
 10
111925
 20
20450
 30
0
 11
112075
 21
20450
 31
0
  0
LINE
  5
1911
100
AcDbEntity
  8
WALL
100
AcDbLine
370
50
 10
115925
 20
0
 30
0
 11
115925
 21
3550
 31
0
  0
LINE
  5
1912
100
AcDbEntity
  8
WALL
100
AcDbLine
370
50
 10
116075
 20
3550
 30
0
 11
116075
 21
0
 31
0
  0
LINE
  5
1913
100
AcDbEntity
  8
WALL
100
AcDbLine
 10
115925
 20
0
 30
0
 11
116075
 21
150
 31
0
  0
LINE
  5
1914
100
AcDbEntity
  8
WALL
100
AcDbLine
 10
115925
 20
150
 30
0
 11
116075
 21
300
 31
0
  0
LINE
  5
1915
100
AcDbEntity
  8
WALL
100
AcDbLine
 10
115925
 20
300
 30
0
 11
116075
 21
450
 31
0
  0
LINE
  5
1916
100
AcDbEntity
  8
WALL
100
AcDbLine
 10
115925
 20
450
 30
0
 11
116075
 21
600
 31
0
  0
LINE
  5
1917
100
AcDbEntity
  8
WALL
100
AcDbLine
 10
115925
 20
600
 30
0
 11
116075
 21
750
 31
0
  0
LINE
  5
1918
100
AcDbEntity
  8
WALL
100
AcDbLine
 10
115925
 20
750
 30
0
 11
116075
 21
900
 31
0
  0
LINE
  5
1919
100
AcDbEntity
  8
WALL
100
AcDbLine
 10
115925
 20
900
 30
0
 11
116075
 21
1050
 31
0
  0
LINE
  5
191A
100
AcDbEntity
  8
WALL
100
AcDbLine
 10
115925
 20
1050
 30
0
 11
116075
 21
1200
 31
0
  0
LINE
  5
191B
100
AcDbEntity
  8
WALL
100
AcDbLine
 10
115925
 20
1200
 30
0
 11
116075
 21
1350
 31
0
  0
LINE
  5
191C
100
AcDbEntity
  8
WALL
100
AcDbLine
 10
115925
 20
1350
 30
0
 11
116075
 21
1500
 31
0
  0
LINE
  5
191D
100
AcDbEntity
  8
WALL
100
AcDbLine
 10
115925
 20
1500
 30
0
 11
116075
 21
1650
 31
0
  0
LINE
  5
191E
100
AcDbEntity
  8
WALL
100
AcDbLine
 10
115925
 20
1650
 30
0
 11
116075
 21
1800
 31
0
  0
LINE
  5
191F
100
AcDbEntity
  8
WALL
100
AcDbLine
 10
115925
 20
1800
 30
0
 11
116075
 21
1950
 31
0
  0
LINE
  5
1920
100
AcDbEntity
  8
WALL
100
AcDbLine
 10
115925
 20
1950
 30
0
 11
116075
 21
2100
 31
0
  0
LINE
  5
1921
100
AcDbEntity
  8
WALL
100
AcDbLine
 10
115925
 20
2100
 30
0
 11
116075
 21
2250
 31
0
  0
LINE
  5
1922
100
AcDbEntity
  8
WALL
100
AcDbLine
 10
115925
 20
2250
 30
0
 11
116075
 21
2400
 31
0
  0
LINE
  5
1923
100
AcDbEntity
  8
WALL
100
AcDbLine
 10
115925
 20
2400
 30
0
 11
116075
 21
2550
 31
0
  0
LINE
  5
1924
100
AcDbEntity
  8
WALL
100
AcDbLine
 10
115925
 20
2550
 30
0
 11
116075
 21
2700
 31
0
  0
LINE
  5
1925
100
AcDbEntity
  8
WALL
100
AcDbLine
 10
115925
 20
2700
 30
0
 11
116075
 21
2850
 31
0
  0
LINE
  5
1926
100
AcDbEntity
  8
WALL
100
AcDbLine
 10
115925
 20
2850
 30
0
 11
116075
 21
3000
 31
0
  0
LINE
  5
1927
100
AcDbEntity
  8
WALL
100
AcDbLine
 10
115925
 20
3000
 30
0
 11
116075
 21
3150
 31
0
  0
LINE
  5
1928
100
AcDbEntity
  8
WALL
100
AcDbLine
 10
115925
 20
3150
 30
0
 11
116075
 21
3300
 31
0
  0
LINE
  5
1929
100
AcDbEntity
  8
WALL
100
AcDbLine
 10
115925
 20
3300
 30
0
 11
116075
 21
3450
 31
0
  0
LINE
  5
192A
100
AcDbEntity
  8
WALL
100
AcDbLine
370
50
 10
115925
 20
4450
 30
0
 11
115925
 21
8000
 31
0
  0
LINE
  5
192B
100
AcDbEntity
  8
WALL
100
AcDbLine
370
50
 10
116075
 20
8000
 30
0
 11
116075
 21
4450
 31
0
  0
LINE
  5
192C
100
AcDbEntity
  8
WALL
100
AcDbLine
 10
115925
 20
4450
 30
0
 11
116075
 21
4600
 31
0
  0
LINE
  5
192D
100
AcDbEntity
  8
WALL
100
AcDbLine
 10
115925
 20
4600
 30
0
 11
116075
 21
4750
 31
0
  0
LINE
  5
192E
100
AcDbEntity
  8
WALL
100
AcDbLine
 10
115925
 20
4750
 30
0
 11
116075
 21
4900
 31
0
  0
LINE
  5
192F
100
AcDbEntity
  8
WALL
100
AcDbLine
 10
115925
 20
4900
 30
0
 11
116075
 21
5050
 31
0
  0
LINE
  5
1930
100
AcDbEntity
  8
WALL
100
AcDbLine
 10
115925
 20
5050
 30
0
 11
116075
 21
5200
 31
0
  0
LINE
  5
1931
100
AcDbEntity
  8
WALL
100
AcDbLine
 10
115925
 20
5200
 30
0
 11
116075
 21
5350
 31
0
  0
LINE
  5
1932
100
AcDbEntity
  8
WALL
100
AcDbLine
 10
115925
 20
5350
 30
0
 11
116075
 21
5500
 31
0
  0
LINE
  5
1933
100
AcDbEntity
  8
WALL
100
AcDbLine
 10
115925
 20
5500
 30
0
 11
116075
 21
5650
 31
0
  0
LINE
  5
1934
100
AcDbEntity
  8
WALL
100
AcDbLine
 10
115925
 20
5650
 30
0
 11
116075
 21
5800
 31
0
  0
LINE
  5
1935
100
AcDbEntity
  8
WALL
100
AcDbLine
 10
115925
 20
5800
 30
0
 11
116075
 21
5950
 31
0
  0
LINE
  5
1936
100
AcDbEntity
  8
WALL
100
AcDbLine
 10
115925
 20
5950
 30
0
 11
116075
 21
6100
 31
0
  0
LINE
  5
1937
100
AcDbEntity
  8
WALL
100
AcDbLine
 10
115925
 20
6100
 30
0
 11
116075
 21
6250
 31
0
  0
LINE
  5
1938
100
AcDbEntity
  8
WALL
100
AcDbLine
 10
115925
 20
6250
 30
0
 11
116075
 21
6400
 31
0
  0
LINE
  5
1939
100
AcDbEntity
  8
WALL
100
AcDbLine
 10
115925
 20
6400
 30
0
 11
116075
 21
6550
 31
0
  0
LINE
  5
193A
100
AcDbEntity
  8
WALL
100
AcDbLine
 10
115925
 20
6550
 30
0
 11
116075
 21
6700
 31
0
  0
LINE
  5
193B
100
AcDbEntity
  8
WALL
100
AcDbLine
 10
115925
 20
6700
 30
0
 11
116075
 21
6850
 31
0
  0
LINE
  5
193C
100
AcDbEntity
  8
WALL
100
AcDbLine
 10
115925
 20
6850
 30
0
 11
116075
 21
7000
 31
0
  0
LINE
  5
193D
100
AcDbEntity
  8
WALL
100
AcDbLine
 10
115925
 20
7000
 30
0
 11
116075
 21
7150
 31
0
  0
LINE
  5
193E
100
AcDbEntity
  8
WALL
100
AcDbLine
 10
115925
 20
7150
 30
0
 11
116075
 21
7300
 31
0
  0
LINE
  5
193F
100
AcDbEntity
  8
WALL
100
AcDbLine
 10
115925
 20
7300
 30
0
 11
116075
 21
7450
 31
0
  0
LINE
  5
1940
100
AcDbEntity
  8
WALL
100
AcDbLine
 10
115925
 20
7450
 30
0
 11
116075
 21
7600
 31
0
  0
LINE
  5
1941
100
AcDbEntity
  8
WALL
100
AcDbLine
 10
115925
 20
7600
 30
0
 11
116075
 21
7750
 31
0
  0
LINE
  5
1942
100
AcDbEntity
  8
WALL
100
AcDbLine
 10
115925
 20
7750
 30
0
 11
116075
 21
7900
 31
0
  0
LINE
  5
1943
100
AcDbEntity
  8
WALL
100
AcDbLine
370
50
 10
115925
 20
3550
 30
0
 11
116075
 21
3550
 31
0
  0
LINE
  5
1944
100
AcDbEntity
  8
WALL
100
AcDbLine
370
50
 10
115925
 20
4450
 30
0
 11
116075
 21
4450
 31
0
  0
LINE
  5
1945
100
AcDbEntity
  8
WALL
100
AcDbLine
370
50
 10
115925
 20
8000
 30
0
 11
115925
 21
11550
 31
0
  0
LINE
  5
1946
100
AcDbEntity
  8
WALL
100
AcDbLine
370
50
 10
116075
 20
11550
 30
0
 11
116075
 21
8000
 31
0
  0
LINE
  5
1947
100
AcDbEntity
  8
WALL
100
AcDbLine
 10
115925
 20
8000
 30
0
 11
116075
 21
8150
 31
0
  0
LINE
  5
1948
100
AcDbEntity
  8
WALL
100
AcDbLine
 10
115925
 20
8150
 30
0
 11
116075
 21
8300
 31
0
  0
LINE
  5
1949
100
AcDbEntity
  8
WALL
100
AcDbLine
 10
115925
 20
8300
 30
0
 11
116075
 21
8450
 31
0
  0
LINE
  5
194A
100
AcDbEntity
  8
WALL
100
AcDbLine
 10
115925
 20
8450
 30
0
 11
116075
 21
8600
 31
0
  0
LINE
  5
194B
100
AcDbEntity
  8
WALL
100
AcDbLine
 10
115925
 20
8600
 30
0
 11
116075
 21
8750
 31
0
  0
LINE
  5
194C
100
AcDbEntity
  8
WALL
100
AcDbLine
 10
115925
 20
8750
 30
0
 11
116075
 21
8900
 31
0
  0
LINE
  5
194D
100
AcDbEntity
  8
WALL
100
AcDbLine
 10
115925
 20
8900
 30
0
 11
116075
 21
9050
 31
0
  0
LINE
  5
194E
100
AcDbEntity
  8
WALL
100
AcDbLine
 10
115925
 20
9050
 30
0
 11
116075
 21
9200
 31
0
  0
LINE
  5
194F
100
AcDbEntity
  8
WALL
100
AcDbLine
 10
115925
 20
9200
 30
0
 11
116075
 21
9350
 31
0
  0
LINE
  5
1950
100
AcDbEntity
  8
WALL
100
AcDbLine
 10
115925
 20
9350
 30
0
 11
116075
 21
9500
 31
0
  0
LINE
  5
1951
100
AcDbEntity
  8
WALL
100
AcDbLine
 10
115925
 20
9500
 30
0
 11
116075
 21
9650
 31
0
  0
LINE
  5
1952
100
AcDbEntity
  8
WALL
100
AcDbLine
 10
115925
 20
9650
 30
0
 11
116075
 21
9800
 31
0
  0
LINE
  5
1953
100
AcDbEntity
  8
WALL
100
AcDbLine
 10
115925
 20
9800
 30
0
 11
116075
 21
9950
 31
0
  0
LINE
  5
1954
100
AcDbEntity
  8
WALL
100
AcDbLine
 10
115925
 20
9950
 30
0
 11
116075
 21
10100
 31
0
  0
LINE
  5
1955
100
AcDbEntity
  8
WALL
100
AcDbLine
 10
115925
 20
10100
 30
0
 11
116075
 21
10250
 31
0
  0
LINE
  5
1956
100
AcDbEntity
  8
WALL
100
AcDbLine
 10
115925
 20
10250
 30
0
 11
116075
 21
10400
 31
0
  0
LINE
  5
1957
100
AcDbEntity
  8
WALL
100
AcDbLine
 10
115925
 20
10400
 30
0
 11
116075
 21
10550
 31
0
  0
LINE
  5
1958
100
AcDbEntity
  8
WALL
100
AcDbLine
 10
115925
 20
10550
 30
0
 11
116075
 21
10700
 31
0
  0
LINE
  5
1959
100
AcDbEntity
  8
WALL
100
AcDbLine
 10
115925
 20
10700
 30
0
 11
116075
 21
10850
 31
0
  0
LINE
  5
195A
100
AcDbEntity
  8
WALL
100
AcDbLine
 10
115925
 20
10850
 30
0
 11
116075
 21
11000
 31
0
  0
LINE
  5
195B
100
AcDbEntity
  8
WALL
100
AcDbLine
 10
115925
 20
11000
 30
0
 11
116075
 21
11150
 31
0
  0
LINE
  5
195C
100
AcDbEntity
  8
WALL
100
AcDbLine
 10
115925
 20
11150
 30
0
 11
116075
 21
11300
 31
0
  0
LINE
  5
195D
100
AcDbEntity
  8
WALL
100
AcDbLine
 10
115925
 20
11300
 30
0
 11
116075
 21
11450
 31
0
  0
LINE
  5
195E
100
AcDbEntity
  8
WALL
100
AcDbLine
370
50
 10
115925
 20
12450
 30
0
 11
115925
 21
16000
 31
0
  0
LINE
  5
195F
100
AcDbEntity
  8
WALL
100
AcDbLine
370
50
 10
116075
 20
16000
 30
0
 11
116075
 21
12450
 31
0
  0
LINE
  5
1960
100
AcDbEntity
  8
WALL
100
AcDbLine
 10
115925
 20
12450
 30
0
 11
116075
 21
12600
 31
0
  0
LINE
  5
1961
100
AcDbEntity
  8
WALL
100
AcDbLine
 10
115925
 20
12600
 30
0
 11
116075
 21
12750
 31
0
  0
LINE
  5
1962
100
AcDbEntity
  8
WALL
100
AcDbLine
 10
115925
 20
12750
 30
0
 11
116075
 21
12900
 31
0
  0
LINE
  5
1963
100
AcDbEntity
  8
WALL
100
AcDbLine
 10
115925
 20
12900
 30
0
 11
116075
 21
13050
 31
0
  0
LINE
  5
1964
100
AcDbEntity
  8
WALL
100
AcDbLine
 10
115925
 20
13050
 30
0
 11
116075
 21
13200
 31
0
  0
LINE
  5
1965
100
AcDbEntity
  8
WALL
100
AcDbLine
 10
115925
 20
13200
 30
0
 11
116075
 21
13350
 31
0
  0
LINE
  5
1966
100
AcDbEntity
  8
WALL
100
AcDbLine
 10
115925
 20
13350
 30
0
 11
116075
 21
13500
 31
0
  0
LINE
  5
1967
100
AcDbEntity
  8
WALL
100
AcDbLine
 10
115925
 20
13500
 30
0
 11
116075
 21
13650
 31
0
  0
LINE
  5
1968
100
AcDbEntity
  8
WALL
100
AcDbLine
 10
115925
 20
13650
 30
0
 11
116075
 21
13800
 31
0
  0
LINE
  5
1969
100
AcDbEntity
  8
WALL
100
AcDbLine
 10
115925
 20
13800
 30
0
 11
116075
 21
13950
 31
0
  0
LINE
  5
196A
100
AcDbEntity
  8
WALL
100
AcDbLine
 10
115925
 20
13950
 30
0
 11
116075
 21
14100
 31
0
  0
LINE
  5
196B
100
AcDbEntity
  8
WALL
100
AcDbLine
 10
115925
 20
14100
 30
0
 11
116075
 21
14250
 31
0
  0
LINE
  5
196C
100
AcDbEntity
  8
WALL
100
AcDbLine
 10
115925
 20
14250
 30
0
 11
116075
 21
14400
 31
0
  0
LINE
  5
196D
100
AcDbEntity
  8
WALL
100
AcDbLine
 10
115925
 20
14400
 30
0
 11
116075
 21
14550
 31
0
  0
LINE
  5
196E
100
AcDbEntity
  8
WALL
100
AcDbLine
 10
115925
 20
14550
 30
0
 11
116075
 21
14700
 31
0
  0
LINE
  5
196F
100
AcDbEntity
  8
WALL
100
AcDbLine
 10
115925
 20
14700
 30
0
 11
116075
 21
14850
 31
0
  0
LINE
  5
1970
100
AcDbEntity
  8
WALL
100
AcDbLine
 10
115925
 20
14850
 30
0
 11
116075
 21
15000
 31
0
  0
LINE
  5
1971
100
AcDbEntity
  8
WALL
100
AcDbLine
 10
115925
 20
15000
 30
0
 11
116075
 21
15150
 31
0
  0
LINE
  5
1972
100
AcDbEntity
  8
WALL
100
AcDbLine
 10
115925
 20
15150
 30
0
 11
116075
 21
15300
 31
0
  0
LINE
  5
1973
100
AcDbEntity
  8
WALL
100
AcDbLine
 10
115925
 20
15300
 30
0
 11
116075
 21
15450
 31
0
  0
LINE
  5
1974
100
AcDbEntity
  8
WALL
100
AcDbLine
 10
115925
 20
15450
 30
0
 11
116075
 21
15600
 31
0
  0
LINE
  5
1975
100
AcDbEntity
  8
WALL
100
AcDbLine
 10
115925
 20
15600
 30
0
 11
116075
 21
15750
 31
0
  0
LINE
  5
1976
100
AcDbEntity
  8
WALL
100
AcDbLine
 10
115925
 20
15750
 30
0
 11
116075
 21
15900
 31
0
  0
LINE
  5
1977
100
AcDbEntity
  8
WALL
100
AcDbLine
370
50
 10
115925
 20
11550
 30
0
 11
116075
 21
11550
 31
0
  0
LINE
  5
1978
100
AcDbEntity
  8
WALL
100
AcDbLine
370
50
 10
115925
 20
12450
 30
0
 11
116075
 21
12450
 31
0
  0
LINE
  5
1979
100
AcDbEntity
  8
WALL
100
AcDbLine
370
50
 10
115925
 20
16000
 30
0
 11
115925
 21
19550
 31
0
  0
LINE
  5
197A
100
AcDbEntity
  8
WALL
100
AcDbLine
370
50
 10
116075
 20
19550
 30
0
 11
116075
 21
16000
 31
0
  0
LINE
  5
197B
100
AcDbEntity
  8
WALL
100
AcDbLine
 10
115925
 20
16000
 30
0
 11
116075
 21
16150
 31
0
  0
LINE
  5
197C
100
AcDbEntity
  8
WALL
100
AcDbLine
 10
115925
 20
16150
 30
0
 11
116075
 21
16300
 31
0
  0
LINE
  5
197D
100
AcDbEntity
  8
WALL
100
AcDbLine
 10
115925
 20
16300
 30
0
 11
116075
 21
16450
 31
0
  0
LINE
  5
197E
100
AcDbEntity
  8
WALL
100
AcDbLine
 10
115925
 20
16450
 30
0
 11
116075
 21
16600
 31
0
  0
LINE
  5
197F
100
AcDbEntity
  8
WALL
100
AcDbLine
 10
115925
 20
16600
 30
0
 11
116075
 21
16750
 31
0
  0
LINE
  5
1980
100
AcDbEntity
  8
WALL
100
AcDbLine
 10
115925
 20
16750
 30
0
 11
116075
 21
16900
 31
0
  0
LINE
  5
1981
100
AcDbEntity
  8
WALL
100
AcDbLine
 10
115925
 20
16900
 30
0
 11
116075
 21
17050
 31
0
  0
LINE
  5
1982
100
AcDbEntity
  8
WALL
100
AcDbLine
 10
115925
 20
17050
 30
0
 11
116075
 21
17200
 31
0
  0
LINE
  5
1983
100
AcDbEntity
  8
WALL
100
AcDbLine
 10
115925
 20
17200
 30
0
 11
116075
 21
17350
 31
0
  0
LINE
  5
1984
100
AcDbEntity
  8
WALL
100
AcDbLine
 10
115925
 20
17350
 30
0
 11
116075
 21
17500
 31
0
  0
LINE
  5
1985
100
AcDbEntity
  8
WALL
100
AcDbLine
 10
115925
 20
17500
 30
0
 11
116075
 21
17650
 31
0
  0
LINE
  5
1986
100
AcDbEntity
  8
WALL
100
AcDbLine
 10
115925
 20
17650
 30
0
 11
116075
 21
17800
 31
0
  0
LINE
  5
1987
100
AcDbEntity
  8
WALL
100
AcDbLine
 10
115925
 20
17800
 30
0
 11
116075
 21
17950
 31
0
  0
LINE
  5
1988
100
AcDbEntity
  8
WALL
100
AcDbLine
 10
115925
 20
17950
 30
0
 11
116075
 21
18100
 31
0
  0
LINE
  5
1989
100
AcDbEntity
  8
WALL
100
AcDbLine
 10
115925
 20
18100
 30
0
 11
116075
 21
18250
 31
0
  0
LINE
  5
198A
100
AcDbEntity
  8
WALL
100
AcDbLine
 10
115925
 20
18250
 30
0
 11
116075
 21
18400
 31
0
  0
LINE
  5
198B
100
AcDbEntity
  8
WALL
100
AcDbLine
 10
115925
 20
18400
 30
0
 11
116075
 21
18550
 31
0
  0
LINE
  5
198C
100
AcDbEntity
  8
WALL
100
AcDbLine
 10
115925
 20
18550
 30
0
 11
116075
 21
18700
 31
0
  0
LINE
  5
198D
100
AcDbEntity
  8
WALL
100
AcDbLine
 10
115925
 20
18700
 30
0
 11
116075
 21
18850
 31
0
  0
LINE
  5
198E
100
AcDbEntity
  8
WALL
100
AcDbLine
 10
115925
 20
18850
 30
0
 11
116075
 21
19000
 31
0
  0
LINE
  5
198F
100
AcDbEntity
  8
WALL
100
AcDbLine
 10
115925
 20
19000
 30
0
 11
116075
 21
19150
 31
0
  0
LINE
  5
1990
100
AcDbEntity
  8
WALL
100
AcDbLine
 10
115925
 20
19150
 30
0
 11
116075
 21
19300
 31
0
  0
LINE
  5
1991
100
AcDbEntity
  8
WALL
100
AcDbLine
 10
115925
 20
19300
 30
0
 11
116075
 21
19450
 31
0
  0
LINE
  5
1992
100
AcDbEntity
  8
WALL
100
AcDbLine
370
50
 10
115925
 20
20450
 30
0
 11
115925
 21
24000
 31
0
  0
LINE
  5
1993
100
AcDbEntity
  8
WALL
100
AcDbLine
370
50
 10
116075
 20
24000
 30
0
 11
116075
 21
20450
 31
0
  0
LINE
  5
1994
100
AcDbEntity
  8
WALL
100
AcDbLine
 10
115925
 20
20450
 30
0
 11
116075
 21
20600
 31
0
  0
LINE
  5
1995
100
AcDbEntity
  8
WALL
100
AcDbLine
 10
115925
 20
20600
 30
0
 11
116075
 21
20750
 31
0
  0
LINE
  5
1996
100
AcDbEntity
  8
WALL
100
AcDbLine
 10
115925
 20
20750
 30
0
 11
116075
 21
20900
 31
0
  0
LINE
  5
1997
100
AcDbEntity
  8
WALL
100
AcDbLine
 10
115925
 20
20900
 30
0
 11
116075
 21
21050
 31
0
  0
LINE
  5
1998
100
AcDbEntity
  8
WALL
100
AcDbLine
 10
115925
 20
21050
 30
0
 11
116075
 21
21200
 31
0
  0
LINE
  5
1999
100
AcDbEntity
  8
WALL
100
AcDbLine
 10
115925
 20
21200
 30
0
 11
116075
 21
21350
 31
0
  0
LINE
  5
199A
100
AcDbEntity
  8
WALL
100
AcDbLine
 10
115925
 20
21350
 30
0
 11
116075
 21
21500
 31
0
  0
LINE
  5
199B
100
AcDbEntity
  8
WALL
100
AcDbLine
 10
115925
 20
21500
 30
0
 11
116075
 21
21650
 31
0
  0
LINE
  5
199C
100
AcDbEntity
  8
WALL
100
AcDbLine
 10
115925
 20
21650
 30
0
 11
116075
 21
21800
 31
0
  0
LINE
  5
199D
100
AcDbEntity
  8
WALL
100
AcDbLine
 10
115925
 20
21800
 30
0
 11
116075
 21
21950
 31
0
  0
LINE
  5
199E
100
AcDbEntity
  8
WALL
100
AcDbLine
 10
115925
 20
21950
 30
0
 11
116075
 21
22100
 31
0
  0
LINE
  5
199F
100
AcDbEntity
  8
WALL
100
AcDbLine
 10
115925
 20
22100
 30
0
 11
116075
 21
22250
 31
0
  0
LINE
  5
19A0
100
AcDbEntity
  8
WALL
100
AcDbLine
 10
115925
 20
22250
 30
0
 11
116075
 21
22400
 31
0
  0
LINE
  5
19A1
100
AcDbEntity
  8
WALL
100
AcDbLine
 10
115925
 20
22400
 30
0
 11
116075
 21
22550
 31
0
  0
LINE
  5
19A2
100
AcDbEntity
  8
WALL
100
AcDbLine
 10
115925
 20
22550
 30
0
 11
116075
 21
22700
 31
0
  0
LINE
  5
19A3
100
AcDbEntity
  8
WALL
100
AcDbLine
 10
115925
 20
22700
 30
0
 11
116075
 21
22850
 31
0
  0
LINE
  5
19A4
100
AcDbEntity
  8
WALL
100
AcDbLine
 10
115925
 20
22850
 30
0
 11
116075
 21
23000
 31
0
  0
LINE
  5
19A5
100
AcDbEntity
  8
WALL
100
AcDbLine
 10
115925
 20
23000
 30
0
 11
116075
 21
23150
 31
0
  0
LINE
  5
19A6
100
AcDbEntity
  8
WALL
100
AcDbLine
 10
115925
 20
23150
 30
0
 11
116075
 21
23300
 31
0
  0
LINE
  5
19A7
100
AcDbEntity
  8
WALL
100
AcDbLine
 10
115925
 20
23300
 30
0
 11
116075
 21
23450
 31
0
  0
LINE
  5
19A8
100
AcDbEntity
  8
WALL
100
AcDbLine
 10
115925
 20
23450
 30
0
 11
116075
 21
23600
 31
0
  0
LINE
  5
19A9
100
AcDbEntity
  8
WALL
100
AcDbLine
 10
115925
 20
23600
 30
0
 11
116075
 21
23750
 31
0
  0
LINE
  5
19AA
100
AcDbEntity
  8
WALL
100
AcDbLine
 10
115925
 20
23750
 30
0
 11
116075
 21
23900
 31
0
  0
LINE
  5
19AB
100
AcDbEntity
  8
WALL
100
AcDbLine
370
50
 10
115925
 20
19550
 30
0
 11
116075
 21
19550
 31
0
  0
LINE
  5
19AC
100
AcDbEntity
  8
WALL
100
AcDbLine
370
50
 10
115925
 20
20450
 30
0
 11
116075
 21
20450
 31
0
  0
LINE
  5
19AD
100
AcDbEntity
  8
WALL
100
AcDbLine
370
50
 10
119925
 20
0
 30
0
 11
119925
 21
8000
 31
0
  0
LINE
  5
19AE
100
AcDbEntity
  8
WALL
100
AcDbLine
370
50
 10
120075
 20
8000
 30
0
 11
120075
 21
0
 31
0
  0
LINE
  5
19AF
100
AcDbEntity
  8
WALL
100
AcDbLine
 10
119925
 20
0
 30
0
 11
120075
 21
150
 31
0
  0
LINE
  5
19B0
100
AcDbEntity
  8
WALL
100
AcDbLine
 10
119925
 20
150
 30
0
 11
120075
 21
300
 31
0
  0
LINE
  5
19B1
100
AcDbEntity
  8
WALL
100
AcDbLine
 10
119925
 20
300
 30
0
 11
120075
 21
450
 31
0
  0
LINE
  5
19B2
100
AcDbEntity
  8
WALL
100
AcDbLine
 10
119925
 20
450
 30
0
 11
120075
 21
600
 31
0
  0
LINE
  5
19B3
100
AcDbEntity
  8
WALL
100
AcDbLine
 10
119925
 20
600
 30
0
 11
120075
 21
750
 31
0
  0
LINE
  5
19B4
100
AcDbEntity
  8
WALL
100
AcDbLine
 10
119925
 20
750
 30
0
 11
120075
 21
900
 31
0
  0
LINE
  5
19B5
100
AcDbEntity
  8
WALL
100
AcDbLine
 10
119925
 20
900
 30
0
 11
120075
 21
1050
 31
0
  0
LINE
  5
19B6
100
AcDbEntity
  8
WALL
100
AcDbLine
 10
119925
 20
1050
 30
0
 11
120075
 21
1200
 31
0
  0
LINE
  5
19B7
100
AcDbEntity
  8
WALL
100
AcDbLine
 10
119925
 20
1200
 30
0
 11
120075
 21
1350
 31
0
  0
LINE
  5
19B8
100
AcDbEntity
  8
WALL
100
AcDbLine
 10
119925
 20
1350
 30
0
 11
120075
 21
1500
 31
0
  0
LINE
  5
19B9
100
AcDbEntity
  8
WALL
100
AcDbLine
 10
119925
 20
1500
 30
0
 11
120075
 21
1650
 31
0
  0
LINE
  5
19BA
100
AcDbEntity
  8
WALL
100
AcDbLine
 10
119925
 20
1650
 30
0
 11
120075
 21
1800
 31
0
  0
LINE
  5
19BB
100
AcDbEntity
  8
WALL
100
AcDbLine
 10
119925
 20
1800
 30
0
 11
120075
 21
1950
 31
0
  0
LINE
  5
19BC
100
AcDbEntity
  8
WALL
100
AcDbLine
 10
119925
 20
1950
 30
0
 11
120075
 21
2100
 31
0
  0
LINE
  5
19BD
100
AcDbEntity
  8
WALL
100
AcDbLine
 10
119925
 20
2100
 30
0
 11
120075
 21
2250
 31
0
  0
LINE
  5
19BE
100
AcDbEntity
  8
WALL
100
AcDbLine
 10
119925
 20
2250
 30
0
 11
120075
 21
2400
 31
0
  0
LINE
  5
19BF
100
AcDbEntity
  8
WALL
100
AcDbLine
 10
119925
 20
2400
 30
0
 11
120075
 21
2550
 31
0
  0
LINE
  5
19C0
100
AcDbEntity
  8
WALL
100
AcDbLine
 10
119925
 20
2550
 30
0
 11
120075
 21
2700
 31
0
  0
LINE
  5
19C1
100
AcDbEntity
  8
WALL
100
AcDbLine
 10
119925
 20
2700
 30
0
 11
120075
 21
2850
 31
0
  0
LINE
  5
19C2
100
AcDbEntity
  8
WALL
100
AcDbLine
 10
119925
 20
2850
 30
0
 11
120075
 21
3000
 31
0
  0
LINE
  5
19C3
100
AcDbEntity
  8
WALL
100
AcDbLine
 10
119925
 20
3000
 30
0
 11
120075
 21
3150
 31
0
  0
LINE
  5
19C4
100
AcDbEntity
  8
WALL
100
AcDbLine
 10
119925
 20
3150
 30
0
 11
120075
 21
3300
 31
0
  0
LINE
  5
19C5
100
AcDbEntity
  8
WALL
100
AcDbLine
 10
119925
 20
3300
 30
0
 11
120075
 21
3450
 31
0
  0
LINE
  5
19C6
100
AcDbEntity
  8
WALL
100
AcDbLine
 10
119925
 20
3450
 30
0
 11
120075
 21
3600
 31
0
  0
LINE
  5
19C7
100
AcDbEntity
  8
WALL
100
AcDbLine
 10
119925
 20
3600
 30
0
 11
120075
 21
3750
 31
0
  0
LINE
  5
19C8
100
AcDbEntity
  8
WALL
100
AcDbLine
 10
119925
 20
3750
 30
0
 11
120075
 21
3900
 31
0
  0
LINE
  5
19C9
100
AcDbEntity
  8
WALL
100
AcDbLine
 10
119925
 20
3900
 30
0
 11
120075
 21
4050
 31
0
  0
LINE
  5
19CA
100
AcDbEntity
  8
WALL
100
AcDbLine
 10
119925
 20
4050
 30
0
 11
120075
 21
4200
 31
0
  0
LINE
  5
19CB
100
AcDbEntity
  8
WALL
100
AcDbLine
 10
119925
 20
4200
 30
0
 11
120075
 21
4350
 31
0
  0
LINE
  5
19CC
100
AcDbEntity
  8
WALL
100
AcDbLine
 10
119925
 20
4350
 30
0
 11
120075
 21
4500
 31
0
  0
LINE
  5
19CD
100
AcDbEntity
  8
WALL
100
AcDbLine
 10
119925
 20
4500
 30
0
 11
120075
 21
4650
 31
0
  0
LINE
  5
19CE
100
AcDbEntity
  8
WALL
100
AcDbLine
 10
119925
 20
4650
 30
0
 11
120075
 21
4800
 31
0
  0
LINE
  5
19CF
100
AcDbEntity
  8
WALL
100
AcDbLine
 10
119925
 20
4800
 30
0
 11
120075
 21
4950
 31
0
  0
LINE
  5
19D0
100
AcDbEntity
  8
WALL
100
AcDbLine
 10
119925
 20
4950
 30
0
 11
120075
 21
5100
 31
0
  0
LINE
  5
19D1
100
AcDbEntity
  8
WALL
100
AcDbLine
 10
119925
 20
5100
 30
0
 11
120075
 21
5250
 31
0
  0
LINE
  5
19D2
100
AcDbEntity
  8
WALL
100
AcDbLine
 10
119925
 20
5250
 30
0
 11
120075
 21
5400
 31
0
  0
LINE
  5
19D3
100
AcDbEntity
  8
WALL
100
AcDbLine
 10
119925
 20
5400
 30
0
 11
120075
 21
5550
 31
0
  0
LINE
  5
19D4
100
AcDbEntity
  8
WALL
100
AcDbLine
 10
119925
 20
5550
 30
0
 11
120075
 21
5700
 31
0
  0
LINE
  5
19D5
100
AcDbEntity
  8
WALL
100
AcDbLine
 10
119925
 20
5700
 30
0
 11
120075
 21
5850
 31
0
  0
LINE
  5
19D6
100
AcDbEntity
  8
WALL
100
AcDbLine
 10
119925
 20
5850
 30
0
 11
120075
 21
6000
 31
0
  0
LINE
  5
19D7
100
AcDbEntity
  8
WALL
100
AcDbLine
 10
119925
 20
6000
 30
0
 11
120075
 21
6150
 31
0
  0
LINE
  5
19D8
100
AcDbEntity
  8
WALL
100
AcDbLine
 10
119925
 20
6150
 30
0
 11
120075
 21
6300
 31
0
  0
LINE
  5
19D9
100
AcDbEntity
  8
WALL
100
AcDbLine
 10
119925
 20
6300
 30
0
 11
120075
 21
6450
 31
0
  0
LINE
  5
19DA
100
AcDbEntity
  8
WALL
100
AcDbLine
 10
119925
 20
6450
 30
0
 11
120075
 21
6600
 31
0
  0
LINE
  5
19DB
100
AcDbEntity
  8
WALL
100
AcDbLine
 10
119925
 20
6600
 30
0
 11
120075
 21
6750
 31
0
  0
LINE
  5
19DC
100
AcDbEntity
  8
WALL
100
AcDbLine
 10
119925
 20
6750
 30
0
 11
120075
 21
6900
 31
0
  0
LINE
  5
19DD
100
AcDbEntity
  8
WALL
100
AcDbLine
 10
119925
 20
6900
 30
0
 11
120075
 21
7050
 31
0
  0
LINE
  5
19DE
100
AcDbEntity
  8
WALL
100
AcDbLine
 10
119925
 20
7050
 30
0
 11
120075
 21
7200
 31
0
  0
LINE
  5
19DF
100
AcDbEntity
  8
WALL
100
AcDbLine
 10
119925
 20
7200
 30
0
 11
120075
 21
7350
 31
0
  0
LINE
  5
19E0
100
AcDbEntity
  8
WALL
100
AcDbLine
 10
119925
 20
7350
 30
0
 11
120075
 21
7500
 31
0
  0
LINE
  5
19E1
100
AcDbEntity
  8
WALL
100
AcDbLine
 10
119925
 20
7500
 30
0
 11
120075
 21
7650
 31
0
  0
LINE
  5
19E2
100
AcDbEntity
  8
WALL
100
AcDbLine
 10
119925
 20
7650
 30
0
 11
120075
 21
7800
 31
0
  0
LINE
  5
19E3
100
AcDbEntity
  8
WALL
100
AcDbLine
 10
119925
 20
7800
 30
0
 11
120075
 21
7950
 31
0
  0
LINE
  5
19E4
100
AcDbEntity
  8
WALL
100
AcDbLine
370
50
 10
119925
 20
8000
 30
0
 11
119925
 21
16000
 31
0
  0
LINE
  5
19E5
100
AcDbEntity
  8
WALL
100
AcDbLine
370
50
 10
120075
 20
16000
 30
0
 11
120075
 21
8000
 31
0
  0
LINE
  5
19E6
100
AcDbEntity
  8
WALL
100
AcDbLine
 10
119925
 20
8000
 30
0
 11
120075
 21
8150
 31
0
  0
LINE
  5
19E7
100
AcDbEntity
  8
WALL
100
AcDbLine
 10
119925
 20
8150
 30
0
 11
120075
 21
8300
 31
0
  0
LINE
  5
19E8
100
AcDbEntity
  8
WALL
100
AcDbLine
 10
119925
 20
8300
 30
0
 11
120075
 21
8450
 31
0
  0
LINE
  5
19E9
100
AcDbEntity
  8
WALL
100
AcDbLine
 10
119925
 20
8450
 30
0
 11
120075
 21
8600
 31
0
  0
LINE
  5
19EA
100
AcDbEntity
  8
WALL
100
AcDbLine
 10
119925
 20
8600
 30
0
 11
120075
 21
8750
 31
0
  0
LINE
  5
19EB
100
AcDbEntity
  8
WALL
100
AcDbLine
 10
119925
 20
8750
 30
0
 11
120075
 21
8900
 31
0
  0
LINE
  5
19EC
100
AcDbEntity
  8
WALL
100
AcDbLine
 10
119925
 20
8900
 30
0
 11
120075
 21
9050
 31
0
  0
LINE
  5
19ED
100
AcDbEntity
  8
WALL
100
AcDbLine
 10
119925
 20
9050
 30
0
 11
120075
 21
9200
 31
0
  0
LINE
  5
19EE
100
AcDbEntity
  8
WALL
100
AcDbLine
 10
119925
 20
9200
 30
0
 11
120075
 21
9350
 31
0
  0
LINE
  5
19EF
100
AcDbEntity
  8
WALL
100
AcDbLine
 10
119925
 20
9350
 30
0
 11
120075
 21
9500
 31
0
  0
LINE
  5
19F0
100
AcDbEntity
  8
WALL
100
AcDbLine
 10
119925
 20
9500
 30
0
 11
120075
 21
9650
 31
0
  0
LINE
  5
19F1
100
AcDbEntity
  8
WALL
100
AcDbLine
 10
119925
 20
9650
 30
0
 11
120075
 21
9800
 31
0
  0
LINE
  5
19F2
100
AcDbEntity
  8
WALL
100
AcDbLine
 10
119925
 20
9800
 30
0
 11
120075
 21
9950
 31
0
  0
LINE
  5
19F3
100
AcDbEntity
  8
WALL
100
AcDbLine
 10
119925
 20
9950
 30
0
 11
120075
 21
10100
 31
0
  0
LINE
  5
19F4
100
AcDbEntity
  8
WALL
100
AcDbLine
 10
119925
 20
10100
 30
0
 11
120075
 21
10250
 31
0
  0
LINE
  5
19F5
100
AcDbEntity
  8
WALL
100
AcDbLine
 10
119925
 20
10250
 30
0
 11
120075
 21
10400
 31
0
  0
LINE
  5
19F6
100
AcDbEntity
  8
WALL
100
AcDbLine
 10
119925
 20
10400
 30
0
 11
120075
 21
10550
 31
0
  0
LINE
  5
19F7
100
AcDbEntity
  8
WALL
100
AcDbLine
 10
119925
 20
10550
 30
0
 11
120075
 21
10700
 31
0
  0
LINE
  5
19F8
100
AcDbEntity
  8
WALL
100
AcDbLine
 10
119925
 20
10700
 30
0
 11
120075
 21
10850
 31
0
  0
LINE
  5
19F9
100
AcDbEntity
  8
WALL
100
AcDbLine
 10
119925
 20
10850
 30
0
 11
120075
 21
11000
 31
0
  0
LINE
  5
19FA
100
AcDbEntity
  8
WALL
100
AcDbLine
 10
119925
 20
11000
 30
0
 11
120075
 21
11150
 31
0
  0
LINE
  5
19FB
100
AcDbEntity
  8
WALL
100
AcDbLine
 10
119925
 20
11150
 30
0
 11
120075
 21
11300
 31
0
  0
LINE
  5
19FC
100
AcDbEntity
  8
WALL
100
AcDbLine
 10
119925
 20
11300
 30
0
 11
120075
 21
11450
 31
0
  0
LINE
  5
19FD
100
AcDbEntity
  8
WALL
100
AcDbLine
 10
119925
 20
11450
 30
0
 11
120075
 21
11600
 31
0
  0
LINE
  5
19FE
100
AcDbEntity
  8
WALL
100
AcDbLine
 10
119925
 20
11600
 30
0
 11
120075
 21
11750
 31
0
  0
LINE
  5
19FF
100
AcDbEntity
  8
WALL
100
AcDbLine
 10
119925
 20
11750
 30
0
 11
120075
 21
11900
 31
0
  0
LINE
  5
1A00
100
AcDbEntity
  8
WALL
100
AcDbLine
 10
119925
 20
11900
 30
0
 11
120075
 21
12050
 31
0
  0
LINE
  5
1A01
100
AcDbEntity
  8
WALL
100
AcDbLine
 10
119925
 20
12050
 30
0
 11
120075
 21
12200
 31
0
  0
LINE
  5
1A02
100
AcDbEntity
  8
WALL
100
AcDbLine
 10
119925
 20
12200
 30
0
 11
120075
 21
12350
 31
0
  0
LINE
  5
1A03
100
AcDbEntity
  8
WALL
100
AcDbLine
 10
119925
 20
12350
 30
0
 11
120075
 21
12500
 31
0
  0
LINE
  5
1A04
100
AcDbEntity
  8
WALL
100
AcDbLine
 10
119925
 20
12500
 30
0
 11
120075
 21
12650
 31
0
  0
LINE
  5
1A05
100
AcDbEntity
  8
WALL
100
AcDbLine
 10
119925
 20
12650
 30
0
 11
120075
 21
12800
 31
0
  0
LINE
  5
1A06
100
AcDbEntity
  8
WALL
100
AcDbLine
 10
119925
 20
12800
 30
0
 11
120075
 21
12950
 31
0
  0
LINE
  5
1A07
100
AcDbEntity
  8
WALL
100
AcDbLine
 10
119925
 20
12950
 30
0
 11
120075
 21
13100
 31
0
  0
LINE
  5
1A08
100
AcDbEntity
  8
WALL
100
AcDbLine
 10
119925
 20
13100
 30
0
 11
120075
 21
13250
 31
0
  0
LINE
  5
1A09
100
AcDbEntity
  8
WALL
100
AcDbLine
 10
119925
 20
13250
 30
0
 11
120075
 21
13400
 31
0
  0
LINE
  5
1A0A
100
AcDbEntity
  8
WALL
100
AcDbLine
 10
119925
 20
13400
 30
0
 11
120075
 21
13550
 31
0
  0
LINE
  5
1A0B
100
AcDbEntity
  8
WALL
100
AcDbLine
 10
119925
 20
13550
 30
0
 11
120075
 21
13700
 31
0
  0
LINE
  5
1A0C
100
AcDbEntity
  8
WALL
100
AcDbLine
 10
119925
 20
13700
 30
0
 11
120075
 21
13850
 31
0
  0
LINE
  5
1A0D
100
AcDbEntity
  8
WALL
100
AcDbLine
 10
119925
 20
13850
 30
0
 11
120075
 21
14000
 31
0
  0
LINE
  5
1A0E
100
AcDbEntity
  8
WALL
100
AcDbLine
 10
119925
 20
14000
 30
0
 11
120075
 21
14150
 31
0
  0
LINE
  5
1A0F
100
AcDbEntity
  8
WALL
100
AcDbLine
 10
119925
 20
14150
 30
0
 11
120075
 21
14300
 31
0
  0
LINE
  5
1A10
100
AcDbEntity
  8
WALL
100
AcDbLine
 10
119925
 20
14300
 30
0
 11
120075
 21
14450
 31
0
  0
LINE
  5
1A11
100
AcDbEntity
  8
WALL
100
AcDbLine
 10
119925
 20
14450
 30
0
 11
120075
 21
14600
 31
0
  0
LINE
  5
1A12
100
AcDbEntity
  8
WALL
100
AcDbLine
 10
119925
 20
14600
 30
0
 11
120075
 21
14750
 31
0
  0
LINE
  5
1A13
100
AcDbEntity
  8
WALL
100
AcDbLine
 10
119925
 20
14750
 30
0
 11
120075
 21
14900
 31
0
  0
LINE
  5
1A14
100
AcDbEntity
  8
WALL
100
AcDbLine
 10
119925
 20
14900
 30
0
 11
120075
 21
15050
 31
0
  0
LINE
  5
1A15
100
AcDbEntity
  8
WALL
100
AcDbLine
 10
119925
 20
15050
 30
0
 11
120075
 21
15200
 31
0
  0
LINE
  5
1A16
100
AcDbEntity
  8
WALL
100
AcDbLine
 10
119925
 20
15200
 30
0
 11
120075
 21
15350
 31
0
  0
LINE
  5
1A17
100
AcDbEntity
  8
WALL
100
AcDbLine
 10
119925
 20
15350
 30
0
 11
120075
 21
15500
 31
0
  0
LINE
  5
1A18
100
AcDbEntity
  8
WALL
100
AcDbLine
 10
119925
 20
15500
 30
0
 11
120075
 21
15650
 31
0
  0
LINE
  5
1A19
100
AcDbEntity
  8
WALL
100
AcDbLine
 10
119925
 20
15650
 30
0
 11
120075
 21
15800
 31
0
  0
LINE
  5
1A1A
100
AcDbEntity
  8
WALL
100
AcDbLine
 10
119925
 20
15800
 30
0
 11
120075
 21
15950
 31
0
  0
LINE
  5
1A1B
100
AcDbEntity
  8
WALL
100
AcDbLine
370
50
 10
119925
 20
16000
 30
0
 11
119925
 21
24000
 31
0
  0
LINE
  5
1A1C
100
AcDbEntity
  8
WALL
100
AcDbLine
370
50
 10
120075
 20
24000
 30
0
 11
120075
 21
16000
 31
0
  0
LINE
  5
1A1D
100
AcDbEntity
  8
WALL
100
AcDbLine
 10
119925
 20
16000
 30
0
 11
120075
 21
16150
 31
0
  0
LINE
  5
1A1E
100
AcDbEntity
  8
WALL
100
AcDbLine
 10
119925
 20
16150
 30
0
 11
120075
 21
16300
 31
0
  0
LINE
  5
1A1F
100
AcDbEntity
  8
WALL
100
AcDbLine
 10
119925
 20
16300
 30
0
 11
120075
 21
16450
 31
0
  0
LINE
  5
1A20
100
AcDbEntity
  8
WALL
100
AcDbLine
 10
119925
 20
16450
 30
0
 11
120075
 21
16600
 31
0
  0
LINE
  5
1A21
100
AcDbEntity
  8
WALL
100
AcDbLine
 10
119925
 20
16600
 30
0
 11
120075
 21
16750
 31
0
  0
LINE
  5
1A22
100
AcDbEntity
  8
WALL
100
AcDbLine
 10
119925
 20
16750
 30
0
 11
120075
 21
16900
 31
0
  0
LINE
  5
1A23
100
AcDbEntity
  8
WALL
100
AcDbLine
 10
119925
 20
16900
 30
0
 11
120075
 21
17050
 31
0
  0
LINE
  5
1A24
100
AcDbEntity
  8
WALL
100
AcDbLine
 10
119925
 20
17050
 30
0
 11
120075
 21
17200
 31
0
  0
LINE
  5
1A25
100
AcDbEntity
  8
WALL
100
AcDbLine
 10
119925
 20
17200
 30
0
 11
120075
 21
17350
 31
0
  0
LINE
  5
1A26
100
AcDbEntity
  8
WALL
100
AcDbLine
 10
119925
 20
17350
 30
0
 11
120075
 21
17500
 31
0
  0
LINE
  5
1A27
100
AcDbEntity
  8
WALL
100
AcDbLine
 10
119925
 20
17500
 30
0
 11
120075
 21
17650
 31
0
  0
LINE
  5
1A28
100
AcDbEntity
  8
WALL
100
AcDbLine
 10
119925
 20
17650
 30
0
 11
120075
 21
17800
 31
0
  0
LINE
  5
1A29
100
AcDbEntity
  8
WALL
100
AcDbLine
 10
119925
 20
17800
 30
0
 11
120075
 21
17950
 31
0
  0
LINE
  5
1A2A
100
AcDbEntity
  8
WALL
100
AcDbLine
 10
119925
 20
17950
 30
0
 11
120075
 21
18100
 31
0
  0
LINE
  5
1A2B
100
AcDbEntity
  8
WALL
100
AcDbLine
 10
119925
 20
18100
 30
0
 11
120075
 21
18250
 31
0
  0
LINE
  5
1A2C
100
AcDbEntity
  8
WALL
100
AcDbLine
 10
119925
 20
18250
 30
0
 11
120075
 21
18400
 31
0
  0
LINE
  5
1A2D
100
AcDbEntity
  8
WALL
100
AcDbLine
 10
119925
 20
18400
 30
0
 11
120075
 21
18550
 31
0
  0
LINE
  5
1A2E
100
AcDbEntity
  8
WALL
100
AcDbLine
 10
119925
 20
18550
 30
0
 11
120075
 21
18700
 31
0
  0
LINE
  5
1A2F
100
AcDbEntity
  8
WALL
100
AcDbLine
 10
119925
 20
18700
 30
0
 11
120075
 21
18850
 31
0
  0
LINE
  5
1A30
100
AcDbEntity
  8
WALL
100
AcDbLine
 10
119925
 20
18850
 30
0
 11
120075
 21
19000
 31
0
  0
LINE
  5
1A31
100
AcDbEntity
  8
WALL
100
AcDbLine
 10
119925
 20
19000
 30
0
 11
120075
 21
19150
 31
0
  0
LINE
  5
1A32
100
AcDbEntity
  8
WALL
100
AcDbLine
 10
119925
 20
19150
 30
0
 11
120075
 21
19300
 31
0
  0
LINE
  5
1A33
100
AcDbEntity
  8
WALL
100
AcDbLine
 10
119925
 20
19300
 30
0
 11
120075
 21
19450
 31
0
  0
LINE
  5
1A34
100
AcDbEntity
  8
WALL
100
AcDbLine
 10
119925
 20
19450
 30
0
 11
120075
 21
19600
 31
0
  0
LINE
  5
1A35
100
AcDbEntity
  8
WALL
100
AcDbLine
 10
119925
 20
19600
 30
0
 11
120075
 21
19750
 31
0
  0
LINE
  5
1A36
100
AcDbEntity
  8
WALL
100
AcDbLine
 10
119925
 20
19750
 30
0
 11
120075
 21
19900
 31
0
  0
LINE
  5
1A37
100
AcDbEntity
  8
WALL
100
AcDbLine
 10
119925
 20
19900
 30
0
 11
120075
 21
20050
 31
0
  0
LINE
  5
1A38
100
AcDbEntity
  8
WALL
100
AcDbLine
 10
119925
 20
20050
 30
0
 11
120075
 21
20200
 31
0
  0
LINE
  5
1A39
100
AcDbEntity
  8
WALL
100
AcDbLine
 10
119925
 20
20200
 30
0
 11
120075
 21
20350
 31
0
  0
LINE
  5
1A3A
100
AcDbEntity
  8
WALL
100
AcDbLine
 10
119925
 20
20350
 30
0
 11
120075
 21
20500
 31
0
  0
LINE
  5
1A3B
100
AcDbEntity
  8
WALL
100
AcDbLine
 10
119925
 20
20500
 30
0
 11
120075
 21
20650
 31
0
  0
LINE
  5
1A3C
100
AcDbEntity
  8
WALL
100
AcDbLine
 10
119925
 20
20650
 30
0
 11
120075
 21
20800
 31
0
  0
LINE
  5
1A3D
100
AcDbEntity
  8
WALL
100
AcDbLine
 10
119925
 20
20800
 30
0
 11
120075
 21
20950
 31
0
  0
LINE
  5
1A3E
100
AcDbEntity
  8
WALL
100
AcDbLine
 10
119925
 20
20950
 30
0
 11
120075
 21
21100
 31
0
  0
LINE
  5
1A3F
100
AcDbEntity
  8
WALL
100
AcDbLine
 10
119925
 20
21100
 30
0
 11
120075
 21
21250
 31
0
  0
LINE
  5
1A40
100
AcDbEntity
  8
WALL
100
AcDbLine
 10
119925
 20
21250
 30
0
 11
120075
 21
21400
 31
0
  0
LINE
  5
1A41
100
AcDbEntity
  8
WALL
100
AcDbLine
 10
119925
 20
21400
 30
0
 11
120075
 21
21550
 31
0
  0
LINE
  5
1A42
100
AcDbEntity
  8
WALL
100
AcDbLine
 10
119925
 20
21550
 30
0
 11
120075
 21
21700
 31
0
  0
LINE
  5
1A43
100
AcDbEntity
  8
WALL
100
AcDbLine
 10
119925
 20
21700
 30
0
 11
120075
 21
21850
 31
0
  0
LINE
  5
1A44
100
AcDbEntity
  8
WALL
100
AcDbLine
 10
119925
 20
21850
 30
0
 11
120075
 21
22000
 31
0
  0
LINE
  5
1A45
100
AcDbEntity
  8
WALL
100
AcDbLine
 10
119925
 20
22000
 30
0
 11
120075
 21
22150
 31
0
  0
LINE
  5
1A46
100
AcDbEntity
  8
WALL
100
AcDbLine
 10
119925
 20
22150
 30
0
 11
120075
 21
22300
 31
0
  0
LINE
  5
1A47
100
AcDbEntity
  8
WALL
100
AcDbLine
 10
119925
 20
22300
 30
0
 11
120075
 21
22450
 31
0
  0
LINE
  5
1A48
100
AcDbEntity
  8
WALL
100
AcDbLine
 10
119925
 20
22450
 30
0
 11
120075
 21
22600
 31
0
  0
LINE
  5
1A49
100
AcDbEntity
  8
WALL
100
AcDbLine
 10
119925
 20
22600
 30
0
 11
120075
 21
22750
 31
0
  0
LINE
  5
1A4A
100
AcDbEntity
  8
WALL
100
AcDbLine
 10
119925
 20
22750
 30
0
 11
120075
 21
22900
 31
0
  0
LINE
  5
1A4B
100
AcDbEntity
  8
WALL
100
AcDbLine
 10
119925
 20
22900
 30
0
 11
120075
 21
23050
 31
0
  0
LINE
  5
1A4C
100
AcDbEntity
  8
WALL
100
AcDbLine
 10
119925
 20
23050
 30
0
 11
120075
 21
23200
 31
0
  0
LINE
  5
1A4D
100
AcDbEntity
  8
WALL
100
AcDbLine
 10
119925
 20
23200
 30
0
 11
120075
 21
23350
 31
0
  0
LINE
  5
1A4E
100
AcDbEntity
  8
WALL
100
AcDbLine
 10
119925
 20
23350
 30
0
 11
120075
 21
23500
 31
0
  0
LINE
  5
1A4F
100
AcDbEntity
  8
WALL
100
AcDbLine
 10
119925
 20
23500
 30
0
 11
120075
 21
23650
 31
0
  0
LINE
  5
1A50
100
AcDbEntity
  8
WALL
100
AcDbLine
 10
119925
 20
23650
 30
0
 11
120075
 21
23800
 31
0
  0
LINE
  5
1A51
100
AcDbEntity
  8
WALL
100
AcDbLine
 10
119925
 20
23800
 30
0
 11
120075
 21
23950
 31
0
  0
LINE
  5
1A52
100
AcDbEntity
  8
WALL
100
AcDbLine
370
50
 10
123925
 20
0
 30
0
 11
123925
 21
3550
 31
0
  0
LINE
  5
1A53
100
AcDbEntity
  8
WALL
100
AcDbLine
370
50
 10
124075
 20
3550
 30
0
 11
124075
 21
0
 31
0
  0
LINE
  5
1A54
100
AcDbEntity
  8
WALL
100
AcDbLine
 10
123925
 20
0
 30
0
 11
124075
 21
150
 31
0
  0
LINE
  5
1A55
100
AcDbEntity
  8
WALL
100
AcDbLine
 10
123925
 20
150
 30
0
 11
124075
 21
300
 31
0
  0
LINE
  5
1A56
100
AcDbEntity
  8
WALL
100
AcDbLine
 10
123925
 20
300
 30
0
 11
124075
 21
450
 31
0
  0
LINE
  5
1A57
100
AcDbEntity
  8
WALL
100
AcDbLine
 10
123925
 20
450
 30
0
 11
124075
 21
600
 31
0
  0
LINE
  5
1A58
100
AcDbEntity
  8
WALL
100
AcDbLine
 10
123925
 20
600
 30
0
 11
124075
 21
750
 31
0
  0
LINE
  5
1A59
100
AcDbEntity
  8
WALL
100
AcDbLine
 10
123925
 20
750
 30
0
 11
124075
 21
900
 31
0
  0
LINE
  5
1A5A
100
AcDbEntity
  8
WALL
100
AcDbLine
 10
123925
 20
900
 30
0
 11
124075
 21
1050
 31
0
  0
LINE
  5
1A5B
100
AcDbEntity
  8
WALL
100
AcDbLine
 10
123925
 20
1050
 30
0
 11
124075
 21
1200
 31
0
  0
LINE
  5
1A5C
100
AcDbEntity
  8
WALL
100
AcDbLine
 10
123925
 20
1200
 30
0
 11
124075
 21
1350
 31
0
  0
LINE
  5
1A5D
100
AcDbEntity
  8
WALL
100
AcDbLine
 10
123925
 20
1350
 30
0
 11
124075
 21
1500
 31
0
  0
LINE
  5
1A5E
100
AcDbEntity
  8
WALL
100
AcDbLine
 10
123925
 20
1500
 30
0
 11
124075
 21
1650
 31
0
  0
LINE
  5
1A5F
100
AcDbEntity
  8
WALL
100
AcDbLine
 10
123925
 20
1650
 30
0
 11
124075
 21
1800
 31
0
  0
LINE
  5
1A60
100
AcDbEntity
  8
WALL
100
AcDbLine
 10
123925
 20
1800
 30
0
 11
124075
 21
1950
 31
0
  0
LINE
  5
1A61
100
AcDbEntity
  8
WALL
100
AcDbLine
 10
123925
 20
1950
 30
0
 11
124075
 21
2100
 31
0
  0
LINE
  5
1A62
100
AcDbEntity
  8
WALL
100
AcDbLine
 10
123925
 20
2100
 30
0
 11
124075
 21
2250
 31
0
  0
LINE
  5
1A63
100
AcDbEntity
  8
WALL
100
AcDbLine
 10
123925
 20
2250
 30
0
 11
124075
 21
2400
 31
0
  0
LINE
  5
1A64
100
AcDbEntity
  8
WALL
100
AcDbLine
 10
123925
 20
2400
 30
0
 11
124075
 21
2550
 31
0
  0
LINE
  5
1A65
100
AcDbEntity
  8
WALL
100
AcDbLine
 10
123925
 20
2550
 30
0
 11
124075
 21
2700
 31
0
  0
LINE
  5
1A66
100
AcDbEntity
  8
WALL
100
AcDbLine
 10
123925
 20
2700
 30
0
 11
124075
 21
2850
 31
0
  0
LINE
  5
1A67
100
AcDbEntity
  8
WALL
100
AcDbLine
 10
123925
 20
2850
 30
0
 11
124075
 21
3000
 31
0
  0
LINE
  5
1A68
100
AcDbEntity
  8
WALL
100
AcDbLine
 10
123925
 20
3000
 30
0
 11
124075
 21
3150
 31
0
  0
LINE
  5
1A69
100
AcDbEntity
  8
WALL
100
AcDbLine
 10
123925
 20
3150
 30
0
 11
124075
 21
3300
 31
0
  0
LINE
  5
1A6A
100
AcDbEntity
  8
WALL
100
AcDbLine
 10
123925
 20
3300
 30
0
 11
124075
 21
3450
 31
0
  0
LINE
  5
1A6B
100
AcDbEntity
  8
WALL
100
AcDbLine
370
50
 10
123925
 20
4450
 30
0
 11
123925
 21
8000
 31
0
  0
LINE
  5
1A6C
100
AcDbEntity
  8
WALL
100
AcDbLine
370
50
 10
124075
 20
8000
 30
0
 11
124075
 21
4450
 31
0
  0
LINE
  5
1A6D
100
AcDbEntity
  8
WALL
100
AcDbLine
 10
123925
 20
4450
 30
0
 11
124075
 21
4600
 31
0
  0
LINE
  5
1A6E
100
AcDbEntity
  8
WALL
100
AcDbLine
 10
123925
 20
4600
 30
0
 11
124075
 21
4750
 31
0
  0
LINE
  5
1A6F
100
AcDbEntity
  8
WALL
100
AcDbLine
 10
123925
 20
4750
 30
0
 11
124075
 21
4900
 31
0
  0
LINE
  5
1A70
100
AcDbEntity
  8
WALL
100
AcDbLine
 10
123925
 20
4900
 30
0
 11
124075
 21
5050
 31
0
  0
LINE
  5
1A71
100
AcDbEntity
  8
WALL
100
AcDbLine
 10
123925
 20
5050
 30
0
 11
124075
 21
5200
 31
0
  0
LINE
  5
1A72
100
AcDbEntity
  8
WALL
100
AcDbLine
 10
123925
 20
5200
 30
0
 11
124075
 21
5350
 31
0
  0
LINE
  5
1A73
100
AcDbEntity
  8
WALL
100
AcDbLine
 10
123925
 20
5350
 30
0
 11
124075
 21
5500
 31
0
  0
LINE
  5
1A74
100
AcDbEntity
  8
WALL
100
AcDbLine
 10
123925
 20
5500
 30
0
 11
124075
 21
5650
 31
0
  0
LINE
  5
1A75
100
AcDbEntity
  8
WALL
100
AcDbLine
 10
123925
 20
5650
 30
0
 11
124075
 21
5800
 31
0
  0
LINE
  5
1A76
100
AcDbEntity
  8
WALL
100
AcDbLine
 10
123925
 20
5800
 30
0
 11
124075
 21
5950
 31
0
  0
LINE
  5
1A77
100
AcDbEntity
  8
WALL
100
AcDbLine
 10
123925
 20
5950
 30
0
 11
124075
 21
6100
 31
0
  0
LINE
  5
1A78
100
AcDbEntity
  8
WALL
100
AcDbLine
 10
123925
 20
6100
 30
0
 11
124075
 21
6250
 31
0
  0
LINE
  5
1A79
100
AcDbEntity
  8
WALL
100
AcDbLine
 10
123925
 20
6250
 30
0
 11
124075
 21
6400
 31
0
  0
LINE
  5
1A7A
100
AcDbEntity
  8
WALL
100
AcDbLine
 10
123925
 20
6400
 30
0
 11
124075
 21
6550
 31
0
  0
LINE
  5
1A7B
100
AcDbEntity
  8
WALL
100
AcDbLine
 10
123925
 20
6550
 30
0
 11
124075
 21
6700
 31
0
  0
LINE
  5
1A7C
100
AcDbEntity
  8
WALL
100
AcDbLine
 10
123925
 20
6700
 30
0
 11
124075
 21
6850
 31
0
  0
LINE
  5
1A7D
100
AcDbEntity
  8
WALL
100
AcDbLine
 10
123925
 20
6850
 30
0
 11
124075
 21
7000
 31
0
  0
LINE
  5
1A7E
100
AcDbEntity
  8
WALL
100
AcDbLine
 10
123925
 20
7000
 30
0
 11
124075
 21
7150
 31
0
  0
LINE
  5
1A7F
100
AcDbEntity
  8
WALL
100
AcDbLine
 10
123925
 20
7150
 30
0
 11
124075
 21
7300
 31
0
  0
LINE
  5
1A80
100
AcDbEntity
  8
WALL
100
AcDbLine
 10
123925
 20
7300
 30
0
 11
124075
 21
7450
 31
0
  0
LINE
  5
1A81
100
AcDbEntity
  8
WALL
100
AcDbLine
 10
123925
 20
7450
 30
0
 11
124075
 21
7600
 31
0
  0
LINE
  5
1A82
100
AcDbEntity
  8
WALL
100
AcDbLine
 10
123925
 20
7600
 30
0
 11
124075
 21
7750
 31
0
  0
LINE
  5
1A83
100
AcDbEntity
  8
WALL
100
AcDbLine
 10
123925
 20
7750
 30
0
 11
124075
 21
7900
 31
0
  0
LINE
  5
1A84
100
AcDbEntity
  8
WALL
100
AcDbLine
370
50
 10
123925
 20
3550
 30
0
 11
124075
 21
3550
 31
0
  0
LINE
  5
1A85
100
AcDbEntity
  8
WALL
100
AcDbLine
370
50
 10
123925
 20
4450
 30
0
 11
124075
 21
4450
 31
0
  0
LINE
  5
1A86
100
AcDbEntity
  8
WALL
100
AcDbLine
370
50
 10
123925
 20
8000
 30
0
 11
123925
 21
11550
 31
0
  0
LINE
  5
1A87
100
AcDbEntity
  8
WALL
100
AcDbLine
370
50
 10
124075
 20
11550
 30
0
 11
124075
 21
8000
 31
0
  0
LINE
  5
1A88
100
AcDbEntity
  8
WALL
100
AcDbLine
 10
123925
 20
8000
 30
0
 11
124075
 21
8150
 31
0
  0
LINE
  5
1A89
100
AcDbEntity
  8
WALL
100
AcDbLine
 10
123925
 20
8150
 30
0
 11
124075
 21
8300
 31
0
  0
LINE
  5
1A8A
100
AcDbEntity
  8
WALL
100
AcDbLine
 10
123925
 20
8300
 30
0
 11
124075
 21
8450
 31
0
  0
LINE
  5
1A8B
100
AcDbEntity
  8
WALL
100
AcDbLine
 10
123925
 20
8450
 30
0
 11
124075
 21
8600
 31
0
  0
LINE
  5
1A8C
100
AcDbEntity
  8
WALL
100
AcDbLine
 10
123925
 20
8600
 30
0
 11
124075
 21
8750
 31
0
  0
LINE
  5
1A8D
100
AcDbEntity
  8
WALL
100
AcDbLine
 10
123925
 20
8750
 30
0
 11
124075
 21
8900
 31
0
  0
LINE
  5
1A8E
100
AcDbEntity
  8
WALL
100
AcDbLine
 10
123925
 20
8900
 30
0
 11
124075
 21
9050
 31
0
  0
LINE
  5
1A8F
100
AcDbEntity
  8
WALL
100
AcDbLine
 10
123925
 20
9050
 30
0
 11
124075
 21
9200
 31
0
  0
LINE
  5
1A90
100
AcDbEntity
  8
WALL
100
AcDbLine
 10
123925
 20
9200
 30
0
 11
124075
 21
9350
 31
0
  0
LINE
  5
1A91
100
AcDbEntity
  8
WALL
100
AcDbLine
 10
123925
 20
9350
 30
0
 11
124075
 21
9500
 31
0
  0
LINE
  5
1A92
100
AcDbEntity
  8
WALL
100
AcDbLine
 10
123925
 20
9500
 30
0
 11
124075
 21
9650
 31
0
  0
LINE
  5
1A93
100
AcDbEntity
  8
WALL
100
AcDbLine
 10
123925
 20
9650
 30
0
 11
124075
 21
9800
 31
0
  0
LINE
  5
1A94
100
AcDbEntity
  8
WALL
100
AcDbLine
 10
123925
 20
9800
 30
0
 11
124075
 21
9950
 31
0
  0
LINE
  5
1A95
100
AcDbEntity
  8
WALL
100
AcDbLine
 10
123925
 20
9950
 30
0
 11
124075
 21
10100
 31
0
  0
LINE
  5
1A96
100
AcDbEntity
  8
WALL
100
AcDbLine
 10
123925
 20
10100
 30
0
 11
124075
 21
10250
 31
0
  0
LINE
  5
1A97
100
AcDbEntity
  8
WALL
100
AcDbLine
 10
123925
 20
10250
 30
0
 11
124075
 21
10400
 31
0
  0
LINE
  5
1A98
100
AcDbEntity
  8
WALL
100
AcDbLine
 10
123925
 20
10400
 30
0
 11
124075
 21
10550
 31
0
  0
LINE
  5
1A99
100
AcDbEntity
  8
WALL
100
AcDbLine
 10
123925
 20
10550
 30
0
 11
124075
 21
10700
 31
0
  0
LINE
  5
1A9A
100
AcDbEntity
  8
WALL
100
AcDbLine
 10
123925
 20
10700
 30
0
 11
124075
 21
10850
 31
0
  0
LINE
  5
1A9B
100
AcDbEntity
  8
WALL
100
AcDbLine
 10
123925
 20
10850
 30
0
 11
124075
 21
11000
 31
0
  0
LINE
  5
1A9C
100
AcDbEntity
  8
WALL
100
AcDbLine
 10
123925
 20
11000
 30
0
 11
124075
 21
11150
 31
0
  0
LINE
  5
1A9D
100
AcDbEntity
  8
WALL
100
AcDbLine
 10
123925
 20
11150
 30
0
 11
124075
 21
11300
 31
0
  0
LINE
  5
1A9E
100
AcDbEntity
  8
WALL
100
AcDbLine
 10
123925
 20
11300
 30
0
 11
124075
 21
11450
 31
0
  0
LINE
  5
1A9F
100
AcDbEntity
  8
WALL
100
AcDbLine
370
50
 10
123925
 20
12450
 30
0
 11
123925
 21
16000
 31
0
  0
LINE
  5
1AA0
100
AcDbEntity
  8
WALL
100
AcDbLine
370
50
 10
124075
 20
16000
 30
0
 11
124075
 21
12450
 31
0
  0
LINE
  5
1AA1
100
AcDbEntity
  8
WALL
100
AcDbLine
 10
123925
 20
12450
 30
0
 11
124075
 21
12600
 31
0
  0
LINE
  5
1AA2
100
AcDbEntity
  8
WALL
100
AcDbLine
 10
123925
 20
12600
 30
0
 11
124075
 21
12750
 31
0
  0
LINE
  5
1AA3
100
AcDbEntity
  8
WALL
100
AcDbLine
 10
123925
 20
12750
 30
0
 11
124075
 21
12900
 31
0
  0
LINE
  5
1AA4
100
AcDbEntity
  8
WALL
100
AcDbLine
 10
123925
 20
12900
 30
0
 11
124075
 21
13050
 31
0
  0
LINE
  5
1AA5
100
AcDbEntity
  8
WALL
100
AcDbLine
 10
123925
 20
13050
 30
0
 11
124075
 21
13200
 31
0
  0
LINE
  5
1AA6
100
AcDbEntity
  8
WALL
100
AcDbLine
 10
123925
 20
13200
 30
0
 11
124075
 21
13350
 31
0
  0
LINE
  5
1AA7
100
AcDbEntity
  8
WALL
100
AcDbLine
 10
123925
 20
13350
 30
0
 11
124075
 21
13500
 31
0
  0
LINE
  5
1AA8
100
AcDbEntity
  8
WALL
100
AcDbLine
 10
123925
 20
13500
 30
0
 11
124075
 21
13650
 31
0
  0
LINE
  5
1AA9
100
AcDbEntity
  8
WALL
100
AcDbLine
 10
123925
 20
13650
 30
0
 11
124075
 21
13800
 31
0
  0
LINE
  5
1AAA
100
AcDbEntity
  8
WALL
100
AcDbLine
 10
123925
 20
13800
 30
0
 11
124075
 21
13950
 31
0
  0
LINE
  5
1AAB
100
AcDbEntity
  8
WALL
100
AcDbLine
 10
123925
 20
13950
 30
0
 11
124075
 21
14100
 31
0
  0
LINE
  5
1AAC
100
AcDbEntity
  8
WALL
100
AcDbLine
 10
123925
 20
14100
 30
0
 11
124075
 21
14250
 31
0
  0
LINE
  5
1AAD
100
AcDbEntity
  8
WALL
100
AcDbLine
 10
123925
 20
14250
 30
0
 11
124075
 21
14400
 31
0
  0
LINE
  5
1AAE
100
AcDbEntity
  8
WALL
100
AcDbLine
 10
123925
 20
14400
 30
0
 11
124075
 21
14550
 31
0
  0
LINE
  5
1AAF
100
AcDbEntity
  8
WALL
100
AcDbLine
 10
123925
 20
14550
 30
0
 11
124075
 21
14700
 31
0
  0
LINE
  5
1AB0
100
AcDbEntity
  8
WALL
100
AcDbLine
 10
123925
 20
14700
 30
0
 11
124075
 21
14850
 31
0
  0
LINE
  5
1AB1
100
AcDbEntity
  8
WALL
100
AcDbLine
 10
123925
 20
14850
 30
0
 11
124075
 21
15000
 31
0
  0
LINE
  5
1AB2
100
AcDbEntity
  8
WALL
100
AcDbLine
 10
123925
 20
15000
 30
0
 11
124075
 21
15150
 31
0
  0
LINE
  5
1AB3
100
AcDbEntity
  8
WALL
100
AcDbLine
 10
123925
 20
15150
 30
0
 11
124075
 21
15300
 31
0
  0
LINE
  5
1AB4
100
AcDbEntity
  8
WALL
100
AcDbLine
 10
123925
 20
15300
 30
0
 11
124075
 21
15450
 31
0
  0
LINE
  5
1AB5
100
AcDbEntity
  8
WALL
100
AcDbLine
 10
123925
 20
15450
 30
0
 11
124075
 21
15600
 31
0
  0
LINE
  5
1AB6
100
AcDbEntity
  8
WALL
100
AcDbLine
 10
123925
 20
15600
 30
0
 11
124075
 21
15750
 31
0
  0
LINE
  5
1AB7
100
AcDbEntity
  8
WALL
100
AcDbLine
 10
123925
 20
15750
 30
0
 11
124075
 21
15900
 31
0
  0
LINE
  5
1AB8
100
AcDbEntity
  8
WALL
100
AcDbLine
370
50
 10
123925
 20
11550
 30
0
 11
124075
 21
11550
 31
0
  0
LINE
  5
1AB9
100
AcDbEntity
  8
WALL
100
AcDbLine
370
50
 10
123925
 20
12450
 30
0
 11
124075
 21
12450
 31
0
  0
LINE
  5
1ABA
100
AcDbEntity
  8
WALL
100
AcDbLine
370
50
 10
123925
 20
16000
 30
0
 11
123925
 21
19550
 31
0
  0
LINE
  5
1ABB
100
AcDbEntity
  8
WALL
100
AcDbLine
370
50
 10
124075
 20
19550
 30
0
 11
124075
 21
16000
 31
0
  0
LINE
  5
1ABC
100
AcDbEntity
  8
WALL
100
AcDbLine
 10
123925
 20
16000
 30
0
 11
124075
 21
16150
 31
0
  0
LINE
  5
1ABD
100
AcDbEntity
  8
WALL
100
AcDbLine
 10
123925
 20
16150
 30
0
 11
124075
 21
16300
 31
0
  0
LINE
  5
1ABE
100
AcDbEntity
  8
WALL
100
AcDbLine
 10
123925
 20
16300
 30
0
 11
124075
 21
16450
 31
0
  0
LINE
  5
1ABF
100
AcDbEntity
  8
WALL
100
AcDbLine
 10
123925
 20
16450
 30
0
 11
124075
 21
16600
 31
0
  0
LINE
  5
1AC0
100
AcDbEntity
  8
WALL
100
AcDbLine
 10
123925
 20
16600
 30
0
 11
124075
 21
16750
 31
0
  0
LINE
  5
1AC1
100
AcDbEntity
  8
WALL
100
AcDbLine
 10
123925
 20
16750
 30
0
 11
124075
 21
16900
 31
0
  0
LINE
  5
1AC2
100
AcDbEntity
  8
WALL
100
AcDbLine
 10
123925
 20
16900
 30
0
 11
124075
 21
17050
 31
0
  0
LINE
  5
1AC3
100
AcDbEntity
  8
WALL
100
AcDbLine
 10
123925
 20
17050
 30
0
 11
124075
 21
17200
 31
0
  0
LINE
  5
1AC4
100
AcDbEntity
  8
WALL
100
AcDbLine
 10
123925
 20
17200
 30
0
 11
124075
 21
17350
 31
0
  0
LINE
  5
1AC5
100
AcDbEntity
  8
WALL
100
AcDbLine
 10
123925
 20
17350
 30
0
 11
124075
 21
17500
 31
0
  0
LINE
  5
1AC6
100
AcDbEntity
  8
WALL
100
AcDbLine
 10
123925
 20
17500
 30
0
 11
124075
 21
17650
 31
0
  0
LINE
  5
1AC7
100
AcDbEntity
  8
WALL
100
AcDbLine
 10
123925
 20
17650
 30
0
 11
124075
 21
17800
 31
0
  0
LINE
  5
1AC8
100
AcDbEntity
  8
WALL
100
AcDbLine
 10
123925
 20
17800
 30
0
 11
124075
 21
17950
 31
0
  0
LINE
  5
1AC9
100
AcDbEntity
  8
WALL
100
AcDbLine
 10
123925
 20
17950
 30
0
 11
124075
 21
18100
 31
0
  0
LINE
  5
1ACA
100
AcDbEntity
  8
WALL
100
AcDbLine
 10
123925
 20
18100
 30
0
 11
124075
 21
18250
 31
0
  0
LINE
  5
1ACB
100
AcDbEntity
  8
WALL
100
AcDbLine
 10
123925
 20
18250
 30
0
 11
124075
 21
18400
 31
0
  0
LINE
  5
1ACC
100
AcDbEntity
  8
WALL
100
AcDbLine
 10
123925
 20
18400
 30
0
 11
124075
 21
18550
 31
0
  0
LINE
  5
1ACD
100
AcDbEntity
  8
WALL
100
AcDbLine
 10
123925
 20
18550
 30
0
 11
124075
 21
18700
 31
0
  0
LINE
  5
1ACE
100
AcDbEntity
  8
WALL
100
AcDbLine
 10
123925
 20
18700
 30
0
 11
124075
 21
18850
 31
0
  0
LINE
  5
1ACF
100
AcDbEntity
  8
WALL
100
AcDbLine
 10
123925
 20
18850
 30
0
 11
124075
 21
19000
 31
0
  0
LINE
  5
1AD0
100
AcDbEntity
  8
WALL
100
AcDbLine
 10
123925
 20
19000
 30
0
 11
124075
 21
19150
 31
0
  0
LINE
  5
1AD1
100
AcDbEntity
  8
WALL
100
AcDbLine
 10
123925
 20
19150
 30
0
 11
124075
 21
19300
 31
0
  0
LINE
  5
1AD2
100
AcDbEntity
  8
WALL
100
AcDbLine
 10
123925
 20
19300
 30
0
 11
124075
 21
19450
 31
0
  0
LINE
  5
1AD3
100
AcDbEntity
  8
WALL
100
AcDbLine
370
50
 10
123925
 20
20450
 30
0
 11
123925
 21
24000
 31
0
  0
LINE
  5
1AD4
100
AcDbEntity
  8
WALL
100
AcDbLine
370
50
 10
124075
 20
24000
 30
0
 11
124075
 21
20450
 31
0
  0
LINE
  5
1AD5
100
AcDbEntity
  8
WALL
100
AcDbLine
 10
123925
 20
20450
 30
0
 11
124075
 21
20600
 31
0
  0
LINE
  5
1AD6
100
AcDbEntity
  8
WALL
100
AcDbLine
 10
123925
 20
20600
 30
0
 11
124075
 21
20750
 31
0
  0
LINE
  5
1AD7
100
AcDbEntity
  8
WALL
100
AcDbLine
 10
123925
 20
20750
 30
0
 11
124075
 21
20900
 31
0
  0
LINE
  5
1AD8
100
AcDbEntity
  8
WALL
100
AcDbLine
 10
123925
 20
20900
 30
0
 11
124075
 21
21050
 31
0
  0
LINE
  5
1AD9
100
AcDbEntity
  8
WALL
100
AcDbLine
 10
123925
 20
21050
 30
0
 11
124075
 21
21200
 31
0
  0
LINE
  5
1ADA
100
AcDbEntity
  8
WALL
100
AcDbLine
 10
123925
 20
21200
 30
0
 11
124075
 21
21350
 31
0
  0
LINE
  5
1ADB
100
AcDbEntity
  8
WALL
100
AcDbLine
 10
123925
 20
21350
 30
0
 11
124075
 21
21500
 31
0
  0
LINE
  5
1ADC
100
AcDbEntity
  8
WALL
100
AcDbLine
 10
123925
 20
21500
 30
0
 11
124075
 21
21650
 31
0
  0
LINE
  5
1ADD
100
AcDbEntity
  8
WALL
100
AcDbLine
 10
123925
 20
21650
 30
0
 11
124075
 21
21800
 31
0
  0
LINE
  5
1ADE
100
AcDbEntity
  8
WALL
100
AcDbLine
 10
123925
 20
21800
 30
0
 11
124075
 21
21950
 31
0
  0
LINE
  5
1ADF
100
AcDbEntity
  8
WALL
100
AcDbLine
 10
123925
 20
21950
 30
0
 11
124075
 21
22100
 31
0
  0
LINE
  5
1AE0
100
AcDbEntity
  8
WALL
100
AcDbLine
 10
123925
 20
22100
 30
0
 11
124075
 21
22250
 31
0
  0
LINE
  5
1AE1
100
AcDbEntity
  8
WALL
100
AcDbLine
 10
123925
 20
22250
 30
0
 11
124075
 21
22400
 31
0
  0
LINE
  5
1AE2
100
AcDbEntity
  8
WALL
100
AcDbLine
 10
123925
 20
22400
 30
0
 11
124075
 21
22550
 31
0
  0
LINE
  5
1AE3
100
AcDbEntity
  8
WALL
100
AcDbLine
 10
123925
 20
22550
 30
0
 11
124075
 21
22700
 31
0
  0
LINE
  5
1AE4
100
AcDbEntity
  8
WALL
100
AcDbLine
 10
123925
 20
22700
 30
0
 11
124075
 21
22850
 31
0
  0
LINE
  5
1AE5
100
AcDbEntity
  8
WALL
100
AcDbLine
 10
123925
 20
22850
 30
0
 11
124075
 21
23000
 31
0
  0
LINE
  5
1AE6
100
AcDbEntity
  8
WALL
100
AcDbLine
 10
123925
 20
23000
 30
0
 11
124075
 21
23150
 31
0
  0
LINE
  5
1AE7
100
AcDbEntity
  8
WALL
100
AcDbLine
 10
123925
 20
23150
 30
0
 11
124075
 21
23300
 31
0
  0
LINE
  5
1AE8
100
AcDbEntity
  8
WALL
100
AcDbLine
 10
123925
 20
23300
 30
0
 11
124075
 21
23450
 31
0
  0
LINE
  5
1AE9
100
AcDbEntity
  8
WALL
100
AcDbLine
 10
123925
 20
23450
 30
0
 11
124075
 21
23600
 31
0
  0
LINE
  5
1AEA
100
AcDbEntity
  8
WALL
100
AcDbLine
 10
123925
 20
23600
 30
0
 11
124075
 21
23750
 31
0
  0
LINE
  5
1AEB
100
AcDbEntity
  8
WALL
100
AcDbLine
 10
123925
 20
23750
 30
0
 11
124075
 21
23900
 31
0
  0
LINE
  5
1AEC
100
AcDbEntity
  8
WALL
100
AcDbLine
370
50
 10
123925
 20
19550
 30
0
 11
124075
 21
19550
 31
0
  0
LINE
  5
1AED
100
AcDbEntity
  8
WALL
100
AcDbLine
370
50
 10
123925
 20
20450
 30
0
 11
124075
 21
20450
 31
0
  0
LINE
  5
1AEE
100
AcDbEntity
  8
WALL
100
AcDbLine
370
50
 10
127925
 20
0
 30
0
 11
127925
 21
3550
 31
0
  0
LINE
  5
1AEF
100
AcDbEntity
  8
WALL
100
AcDbLine
370
50
 10
128075
 20
3550
 30
0
 11
128075
 21
0
 31
0
  0
LINE
  5
1AF0
100
AcDbEntity
  8
WALL
100
AcDbLine
 10
127925
 20
0
 30
0
 11
128075
 21
150
 31
0
  0
LINE
  5
1AF1
100
AcDbEntity
  8
WALL
100
AcDbLine
 10
127925
 20
150
 30
0
 11
128075
 21
300
 31
0
  0
LINE
  5
1AF2
100
AcDbEntity
  8
WALL
100
AcDbLine
 10
127925
 20
300
 30
0
 11
128075
 21
450
 31
0
  0
LINE
  5
1AF3
100
AcDbEntity
  8
WALL
100
AcDbLine
 10
127925
 20
450
 30
0
 11
128075
 21
600
 31
0
  0
LINE
  5
1AF4
100
AcDbEntity
  8
WALL
100
AcDbLine
 10
127925
 20
600
 30
0
 11
128075
 21
750
 31
0
  0
LINE
  5
1AF5
100
AcDbEntity
  8
WALL
100
AcDbLine
 10
127925
 20
750
 30
0
 11
128075
 21
900
 31
0
  0
LINE
  5
1AF6
100
AcDbEntity
  8
WALL
100
AcDbLine
 10
127925
 20
900
 30
0
 11
128075
 21
1050
 31
0
  0
LINE
  5
1AF7
100
AcDbEntity
  8
WALL
100
AcDbLine
 10
127925
 20
1050
 30
0
 11
128075
 21
1200
 31
0
  0
LINE
  5
1AF8
100
AcDbEntity
  8
WALL
100
AcDbLine
 10
127925
 20
1200
 30
0
 11
128075
 21
1350
 31
0
  0
LINE
  5
1AF9
100
AcDbEntity
  8
WALL
100
AcDbLine
 10
127925
 20
1350
 30
0
 11
128075
 21
1500
 31
0
  0
LINE
  5
1AFA
100
AcDbEntity
  8
WALL
100
AcDbLine
 10
127925
 20
1500
 30
0
 11
128075
 21
1650
 31
0
  0
LINE
  5
1AFB
100
AcDbEntity
  8
WALL
100
AcDbLine
 10
127925
 20
1650
 30
0
 11
128075
 21
1800
 31
0
  0
LINE
  5
1AFC
100
AcDbEntity
  8
WALL
100
AcDbLine
 10
127925
 20
1800
 30
0
 11
128075
 21
1950
 31
0
  0
LINE
  5
1AFD
100
AcDbEntity
  8
WALL
100
AcDbLine
 10
127925
 20
1950
 30
0
 11
128075
 21
2100
 31
0
  0
LINE
  5
1AFE
100
AcDbEntity
  8
WALL
100
AcDbLine
 10
127925
 20
2100
 30
0
 11
128075
 21
2250
 31
0
  0
LINE
  5
1AFF
100
AcDbEntity
  8
WALL
100
AcDbLine
 10
127925
 20
2250
 30
0
 11
128075
 21
2400
 31
0
  0
LINE
  5
1B00
100
AcDbEntity
  8
WALL
100
AcDbLine
 10
127925
 20
2400
 30
0
 11
128075
 21
2550
 31
0
  0
LINE
  5
1B01
100
AcDbEntity
  8
WALL
100
AcDbLine
 10
127925
 20
2550
 30
0
 11
128075
 21
2700
 31
0
  0
LINE
  5
1B02
100
AcDbEntity
  8
WALL
100
AcDbLine
 10
127925
 20
2700
 30
0
 11
128075
 21
2850
 31
0
  0
LINE
  5
1B03
100
AcDbEntity
  8
WALL
100
AcDbLine
 10
127925
 20
2850
 30
0
 11
128075
 21
3000
 31
0
  0
LINE
  5
1B04
100
AcDbEntity
  8
WALL
100
AcDbLine
 10
127925
 20
3000
 30
0
 11
128075
 21
3150
 31
0
  0
LINE
  5
1B05
100
AcDbEntity
  8
WALL
100
AcDbLine
 10
127925
 20
3150
 30
0
 11
128075
 21
3300
 31
0
  0
LINE
  5
1B06
100
AcDbEntity
  8
WALL
100
AcDbLine
 10
127925
 20
3300
 30
0
 11
128075
 21
3450
 31
0
  0
LINE
  5
1B07
100
AcDbEntity
  8
WALL
100
AcDbLine
370
50
 10
127925
 20
4450
 30
0
 11
127925
 21
8000
 31
0
  0
LINE
  5
1B08
100
AcDbEntity
  8
WALL
100
AcDbLine
370
50
 10
128075
 20
8000
 30
0
 11
128075
 21
4450
 31
0
  0
LINE
  5
1B09
100
AcDbEntity
  8
WALL
100
AcDbLine
 10
127925
 20
4450
 30
0
 11
128075
 21
4600
 31
0
  0
LINE
  5
1B0A
100
AcDbEntity
  8
WALL
100
AcDbLine
 10
127925
 20
4600
 30
0
 11
128075
 21
4750
 31
0
  0
LINE
  5
1B0B
100
AcDbEntity
  8
WALL
100
AcDbLine
 10
127925
 20
4750
 30
0
 11
128075
 21
4900
 31
0
  0
LINE
  5
1B0C
100
AcDbEntity
  8
WALL
100
AcDbLine
 10
127925
 20
4900
 30
0
 11
128075
 21
5050
 31
0
  0
LINE
  5
1B0D
100
AcDbEntity
  8
WALL
100
AcDbLine
 10
127925
 20
5050
 30
0
 11
128075
 21
5200
 31
0
  0
LINE
  5
1B0E
100
AcDbEntity
  8
WALL
100
AcDbLine
 10
127925
 20
5200
 30
0
 11
128075
 21
5350
 31
0
  0
LINE
  5
1B0F
100
AcDbEntity
  8
WALL
100
AcDbLine
 10
127925
 20
5350
 30
0
 11
128075
 21
5500
 31
0
  0
LINE
  5
1B10
100
AcDbEntity
  8
WALL
100
AcDbLine
 10
127925
 20
5500
 30
0
 11
128075
 21
5650
 31
0
  0
LINE
  5
1B11
100
AcDbEntity
  8
WALL
100
AcDbLine
 10
127925
 20
5650
 30
0
 11
128075
 21
5800
 31
0
  0
LINE
  5
1B12
100
AcDbEntity
  8
WALL
100
AcDbLine
 10
127925
 20
5800
 30
0
 11
128075
 21
5950
 31
0
  0
LINE
  5
1B13
100
AcDbEntity
  8
WALL
100
AcDbLine
 10
127925
 20
5950
 30
0
 11
128075
 21
6100
 31
0
  0
LINE
  5
1B14
100
AcDbEntity
  8
WALL
100
AcDbLine
 10
127925
 20
6100
 30
0
 11
128075
 21
6250
 31
0
  0
LINE
  5
1B15
100
AcDbEntity
  8
WALL
100
AcDbLine
 10
127925
 20
6250
 30
0
 11
128075
 21
6400
 31
0
  0
LINE
  5
1B16
100
AcDbEntity
  8
WALL
100
AcDbLine
 10
127925
 20
6400
 30
0
 11
128075
 21
6550
 31
0
  0
LINE
  5
1B17
100
AcDbEntity
  8
WALL
100
AcDbLine
 10
127925
 20
6550
 30
0
 11
128075
 21
6700
 31
0
  0
LINE
  5
1B18
100
AcDbEntity
  8
WALL
100
AcDbLine
 10
127925
 20
6700
 30
0
 11
128075
 21
6850
 31
0
  0
LINE
  5
1B19
100
AcDbEntity
  8
WALL
100
AcDbLine
 10
127925
 20
6850
 30
0
 11
128075
 21
7000
 31
0
  0
LINE
  5
1B1A
100
AcDbEntity
  8
WALL
100
AcDbLine
 10
127925
 20
7000
 30
0
 11
128075
 21
7150
 31
0
  0
LINE
  5
1B1B
100
AcDbEntity
  8
WALL
100
AcDbLine
 10
127925
 20
7150
 30
0
 11
128075
 21
7300
 31
0
  0
LINE
  5
1B1C
100
AcDbEntity
  8
WALL
100
AcDbLine
 10
127925
 20
7300
 30
0
 11
128075
 21
7450
 31
0
  0
LINE
  5
1B1D
100
AcDbEntity
  8
WALL
100
AcDbLine
 10
127925
 20
7450
 30
0
 11
128075
 21
7600
 31
0
  0
LINE
  5
1B1E
100
AcDbEntity
  8
WALL
100
AcDbLine
 10
127925
 20
7600
 30
0
 11
128075
 21
7750
 31
0
  0
LINE
  5
1B1F
100
AcDbEntity
  8
WALL
100
AcDbLine
 10
127925
 20
7750
 30
0
 11
128075
 21
7900
 31
0
  0
LINE
  5
1B20
100
AcDbEntity
  8
WALL
100
AcDbLine
370
50
 10
127925
 20
3550
 30
0
 11
128075
 21
3550
 31
0
  0
LINE
  5
1B21
100
AcDbEntity
  8
WALL
100
AcDbLine
370
50
 10
127925
 20
4450
 30
0
 11
128075
 21
4450
 31
0
  0
LINE
  5
1B22
100
AcDbEntity
  8
WALL
100
AcDbLine
370
50
 10
127925
 20
8000
 30
0
 11
127925
 21
11550
 31
0
  0
LINE
  5
1B23
100
AcDbEntity
  8
WALL
100
AcDbLine
370
50
 10
128075
 20
11550
 30
0
 11
128075
 21
8000
 31
0
  0
LINE
  5
1B24
100
AcDbEntity
  8
WALL
100
AcDbLine
 10
127925
 20
8000
 30
0
 11
128075
 21
8150
 31
0
  0
LINE
  5
1B25
100
AcDbEntity
  8
WALL
100
AcDbLine
 10
127925
 20
8150
 30
0
 11
128075
 21
8300
 31
0
  0
LINE
  5
1B26
100
AcDbEntity
  8
WALL
100
AcDbLine
 10
127925
 20
8300
 30
0
 11
128075
 21
8450
 31
0
  0
LINE
  5
1B27
100
AcDbEntity
  8
WALL
100
AcDbLine
 10
127925
 20
8450
 30
0
 11
128075
 21
8600
 31
0
  0
LINE
  5
1B28
100
AcDbEntity
  8
WALL
100
AcDbLine
 10
127925
 20
8600
 30
0
 11
128075
 21
8750
 31
0
  0
LINE
  5
1B29
100
AcDbEntity
  8
WALL
100
AcDbLine
 10
127925
 20
8750
 30
0
 11
128075
 21
8900
 31
0
  0
LINE
  5
1B2A
100
AcDbEntity
  8
WALL
100
AcDbLine
 10
127925
 20
8900
 30
0
 11
128075
 21
9050
 31
0
  0
LINE
  5
1B2B
100
AcDbEntity
  8
WALL
100
AcDbLine
 10
127925
 20
9050
 30
0
 11
128075
 21
9200
 31
0
  0
LINE
  5
1B2C
100
AcDbEntity
  8
WALL
100
AcDbLine
 10
127925
 20
9200
 30
0
 11
128075
 21
9350
 31
0
  0
LINE
  5
1B2D
100
AcDbEntity
  8
WALL
100
AcDbLine
 10
127925
 20
9350
 30
0
 11
128075
 21
9500
 31
0
  0
LINE
  5
1B2E
100
AcDbEntity
  8
WALL
100
AcDbLine
 10
127925
 20
9500
 30
0
 11
128075
 21
9650
 31
0
  0
LINE
  5
1B2F
100
AcDbEntity
  8
WALL
100
AcDbLine
 10
127925
 20
9650
 30
0
 11
128075
 21
9800
 31
0
  0
LINE
  5
1B30
100
AcDbEntity
  8
WALL
100
AcDbLine
 10
127925
 20
9800
 30
0
 11
128075
 21
9950
 31
0
  0
LINE
  5
1B31
100
AcDbEntity
  8
WALL
100
AcDbLine
 10
127925
 20
9950
 30
0
 11
128075
 21
10100
 31
0
  0
LINE
  5
1B32
100
AcDbEntity
  8
WALL
100
AcDbLine
 10
127925
 20
10100
 30
0
 11
128075
 21
10250
 31
0
  0
LINE
  5
1B33
100
AcDbEntity
  8
WALL
100
AcDbLine
 10
127925
 20
10250
 30
0
 11
128075
 21
10400
 31
0
  0
LINE
  5
1B34
100
AcDbEntity
  8
WALL
100
AcDbLine
 10
127925
 20
10400
 30
0
 11
128075
 21
10550
 31
0
  0
LINE
  5
1B35
100
AcDbEntity
  8
WALL
100
AcDbLine
 10
127925
 20
10550
 30
0
 11
128075
 21
10700
 31
0
  0
LINE
  5
1B36
100
AcDbEntity
  8
WALL
100
AcDbLine
 10
127925
 20
10700
 30
0
 11
128075
 21
10850
 31
0
  0
LINE
  5
1B37
100
AcDbEntity
  8
WALL
100
AcDbLine
 10
127925
 20
10850
 30
0
 11
128075
 21
11000
 31
0
  0
LINE
  5
1B38
100
AcDbEntity
  8
WALL
100
AcDbLine
 10
127925
 20
11000
 30
0
 11
128075
 21
11150
 31
0
  0
LINE
  5
1B39
100
AcDbEntity
  8
WALL
100
AcDbLine
 10
127925
 20
11150
 30
0
 11
128075
 21
11300
 31
0
  0
LINE
  5
1B3A
100
AcDbEntity
  8
WALL
100
AcDbLine
 10
127925
 20
11300
 30
0
 11
128075
 21
11450
 31
0
  0
LINE
  5
1B3B
100
AcDbEntity
  8
WALL
100
AcDbLine
370
50
 10
127925
 20
12450
 30
0
 11
127925
 21
16000
 31
0
  0
LINE
  5
1B3C
100
AcDbEntity
  8
WALL
100
AcDbLine
370
50
 10
128075
 20
16000
 30
0
 11
128075
 21
12450
 31
0
  0
LINE
  5
1B3D
100
AcDbEntity
  8
WALL
100
AcDbLine
 10
127925
 20
12450
 30
0
 11
128075
 21
12600
 31
0
  0
LINE
  5
1B3E
100
AcDbEntity
  8
WALL
100
AcDbLine
 10
127925
 20
12600
 30
0
 11
128075
 21
12750
 31
0
  0
LINE
  5
1B3F
100
AcDbEntity
  8
WALL
100
AcDbLine
 10
127925
 20
12750
 30
0
 11
128075
 21
12900
 31
0
  0
LINE
  5
1B40
100
AcDbEntity
  8
WALL
100
AcDbLine
 10
127925
 20
12900
 30
0
 11
128075
 21
13050
 31
0
  0
LINE
  5
1B41
100
AcDbEntity
  8
WALL
100
AcDbLine
 10
127925
 20
13050
 30
0
 11
128075
 21
13200
 31
0
  0
LINE
  5
1B42
100
AcDbEntity
  8
WALL
100
AcDbLine
 10
127925
 20
13200
 30
0
 11
128075
 21
13350
 31
0
  0
LINE
  5
1B43
100
AcDbEntity
  8
WALL
100
AcDbLine
 10
127925
 20
13350
 30
0
 11
128075
 21
13500
 31
0
  0
LINE
  5
1B44
100
AcDbEntity
  8
WALL
100
AcDbLine
 10
127925
 20
13500
 30
0
 11
128075
 21
13650
 31
0
  0
LINE
  5
1B45
100
AcDbEntity
  8
WALL
100
AcDbLine
 10
127925
 20
13650
 30
0
 11
128075
 21
13800
 31
0
  0
LINE
  5
1B46
100
AcDbEntity
  8
WALL
100
AcDbLine
 10
127925
 20
13800
 30
0
 11
128075
 21
13950
 31
0
  0
LINE
  5
1B47
100
AcDbEntity
  8
WALL
100
AcDbLine
 10
127925
 20
13950
 30
0
 11
128075
 21
14100
 31
0
  0
LINE
  5
1B48
100
AcDbEntity
  8
WALL
100
AcDbLine
 10
127925
 20
14100
 30
0
 11
128075
 21
14250
 31
0
  0
LINE
  5
1B49
100
AcDbEntity
  8
WALL
100
AcDbLine
 10
127925
 20
14250
 30
0
 11
128075
 21
14400
 31
0
  0
LINE
  5
1B4A
100
AcDbEntity
  8
WALL
100
AcDbLine
 10
127925
 20
14400
 30
0
 11
128075
 21
14550
 31
0
  0
LINE
  5
1B4B
100
AcDbEntity
  8
WALL
100
AcDbLine
 10
127925
 20
14550
 30
0
 11
128075
 21
14700
 31
0
  0
LINE
  5
1B4C
100
AcDbEntity
  8
WALL
100
AcDbLine
 10
127925
 20
14700
 30
0
 11
128075
 21
14850
 31
0
  0
LINE
  5
1B4D
100
AcDbEntity
  8
WALL
100
AcDbLine
 10
127925
 20
14850
 30
0
 11
128075
 21
15000
 31
0
  0
LINE
  5
1B4E
100
AcDbEntity
  8
WALL
100
AcDbLine
 10
127925
 20
15000
 30
0
 11
128075
 21
15150
 31
0
  0
LINE
  5
1B4F
100
AcDbEntity
  8
WALL
100
AcDbLine
 10
127925
 20
15150
 30
0
 11
128075
 21
15300
 31
0
  0
LINE
  5
1B50
100
AcDbEntity
  8
WALL
100
AcDbLine
 10
127925
 20
15300
 30
0
 11
128075
 21
15450
 31
0
  0
LINE
  5
1B51
100
AcDbEntity
  8
WALL
100
AcDbLine
 10
127925
 20
15450
 30
0
 11
128075
 21
15600
 31
0
  0
LINE
  5
1B52
100
AcDbEntity
  8
WALL
100
AcDbLine
 10
127925
 20
15600
 30
0
 11
128075
 21
15750
 31
0
  0
LINE
  5
1B53
100
AcDbEntity
  8
WALL
100
AcDbLine
 10
127925
 20
15750
 30
0
 11
128075
 21
15900
 31
0
  0
LINE
  5
1B54
100
AcDbEntity
  8
WALL
100
AcDbLine
370
50
 10
127925
 20
11550
 30
0
 11
128075
 21
11550
 31
0
  0
LINE
  5
1B55
100
AcDbEntity
  8
WALL
100
AcDbLine
370
50
 10
127925
 20
12450
 30
0
 11
128075
 21
12450
 31
0
  0
LINE
  5
1B56
100
AcDbEntity
  8
WALL
100
AcDbLine
370
50
 10
127925
 20
16000
 30
0
 11
127925
 21
19550
 31
0
  0
LINE
  5
1B57
100
AcDbEntity
  8
WALL
100
AcDbLine
370
50
 10
128075
 20
19550
 30
0
 11
128075
 21
16000
 31
0
  0
LINE
  5
1B58
100
AcDbEntity
  8
WALL
100
AcDbLine
 10
127925
 20
16000
 30
0
 11
128075
 21
16150
 31
0
  0
LINE
  5
1B59
100
AcDbEntity
  8
WALL
100
AcDbLine
 10
127925
 20
16150
 30
0
 11
128075
 21
16300
 31
0
  0
LINE
  5
1B5A
100
AcDbEntity
  8
WALL
100
AcDbLine
 10
127925
 20
16300
 30
0
 11
128075
 21
16450
 31
0
  0
LINE
  5
1B5B
100
AcDbEntity
  8
WALL
100
AcDbLine
 10
127925
 20
16450
 30
0
 11
128075
 21
16600
 31
0
  0
LINE
  5
1B5C
100
AcDbEntity
  8
WALL
100
AcDbLine
 10
127925
 20
16600
 30
0
 11
128075
 21
16750
 31
0
  0
LINE
  5
1B5D
100
AcDbEntity
  8
WALL
100
AcDbLine
 10
127925
 20
16750
 30
0
 11
128075
 21
16900
 31
0
  0
LINE
  5
1B5E
100
AcDbEntity
  8
WALL
100
AcDbLine
 10
127925
 20
16900
 30
0
 11
128075
 21
17050
 31
0
  0
LINE
  5
1B5F
100
AcDbEntity
  8
WALL
100
AcDbLine
 10
127925
 20
17050
 30
0
 11
128075
 21
17200
 31
0
  0
LINE
  5
1B60
100
AcDbEntity
  8
WALL
100
AcDbLine
 10
127925
 20
17200
 30
0
 11
128075
 21
17350
 31
0
  0
LINE
  5
1B61
100
AcDbEntity
  8
WALL
100
AcDbLine
 10
127925
 20
17350
 30
0
 11
128075
 21
17500
 31
0
  0
LINE
  5
1B62
100
AcDbEntity
  8
WALL
100
AcDbLine
 10
127925
 20
17500
 30
0
 11
128075
 21
17650
 31
0
  0
LINE
  5
1B63
100
AcDbEntity
  8
WALL
100
AcDbLine
 10
127925
 20
17650
 30
0
 11
128075
 21
17800
 31
0
  0
LINE
  5
1B64
100
AcDbEntity
  8
WALL
100
AcDbLine
 10
127925
 20
17800
 30
0
 11
128075
 21
17950
 31
0
  0
LINE
  5
1B65
100
AcDbEntity
  8
WALL
100
AcDbLine
 10
127925
 20
17950
 30
0
 11
128075
 21
18100
 31
0
  0
LINE
  5
1B66
100
AcDbEntity
  8
WALL
100
AcDbLine
 10
127925
 20
18100
 30
0
 11
128075
 21
18250
 31
0
  0
LINE
  5
1B67
100
AcDbEntity
  8
WALL
100
AcDbLine
 10
127925
 20
18250
 30
0
 11
128075
 21
18400
 31
0
  0
LINE
  5
1B68
100
AcDbEntity
  8
WALL
100
AcDbLine
 10
127925
 20
18400
 30
0
 11
128075
 21
18550
 31
0
  0
LINE
  5
1B69
100
AcDbEntity
  8
WALL
100
AcDbLine
 10
127925
 20
18550
 30
0
 11
128075
 21
18700
 31
0
  0
LINE
  5
1B6A
100
AcDbEntity
  8
WALL
100
AcDbLine
 10
127925
 20
18700
 30
0
 11
128075
 21
18850
 31
0
  0
LINE
  5
1B6B
100
AcDbEntity
  8
WALL
100
AcDbLine
 10
127925
 20
18850
 30
0
 11
128075
 21
19000
 31
0
  0
LINE
  5
1B6C
100
AcDbEntity
  8
WALL
100
AcDbLine
 10
127925
 20
19000
 30
0
 11
128075
 21
19150
 31
0
  0
LINE
  5
1B6D
100
AcDbEntity
  8
WALL
100
AcDbLine
 10
127925
 20
19150
 30
0
 11
128075
 21
19300
 31
0
  0
LINE
  5
1B6E
100
AcDbEntity
  8
WALL
100
AcDbLine
 10
127925
 20
19300
 30
0
 11
128075
 21
19450
 31
0
  0
LINE
  5
1B6F
100
AcDbEntity
  8
WALL
100
AcDbLine
370
50
 10
127925
 20
20450
 30
0
 11
127925
 21
24000
 31
0
  0
LINE
  5
1B70
100
AcDbEntity
  8
WALL
100
AcDbLine
370
50
 10
128075
 20
24000
 30
0
 11
128075
 21
20450
 31
0
  0
LINE
  5
1B71
100
AcDbEntity
  8
WALL
100
AcDbLine
 10
127925
 20
20450
 30
0
 11
128075
 21
20600
 31
0
  0
LINE
  5
1B72
100
AcDbEntity
  8
WALL
100
AcDbLine
 10
127925
 20
20600
 30
0
 11
128075
 21
20750
 31
0
  0
LINE
  5
1B73
100
AcDbEntity
  8
WALL
100
AcDbLine
 10
127925
 20
20750
 30
0
 11
128075
 21
20900
 31
0
  0
LINE
  5
1B74
100
AcDbEntity
  8
WALL
100
AcDbLine
 10
127925
 20
20900
 30
0
 11
128075
 21
21050
 31
0
  0
LINE
  5
1B75
100
AcDbEntity
  8
WALL
100
AcDbLine
 10
127925
 20
21050
 30
0
 11
128075
 21
21200
 31
0
  0
LINE
  5
1B76
100
AcDbEntity
  8
WALL
100
AcDbLine
 10
127925
 20
21200
 30
0
 11
128075
 21
21350
 31
0
  0
LINE
  5
1B77
100
AcDbEntity
  8
WALL
100
AcDbLine
 10
127925
 20
21350
 30
0
 11
128075
 21
21500
 31
0
  0
LINE
  5
1B78
100
AcDbEntity
  8
WALL
100
AcDbLine
 10
127925
 20
21500
 30
0
 11
128075
 21
21650
 31
0
  0
LINE
  5
1B79
100
AcDbEntity
  8
WALL
100
AcDbLine
 10
127925
 20
21650
 30
0
 11
128075
 21
21800
 31
0
  0
LINE
  5
1B7A
100
AcDbEntity
  8
WALL
100
AcDbLine
 10
127925
 20
21800
 30
0
 11
128075
 21
21950
 31
0
  0
LINE
  5
1B7B
100
AcDbEntity
  8
WALL
100
AcDbLine
 10
127925
 20
21950
 30
0
 11
128075
 21
22100
 31
0
  0
LINE
  5
1B7C
100
AcDbEntity
  8
WALL
100
AcDbLine
 10
127925
 20
22100
 30
0
 11
128075
 21
22250
 31
0
  0
LINE
  5
1B7D
100
AcDbEntity
  8
WALL
100
AcDbLine
 10
127925
 20
22250
 30
0
 11
128075
 21
22400
 31
0
  0
LINE
  5
1B7E
100
AcDbEntity
  8
WALL
100
AcDbLine
 10
127925
 20
22400
 30
0
 11
128075
 21
22550
 31
0
  0
LINE
  5
1B7F
100
AcDbEntity
  8
WALL
100
AcDbLine
 10
127925
 20
22550
 30
0
 11
128075
 21
22700
 31
0
  0
LINE
  5
1B80
100
AcDbEntity
  8
WALL
100
AcDbLine
 10
127925
 20
22700
 30
0
 11
128075
 21
22850
 31
0
  0
LINE
  5
1B81
100
AcDbEntity
  8
WALL
100
AcDbLine
 10
127925
 20
22850
 30
0
 11
128075
 21
23000
 31
0
  0
LINE
  5
1B82
100
AcDbEntity
  8
WALL
100
AcDbLine
 10
127925
 20
23000
 30
0
 11
128075
 21
23150
 31
0
  0
LINE
  5
1B83
100
AcDbEntity
  8
WALL
100
AcDbLine
 10
127925
 20
23150
 30
0
 11
128075
 21
23300
 31
0
  0
LINE
  5
1B84
100
AcDbEntity
  8
WALL
100
AcDbLine
 10
127925
 20
23300
 30
0
 11
128075
 21
23450
 31
0
  0
LINE
  5
1B85
100
AcDbEntity
  8
WALL
100
AcDbLine
 10
127925
 20
23450
 30
0
 11
128075
 21
23600
 31
0
  0
LINE
  5
1B86
100
AcDbEntity
  8
WALL
100
AcDbLine
 10
127925
 20
23600
 30
0
 11
128075
 21
23750
 31
0
  0
LINE
  5
1B87
100
AcDbEntity
  8
WALL
100
AcDbLine
 10
127925
 20
23750
 30
0
 11
128075
 21
23900
 31
0
  0
LINE
  5
1B88
100
AcDbEntity
  8
WALL
100
AcDbLine
370
50
 10
127925
 20
19550
 30
0
 11
128075
 21
19550
 31
0
  0
LINE
  5
1B89
100
AcDbEntity
  8
WALL
100
AcDbLine
370
50
 10
127925
 20
20450
 30
0
 11
128075
 21
20450
 31
0
  0
LINE
  5
1B8A
100
AcDbEntity
  8
WALL
100
AcDbLine
370
50
 10
108000
 20
7925
 30
0
 11
112000
 21
7925
 31
0
  0
LINE
  5
1B8B
100
AcDbEntity
  8
WALL
100
AcDbLine
370
50
 10
112000
 20
8075
 30
0
 11
108000
 21
8075
 31
0
  0
LINE
  5
1B8C
100
AcDbEntity
  8
WALL
100
AcDbLine
 10
108000
 20
7925
 30
0
 11
108150
 21
8075
 31
0
  0
LINE
  5
1B8D
100
AcDbEntity
  8
WALL
100
AcDbLine
 10
108150
 20
7925
 30
0
 11
108300
 21
8075
 31
0
  0
LINE
  5
1B8E
100
AcDbEntity
  8
WALL
100
AcDbLine
 10
108300
 20
7925
 30
0
 11
108450
 21
8075
 31
0
  0
LINE
  5
1B8F
100
AcDbEntity
  8
WALL
100
AcDbLine
 10
108450
 20
7925
 30
0
 11
108600
 21
8075
 31
0
  0
LINE
  5
1B90
100
AcDbEntity
  8
WALL
100
AcDbLine
 10
108600
 20
7925
 30
0
 11
108750
 21
8075
 31
0
  0
LINE
  5
1B91
100
AcDbEntity
  8
WALL
100
AcDbLine
 10
108750
 20
7925
 30
0
 11
108900
 21
8075
 31
0
  0
LINE
  5
1B92
100
AcDbEntity
  8
WALL
100
AcDbLine
 10
108900
 20
7925
 30
0
 11
109050
 21
8075
 31
0
  0
LINE
  5
1B93
100
AcDbEntity
  8
WALL
100
AcDbLine
 10
109050
 20
7925
 30
0
 11
109200
 21
8075
 31
0
  0
LINE
  5
1B94
100
AcDbEntity
  8
WALL
100
AcDbLine
 10
109200
 20
7925
 30
0
 11
109350
 21
8075
 31
0
  0
LINE
  5
1B95
100
AcDbEntity
  8
WALL
100
AcDbLine
 10
109350
 20
7925
 30
0
 11
109500
 21
8075
 31
0
  0
LINE
  5
1B96
100
AcDbEntity
  8
WALL
100
AcDbLine
 10
109500
 20
7925
 30
0
 11
109650
 21
8075
 31
0
  0
LINE
  5
1B97
100
AcDbEntity
  8
WALL
100
AcDbLine
 10
109650
 20
7925
 30
0
 11
109800
 21
8075
 31
0
  0
LINE
  5
1B98
100
AcDbEntity
  8
WALL
100
AcDbLine
 10
109800
 20
7925
 30
0
 11
109950
 21
8075
 31
0
  0
LINE
  5
1B99
100
AcDbEntity
  8
WALL
100
AcDbLine
 10
109950
 20
7925
 30
0
 11
110100
 21
8075
 31
0
  0
LINE
  5
1B9A
100
AcDbEntity
  8
WALL
100
AcDbLine
 10
110100
 20
7925
 30
0
 11
110250
 21
8075
 31
0
  0
LINE
  5
1B9B
100
AcDbEntity
  8
WALL
100
AcDbLine
 10
110250
 20
7925
 30
0
 11
110400
 21
8075
 31
0
  0
LINE
  5
1B9C
100
AcDbEntity
  8
WALL
100
AcDbLine
 10
110400
 20
7925
 30
0
 11
110550
 21
8075
 31
0
  0
LINE
  5
1B9D
100
AcDbEntity
  8
WALL
100
AcDbLine
 10
110550
 20
7925
 30
0
 11
110700
 21
8075
 31
0
  0
LINE
  5
1B9E
100
AcDbEntity
  8
WALL
100
AcDbLine
 10
110700
 20
7925
 30
0
 11
110850
 21
8075
 31
0
  0
LINE
  5
1B9F
100
AcDbEntity
  8
WALL
100
AcDbLine
 10
110850
 20
7925
 30
0
 11
111000
 21
8075
 31
0
  0
LINE
  5
1BA0
100
AcDbEntity
  8
WALL
100
AcDbLine
 10
111000
 20
7925
 30
0
 11
111150
 21
8075
 31
0
  0
LINE
  5
1BA1
100
AcDbEntity
  8
WALL
100
AcDbLine
 10
111150
 20
7925
 30
0
 11
111300
 21
8075
 31
0
  0
LINE
  5
1BA2
100
AcDbEntity
  8
WALL
100
AcDbLine
 10
111300
 20
7925
 30
0
 11
111450
 21
8075
 31
0
  0
LINE
  5
1BA3
100
AcDbEntity
  8
WALL
100
AcDbLine
 10
111450
 20
7925
 30
0
 11
111600
 21
8075
 31
0
  0
LINE
  5
1BA4
100
AcDbEntity
  8
WALL
100
AcDbLine
 10
111600
 20
7925
 30
0
 11
111750
 21
8075
 31
0
  0
LINE
  5
1BA5
100
AcDbEntity
  8
WALL
100
AcDbLine
 10
111750
 20
7925
 30
0
 11
111900
 21
8075
 31
0
  0
LINE
  5
1BA6
100
AcDbEntity
  8
WALL
100
AcDbLine
370
50
 10
112000
 20
7925
 30
0
 11
113550
 21
7925
 31
0
  0
LINE
  5
1BA7
100
AcDbEntity
  8
WALL
100
AcDbLine
370
50
 10
113550
 20
8075
 30
0
 11
112000
 21
8075
 31
0
  0
LINE
  5
1BA8
100
AcDbEntity
  8
WALL
100
AcDbLine
 10
112000
 20
7925
 30
0
 11
112150
 21
8075
 31
0
  0
LINE
  5
1BA9
100
AcDbEntity
  8
WALL
100
AcDbLine
 10
112150
 20
7925
 30
0
 11
112300
 21
8075
 31
0
  0
LINE
  5
1BAA
100
AcDbEntity
  8
WALL
100
AcDbLine
 10
112300
 20
7925
 30
0
 11
112450
 21
8075
 31
0
  0
LINE
  5
1BAB
100
AcDbEntity
  8
WALL
100
AcDbLine
 10
112450
 20
7925
 30
0
 11
112600
 21
8075
 31
0
  0
LINE
  5
1BAC
100
AcDbEntity
  8
WALL
100
AcDbLine
 10
112600
 20
7925
 30
0
 11
112750
 21
8075
 31
0
  0
LINE
  5
1BAD
100
AcDbEntity
  8
WALL
100
AcDbLine
 10
112750
 20
7925
 30
0
 11
112900
 21
8075
 31
0
  0
LINE
  5
1BAE
100
AcDbEntity
  8
WALL
100
AcDbLine
 10
112900
 20
7925
 30
0
 11
113050
 21
8075
 31
0
  0
LINE
  5
1BAF
100
AcDbEntity
  8
WALL
100
AcDbLine
 10
113050
 20
7925
 30
0
 11
113200
 21
8075
 31
0
  0
LINE
  5
1BB0
100
AcDbEntity
  8
WALL
100
AcDbLine
 10
113200
 20
7925
 30
0
 11
113350
 21
8075
 31
0
  0
LINE
  5
1BB1
100
AcDbEntity
  8
WALL
100
AcDbLine
 10
113350
 20
7925
 30
0
 11
113500
 21
8075
 31
0
  0
LINE
  5
1BB2
100
AcDbEntity
  8
WALL
100
AcDbLine
370
50
 10
114450
 20
7925
 30
0
 11
116000
 21
7925
 31
0
  0
LINE
  5
1BB3
100
AcDbEntity
  8
WALL
100
AcDbLine
370
50
 10
116000
 20
8075
 30
0
 11
114450
 21
8075
 31
0
  0
LINE
  5
1BB4
100
AcDbEntity
  8
WALL
100
AcDbLine
 10
114450
 20
7925
 30
0
 11
114600
 21
8075
 31
0
  0
LINE
  5
1BB5
100
AcDbEntity
  8
WALL
100
AcDbLine
 10
114600
 20
7925
 30
0
 11
114750
 21
8075
 31
0
  0
LINE
  5
1BB6
100
AcDbEntity
  8
WALL
100
AcDbLine
 10
114750
 20
7925
 30
0
 11
114900
 21
8075
 31
0
  0
LINE
  5
1BB7
100
AcDbEntity
  8
WALL
100
AcDbLine
 10
114900
 20
7925
 30
0
 11
115050
 21
8075
 31
0
  0
LINE
  5
1BB8
100
AcDbEntity
  8
WALL
100
AcDbLine
 10
115050
 20
7925
 30
0
 11
115200
 21
8075
 31
0
  0
LINE
  5
1BB9
100
AcDbEntity
  8
WALL
100
AcDbLine
 10
115200
 20
7925
 30
0
 11
115350
 21
8075
 31
0
  0
LINE
  5
1BBA
100
AcDbEntity
  8
WALL
100
AcDbLine
 10
115350
 20
7925
 30
0
 11
115500
 21
8075
 31
0
  0
LINE
  5
1BBB
100
AcDbEntity
  8
WALL
100
AcDbLine
 10
115500
 20
7925
 30
0
 11
115650
 21
8075
 31
0
  0
LINE
  5
1BBC
100
AcDbEntity
  8
WALL
100
AcDbLine
 10
115650
 20
7925
 30
0
 11
115800
 21
8075
 31
0
  0
LINE
  5
1BBD
100
AcDbEntity
  8
WALL
100
AcDbLine
 10
115800
 20
7925
 30
0
 11
115950
 21
8075
 31
0
  0
LINE
  5
1BBE
100
AcDbEntity
  8
WALL
100
AcDbLine
370
50
 10
113550
 20
7925
 30
0
 11
113550
 21
8075
 31
0
  0
LINE
  5
1BBF
100
AcDbEntity
  8
WALL
100
AcDbLine
370
50
 10
114450
 20
7925
 30
0
 11
114450
 21
8075
 31
0
  0
LINE
  5
1BC0
100
AcDbEntity
  8
WALL
100
AcDbLine
370
50
 10
116000
 20
7925
 30
0
 11
117550
 21
7925
 31
0
  0
LINE
  5
1BC1
100
AcDbEntity
  8
WALL
100
AcDbLine
370
50
 10
117550
 20
8075
 30
0
 11
116000
 21
8075
 31
0
  0
LINE
  5
1BC2
100
AcDbEntity
  8
WALL
100
AcDbLine
 10
116000
 20
7925
 30
0
 11
116150
 21
8075
 31
0
  0
LINE
  5
1BC3
100
AcDbEntity
  8
WALL
100
AcDbLine
 10
116150
 20
7925
 30
0
 11
116300
 21
8075
 31
0
  0
LINE
  5
1BC4
100
AcDbEntity
  8
WALL
100
AcDbLine
 10
116300
 20
7925
 30
0
 11
116450
 21
8075
 31
0
  0
LINE
  5
1BC5
100
AcDbEntity
  8
WALL
100
AcDbLine
 10
116450
 20
7925
 30
0
 11
116600
 21
8075
 31
0
  0
LINE
  5
1BC6
100
AcDbEntity
  8
WALL
100
AcDbLine
 10
116600
 20
7925
 30
0
 11
116750
 21
8075
 31
0
  0
LINE
  5
1BC7
100
AcDbEntity
  8
WALL
100
AcDbLine
 10
116750
 20
7925
 30
0
 11
116900
 21
8075
 31
0
  0
LINE
  5
1BC8
100
AcDbEntity
  8
WALL
100
AcDbLine
 10
116900
 20
7925
 30
0
 11
117050
 21
8075
 31
0
  0
LINE
  5
1BC9
100
AcDbEntity
  8
WALL
100
AcDbLine
 10
117050
 20
7925
 30
0
 11
117200
 21
8075
 31
0
  0
LINE
  5
1BCA
100
AcDbEntity
  8
WALL
100
AcDbLine
 10
117200
 20
7925
 30
0
 11
117350
 21
8075
 31
0
  0
LINE
  5
1BCB
100
AcDbEntity
  8
WALL
100
AcDbLine
 10
117350
 20
7925
 30
0
 11
117500
 21
8075
 31
0
  0
LINE
  5
1BCC
100
AcDbEntity
  8
WALL
100
AcDbLine
370
50
 10
118450
 20
7925
 30
0
 11
120000
 21
7925
 31
0
  0
LINE
  5
1BCD
100
AcDbEntity
  8
WALL
100
AcDbLine
370
50
 10
120000
 20
8075
 30
0
 11
118450
 21
8075
 31
0
  0
LINE
  5
1BCE
100
AcDbEntity
  8
WALL
100
AcDbLine
 10
118450
 20
7925
 30
0
 11
118600
 21
8075
 31
0
  0
LINE
  5
1BCF
100
AcDbEntity
  8
WALL
100
AcDbLine
 10
118600
 20
7925
 30
0
 11
118750
 21
8075
 31
0
  0
LINE
  5
1BD0
100
AcDbEntity
  8
WALL
100
AcDbLine
 10
118750
 20
7925
 30
0
 11
118900
 21
8075
 31
0
  0
LINE
  5
1BD1
100
AcDbEntity
  8
WALL
100
AcDbLine
 10
118900
 20
7925
 30
0
 11
119050
 21
8075
 31
0
  0
LINE
  5
1BD2
100
AcDbEntity
  8
WALL
100
AcDbLine
 10
119050
 20
7925
 30
0
 11
119200
 21
8075
 31
0
  0
LINE
  5
1BD3
100
AcDbEntity
  8
WALL
100
AcDbLine
 10
119200
 20
7925
 30
0
 11
119350
 21
8075
 31
0
  0
LINE
  5
1BD4
100
AcDbEntity
  8
WALL
100
AcDbLine
 10
119350
 20
7925
 30
0
 11
119500
 21
8075
 31
0
  0
LINE
  5
1BD5
100
AcDbEntity
  8
WALL
100
AcDbLine
 10
119500
 20
7925
 30
0
 11
119650
 21
8075
 31
0
  0
LINE
  5
1BD6
100
AcDbEntity
  8
WALL
100
AcDbLine
 10
119650
 20
7925
 30
0
 11
119800
 21
8075
 31
0
  0
LINE
  5
1BD7
100
AcDbEntity
  8
WALL
100
AcDbLine
 10
119800
 20
7925
 30
0
 11
119950
 21
8075
 31
0
  0
LINE
  5
1BD8
100
AcDbEntity
  8
WALL
100
AcDbLine
370
50
 10
117550
 20
7925
 30
0
 11
117550
 21
8075
 31
0
  0
LINE
  5
1BD9
100
AcDbEntity
  8
WALL
100
AcDbLine
370
50
 10
118450
 20
7925
 30
0
 11
118450
 21
8075
 31
0
  0
LINE
  5
1BDA
100
AcDbEntity
  8
WALL
100
AcDbLine
370
50
 10
120000
 20
7925
 30
0
 11
121550
 21
7925
 31
0
  0
LINE
  5
1BDB
100
AcDbEntity
  8
WALL
100
AcDbLine
370
50
 10
121550
 20
8075
 30
0
 11
120000
 21
8075
 31
0
  0
LINE
  5
1BDC
100
AcDbEntity
  8
WALL
100
AcDbLine
 10
120000
 20
7925
 30
0
 11
120150
 21
8075
 31
0
  0
LINE
  5
1BDD
100
AcDbEntity
  8
WALL
100
AcDbLine
 10
120150
 20
7925
 30
0
 11
120300
 21
8075
 31
0
  0
LINE
  5
1BDE
100
AcDbEntity
  8
WALL
100
AcDbLine
 10
120300
 20
7925
 30
0
 11
120450
 21
8075
 31
0
  0
LINE
  5
1BDF
100
AcDbEntity
  8
WALL
100
AcDbLine
 10
120450
 20
7925
 30
0
 11
120600
 21
8075
 31
0
  0
LINE
  5
1BE0
100
AcDbEntity
  8
WALL
100
AcDbLine
 10
120600
 20
7925
 30
0
 11
120750
 21
8075
 31
0
  0
LINE
  5
1BE1
100
AcDbEntity
  8
WALL
100
AcDbLine
 10
120750
 20
7925
 30
0
 11
120900
 21
8075
 31
0
  0
LINE
  5
1BE2
100
AcDbEntity
  8
WALL
100
AcDbLine
 10
120900
 20
7925
 30
0
 11
121050
 21
8075
 31
0
  0
LINE
  5
1BE3
100
AcDbEntity
  8
WALL
100
AcDbLine
 10
121050
 20
7925
 30
0
 11
121200
 21
8075
 31
0
  0
LINE
  5
1BE4
100
AcDbEntity
  8
WALL
100
AcDbLine
 10
121200
 20
7925
 30
0
 11
121350
 21
8075
 31
0
  0
LINE
  5
1BE5
100
AcDbEntity
  8
WALL
100
AcDbLine
 10
121350
 20
7925
 30
0
 11
121500
 21
8075
 31
0
  0
LINE
  5
1BE6
100
AcDbEntity
  8
WALL
100
AcDbLine
370
50
 10
122450
 20
7925
 30
0
 11
124000
 21
7925
 31
0
  0
LINE
  5
1BE7
100
AcDbEntity
  8
WALL
100
AcDbLine
370
50
 10
124000
 20
8075
 30
0
 11
122450
 21
8075
 31
0
  0
LINE
  5
1BE8
100
AcDbEntity
  8
WALL
100
AcDbLine
 10
122450
 20
7925
 30
0
 11
122600
 21
8075
 31
0
  0
LINE
  5
1BE9
100
AcDbEntity
  8
WALL
100
AcDbLine
 10
122600
 20
7925
 30
0
 11
122750
 21
8075
 31
0
  0
LINE
  5
1BEA
100
AcDbEntity
  8
WALL
100
AcDbLine
 10
122750
 20
7925
 30
0
 11
122900
 21
8075
 31
0
  0
LINE
  5
1BEB
100
AcDbEntity
  8
WALL
100
AcDbLine
 10
122900
 20
7925
 30
0
 11
123050
 21
8075
 31
0
  0
LINE
  5
1BEC
100
AcDbEntity
  8
WALL
100
AcDbLine
 10
123050
 20
7925
 30
0
 11
123200
 21
8075
 31
0
  0
LINE
  5
1BED
100
AcDbEntity
  8
WALL
100
AcDbLine
 10
123200
 20
7925
 30
0
 11
123350
 21
8075
 31
0
  0
LINE
  5
1BEE
100
AcDbEntity
  8
WALL
100
AcDbLine
 10
123350
 20
7925
 30
0
 11
123500
 21
8075
 31
0
  0
LINE
  5
1BEF
100
AcDbEntity
  8
WALL
100
AcDbLine
 10
123500
 20
7925
 30
0
 11
123650
 21
8075
 31
0
  0
LINE
  5
1BF0
100
AcDbEntity
  8
WALL
100
AcDbLine
 10
123650
 20
7925
 30
0
 11
123800
 21
8075
 31
0
  0
LINE
  5
1BF1
100
AcDbEntity
  8
WALL
100
AcDbLine
 10
123800
 20
7925
 30
0
 11
123950
 21
8075
 31
0
  0
LINE
  5
1BF2
100
AcDbEntity
  8
WALL
100
AcDbLine
370
50
 10
121550
 20
7925
 30
0
 11
121550
 21
8075
 31
0
  0
LINE
  5
1BF3
100
AcDbEntity
  8
WALL
100
AcDbLine
370
50
 10
122450
 20
7925
 30
0
 11
122450
 21
8075
 31
0
  0
LINE
  5
1BF4
100
AcDbEntity
  8
WALL
100
AcDbLine
370
50
 10
124000
 20
7925
 30
0
 11
125550
 21
7925
 31
0
  0
LINE
  5
1BF5
100
AcDbEntity
  8
WALL
100
AcDbLine
370
50
 10
125550
 20
8075
 30
0
 11
124000
 21
8075
 31
0
  0
LINE
  5
1BF6
100
AcDbEntity
  8
WALL
100
AcDbLine
 10
124000
 20
7925
 30
0
 11
124150
 21
8075
 31
0
  0
LINE
  5
1BF7
100
AcDbEntity
  8
WALL
100
AcDbLine
 10
124150
 20
7925
 30
0
 11
124300
 21
8075
 31
0
  0
LINE
  5
1BF8
100
AcDbEntity
  8
WALL
100
AcDbLine
 10
124300
 20
7925
 30
0
 11
124450
 21
8075
 31
0
  0
LINE
  5
1BF9
100
AcDbEntity
  8
WALL
100
AcDbLine
 10
124450
 20
7925
 30
0
 11
124600
 21
8075
 31
0
  0
LINE
  5
1BFA
100
AcDbEntity
  8
WALL
100
AcDbLine
 10
124600
 20
7925
 30
0
 11
124750
 21
8075
 31
0
  0
LINE
  5
1BFB
100
AcDbEntity
  8
WALL
100
AcDbLine
 10
124750
 20
7925
 30
0
 11
124900
 21
8075
 31
0
  0
LINE
  5
1BFC
100
AcDbEntity
  8
WALL
100
AcDbLine
 10
124900
 20
7925
 30
0
 11
125050
 21
8075
 31
0
  0
LINE
  5
1BFD
100
AcDbEntity
  8
WALL
100
AcDbLine
 10
125050
 20
7925
 30
0
 11
125200
 21
8075
 31
0
  0
LINE
  5
1BFE
100
AcDbEntity
  8
WALL
100
AcDbLine
 10
125200
 20
7925
 30
0
 11
125350
 21
8075
 31
0
  0
LINE
  5
1BFF
100
AcDbEntity
  8
WALL
100
AcDbLine
 10
125350
 20
7925
 30
0
 11
125500
 21
8075
 31
0
  0
LINE
  5
1C00
100
AcDbEntity
  8
WALL
100
AcDbLine
370
50
 10
126450
 20
7925
 30
0
 11
128000
 21
7925
 31
0
  0
LINE
  5
1C01
100
AcDbEntity
  8
WALL
100
AcDbLine
370
50
 10
128000
 20
8075
 30
0
 11
126450
 21
8075
 31
0
  0
LINE
  5
1C02
100
AcDbEntity
  8
WALL
100
AcDbLine
 10
126450
 20
7925
 30
0
 11
126600
 21
8075
 31
0
  0
LINE
  5
1C03
100
AcDbEntity
  8
WALL
100
AcDbLine
 10
126600
 20
7925
 30
0
 11
126750
 21
8075
 31
0
  0
LINE
  5
1C04
100
AcDbEntity
  8
WALL
100
AcDbLine
 10
126750
 20
7925
 30
0
 11
126900
 21
8075
 31
0
  0
LINE
  5
1C05
100
AcDbEntity
  8
WALL
100
AcDbLine
 10
126900
 20
7925
 30
0
 11
127050
 21
8075
 31
0
  0
LINE
  5
1C06
100
AcDbEntity
  8
WALL
100
AcDbLine
 10
127050
 20
7925
 30
0
 11
127200
 21
8075
 31
0
  0
LINE
  5
1C07
100
AcDbEntity
  8
WALL
100
AcDbLine
 10
127200
 20
7925
 30
0
 11
127350
 21
8075
 31
0
  0
LINE
  5
1C08
100
AcDbEntity
  8
WALL
100
AcDbLine
 10
127350
 20
7925
 30
0
 11
127500
 21
8075
 31
0
  0
LINE
  5
1C09
100
AcDbEntity
  8
WALL
100
AcDbLine
 10
127500
 20
7925
 30
0
 11
127650
 21
8075
 31
0
  0
LINE
  5
1C0A
100
AcDbEntity
  8
WALL
100
AcDbLine
 10
127650
 20
7925
 30
0
 11
127800
 21
8075
 31
0
  0
LINE
  5
1C0B
100
AcDbEntity
  8
WALL
100
AcDbLine
 10
127800
 20
7925
 30
0
 11
127950
 21
8075
 31
0
  0
LINE
  5
1C0C
100
AcDbEntity
  8
WALL
100
AcDbLine
370
50
 10
125550
 20
7925
 30
0
 11
125550
 21
8075
 31
0
  0
LINE
  5
1C0D
100
AcDbEntity
  8
WALL
100
AcDbLine
370
50
 10
126450
 20
7925
 30
0
 11
126450
 21
8075
 31
0
  0
LINE
  5
1C0E
100
AcDbEntity
  8
WALL
100
AcDbLine
370
50
 10
128000
 20
7925
 30
0
 11
132000
 21
7925
 31
0
  0
LINE
  5
1C0F
100
AcDbEntity
  8
WALL
100
AcDbLine
370
50
 10
132000
 20
8075
 30
0
 11
128000
 21
8075
 31
0
  0
LINE
  5
1C10
100
AcDbEntity
  8
WALL
100
AcDbLine
 10
128000
 20
7925
 30
0
 11
128150
 21
8075
 31
0
  0
LINE
  5
1C11
100
AcDbEntity
  8
WALL
100
AcDbLine
 10
128150
 20
7925
 30
0
 11
128300
 21
8075
 31
0
  0
LINE
  5
1C12
100
AcDbEntity
  8
WALL
100
AcDbLine
 10
128300
 20
7925
 30
0
 11
128450
 21
8075
 31
0
  0
LINE
  5
1C13
100
AcDbEntity
  8
WALL
100
AcDbLine
 10
128450
 20
7925
 30
0
 11
128600
 21
8075
 31
0
  0
LINE
  5
1C14
100
AcDbEntity
  8
WALL
100
AcDbLine
 10
128600
 20
7925
 30
0
 11
128750
 21
8075
 31
0
  0
LINE
  5
1C15
100
AcDbEntity
  8
WALL
100
AcDbLine
 10
128750
 20
7925
 30
0
 11
128900
 21
8075
 31
0
  0
LINE
  5
1C16
100
AcDbEntity
  8
WALL
100
AcDbLine
 10
128900
 20
7925
 30
0
 11
129050
 21
8075
 31
0
  0
LINE
  5
1C17
100
AcDbEntity
  8
WALL
100
AcDbLine
 10
129050
 20
7925
 30
0
 11
129200
 21
8075
 31
0
  0
LINE
  5
1C18
100
AcDbEntity
  8
WALL
100
AcDbLine
 10
129200
 20
7925
 30
0
 11
129350
 21
8075
 31
0
  0
LINE
  5
1C19
100
AcDbEntity
  8
WALL
100
AcDbLine
 10
129350
 20
7925
 30
0
 11
129500
 21
8075
 31
0
  0
LINE
  5
1C1A
100
AcDbEntity
  8
WALL
100
AcDbLine
 10
129500
 20
7925
 30
0
 11
129650
 21
8075
 31
0
  0
LINE
  5
1C1B
100
AcDbEntity
  8
WALL
100
AcDbLine
 10
129650
 20
7925
 30
0
 11
129800
 21
8075
 31
0
  0
LINE
  5
1C1C
100
AcDbEntity
  8
WALL
100
AcDbLine
 10
129800
 20
7925
 30
0
 11
129950
 21
8075
 31
0
  0
LINE
  5
1C1D
100
AcDbEntity
  8
WALL
100
AcDbLine
 10
129950
 20
7925
 30
0
 11
130100
 21
8075
 31
0
  0
LINE
  5
1C1E
100
AcDbEntity
  8
WALL
100
AcDbLine
 10
130100
 20
7925
 30
0
 11
130250
 21
8075
 31
0
  0
LINE
  5
1C1F
100
AcDbEntity
  8
WALL
100
AcDbLine
 10
130250
 20
7925
 30
0
 11
130400
 21
8075
 31
0
  0
LINE
  5
1C20
100
AcDbEntity
  8
WALL
100
AcDbLine
 10
130400
 20
7925
 30
0
 11
130550
 21
8075
 31
0
  0
LINE
  5
1C21
100
AcDbEntity
  8
WALL
100
AcDbLine
 10
130550
 20
7925
 30
0
 11
130700
 21
8075
 31
0
  0
LINE
  5
1C22
100
AcDbEntity
  8
WALL
100
AcDbLine
 10
130700
 20
7925
 30
0
 11
130850
 21
8075
 31
0
  0
LINE
  5
1C23
100
AcDbEntity
  8
WALL
100
AcDbLine
 10
130850
 20
7925
 30
0
 11
131000
 21
8075
 31
0
  0
LINE
  5
1C24
100
AcDbEntity
  8
WALL
100
AcDbLine
 10
131000
 20
7925
 30
0
 11
131150
 21
8075
 31
0
  0
LINE
  5
1C25
100
AcDbEntity
  8
WALL
100
AcDbLine
 10
131150
 20
7925
 30
0
 11
131300
 21
8075
 31
0
  0
LINE
  5
1C26
100
AcDbEntity
  8
WALL
100
AcDbLine
 10
131300
 20
7925
 30
0
 11
131450
 21
8075
 31
0
  0
LINE
  5
1C27
100
AcDbEntity
  8
WALL
100
AcDbLine
 10
131450
 20
7925
 30
0
 11
131600
 21
8075
 31
0
  0
LINE
  5
1C28
100
AcDbEntity
  8
WALL
100
AcDbLine
 10
131600
 20
7925
 30
0
 11
131750
 21
8075
 31
0
  0
LINE
  5
1C29
100
AcDbEntity
  8
WALL
100
AcDbLine
 10
131750
 20
7925
 30
0
 11
131900
 21
8075
 31
0
  0
LINE
  5
1C2A
100
AcDbEntity
  8
WALL
100
AcDbLine
370
50
 10
108000
 20
15925
 30
0
 11
109550
 21
15925
 31
0
  0
LINE
  5
1C2B
100
AcDbEntity
  8
WALL
100
AcDbLine
370
50
 10
109550
 20
16075
 30
0
 11
108000
 21
16075
 31
0
  0
LINE
  5
1C2C
100
AcDbEntity
  8
WALL
100
AcDbLine
 10
108000
 20
15925
 30
0
 11
108150
 21
16075
 31
0
  0
LINE
  5
1C2D
100
AcDbEntity
  8
WALL
100
AcDbLine
 10
108150
 20
15925
 30
0
 11
108300
 21
16075
 31
0
  0
LINE
  5
1C2E
100
AcDbEntity
  8
WALL
100
AcDbLine
 10
108300
 20
15925
 30
0
 11
108450
 21
16075
 31
0
  0
LINE
  5
1C2F
100
AcDbEntity
  8
WALL
100
AcDbLine
 10
108450
 20
15925
 30
0
 11
108600
 21
16075
 31
0
  0
LINE
  5
1C30
100
AcDbEntity
  8
WALL
100
AcDbLine
 10
108600
 20
15925
 30
0
 11
108750
 21
16075
 31
0
  0
LINE
  5
1C31
100
AcDbEntity
  8
WALL
100
AcDbLine
 10
108750
 20
15925
 30
0
 11
108900
 21
16075
 31
0
  0
LINE
  5
1C32
100
AcDbEntity
  8
WALL
100
AcDbLine
 10
108900
 20
15925
 30
0
 11
109050
 21
16075
 31
0
  0
LINE
  5
1C33
100
AcDbEntity
  8
WALL
100
AcDbLine
 10
109050
 20
15925
 30
0
 11
109200
 21
16075
 31
0
  0
LINE
  5
1C34
100
AcDbEntity
  8
WALL
100
AcDbLine
 10
109200
 20
15925
 30
0
 11
109350
 21
16075
 31
0
  0
LINE
  5
1C35
100
AcDbEntity
  8
WALL
100
AcDbLine
 10
109350
 20
15925
 30
0
 11
109500
 21
16075
 31
0
  0
LINE
  5
1C36
100
AcDbEntity
  8
WALL
100
AcDbLine
370
50
 10
110450
 20
15925
 30
0
 11
112000
 21
15925
 31
0
  0
LINE
  5
1C37
100
AcDbEntity
  8
WALL
100
AcDbLine
370
50
 10
112000
 20
16075
 30
0
 11
110450
 21
16075
 31
0
  0
LINE
  5
1C38
100
AcDbEntity
  8
WALL
100
AcDbLine
 10
110450
 20
15925
 30
0
 11
110600
 21
16075
 31
0
  0
LINE
  5
1C39
100
AcDbEntity
  8
WALL
100
AcDbLine
 10
110600
 20
15925
 30
0
 11
110750
 21
16075
 31
0
  0
LINE
  5
1C3A
100
AcDbEntity
  8
WALL
100
AcDbLine
 10
110750
 20
15925
 30
0
 11
110900
 21
16075
 31
0
  0
LINE
  5
1C3B
100
AcDbEntity
  8
WALL
100
AcDbLine
 10
110900
 20
15925
 30
0
 11
111050
 21
16075
 31
0
  0
LINE
  5
1C3C
100
AcDbEntity
  8
WALL
100
AcDbLine
 10
111050
 20
15925
 30
0
 11
111200
 21
16075
 31
0
  0
LINE
  5
1C3D
100
AcDbEntity
  8
WALL
100
AcDbLine
 10
111200
 20
15925
 30
0
 11
111350
 21
16075
 31
0
  0
LINE
  5
1C3E
100
AcDbEntity
  8
WALL
100
AcDbLine
 10
111350
 20
15925
 30
0
 11
111500
 21
16075
 31
0
  0
LINE
  5
1C3F
100
AcDbEntity
  8
WALL
100
AcDbLine
 10
111500
 20
15925
 30
0
 11
111650
 21
16075
 31
0
  0
LINE
  5
1C40
100
AcDbEntity
  8
WALL
100
AcDbLine
 10
111650
 20
15925
 30
0
 11
111800
 21
16075
 31
0
  0
LINE
  5
1C41
100
AcDbEntity
  8
WALL
100
AcDbLine
 10
111800
 20
15925
 30
0
 11
111950
 21
16075
 31
0
  0
LINE
  5
1C42
100
AcDbEntity
  8
WALL
100
AcDbLine
370
50
 10
109550
 20
15925
 30
0
 11
109550
 21
16075
 31
0
  0
LINE
  5
1C43
100
AcDbEntity
  8
WALL
100
AcDbLine
370
50
 10
110450
 20
15925
 30
0
 11
110450
 21
16075
 31
0
  0
LINE
  5
1C44
100
AcDbEntity
  8
WALL
100
AcDbLine
370
50
 10
112000
 20
15925
 30
0
 11
113550
 21
15925
 31
0
  0
LINE
  5
1C45
100
AcDbEntity
  8
WALL
100
AcDbLine
370
50
 10
113550
 20
16075
 30
0
 11
112000
 21
16075
 31
0
  0
LINE
  5
1C46
100
AcDbEntity
  8
WALL
100
AcDbLine
 10
112000
 20
15925
 30
0
 11
112150
 21
16075
 31
0
  0
LINE
  5
1C47
100
AcDbEntity
  8
WALL
100
AcDbLine
 10
112150
 20
15925
 30
0
 11
112300
 21
16075
 31
0
  0
LINE
  5
1C48
100
AcDbEntity
  8
WALL
100
AcDbLine
 10
112300
 20
15925
 30
0
 11
112450
 21
16075
 31
0
  0
LINE
  5
1C49
100
AcDbEntity
  8
WALL
100
AcDbLine
 10
112450
 20
15925
 30
0
 11
112600
 21
16075
 31
0
  0
LINE
  5
1C4A
100
AcDbEntity
  8
WALL
100
AcDbLine
 10
112600
 20
15925
 30
0
 11
112750
 21
16075
 31
0
  0
LINE
  5
1C4B
100
AcDbEntity
  8
WALL
100
AcDbLine
 10
112750
 20
15925
 30
0
 11
112900
 21
16075
 31
0
  0
LINE
  5
1C4C
100
AcDbEntity
  8
WALL
100
AcDbLine
 10
112900
 20
15925
 30
0
 11
113050
 21
16075
 31
0
  0
LINE
  5
1C4D
100
AcDbEntity
  8
WALL
100
AcDbLine
 10
113050
 20
15925
 30
0
 11
113200
 21
16075
 31
0
  0
LINE
  5
1C4E
100
AcDbEntity
  8
WALL
100
AcDbLine
 10
113200
 20
15925
 30
0
 11
113350
 21
16075
 31
0
  0
LINE
  5
1C4F
100
AcDbEntity
  8
WALL
100
AcDbLine
 10
113350
 20
15925
 30
0
 11
113500
 21
16075
 31
0
  0
LINE
  5
1C50
100
AcDbEntity
  8
WALL
100
AcDbLine
370
50
 10
114450
 20
15925
 30
0
 11
116000
 21
15925
 31
0
  0
LINE
  5
1C51
100
AcDbEntity
  8
WALL
100
AcDbLine
370
50
 10
116000
 20
16075
 30
0
 11
114450
 21
16075
 31
0
  0
LINE
  5
1C52
100
AcDbEntity
  8
WALL
100
AcDbLine
 10
114450
 20
15925
 30
0
 11
114600
 21
16075
 31
0
  0
LINE
  5
1C53
100
AcDbEntity
  8
WALL
100
AcDbLine
 10
114600
 20
15925
 30
0
 11
114750
 21
16075
 31
0
  0
LINE
  5
1C54
100
AcDbEntity
  8
WALL
100
AcDbLine
 10
114750
 20
15925
 30
0
 11
114900
 21
16075
 31
0
  0
LINE
  5
1C55
100
AcDbEntity
  8
WALL
100
AcDbLine
 10
114900
 20
15925
 30
0
 11
115050
 21
16075
 31
0
  0
LINE
  5
1C56
100
AcDbEntity
  8
WALL
100
AcDbLine
 10
115050
 20
15925
 30
0
 11
115200
 21
16075
 31
0
  0
LINE
  5
1C57
100
AcDbEntity
  8
WALL
100
AcDbLine
 10
115200
 20
15925
 30
0
 11
115350
 21
16075
 31
0
  0
LINE
  5
1C58
100
AcDbEntity
  8
WALL
100
AcDbLine
 10
115350
 20
15925
 30
0
 11
115500
 21
16075
 31
0
  0
LINE
  5
1C59
100
AcDbEntity
  8
WALL
100
AcDbLine
 10
115500
 20
15925
 30
0
 11
115650
 21
16075
 31
0
  0
LINE
  5
1C5A
100
AcDbEntity
  8
WALL
100
AcDbLine
 10
115650
 20
15925
 30
0
 11
115800
 21
16075
 31
0
  0
LINE
  5
1C5B
100
AcDbEntity
  8
WALL
100
AcDbLine
 10
115800
 20
15925
 30
0
 11
115950
 21
16075
 31
0
  0
LINE
  5
1C5C
100
AcDbEntity
  8
WALL
100
AcDbLine
370
50
 10
113550
 20
15925
 30
0
 11
113550
 21
16075
 31
0
  0
LINE
  5
1C5D
100
AcDbEntity
  8
WALL
100
AcDbLine
370
50
 10
114450
 20
15925
 30
0
 11
114450
 21
16075
 31
0
  0
LINE
  5
1C5E
100
AcDbEntity
  8
WALL
100
AcDbLine
370
50
 10
116000
 20
15925
 30
0
 11
117550
 21
15925
 31
0
  0
LINE
  5
1C5F
100
AcDbEntity
  8
WALL
100
AcDbLine
370
50
 10
117550
 20
16075
 30
0
 11
116000
 21
16075
 31
0
  0
LINE
  5
1C60
100
AcDbEntity
  8
WALL
100
AcDbLine
 10
116000
 20
15925
 30
0
 11
116150
 21
16075
 31
0
  0
LINE
  5
1C61
100
AcDbEntity
  8
WALL
100
AcDbLine
 10
116150
 20
15925
 30
0
 11
116300
 21
16075
 31
0
  0
LINE
  5
1C62
100
AcDbEntity
  8
WALL
100
AcDbLine
 10
116300
 20
15925
 30
0
 11
116450
 21
16075
 31
0
  0
LINE
  5
1C63
100
AcDbEntity
  8
WALL
100
AcDbLine
 10
116450
 20
15925
 30
0
 11
116600
 21
16075
 31
0
  0
LINE
  5
1C64
100
AcDbEntity
  8
WALL
100
AcDbLine
 10
116600
 20
15925
 30
0
 11
116750
 21
16075
 31
0
  0
LINE
  5
1C65
100
AcDbEntity
  8
WALL
100
AcDbLine
 10
116750
 20
15925
 30
0
 11
116900
 21
16075
 31
0
  0
LINE
  5
1C66
100
AcDbEntity
  8
WALL
100
AcDbLine
 10
116900
 20
15925
 30
0
 11
117050
 21
16075
 31
0
  0
LINE
  5
1C67
100
AcDbEntity
  8
WALL
100
AcDbLine
 10
117050
 20
15925
 30
0
 11
117200
 21
16075
 31
0
  0
LINE
  5
1C68
100
AcDbEntity
  8
WALL
100
AcDbLine
 10
117200
 20
15925
 30
0
 11
117350
 21
16075
 31
0
  0
LINE
  5
1C69
100
AcDbEntity
  8
WALL
100
AcDbLine
 10
117350
 20
15925
 30
0
 11
117500
 21
16075
 31
0
  0
LINE
  5
1C6A
100
AcDbEntity
  8
WALL
100
AcDbLine
370
50
 10
118450
 20
15925
 30
0
 11
120000
 21
15925
 31
0
  0
LINE
  5
1C6B
100
AcDbEntity
  8
WALL
100
AcDbLine
370
50
 10
120000
 20
16075
 30
0
 11
118450
 21
16075
 31
0
  0
LINE
  5
1C6C
100
AcDbEntity
  8
WALL
100
AcDbLine
 10
118450
 20
15925
 30
0
 11
118600
 21
16075
 31
0
  0
LINE
  5
1C6D
100
AcDbEntity
  8
WALL
100
AcDbLine
 10
118600
 20
15925
 30
0
 11
118750
 21
16075
 31
0
  0
LINE
  5
1C6E
100
AcDbEntity
  8
WALL
100
AcDbLine
 10
118750
 20
15925
 30
0
 11
118900
 21
16075
 31
0
  0
LINE
  5
1C6F
100
AcDbEntity
  8
WALL
100
AcDbLine
 10
118900
 20
15925
 30
0
 11
119050
 21
16075
 31
0
  0
LINE
  5
1C70
100
AcDbEntity
  8
WALL
100
AcDbLine
 10
119050
 20
15925
 30
0
 11
119200
 21
16075
 31
0
  0
LINE
  5
1C71
100
AcDbEntity
  8
WALL
100
AcDbLine
 10
119200
 20
15925
 30
0
 11
119350
 21
16075
 31
0
  0
LINE
  5
1C72
100
AcDbEntity
  8
WALL
100
AcDbLine
 10
119350
 20
15925
 30
0
 11
119500
 21
16075
 31
0
  0
LINE
  5
1C73
100
AcDbEntity
  8
WALL
100
AcDbLine
 10
119500
 20
15925
 30
0
 11
119650
 21
16075
 31
0
  0
LINE
  5
1C74
100
AcDbEntity
  8
WALL
100
AcDbLine
 10
119650
 20
15925
 30
0
 11
119800
 21
16075
 31
0
  0
LINE
  5
1C75
100
AcDbEntity
  8
WALL
100
AcDbLine
 10
119800
 20
15925
 30
0
 11
119950
 21
16075
 31
0
  0
LINE
  5
1C76
100
AcDbEntity
  8
WALL
100
AcDbLine
370
50
 10
117550
 20
15925
 30
0
 11
117550
 21
16075
 31
0
  0
LINE
  5
1C77
100
AcDbEntity
  8
WALL
100
AcDbLine
370
50
 10
118450
 20
15925
 30
0
 11
118450
 21
16075
 31
0
  0
LINE
  5
1C78
100
AcDbEntity
  8
WALL
100
AcDbLine
370
50
 10
120000
 20
15925
 30
0
 11
121550
 21
15925
 31
0
  0
LINE
  5
1C79
100
AcDbEntity
  8
WALL
100
AcDbLine
370
50
 10
121550
 20
16075
 30
0
 11
120000
 21
16075
 31
0
  0
LINE
  5
1C7A
100
AcDbEntity
  8
WALL
100
AcDbLine
 10
120000
 20
15925
 30
0
 11
120150
 21
16075
 31
0
  0
LINE
  5
1C7B
100
AcDbEntity
  8
WALL
100
AcDbLine
 10
120150
 20
15925
 30
0
 11
120300
 21
16075
 31
0
  0
LINE
  5
1C7C
100
AcDbEntity
  8
WALL
100
AcDbLine
 10
120300
 20
15925
 30
0
 11
120450
 21
16075
 31
0
  0
LINE
  5
1C7D
100
AcDbEntity
  8
WALL
100
AcDbLine
 10
120450
 20
15925
 30
0
 11
120600
 21
16075
 31
0
  0
LINE
  5
1C7E
100
AcDbEntity
  8
WALL
100
AcDbLine
 10
120600
 20
15925
 30
0
 11
120750
 21
16075
 31
0
  0
LINE
  5
1C7F
100
AcDbEntity
  8
WALL
100
AcDbLine
 10
120750
 20
15925
 30
0
 11
120900
 21
16075
 31
0
  0
LINE
  5
1C80
100
AcDbEntity
  8
WALL
100
AcDbLine
 10
120900
 20
15925
 30
0
 11
121050
 21
16075
 31
0
  0
LINE
  5
1C81
100
AcDbEntity
  8
WALL
100
AcDbLine
 10
121050
 20
15925
 30
0
 11
121200
 21
16075
 31
0
  0
LINE
  5
1C82
100
AcDbEntity
  8
WALL
100
AcDbLine
 10
121200
 20
15925
 30
0
 11
121350
 21
16075
 31
0
  0
LINE
  5
1C83
100
AcDbEntity
  8
WALL
100
AcDbLine
 10
121350
 20
15925
 30
0
 11
121500
 21
16075
 31
0
  0
LINE
  5
1C84
100
AcDbEntity
  8
WALL
100
AcDbLine
370
50
 10
122450
 20
15925
 30
0
 11
124000
 21
15925
 31
0
  0
LINE
  5
1C85
100
AcDbEntity
  8
WALL
100
AcDbLine
370
50
 10
124000
 20
16075
 30
0
 11
122450
 21
16075
 31
0
  0
LINE
  5
1C86
100
AcDbEntity
  8
WALL
100
AcDbLine
 10
122450
 20
15925
 30
0
 11
122600
 21
16075
 31
0
  0
LINE
  5
1C87
100
AcDbEntity
  8
WALL
100
AcDbLine
 10
122600
 20
15925
 30
0
 11
122750
 21
16075
 31
0
  0
LINE
  5
1C88
100
AcDbEntity
  8
WALL
100
AcDbLine
 10
122750
 20
15925
 30
0
 11
122900
 21
16075
 31
0
  0
LINE
  5
1C89
100
AcDbEntity
  8
WALL
100
AcDbLine
 10
122900
 20
15925
 30
0
 11
123050
 21
16075
 31
0
  0
LINE
  5
1C8A
100
AcDbEntity
  8
WALL
100
AcDbLine
 10
123050
 20
15925
 30
0
 11
123200
 21
16075
 31
0
  0
LINE
  5
1C8B
100
AcDbEntity
  8
WALL
100
AcDbLine
 10
123200
 20
15925
 30
0
 11
123350
 21
16075
 31
0
  0
LINE
  5
1C8C
100
AcDbEntity
  8
WALL
100
AcDbLine
 10
123350
 20
15925
 30
0
 11
123500
 21
16075
 31
0
  0
LINE
  5
1C8D
100
AcDbEntity
  8
WALL
100
AcDbLine
 10
123500
 20
15925
 30
0
 11
123650
 21
16075
 31
0
  0
LINE
  5
1C8E
100
AcDbEntity
  8
WALL
100
AcDbLine
 10
123650
 20
15925
 30
0
 11
123800
 21
16075
 31
0
  0
LINE
  5
1C8F
100
AcDbEntity
  8
WALL
100
AcDbLine
 10
123800
 20
15925
 30
0
 11
123950
 21
16075
 31
0
  0
LINE
  5
1C90
100
AcDbEntity
  8
WALL
100
AcDbLine
370
50
 10
121550
 20
15925
 30
0
 11
121550
 21
16075
 31
0
  0
LINE
  5
1C91
100
AcDbEntity
  8
WALL
100
AcDbLine
370
50
 10
122450
 20
15925
 30
0
 11
122450
 21
16075
 31
0
  0
LINE
  5
1C92
100
AcDbEntity
  8
WALL
100
AcDbLine
370
50
 10
124000
 20
15925
 30
0
 11
125550
 21
15925
 31
0
  0
LINE
  5
1C93
100
AcDbEntity
  8
WALL
100
AcDbLine
370
50
 10
125550
 20
16075
 30
0
 11
124000
 21
16075
 31
0
  0
LINE
  5
1C94
100
AcDbEntity
  8
WALL
100
AcDbLine
 10
124000
 20
15925
 30
0
 11
124150
 21
16075
 31
0
  0
LINE
  5
1C95
100
AcDbEntity
  8
WALL
100
AcDbLine
 10
124150
 20
15925
 30
0
 11
124300
 21
16075
 31
0
  0
LINE
  5
1C96
100
AcDbEntity
  8
WALL
100
AcDbLine
 10
124300
 20
15925
 30
0
 11
124450
 21
16075
 31
0
  0
LINE
  5
1C97
100
AcDbEntity
  8
WALL
100
AcDbLine
 10
124450
 20
15925
 30
0
 11
124600
 21
16075
 31
0
  0
LINE
  5
1C98
100
AcDbEntity
  8
WALL
100
AcDbLine
 10
124600
 20
15925
 30
0
 11
124750
 21
16075
 31
0
  0
LINE
  5
1C99
100
AcDbEntity
  8
WALL
100
AcDbLine
 10
124750
 20
15925
 30
0
 11
124900
 21
16075
 31
0
  0
LINE
  5
1C9A
100
AcDbEntity
  8
WALL
100
AcDbLine
 10
124900
 20
15925
 30
0
 11
125050
 21
16075
 31
0
  0
LINE
  5
1C9B
100
AcDbEntity
  8
WALL
100
AcDbLine
 10
125050
 20
15925
 30
0
 11
125200
 21
16075
 31
0
  0
LINE
  5
1C9C
100
AcDbEntity
  8
WALL
100
AcDbLine
 10
125200
 20
15925
 30
0
 11
125350
 21
16075
 31
0
  0
LINE
  5
1C9D
100
AcDbEntity
  8
WALL
100
AcDbLine
 10
125350
 20
15925
 30
0
 11
125500
 21
16075
 31
0
  0
LINE
  5
1C9E
100
AcDbEntity
  8
WALL
100
AcDbLine
370
50
 10
126450
 20
15925
 30
0
 11
128000
 21
15925
 31
0
  0
LINE
  5
1C9F
100
AcDbEntity
  8
WALL
100
AcDbLine
370
50
 10
128000
 20
16075
 30
0
 11
126450
 21
16075
 31
0
  0
LINE
  5
1CA0
100
AcDbEntity
  8
WALL
100
AcDbLine
 10
126450
 20
15925
 30
0
 11
126600
 21
16075
 31
0
  0
LINE
  5
1CA1
100
AcDbEntity
  8
WALL
100
AcDbLine
 10
126600
 20
15925
 30
0
 11
126750
 21
16075
 31
0
  0
LINE
  5
1CA2
100
AcDbEntity
  8
WALL
100
AcDbLine
 10
126750
 20
15925
 30
0
 11
126900
 21
16075
 31
0
  0
LINE
  5
1CA3
100
AcDbEntity
  8
WALL
100
AcDbLine
 10
126900
 20
15925
 30
0
 11
127050
 21
16075
 31
0
  0
LINE
  5
1CA4
100
AcDbEntity
  8
WALL
100
AcDbLine
 10
127050
 20
15925
 30
0
 11
127200
 21
16075
 31
0
  0
LINE
  5
1CA5
100
AcDbEntity
  8
WALL
100
AcDbLine
 10
127200
 20
15925
 30
0
 11
127350
 21
16075
 31
0
  0
LINE
  5
1CA6
100
AcDbEntity
  8
WALL
100
AcDbLine
 10
127350
 20
15925
 30
0
 11
127500
 21
16075
 31
0
  0
LINE
  5
1CA7
100
AcDbEntity
  8
WALL
100
AcDbLine
 10
127500
 20
15925
 30
0
 11
127650
 21
16075
 31
0
  0
LINE
  5
1CA8
100
AcDbEntity
  8
WALL
100
AcDbLine
 10
127650
 20
15925
 30
0
 11
127800
 21
16075
 31
0
  0
LINE
  5
1CA9
100
AcDbEntity
  8
WALL
100
AcDbLine
 10
127800
 20
15925
 30
0
 11
127950
 21
16075
 31
0
  0
LINE
  5
1CAA
100
AcDbEntity
  8
WALL
100
AcDbLine
370
50
 10
125550
 20
15925
 30
0
 11
125550
 21
16075
 31
0
  0
LINE
  5
1CAB
100
AcDbEntity
  8
WALL
100
AcDbLine
370
50
 10
126450
 20
15925
 30
0
 11
126450
 21
16075
 31
0
  0
LINE
  5
1CAC
100
AcDbEntity
  8
WALL
100
AcDbLine
370
50
 10
128000
 20
15925
 30
0
 11
129550
 21
15925
 31
0
  0
LINE
  5
1CAD
100
AcDbEntity
  8
WALL
100
AcDbLine
370
50
 10
129550
 20
16075
 30
0
 11
128000
 21
16075
 31
0
  0
LINE
  5
1CAE
100
AcDbEntity
  8
WALL
100
AcDbLine
 10
128000
 20
15925
 30
0
 11
128150
 21
16075
 31
0
  0
LINE
  5
1CAF
100
AcDbEntity
  8
WALL
100
AcDbLine
 10
128150
 20
15925
 30
0
 11
128300
 21
16075
 31
0
  0
LINE
  5
1CB0
100
AcDbEntity
  8
WALL
100
AcDbLine
 10
128300
 20
15925
 30
0
 11
128450
 21
16075
 31
0
  0
LINE
  5
1CB1
100
AcDbEntity
  8
WALL
100
AcDbLine
 10
128450
 20
15925
 30
0
 11
128600
 21
16075
 31
0
  0
LINE
  5
1CB2
100
AcDbEntity
  8
WALL
100
AcDbLine
 10
128600
 20
15925
 30
0
 11
128750
 21
16075
 31
0
  0
LINE
  5
1CB3
100
AcDbEntity
  8
WALL
100
AcDbLine
 10
128750
 20
15925
 30
0
 11
128900
 21
16075
 31
0
  0
LINE
  5
1CB4
100
AcDbEntity
  8
WALL
100
AcDbLine
 10
128900
 20
15925
 30
0
 11
129050
 21
16075
 31
0
  0
LINE
  5
1CB5
100
AcDbEntity
  8
WALL
100
AcDbLine
 10
129050
 20
15925
 30
0
 11
129200
 21
16075
 31
0
  0
LINE
  5
1CB6
100
AcDbEntity
  8
WALL
100
AcDbLine
 10
129200
 20
15925
 30
0
 11
129350
 21
16075
 31
0
  0
LINE
  5
1CB7
100
AcDbEntity
  8
WALL
100
AcDbLine
 10
129350
 20
15925
 30
0
 11
129500
 21
16075
 31
0
  0
LINE
  5
1CB8
100
AcDbEntity
  8
WALL
100
AcDbLine
370
50
 10
130450
 20
15925
 30
0
 11
132000
 21
15925
 31
0
  0
LINE
  5
1CB9
100
AcDbEntity
  8
WALL
100
AcDbLine
370
50
 10
132000
 20
16075
 30
0
 11
130450
 21
16075
 31
0
  0
LINE
  5
1CBA
100
AcDbEntity
  8
WALL
100
AcDbLine
 10
130450
 20
15925
 30
0
 11
130600
 21
16075
 31
0
  0
LINE
  5
1CBB
100
AcDbEntity
  8
WALL
100
AcDbLine
 10
130600
 20
15925
 30
0
 11
130750
 21
16075
 31
0
  0
LINE
  5
1CBC
100
AcDbEntity
  8
WALL
100
AcDbLine
 10
130750
 20
15925
 30
0
 11
130900
 21
16075
 31
0
  0
LINE
  5
1CBD
100
AcDbEntity
  8
WALL
100
AcDbLine
 10
130900
 20
15925
 30
0
 11
131050
 21
16075
 31
0
  0
LINE
  5
1CBE
100
AcDbEntity
  8
WALL
100
AcDbLine
 10
131050
 20
15925
 30
0
 11
131200
 21
16075
 31
0
  0
LINE
  5
1CBF
100
AcDbEntity
  8
WALL
100
AcDbLine
 10
131200
 20
15925
 30
0
 11
131350
 21
16075
 31
0
  0
LINE
  5
1CC0
100
AcDbEntity
  8
WALL
100
AcDbLine
 10
131350
 20
15925
 30
0
 11
131500
 21
16075
 31
0
  0
LINE
  5
1CC1
100
AcDbEntity
  8
WALL
100
AcDbLine
 10
131500
 20
15925
 30
0
 11
131650
 21
16075
 31
0
  0
LINE
  5
1CC2
100
AcDbEntity
  8
WALL
100
AcDbLine
 10
131650
 20
15925
 30
0
 11
131800
 21
16075
 31
0
  0
LINE
  5
1CC3
100
AcDbEntity
  8
WALL
100
AcDbLine
 10
131800
 20
15925
 30
0
 11
131950
 21
16075
 31
0
  0
LINE
  5
1CC4
100
AcDbEntity
  8
WALL
100
AcDbLine
370
50
 10
129550
 20
15925
 30
0
 11
129550
 21
16075
 31
0
  0
LINE
  5
1CC5
100
AcDbEntity
  8
WALL
100
AcDbLine
370
50
 10
130450
 20
15925
 30
0
 11
130450
 21
16075
 31
0
  0
LWPOLYLINE
  5
1CC6
100
AcDbEntity
  8
COLUMN
100
AcDbPolyline
 90
4
 70
1
 10
107885
 20
-115
 10
108115
 20
-115
 10
108115
 20
115
 10
107885
 20
115
  0
LWPOLYLINE
  5
1CC7
100
AcDbEntity
  8
COLUMN
100
AcDbPolyline
 90
4
 70
1
 10
107885
 20
7885
 10
108115
 20
7885
 10
108115
 20
8115
 10
107885
 20
8115
  0
LWPOLYLINE
  5
1CC8
100
AcDbEntity
  8
COLUMN
100
AcDbPolyline
 90
4
 70
1
 10
107885
 20
15885
 10
108115
 20
15885
 10
108115
 20
16115
 10
107885
 20
16115
  0
LWPOLYLINE
  5
1CC9
100
AcDbEntity
  8
COLUMN
100
AcDbPolyline
 90
4
 70
1
 10
107885
 20
23885
 10
108115
 20
23885
 10
108115
 20
24115
 10
107885
 20
24115
  0
LWPOLYLINE
  5
1CCA
100
AcDbEntity
  8
COLUMN
100
AcDbPolyline
 90
4
 70
1
 10
111885
 20
-115
 10
112115
 20
-115
 10
112115
 20
115
 10
111885
 20
115
  0
LWPOLYLINE
  5
1CCB
100
AcDbEntity
  8
COLUMN
100
AcDbPolyline
 90
4
 70
1
 10
111885
 20
7885
 10
112115
 20
7885
 10
112115
 20
8115
 10
111885
 20
8115
  0
LWPOLYLINE
  5
1CCC
100
AcDbEntity
  8
COLUMN
100
AcDbPolyline
 90
4
 70
1
 10
111885
 20
15885
 10
112115
 20
15885
 10
112115
 20
16115
 10
111885
 20
16115
  0
LWPOLYLINE
  5
1CCD
100
AcDbEntity
  8
COLUMN
100
AcDbPolyline
 90
4
 70
1
 10
111885
 20
23885
 10
112115
 20
23885
 10
112115
 20
24115
 10
111885
 20
24115
  0
LWPOLYLINE
  5
1CCE
100
AcDbEntity
  8
COLUMN
100
AcDbPolyline
 90
4
 70
1
 10
115885
 20
-115
 10
116115
 20
-115
 10
116115
 20
115
 10
115885
 20
115
  0
LWPOLYLINE
  5
1CCF
100
AcDbEntity
  8
COLUMN
100
AcDbPolyline
 90
4
 70
1
 10
115885
 20
7885
 10
116115
 20
7885
 10
116115
 20
8115
 10
115885
 20
8115
  0
LWPOLYLINE
  5
1CD0
100
AcDbEntity
  8
COLUMN
100
AcDbPolyline
 90
4
 70
1
 10
115885
 20
15885
 10
116115
 20
15885
 10
116115
 20
16115
 10
115885
 20
16115
  0
LWPOLYLINE
  5
1CD1
100
AcDbEntity
  8
COLUMN
100
AcDbPolyline
 90
4
 70
1
 10
115885
 20
23885
 10
116115
 20
23885
 10
116115
 20
24115
 10
115885
 20
24115
  0
LWPOLYLINE
  5
1CD2
100
AcDbEntity
  8
COLUMN
100
AcDbPolyline
 90
4
 70
1
 10
119885
 20
-115
 10
120115
 20
-115
 10
120115
 20
115
 10
119885
 20
115
  0
LWPOLYLINE
  5
1CD3
100
AcDbEntity
  8
COLUMN
100
AcDbPolyline
 90
4
 70
1
 10
119885
 20
7885
 10
120115
 20
7885
 10
120115
 20
8115
 10
119885
 20
8115
  0
LWPOLYLINE
  5
1CD4
100
AcDbEntity
  8
COLUMN
100
AcDbPolyline
 90
4
 70
1
 10
119885
 20
15885
 10
120115
 20
15885
 10
120115
 20
16115
 10
119885
 20
16115
  0
LWPOLYLINE
  5
1CD5
100
AcDbEntity
  8
COLUMN
100
AcDbPolyline
 90
4
 70
1
 10
119885
 20
23885
 10
120115
 20
23885
 10
120115
 20
24115
 10
119885
 20
24115
  0
LWPOLYLINE
  5
1CD6
100
AcDbEntity
  8
COLUMN
100
AcDbPolyline
 90
4
 70
1
 10
123885
 20
-115
 10
124115
 20
-115
 10
124115
 20
115
 10
123885
 20
115
  0
LWPOLYLINE
  5
1CD7
100
AcDbEntity
  8
COLUMN
100
AcDbPolyline
 90
4
 70
1
 10
123885
 20
7885
 10
124115
 20
7885
 10
124115
 20
8115
 10
123885
 20
8115
  0
LWPOLYLINE
  5
1CD8
100
AcDbEntity
  8
COLUMN
100
AcDbPolyline
 90
4
 70
1
 10
123885
 20
15885
 10
124115
 20
15885
 10
124115
 20
16115
 10
123885
 20
16115
  0
LWPOLYLINE
  5
1CD9
100
AcDbEntity
  8
COLUMN
100
AcDbPolyline
 90
4
 70
1
 10
123885
 20
23885
 10
124115
 20
23885
 10
124115
 20
24115
 10
123885
 20
24115
  0
LWPOLYLINE
  5
1CDA
100
AcDbEntity
  8
COLUMN
100
AcDbPolyline
 90
4
 70
1
 10
127885
 20
-115
 10
128115
 20
-115
 10
128115
 20
115
 10
127885
 20
115
  0
LWPOLYLINE
  5
1CDB
100
AcDbEntity
  8
COLUMN
100
AcDbPolyline
 90
4
 70
1
 10
127885
 20
7885
 10
128115
 20
7885
 10
128115
 20
8115
 10
127885
 20
8115
  0
LWPOLYLINE
  5
1CDC
100
AcDbEntity
  8
COLUMN
100
AcDbPolyline
 90
4
 70
1
 10
127885
 20
15885
 10
128115
 20
15885
 10
128115
 20
16115
 10
127885
 20
16115
  0
LWPOLYLINE
  5
1CDD
100
AcDbEntity
  8
COLUMN
100
AcDbPolyline
 90
4
 70
1
 10
127885
 20
23885
 10
128115
 20
23885
 10
128115
 20
24115
 10
127885
 20
24115
  0
LWPOLYLINE
  5
1CDE
100
AcDbEntity
  8
COLUMN
100
AcDbPolyline
 90
4
 70
1
 10
131885
 20
-115
 10
132115
 20
-115
 10
132115
 20
115
 10
131885
 20
115
  0
LWPOLYLINE
  5
1CDF
100
AcDbEntity
  8
COLUMN
100
AcDbPolyline
 90
4
 70
1
 10
131885
 20
7885
 10
132115
 20
7885
 10
132115
 20
8115
 10
131885
 20
8115
  0
LWPOLYLINE
  5
1CE0
100
AcDbEntity
  8
COLUMN
100
AcDbPolyline
 90
4
 70
1
 10
131885
 20
15885
 10
132115
 20
15885
 10
132115
 20
16115
 10
131885
 20
16115
  0
LWPOLYLINE
  5
1CE1
100
AcDbEntity
  8
COLUMN
100
AcDbPolyline
 90
4
 70
1
 10
131885
 20
23885
 10
132115
 20
23885
 10
132115
 20
24115
 10
131885
 20
24115
  0
TEXT
  5
1CE2
100
AcDbEntity
  8
TEXT
100
AcDbText
 10
109518.7500
 20
4018.7500
 30
0
 40
250
  1
LOUNGE
100
AcDbText
  0
TEXT
  5
1CE3
100
AcDbEntity
  8
TEXT
100
AcDbText
 10
113500
 20
4018.7500
 30
0
 40
250
  1
DINING
100
AcDbText
  0
TEXT
  5
1CE4
100
AcDbEntity
  8
TEXT
100
AcDbText
 10
117500
 20
4018.7500
 30
0
 40
250
  1
KITCHEN
100
AcDbText
  0
TEXT
  5
1CE5
100
AcDbEntity
  8
TEXT
100
AcDbText
 10
121500
 20
4018.7500
 30
0
 40
250
  1
KITCHEN
100
AcDbText
  0
TEXT
  5
1CE6
100
AcDbEntity
  8
TEXT
100
AcDbText
 10
125500
 20
4018.7500
 30
0
 40
250
  1
DINING
100
AcDbText
  0
TEXT
  5
1CE7
100
AcDbEntity
  8
TEXT
100
AcDbText
 10
129481.2500
 20
4018.7500
 30
0
 40
250
  1
LOUNGE
100
AcDbText
  0
TEXT
  5
1CE8
100
AcDbEntity
  8
TEXT
100
AcDbText
 10
109518.7500
 20
12000
 30
0
 40
250
  1
STORE
100
AcDbText
  0
TEXT
  5
1CE9
100
AcDbEntity
  8
TEXT
100
AcDbText
 10
113500
 20
12000
 30
0
 40
250
  1
STAIR HALL
100
AcDbText
  0
TEXT
  5
1CEA
100
AcDbEntity
  8
TEXT
100
AcDbText
 10
117500
 20
12000
 30
0
 40
250
  1
DRESSING
100
AcDbText
  0
LWPOLYLINE
  5
1CEB
100
AcDbEntity
  8
SANITARY
100
AcDbPolyline
 90
4
 70
1
 10
116475
 20
15025
 10
116875
 20
15025
 10
116875
 20
15625
 10
116475
 20
15625
  0
TEXT
  5
1CEC
100
AcDbEntity
  8
TEXT
100
AcDbText
 10
121500
 20
12000
 30
0
 40
250
  1
DRESSING
100
AcDbText
  0
LWPOLYLINE
  5
1CED
100
AcDbEntity
  8
SANITARY
100
AcDbPolyline
 90
4
 70
1
 10
120475
 20
15025
 10
120875
 20
15025
 10
120875
 20
15625
 10
120475
 20
15625
  0
TEXT
  5
1CEE
100
AcDbEntity
  8
TEXT
100
AcDbText
 10
125500
 20
12000
 30
0
 40
250
  1
STAIR HALL
100
AcDbText
  0
TEXT
  5
1CEF
100
AcDbEntity
  8
TEXT
100
AcDbText
 10
129481.2500
 20
12000
 30
0
 40
250
  1
STORE
100
AcDbText
  0
TEXT
  5
1CF0
100
AcDbEntity
  8
TEXT
100
AcDbText
 10
109518.7500
 20
19981.2500
 30
0
 40
250
  1
BEDROOM
100
AcDbText
  0
TEXT
  5
1CF1
100
AcDbEntity
  8
TEXT
100
AcDbText
 10
113500
 20
19981.2500
 30
0
 40
250
  1
BEDROOM
100
AcDbText
  0
TEXT
  5
1CF2
100
AcDbEntity
  8
TEXT
100
AcDbText
 10
117500
 20
19981.2500
 30
0
 40
250
  1
MASTER BEDROOM
100
AcDbText
  0
TEXT
  5
1CF3
100
AcDbEntity
  8
TEXT
100
AcDbText
 10
121500
 20
19981.2500
 30
0
 40
250
  1
MASTER BEDROOM
100
AcDbText
  0
TEXT
  5
1CF4
100
AcDbEntity
  8
TEXT
100
AcDbText
 10
125500
 20
19981.2500
 30
0
 40
250
  1
BEDROOM
100
AcDbText
  0
TEXT
  5
1CF5
100
AcDbEntity
  8
TEXT
100
AcDbText
 10
129481.2500
 20
19981.2500
 30
0
 40
250
  1
BEDROOM
100
AcDbText
  0
DIMENSION
  5
1CF6
100
AcDbEntity
  8
DIM
100
AcDbDimension
  2
*D
 10
108000
 20
-1800
 30
0
 11
120000
 21
-1550
 31
0
 70
33
  1

 42
24000
100
AcDbAlignedDimension
 13
108000
 23
0
 33
0
 14
132000
 24
0
 34
0
  0
DIMENSION
  5
1CF7
100
AcDbEntity
  8
DIM
100
AcDbDimension
  2
*D
 10
106200
 20
0
 30
0
 11
106450
 21
12000
 31
0
 70
33
  1

 42
24000
100
AcDbAlignedDimension
 13
108000
 23
0
 33
0
 14
108000
 24
24000
 34
0
  0
DIMENSION
  5
1CF8
100
AcDbEntity
  8
DIM
100
AcDbDimension
  2
*D
 10
108000
 20
25200
 30
0
 11
110000
 21
25450
 31
0
 70
33
  1

 42
4000
100
AcDbAlignedDimension
 13
108000
 23
24000
 33
0
 14
112000
 24
24000
 34
0
  0
DIMENSION
  5
1CF9
100
AcDbEntity
  8
DIM
100
AcDbDimension
  2
*D
 10
112000
 20
25200
 30
0
 11
114000
 21
25450
 31
0
 70
33
  1

 42
4000
100
AcDbAlignedDimension
 13
112000
 23
24000
 33
0
 14
116000
 24
24000
 34
0
  0
DIMENSION
  5
1CFA
100
AcDbEntity
  8
DIM
100
AcDbDimension
  2
*D
 10
116000
 20
25200
 30
0
 11
118000
 21
25450
 31
0
 70
33
  1

 42
4000
100
AcDbAlignedDimension
 13
116000
 23
24000
 33
0
 14
120000
 24
24000
 34
0
  0
DIMENSION
  5
1CFB
100
AcDbEntity
  8
DIM
100
AcDbDimension
  2
*D
 10
120000
 20
25200
 30
0
 11
122000
 21
25450
 31
0
 70
33
  1

 42
4000
100
AcDbAlignedDimension
 13
120000
 23
24000
 33
0
 14
124000
 24
24000
 34
0
  0
DIMENSION
  5
1CFC
100
AcDbEntity
  8
DIM
100
AcDbDimension
  2
*D
 10
124000
 20
25200
 30
0
 11
126000
 21
25450
 31
0
 70
33
  1

 42
4000
100
AcDbAlignedDimension
 13
124000
 23
24000
 33
0
 14
128000
 24
24000
 34
0
  0
DIMENSION
  5
1CFD
100
AcDbEntity
  8
DIM
100
AcDbDimension
  2
*D
 10
128000
 20
25200
 30
0
 11
130000
 21
25450
 31
0
 70
33
  1

 42
4000
100
AcDbAlignedDimension
 13
128000
 23
24000
 33
0
 14
132000
 24
24000
 34
0
  0
DIMENSION
  5
1CFE
100
AcDbEntity
  8
DIM
100
AcDbDimension
  2
*D
 10
133200
 20
0
 30
0
 11
133450
 21
4000
 31
0
 70
33
  1

 42
8000
100
AcDbAlignedDimension
 13
132000
 23
0
 33
0
 14
132000
 24
8000
 34
0
  0
DIMENSION
  5
1CFF
100
AcDbEntity
  8
DIM
100
AcDbDimension
  2
*D
 10
133200
 20
8000
 30
0
 11
133450
 21
12000
 31
0
 70
33
  1

 42
8000
100
AcDbAlignedDimension
 13
132000
 23
8000
 33
0
 14
132000
 24
16000
 34
0
  0
DIMENSION
  5
1D00
100
AcDbEntity
  8
DIM
100
AcDbDimension
  2
*D
 10
133200
 20
16000
 30
0
 11
133450
 21
20000
 31
0
 70
33
  1

 42
8000
100
AcDbAlignedDimension
 13
132000
 23
16000
 33
0
 14
132000
 24
24000
 34
0
  0
TEXT
  5
1D01
100
AcDbEntity
  8
TEXT
100
AcDbText
 10
108000
 20
-3200
 30
0
 40
450
  1
THIRD FLOOR PLAN
100
AcDbText
  0
TEXT
  5
1D02
100
AcDbEntity
  8
TEXT
100
AcDbText
 10
134600
 20
12000
 30
0
 40
300
  1
+9450
100
AcDbText
  0
TEXT
  5
1D03
100
AcDbEntity
  8
TEXT
100
AcDbText
 10
108000
 20
-4200
 30
0
 40
250
  1
EACH FLAT OCCUPIES 271 SQUARE METRES ONLY.
100
AcDbText
  0
LINE
  5
1D04
100
AcDbEntity
  8
WALL
100
AcDbLine
370
50
 10
144000
 20
0
 30
0
 11
168000
 21
0
 31
0
  0
LINE
  5
1D05
100
AcDbEntity
  8
WALL
100
AcDbLine
370
50
 10
168000
 20
0
 30
0
 11
168000
 21
13200
 31
0
  0
LINE
  5
1D06
100
AcDbEntity
  8
WALL
100
AcDbLine
370
50
 10
168000
 20
13200
 30
0
 11
144000
 21
13200
 31
0
  0
LINE
  5
1D07
100
AcDbEntity
  8
WALL
100
AcDbLine
370
50
 10
144000
 20
13200
 30
0
 11
144000
 21
0
 31
0
  0
LINE
  5
1D08
100
AcDbEntity
  8
WALL
100
AcDbLine
 10
144000
 20
0
 30
0
 11
168000
 21
0
 31
0
  0
TEXT
  5
1D09
100
AcDbEntity
  8
TEXT
100
AcDbText
 10
168900
 20
0
 30
0
 40
250
  1
+450 GROUND FLOOR LEVEL
100
AcDbText
  0
LWPOLYLINE
  5
1D0A
100
AcDbEntity
  8
WIND
100
AcDbPolyline
 90
4
 70
1
 10
149400
 20
900
 10
150600
 20
900
 10
150600
 20
2100
 10
149400
 20
2100
  0
LWPOLYLINE
  5
1D0B
100
AcDbEntity
  8
WIND
100
AcDbPolyline
 90
4
 70
1
 10
155400
 20
900
 10
156600
 20
900
 10
156600
 20
2100
 10
155400
 20
2100
  0
LWPOLYLINE
  5
1D0C
100
AcDbEntity
  8
WIND
100
AcDbPolyline
 90
4
 70
1
 10
161400
 20
900
 10
162600
 20
900
 10
162600
 20
2100
 10
161400
 20
2100
  0
LINE
  5
1D0D
100
AcDbEntity
  8
WALL
100
AcDbLine
 10
144000
 20
3000
 30
0
 11
168000
 21
3000
 31
0
  0
TEXT
  5
1D0E
100
AcDbEntity
  8
TEXT
100
AcDbText
 10
168900
 20
3000
 30
0
 40
250
  1
+3450 FIRST FLOOR SLAB
100
AcDbText
  0
LWPOLYLINE
  5
1D0F
100
AcDbEntity
  8
WIND
100
AcDbPolyline
 90
4
 70
1
 10
149400
 20
3900
 10
150600
 20
3900
 10
150600
 20
5100
 10
149400
 20
5100
  0
LWPOLYLINE
  5
1D10
100
AcDbEntity
  8
WIND
100
AcDbPolyline
 90
4
 70
1
 10
155400
 20
3900
 10
156600
 20
3900
 10
156600
 20
5100
 10
155400
 20
5100
  0
LWPOLYLINE
  5
1D11
100
AcDbEntity
  8
WIND
100
AcDbPolyline
 90
4
 70
1
 10
161400
 20
3900
 10
162600
 20
3900
 10
162600
 20
5100
 10
161400
 20
5100
  0
LINE
  5
1D12
100
AcDbEntity
  8
WALL
100
AcDbLine
 10
144000
 20
6000
 30
0
 11
168000
 21
6000
 31
0
  0
TEXT
  5
1D13
100
AcDbEntity
  8
TEXT
100
AcDbText
 10
168900
 20
6000
 30
0
 40
250
  1
+6450 SECOND FLOOR SLAB
100
AcDbText
  0
LWPOLYLINE
  5
1D14
100
AcDbEntity
  8
WIND
100
AcDbPolyline
 90
4
 70
1
 10
149400
 20
6900
 10
150600
 20
6900
 10
150600
 20
8100
 10
149400
 20
8100
  0
LWPOLYLINE
  5
1D15
100
AcDbEntity
  8
WIND
100
AcDbPolyline
 90
4
 70
1
 10
155400
 20
6900
 10
156600
 20
6900
 10
156600
 20
8100
 10
155400
 20
8100
  0
LWPOLYLINE
  5
1D16
100
AcDbEntity
  8
WIND
100
AcDbPolyline
 90
4
 70
1
 10
161400
 20
6900
 10
162600
 20
6900
 10
162600
 20
8100
 10
161400
 20
8100
  0
LINE
  5
1D17
100
AcDbEntity
  8
WALL
100
AcDbLine
 10
144000
 20
9000
 30
0
 11
168000
 21
9000
 31
0
  0
TEXT
  5
1D18
100
AcDbEntity
  8
TEXT
100
AcDbText
 10
168900
 20
9000
 30
0
 40
250
  1
+9450 THIRD FLOOR SLAB
100
AcDbText
  0
LWPOLYLINE
  5
1D19
100
AcDbEntity
  8
WIND
100
AcDbPolyline
 90
4
 70
1
 10
149400
 20
9900
 10
150600
 20
9900
 10
150600
 20
11100
 10
149400
 20
11100
  0
LWPOLYLINE
  5
1D1A
100
AcDbEntity
  8
WIND
100
AcDbPolyline
 90
4
 70
1
 10
155400
 20
9900
 10
156600
 20
9900
 10
156600
 20
11100
 10
155400
 20
11100
  0
LWPOLYLINE
  5
1D1B
100
AcDbEntity
  8
WIND
100
AcDbPolyline
 90
4
 70
1
 10
161400
 20
9900
 10
162600
 20
9900
 10
162600
 20
11100
 10
161400
 20
11100
  0
LINE
  5
1D1C
100
AcDbEntity
  8
WALL
100
AcDbLine
 10
144000
 20
12000
 30
0
 11
168000
 21
12000
 31
0
  0
TEXT
  5
1D1D
100
AcDbEntity
  8
TEXT
100
AcDbText
 10
168900
 20
12000
 30
0
 40
250
  1
+12450 ROOF LEVEL
100
AcDbText
  0
TEXT
  5
1D1E
100
AcDbEntity
  8
TEXT
100
AcDbText
 10
144000
 20
-3200
 30
0
 40
450
  1
NORTH ELEVATION
100
AcDbText
  0
LINE
  5
1D1F
100
AcDbEntity
  8
WALL
100
AcDbLine
370
50
 10
180000
 20
0
 30
0
 11
204000
 21
0
 31
0
  0
LINE
  5
1D20
100
AcDbEntity
  8
WALL
100
AcDbLine
370
50
 10
204000
 20
0
 30
0
 11
204000
 21
13200
 31
0
  0
LINE
  5
1D21
100
AcDbEntity
  8
WALL
100
AcDbLine
370
50
 10
204000
 20
13200
 30
0
 11
180000
 21
13200
 31
0
  0
LINE
  5
1D22
100
AcDbEntity
  8
WALL
100
AcDbLine
370
50
 10
180000
 20
13200
 30
0
 11
180000
 21
0
 31
0
  0
LINE
  5
1D23
100
AcDbEntity
  8
WALL
100
AcDbLine
370
50
 10
180000
 20
0
 30
0
 11
204000
 21
0
 31
0
  0
LINE
  5
1D24
100
AcDbEntity
  8
WALL
100
AcDbLine
370
50
 10
180000
 20
150
 30
0
 11
204000
 21
150
 31
0
  0
TEXT
  5
1D25
100
AcDbEntity
  8
TEXT
100
AcDbText
 10
204900
 20
0
 30
0
 40
250
  1
+450 GROUND FLOOR LEVEL
100
AcDbText
  0
LINE
  5
1D26
100
AcDbEntity
  8
WALL
100
AcDbLine
370
50
 10
180000
 20
3000
 30
0
 11
204000
 21
3000
 31
0
  0
LINE
  5
1D27
100
AcDbEntity
  8
WALL
100
AcDbLine
370
50
 10
180000
 20
3150
 30
0
 11
204000
 21
3150
 31
0
  0
TEXT
  5
1D28
100
AcDbEntity
  8
TEXT
100
AcDbText
 10
204900
 20
3000
 30
0
 40
250
  1
+3450 FIRST FLOOR SLAB
100
AcDbText
  0
LINE
  5
1D29
100
AcDbEntity
  8
WALL
100
AcDbLine
370
50
 10
180000
 20
6000
 30
0
 11
204000
 21
6000
 31
0
  0
LINE
  5
1D2A
100
AcDbEntity
  8
WALL
100
AcDbLine
370
50
 10
180000
 20
6150
 30
0
 11
204000
 21
6150
 31
0
  0
TEXT
  5
1D2B
100
AcDbEntity
  8
TEXT
100
AcDbText
 10
204900
 20
6000
 30
0
 40
250
  1
+6450 SECOND FLOOR SLAB
100
AcDbText
  0
LINE
  5
1D2C
100
AcDbEntity
  8
WALL
100
AcDbLine
370
50
 10
180000
 20
9000
 30
0
 11
204000
 21
9000
 31
0
  0
LINE
  5
1D2D
100
AcDbEntity
  8
WALL
100
AcDbLine
370
50
 10
180000
 20
9150
 30
0
 11
204000
 21
9150
 31
0
  0
TEXT
  5
1D2E
100
AcDbEntity
  8
TEXT
100
AcDbText
 10
204900
 20
9000
 30
0
 40
250
  1
+9450 THIRD FLOOR SLAB
100
AcDbText
  0
LINE
  5
1D2F
100
AcDbEntity
  8
WALL
100
AcDbLine
370
50
 10
180000
 20
12000
 30
0
 11
204000
 21
12000
 31
0
  0
LINE
  5
1D30
100
AcDbEntity
  8
WALL
100
AcDbLine
370
50
 10
180000
 20
12150
 30
0
 11
204000
 21
12150
 31
0
  0
TEXT
  5
1D31
100
AcDbEntity
  8
TEXT
100
AcDbText
 10
204900
 20
12000
 30
0
 40
250
  1
+12450 ROOF LEVEL
100
AcDbText
  0
TEXT
  5
1D32
100
AcDbEntity
  8
TEXT
100
AcDbText
 10
181000
 20
1500
 30
0
 40
220
  1
19 NOS RISERS OF 158MM EACH AND TREADS OF 275MM
100
AcDbText
  0
TEXT
  5
1D33
100
AcDbEntity
  8
TEXT
100
AcDbText
 10
180000
 20
-3200
 30
0
 40
450
  1
SECTION A-A
100
AcDbText
  0
ENDSEC
  0
EOF
